Date,SPY,IWM,EZU,EWU,SHY,IEI,IEF,TLT,BWX,EEM,GLD
2007-10-11,110.15242004394531,64.53651428222656,34.95576095581055,25.062238693237305,59.669883728027344,71.23243713378906,52.65058898925781,49.77680206298828,19.903573989868164,34.95303726196289,73.91000366210938
2007-10-12,110.76171112060547,65.04873657226562,35.080257415771484,25.23240852355957,59.60346984863281,71.1343994140625,52.473697662353516,49.53377151489258,19.838586807250977,35.59123229980469,74.58999633789062
2007-10-15,109.82648468017578,64.29591369628906,34.77184295654297,24.996061325073242,59.60346984863281,71.07840728759766,52.52422332763672,49.54511260986328,19.788854598999023,35.15610885620117,75.13999938964844
2007-10-16,108.95497131347656,63.55870056152344,34.54832077026367,24.740802764892578,59.677188873291016,71.23955535888672,52.6695556640625,49.56201171875,19.796510696411133,34.5045166015625,75.12000274658203
2007-10-17,109.28803253173828,63.80702590942383,34.89068603515625,25.081144332885742,59.817317962646484,71.4775619506836,52.99177932739258,50.10467529296875,19.86534309387207,35.301143646240234,74.5
2007-10-18,108.89126586914062,63.651790618896484,34.9953727722168,25.156770706176758,59.898494720458984,71.80682373046875,53.19395446777344,50.38164138793945,20.018301010131836,35.479652404785156,76.0
2007-10-19,106.04304504394531,61.377994537353516,34.353084564208984,24.46664810180664,60.05332946777344,72.09390258789062,53.648921966552734,51.13343811035156,20.090932846069336,33.962284088134766,75.69999694824219
2007-10-22,106.65945434570312,62.67400360107422,34.19462966918945,24.409921646118164,60.00168991088867,72.09390258789062,53.54783630371094,51.139137268066406,20.010650634765625,34.207740783691406,74.5999984741211
2007-10-23,107.5238265991211,63.155147552490234,34.77751159667969,24.806983947753906,60.00912094116211,72.06591033935547,53.53518295288086,51.07128143310547,20.09477424621582,35.15610885620117,75.2300033569336
2007-10-24,107.3254623413086,62.751609802246094,34.653011322021484,24.693531036376953,60.12705993652344,72.33199310302734,53.806884765625,51.450016021728516,20.171253204345703,34.92625427246094,75.5199966430664
2007-10-25,107.58050537109375,62.59638214111328,34.98122787475586,24.920429229736328,60.0902214050293,72.34603881835938,53.762664794921875,51.2747802734375,20.22478675842285,35.37030792236328,76.02999877929688
2007-10-26,108.84164428710938,63.64407730102539,35.48771286010742,25.345855712890625,60.097633361816406,72.28301239013672,53.62992858886719,51.15603256225586,20.289785385131836,36.37222671508789,77.69000244140625
2007-10-29,109.20301055908203,63.57419967651367,35.58392333984375,25.563295364379883,60.097633361816406,72.26899719238281,53.674198150634766,51.35389709472656,20.3356876373291,37.20901870727539,78.12000274658203
2007-10-30,108.44490051269531,63.06978225708008,35.507511138916016,25.364770889282227,60.0902214050293,72.28301239013672,53.73103713989258,51.32563018798828,20.305091857910156,36.506103515625,77.3499984741211
2007-10-31,109.57142639160156,63.884620666503906,35.90364074707031,25.733461380004883,59.994346618652344,72.03092956542969,53.37089157104492,50.86210250854492,20.324220657348633,37.307193756103516,78.62000274658203
2007-11-01,107.00666046142578,61.41679000854492,35.02650451660156,25.128416061401367,60.18901062011719,72.42583465576172,53.8065185546875,51.52301025390625,20.30736541748047,35.800987243652344,77.93000030517578
2007-11-02,107.12709045410156,61.71942138671875,35.46790313720703,25.364770889282227,60.26308822631836,72.51725769042969,53.95237350463867,51.687652587890625,20.464309692382812,36.00403594970703,79.83000183105469
2007-11-05,106.31232452392578,60.90457534790039,35.091583251953125,24.73135757446289,60.25564193725586,72.54533386230469,53.88896179199219,51.66494369506836,20.414554595947266,34.752201080322266,79.75
2007-11-06,107.7435302734375,62.05315017700195,35.5754280090332,24.97715187072754,60.218605041503906,72.48204803466797,53.7938232421875,51.415096282958984,20.48345947265625,36.07097625732422,81.43000030517578
2007-11-07,104.79608154296875,60.12853240966797,35.10008239746094,24.324838638305664,60.38892364501953,72.7421646118164,53.99039077758789,51.505985260009766,20.671030044555664,34.92179870605469,82.23999786376953
2007-11-08,104.2646713256836,60.307003021240234,35.241546630859375,24.721899032592773,60.48517990112305,72.96703338623047,54.11083984375,51.415096282958984,20.755239486694336,35.100311279296875,82.2300033569336
2007-11-09,102.83345794677734,59.6396369934082,34.55964279174805,24.11684799194336,60.50734329223633,73.20604705810547,54.43422317504883,51.85226058959961,20.824140548706055,34.27468490600586,82.18000030517578
2007-11-12,101.8132553100586,59.06535339355469,34.129547119140625,23.615793228149414,60.64802932739258,73.29735565185547,54.529327392578125,52.03966522216797,20.843280792236328,32.377986907958984,78.30000305175781
2007-11-13,104.91649627685547,60.92013168334961,34.89068603515625,24.495004653930664,60.46291732788086,72.86160278320312,54.2503547668457,51.84661102294922,20.682510375976562,34.66518020629883,79.12000274658203
2007-11-14,104.62605285644531,60.57090759277344,34.712425231933594,24.201936721801758,60.492523193359375,73.02327728271484,54.28835678100586,51.90340805053711,20.747591018676758,34.69866180419922,80.27999877929688
2007-11-15,103.11683654785156,59.70945358276367,34.18897247314453,23.691425323486328,60.6923713684082,73.3044204711914,54.592742919921875,52.391658782958984,20.72844886779785,33.89979934692383,77.94999694824219
2007-11-16,103.2939682006836,59.20503234863281,34.48606491088867,23.823780059814453,60.6923713684082,73.3044204711914,54.592742919921875,52.46542739868164,20.732257843017578,34.31930923461914,77.75
2007-11-19,101.855712890625,57.9245491027832,33.70229721069336,22.963481903076172,60.89225769042969,73.78231811523438,54.985843658447266,52.80612564086914,20.816476821899414,32.737213134765625,77.23999786376953
2007-11-20,102.4792251586914,58.25826644897461,34.29082489013672,23.540163040161133,60.87000274658203,73.79641723632812,54.84001159667969,52.74925231933594,20.900707244873047,33.63649368286133,79.47000122070312
2007-11-21,100.38201904296875,57.039859771728516,33.71644973754883,23.020198822021484,61.06252670288086,74.25321960449219,55.271156311035156,53.05588150024414,21.011707305908203,31.942848205566406,79.36000061035156
2007-11-23,102.11788177490234,58.250484466552734,34.37289047241211,23.6441593170166,60.995872497558594,73.9931411743164,55.106346130371094,53.214839935302734,20.98875617980957,32.88673400878906,81.25
2007-11-26,99.86478424072266,56.72941589355469,33.7136116027832,23.1147403717041,61.16612243652344,74.61164093017578,55.86088562011719,54.26521301269531,21.099754333496094,31.58135414123535,81.30000305175781
2007-11-27,101.01258850097656,57.38908004760742,34.12388610839844,23.455076217651367,60.98109436035156,74.21107482910156,55.340965270996094,53.74856185913086,20.97726821899414,32.79079055786133,80.0999984741211
2007-11-28,104.24342346191406,59.6551628112793,35.18778991699219,24.305927276611328,60.929283142089844,74.0353012084961,55.14439392089844,53.385223388671875,20.808822631835938,34.58708953857422,79.56999969482422
2007-11-29,104.2788314819336,59.142967224121094,34.85390090942383,24.022308349609375,61.04032897949219,74.30237579345703,55.45508575439453,53.84505844116211,20.831802368164062,34.163108825683594,78.27999877929688
2007-11-30,105.32746124267578,59.484397888183594,34.907676696777344,24.220842361450195,61.06990432739258,74.4289321899414,55.53114700317383,53.58388137817383,20.674854278564453,34.45320129394531,77.31999969482422
2007-12-03,104.63309478759766,58.785953521728516,34.811466217041016,24.079036712646484,61.20805740356445,74.74053192138672,55.75064468383789,54.00912094116211,20.76763153076172,34.15419006347656,78.27999877929688
2007-12-04,103.69786071777344,58.16514205932617,34.71525955200195,23.871049880981445,61.20056915283203,74.71232604980469,55.80154800415039,54.003421783447266,20.863479614257812,34.0649299621582,79.4000015258789
2007-12-05,105.43375396728516,59.32143783569336,34.96708297729492,24.334291458129883,61.22291946411133,74.61360931396484,55.59157180786133,53.35934829711914,20.652624130249023,35.57783889770508,78.62999725341797
2007-12-06,106.94285583496094,60.726097106933594,35.34056854248047,24.391014099121094,61.0966796875,74.31047058105469,55.29897689819336,52.891876220703125,20.61810874938965,36.13792419433594,79.37000274658203
2007-12-07,106.92158508300781,60.9123649597168,35.34907150268555,24.55173110961914,61.02980041503906,74.12012481689453,54.94266891479492,52.29908752441406,20.54526710510254,35.709503173828125,78.5999984741211
2007-12-10,107.7505111694336,61.39351272583008,35.781978607177734,24.816436767578125,60.98524856567383,73.9014663696289,54.81539535522461,51.98557662963867,20.556772232055664,35.72063064575195,80.0
2007-12-11,104.79608154296875,59.25161361694336,34.80297088623047,24.088491439819336,61.20805740356445,74.74053192138672,55.56612014770508,53.005889892578125,20.679454803466797,34.207740783691406,78.83999633789062
2007-12-12,105.83048248291016,59.68617630004883,35.544315338134766,24.693531036376953,61.05207824707031,74.1976318359375,55.10173797607422,52.458683013916016,20.556772232055664,35.234195709228516,80.48999786376953
2007-12-13,105.61083984375,59.3602409362793,34.96990966796875,24.135761260986328,60.96299362182617,73.99312591552734,54.694557189941406,51.888668060302734,20.441768646240234,34.2657585144043,78.5
2007-12-14,104.27175903320312,58.20393371582031,34.106910705566406,23.681970596313477,60.814414978027344,73.7251968383789,54.53547668457031,51.6492805480957,20.165733337402344,33.44906234741211,78.5199966430664
2007-12-17,102.78388977050781,57.311485290527344,33.402374267578125,23.218738555908203,60.99267578125,74.11302185058594,54.85997772216797,52.11101150512695,20.135055541992188,32.02317428588867,78.12999725341797
2007-12-18,103.35780334472656,58.33584976196289,33.818294525146484,23.3699893951416,60.955570220947266,74.08488464355469,54.968101501464844,52.44722366333008,20.165733337402344,32.902366638183594,79.25
2007-12-19,103.35780334472656,58.747169494628906,33.529693603515625,23.27545928955078,61.11146926879883,74.45145416259766,55.407081604003906,53.14274597167969,20.20789909362793,33.116573333740234,79.23999786376953
2007-12-20,104.00962829589844,59.631839752197266,33.67218017578125,23.398359298706055,61.156070709228516,74.46562194824219,55.31804656982422,53.028709411621094,20.173391342163086,33.29731369018555,78.66999816894531
2007-12-21,105.50895690917969,60.997737884521484,34.28741455078125,23.691425323486328,61.05949020385742,74.09185791015625,54.91725540161133,52.25345230102539,20.14655113220215,34.301456451416016,80.0999984741211
2007-12-24,106.29244995117188,61.440059661865234,34.539886474609375,23.84208869934082,61.00752639770508,73.936767578125,54.758216857910156,52.00837326049805,20.184892654418945,34.8816032409668,80.13999938964844
2007-12-26,106.5203628540039,61.72719955444336,34.65596389770508,23.773603439331055,60.9481086730957,73.7110824584961,54.49734878540039,51.5523681640625,20.280742645263672,35.06242370605469,81.5199966430664
2007-12-27,105.18132781982422,60.260986328125,34.58631896972656,23.822521209716797,61.08152389526367,74.03086853027344,54.86323165893555,52.114295959472656,20.365074157714844,34.253318786621094,81.55999755859375
2007-12-28,104.91777801513672,59.61468505859375,34.9984016418457,23.861656188964844,61.15604019165039,74.41281127929688,55.303775787353516,52.92705535888672,20.54895782470703,34.382144927978516,83.0
2007-12-31,104.14139556884766,59.10075378417969,34.626949310302734,23.558372497558594,61.252899169921875,74.63912963867188,55.55921173095703,53.24755096435547,20.695133209228516,33.96855163574219,82.45999908447266
2008-01-02,103.22968292236328,58.524559020996094,34.48765182495117,23.362707138061523,61.36469650268555,75.0281982421875,55.955074310302734,54.014427185058594,20.822065353393555,33.408058166503906,84.86000061035156
2008-01-03,103.17984008789062,57.878265380859375,34.539886474609375,23.50945281982422,61.461551666259766,75.14134216308594,56.0700569152832,53.939998626708984,20.88361930847168,33.70865249633789,85.56999969482422
2008-01-04,100.6512680053711,56.134056091308594,33.80568313598633,22.95180320739746,61.5510139465332,75.39601135253906,56.21691131591797,53.95146560668945,20.933626174926758,32.69614028930664,85.12999725341797
2008-01-07,100.56575775146484,56.2586555480957,33.90724563598633,23.020288467407227,61.51375961303711,75.47380828857422,56.3190803527832,54.18617248535156,20.887453079223633,32.935707092285156,84.7699966430664
2008-01-08,98.94176483154297,54.52220153808594,33.585113525390625,22.697433471679688,61.60317611694336,75.5303726196289,56.440391540527344,54.1231689453125,20.86438751220703,32.680320739746094,86.77999877929688
2008-01-09,99.98172760009766,55.075069427490234,33.773746490478516,22.70721435546875,61.5733642578125,75.56578826904297,56.351043701171875,54.226192474365234,20.787452697753906,33.751583099365234,86.55000305175781
2008-01-10,100.63697814941406,55.83034133911133,33.81727981567383,22.589818954467773,61.5733642578125,75.52335357666016,56.19772720336914,53.49361038208008,20.964399337768555,34.14936447143555,88.25
2008-01-11,99.82498168945312,54.677940368652344,33.25139236450195,22.11043357849121,61.744834899902344,75.81336212158203,56.55532455444336,53.91139602661133,20.956693649291992,33.18883514404297,88.58000183105469
2008-01-14,100.6299057006836,55.12957000732422,33.855010986328125,22.37458610534668,61.767120361328125,75.86286926269531,56.580848693847656,54.11175537109375,21.133649826049805,33.677001953125,89.54000091552734
2008-01-15,98.41466522216797,54.11729431152344,32.75224304199219,21.816932678222656,61.81932067871094,76.06092834472656,56.95124435424805,54.7183837890625,21.122112274169922,32.15372848510742,87.98999786376953
2008-01-16,97.56713104248047,54.17179489135742,32.07897186279297,21.386455535888672,61.871490478515625,76.03970336914062,56.842689514160156,54.32345199584961,21.033634185791016,30.81578254699707,86.69999694824219
2008-01-17,95.03855895996094,52.855873107910156,31.51018714904785,21.083179473876953,61.975830078125,76.42166900634766,57.30244445800781,55.02739715576172,21.033634185791016,29.918550491333008,86.5
2008-01-18,94.06272888183594,52.341949462890625,31.405712127685547,21.15166664123535,62.027976989746094,76.3933334350586,57.219425201416016,54.64968490600586,21.04901885986328,30.601078033447266,87.41999816894531
2008-01-22,93.10826873779297,51.96818542480469,30.204265594482422,21.083179473876953,62.288841247558594,77.07949829101562,57.85789489746094,55.23345947265625,20.91438865661621,29.83267593383789,88.16999816894531
2008-01-23,95.34484100341797,53.743534088134766,29.620954513549805,20.89729118347168,62.25898742675781,76.93096160888672,57.58976364135742,55.10755157470703,21.0067081451416,30.022510528564453,87.88999938964844
2008-01-24,96.14971923828125,53.7046012878418,30.76144790649414,21.396255493164062,62.0652961730957,76.4711685180664,57.066165924072266,54.002967834472656,21.04901885986328,30.6055908203125,90.08000183105469
2008-01-25,94.76072692871094,53.315284729003906,30.00693130493164,21.23971176147461,62.22922134399414,76.81071472167969,57.59616470336914,54.91293716430664,21.033634185791016,30.140031814575195,90.30000305175781
2008-01-28,96.32775115966797,54.4443473815918,30.744037628173828,21.269060134887695,62.19939422607422,76.69754791259766,57.38543701171875,54.7069206237793,21.075944900512695,30.88584327697754,91.75
2008-01-29,96.80498504638672,54.58451843261719,30.935565948486328,21.5234317779541,62.16216278076172,76.4711685180664,57.15557861328125,54.33491134643555,21.06825828552246,30.73441505432129,91.1500015258789
2008-01-30,96.09272003173828,53.899261474609375,30.88914680480957,21.376686096191406,62.20677947998047,76.5631332397461,57.1300048828125,53.98008728027344,21.18366241455078,30.329872131347656,92.05999755859375
2008-01-31,97.84491729736328,55.23857116699219,31.05165672302246,21.679962158203125,62.26646423339844,76.8248519897461,57.423763275146484,54.36354446411133,21.12979507446289,30.937824249267578,91.4000015258789
2008-02-01,99.41901397705078,56.53895568847656,31.585630416870117,21.973464965820312,62.33445739746094,76.99007415771484,57.610206604003906,54.690311431884766,21.239347457885742,31.55482292175293,89.3499984741211
2008-02-04,98.16541290283203,55.90044403076172,31.307031631469727,21.875629425048828,62.341922760009766,76.76315307617188,57.28990173339844,54.12749099731445,21.20847511291504,31.65199851989746,89.0999984741211
2008-02-05,95.537109375,54.467689514160156,29.5426082611084,21.10274314880371,62.48391342163086,77.25952911376953,57.69343566894531,54.54100799560547,21.05807113647461,29.94792366027832,87.68000030517578
2008-02-06,94.76789093017578,53.743534088134766,29.6964054107666,21.034259796142578,62.5063362121582,77.16736602783203,57.59092330932617,54.37449645996094,21.065771102905273,29.457494735717773,88.94999694824219
2008-02-07,95.39466094970703,54.59230041503906,29.5426082611084,20.68206024169922,62.42414474487305,76.72764587402344,56.944000244140625,53.202903747558594,20.926925659179688,29.95696258544922,89.8499984741211
2008-02-08,94.78211212158203,54.249671936035156,29.298830032348633,20.711410522460938,62.536216735839844,77.13191223144531,57.42437744140625,53.81161880493164,20.969364166259766,29.900461196899414,91.0
2008-02-11,95.2664794921875,54.273033142089844,29.400400161743164,20.633146286010742,62.55868911743164,77.23119354248047,57.552494049072266,54.03559875488281,21.08119773864746,30.271120071411133,91.33000183105469
2008-02-12,96.14971923828125,54.7012939453125,30.10849380493164,21.083179473876953,62.5810661315918,77.17442321777344,57.430809020996094,53.7139778137207,21.019508361816406,30.759279251098633,89.33000183105469
2008-02-13,97.13259887695312,55.93938064575195,30.59893798828125,21.33754539489746,62.60346603393555,77.06804656982422,57.187400817871094,53.14545822143555,20.97706413269043,31.45084571838379,89.44000244140625
2008-02-14,96.27789306640625,54.64679718017578,30.320348739624023,21.15166664123535,62.55868911743164,76.92623901367188,56.87349319458008,52.364402770996094,20.97706413269043,31.046310424804688,89.70999908447266
2008-02-15,96.25653076171875,54.40540313720703,30.218769073486328,21.053831100463867,62.49134826660156,77.00430297851562,56.99518966674805,52.76641845703125,21.065771102905273,31.267799377441406,89.1500015258789
2008-02-19,96.52721405029297,55.075069427490234,30.62795639038086,21.3277587890625,62.44655990600586,76.52204132080078,56.585296630859375,52.23234558105469,20.980932235717773,31.676860809326172,91.58000183105469
2008-02-20,96.8121337890625,55.10622024536133,30.69761085510254,21.278844833374023,62.37181091308594,76.41568756103516,56.5340461730957,52.59416198730469,20.973215103149414,31.941293716430664,93.23999786376953
2008-02-21,96.00724792480469,54.055023193359375,30.508974075317383,21.28862953186035,62.54371643066406,76.96174621582031,57.11689376831055,53.151187896728516,21.092775344848633,31.493799209594727,93.25
2008-02-22,96.59837341308594,54.055023193359375,30.80207633972168,21.47450828552246,62.47648620605469,76.78441619873047,56.95676803588867,52.84682846069336,21.20076560974121,31.91643714904785,93.38999938964844
2008-02-25,97.81640625,55.10622024536133,31.217071533203125,21.856063842773438,62.379268646240234,76.47239685058594,56.57887268066406,52.30697250366211,21.073488235473633,32.51082229614258,92.73999786376953
2008-02-26,98.55004119873047,55.62012481689453,31.756847381591797,22.24739646911621,62.468955993652344,76.64260864257812,56.719791412353516,52.324214935302734,21.235488891601562,32.94021987915039,93.70999908447266
2008-02-27,98.45034790039062,55.59676742553711,31.90484619140625,22.130001068115234,62.54371643066406,76.7702407836914,56.85429763793945,52.37016296386719,21.420595169067383,33.21821594238281,94.77999877929688
2008-02-28,97.48872375488281,54.75581741333008,31.690105438232422,21.944116592407227,62.69313430786133,77.37297821044922,57.52051544189453,53.30051803588867,21.621164321899414,32.86112976074219,95.98999786376953
2008-02-29,95.31632232666016,53.61894989013672,30.79627227783203,21.425600051879883,62.909854888916016,78.01828002929688,58.135433197021484,54.116065979003906,21.78700065612793,31.55482292175293,96.18000030517578
2008-03-03,95.08842468261719,53.10505294799805,30.848512649536133,21.317981719970703,62.9120979309082,77.9067611694336,57.98762512207031,53.97651672363281,21.82604217529297,31.72657012939453,97.23999786376953
2008-03-04,94.72515106201172,52.7935905456543,30.38998794555664,21.259275436401367,62.89712905883789,77.87831115722656,57.76914596557617,53.45197677612305,21.795108795166016,30.989810943603516,95.18000030517578
2008-03-05,95.32345581054688,53.2996940612793,30.787569046020508,21.415803909301758,62.85968780517578,77.70777130126953,57.51856231689453,52.81216812133789,21.83377456665039,31.640708923339844,97.72000122070312
2008-03-06,93.35041809082031,51.52433395385742,30.479948043823242,21.249494552612305,63.046844482421875,78.09860229492188,57.98117446899414,53.094573974609375,21.969043731689453,30.55588722229004,96.5
2008-03-07,92.38885498046875,51.36082458496094,30.15492820739746,21.122316360473633,63.01691436767578,78.31183624267578,58.18034744262695,53.16373825073242,21.94972038269043,30.133251190185547,96.08999633789062
2008-03-10,91.17089080810547,50.22397994995117,29.8502197265625,20.93642807006836,63.084285736083984,78.58190155029297,58.598018646240234,53.94769287109375,21.988361358642578,29.604394912719727,95.87000274658203
2008-03-11,94.4473648071289,52.40424346923828,30.92397117614746,21.47450828552246,62.76982879638672,77.83563995361328,57.9619140625,53.486541748046875,21.884010314941406,31.595500946044922,95.98999786376953
2008-03-12,93.56416320800781,51.79685974121094,30.912357330322266,21.48429298400879,62.97194290161133,78.43262481689453,58.63016891479492,54.51832580566406,22.247323989868164,31.010154724121094,97.01000213623047
2008-03-13,93.77069091796875,52.83247756958008,31.040056228637695,21.582138061523438,62.94203567504883,78.29761505126953,58.32174301147461,54.09178924560547,22.309173583984375,30.727638244628906,98.33999633789062
2008-03-14,92.31766510009766,51.500999450683594,30.41902732849121,20.93642807006836,63.129234313964844,78.82357025146484,58.925689697265625,54.76045227050781,22.722740173339844,29.6382999420166,98.70999908447266
2008-03-17,91.38459777832031,50.660030364990234,30.056259155273438,20.30051040649414,63.27145767211914,79.20018005371094,59.22121810913086,55.18122482299805,22.54879379272461,28.906047821044922,99.16999816894531
2008-03-18,95.18094635009766,52.98822784423828,30.863021850585938,21.10274314880371,63.046844482421875,78.70980834960938,58.816471099853516,54.9680061340332,22.510156631469727,30.408967971801758,96.5
2008-03-19,92.82334899902344,51.664512634277344,29.742856979370117,20.173328399658203,63.11420822143555,79.07939147949219,59.32407760620117,55.878753662109375,22.3400936126709,28.582857131958008,93.04000091552734
2008-03-20,94.5427474975586,52.54440689086914,30.00693130493164,20.427688598632812,63.03935623168945,78.99413299560547,59.45254898071289,56.01707077026367,22.166162490844727,29.06424331665039,89.91000366210938
2008-03-24,96.43243408203125,54.587852478027344,30.639568328857422,20.848369598388672,62.7773323059082,78.08441162109375,58.40522003173828,54.93342208862305,21.818309783935547,30.178447723388672,90.0999984741211
2008-03-25,96.52549743652344,54.767208099365234,31.208364486694336,21.1908016204834,62.82219696044922,78.14126586914062,58.610836029052734,55.16394805908203,22.274377822875977,30.641759872436523,92.7300033569336
2008-03-26,95.34442138671875,54.31485366821289,31.394092559814453,21.15166664123535,62.95704650878906,78.35447692871094,58.65583419799805,54.93342208862305,22.4212589263916,30.393156051635742,93.80000305175781
2008-03-27,95.04376220703125,53.815704345703125,31.301233291625977,21.083179473876953,63.02438735961914,78.3260269165039,58.57872009277344,54.54718780517578,22.390335083007812,30.246246337890625,93.45999908447266
2008-03-28,94.13471221923828,53.18393325805664,31.33315658569336,20.9853458404541,63.05431365966797,78.47528076171875,58.8100471496582,55.07746505737305,22.413530349731445,30.1920108795166,91.87999725341797
2008-03-31,94.46394348144531,53.26195526123047,31.574020385742188,21.092958450317383,63.069313049316406,78.62450408935547,58.91282653808594,55.27345657348633,22.40192985534668,30.37056541442871,90.41000366210938
2008-04-01,97.78529357910156,55.211769104003906,32.543296813964844,21.846282958984375,62.84122085571289,78.00054168701172,58.39774703979492,54.37394714355469,22.169137954711914,31.536731719970703,86.86000061035156
2008-04-02,97.84966278076172,55.34437942504883,32.56941604614258,21.88541603088379,62.7887077331543,77.77970123291016,58.20425796508789,54.489662170410156,22.19236946105957,31.559341430664062,89.2699966430664
2008-04-03,98.09310913085938,55.51597213745117,32.618751525878906,21.993032455444336,62.743675231933594,77.66576385498047,58.20425796508789,54.61125183105469,22.200119018554688,31.943544387817383,89.41999816894531
2008-04-04,97.98573303222656,55.50034713745117,32.71453094482422,22.159347534179688,62.85622787475586,78.04327392578125,58.64915466308594,55.109092712402344,22.30470085144043,31.81472396850586,90.25
2008-04-07,98.03579711914062,55.406761169433594,32.900245666503906,22.325660705566406,62.736244201660156,77.64437103271484,58.26231384277344,54.819644927978516,22.23110008239746,32.23735427856445,91.16999816894531
2008-04-08,97.93563079833984,55.35218048095703,32.75514221191406,22.022380828857422,62.77370071411133,77.6800308227539,58.26873779296875,54.62864303588867,22.215599060058594,32.061073303222656,90.3499984741211
2008-04-09,97.22692108154297,54.44744873046875,32.581024169921875,22.002819061279297,62.893768310546875,78.08601379394531,58.616886138916016,55.19593811035156,22.273723602294922,31.561594009399414,92.29000091552734
2008-04-10,97.36299896240234,55.02460861206055,32.46204376220703,21.973464965820312,62.871238708496094,77.90791320800781,58.384830474853516,55.01066207885742,22.273723602294922,32.013614654541016,91.7699966430664
2008-04-11,95.4732437133789,53.61290740966797,31.980316162109375,21.464731216430664,62.97624969482422,78.17860412597656,58.63623809814453,55.38117599487305,22.42477798461914,31.491546630859375,91.30000305175781
2008-04-14,95.15113067626953,53.44911575317383,32.02674865722656,21.542997360229492,62.93877410888672,78.0717544555664,58.487953186035156,55.05696105957031,22.42865562438965,31.416961669921875,91.11000061035156
2008-04-15,95.37303924560547,53.79228973388672,32.189247131347656,21.709318161010742,62.85622787475586,77.83670806884766,58.223609924316406,54.37394714355469,22.273723602294922,31.78534698486328,91.66000366210938
2008-04-16,97.95709228515625,55.53156280517578,33.12950897216797,22.384363174438477,62.72117233276367,77.39505004882812,57.830360412597656,53.84135437011719,22.393796920776367,32.725521087646484,93.2699966430664
2008-04-17,98.10027313232422,55.31318664550781,32.66228485107422,22.23761558532715,62.6086540222168,77.24543762207031,57.69499206542969,53.748714447021484,22.17686653137207,32.488216400146484,92.55999755859375
2008-04-18,99.12381744384766,55.89811325073242,33.04244613647461,22.531118392944336,62.571144104003906,77.09590911865234,57.636959075927734,53.70242691040039,22.01030158996582,32.978660583496094,90.62000274658203
2008-04-21,99.17394256591797,55.90593719482422,33.19044876098633,22.33544921875,62.51116943359375,77.0246810913086,57.64338302612305,53.91658020019531,22.122631072998047,33.14589309692383,90.25
2008-04-22,98.7373046875,54.884212493896484,32.82479476928711,22.296316146850586,62.533626556396484,77.05315399169922,57.688541412353516,54.10185241699219,22.262100219726562,32.83852767944336,90.2699966430664
2008-04-23,98.57984161376953,55.02460861206055,32.94087219238281,22.315879821777344,62.533626556396484,76.93208312988281,57.63054275512695,53.92235565185547,22.234983444213867,33.31087875366211,89.22000122070312
2008-04-24,99.00931549072266,55.55496597290039,32.758033752441406,22.23761558532715,62.361026763916016,76.53314208984375,57.179203033447266,53.465049743652344,21.932825088500977,32.88372802734375,87.22000122070312
2008-04-25,99.9255142211914,56.0775260925293,32.9379768371582,22.501768112182617,62.36859130859375,76.38353729248047,57.101871490478516,53.15247344970703,21.56094741821289,33.12555694580078,87.2699966430664
2008-04-28,99.94700622558594,56.45187759399414,32.911865234375,22.452850341796875,62.43610763549805,76.56166076660156,57.20502471923828,53.3145866394043,21.743026733398438,33.06226348876953,87.69000244140625
2008-04-29,99.55333709716797,55.95270919799805,32.71162033081055,22.23761558532715,62.421077728271484,76.69697570800781,57.308135986328125,53.51715850830078,21.735261917114258,32.47692108154297,85.80999755859375
2008-04-30,98.96638488769531,55.68755340576172,32.83349609375,22.345233917236328,62.54106903076172,76.81807708740234,57.488670349121094,53.89923858642578,21.878597259521484,33.14589309692383,86.6500015258789
2008-05-01,101.01354217529297,56.64687728881836,33.18173599243164,22.501768112182617,62.42986297607422,76.66738891601562,57.48223876953125,53.902687072753906,21.635828018188477,33.49846649169922,83.98999786376953
2008-05-02,101.29273986816406,56.58447265625,33.100486755371094,22.67786979675293,62.34721374511719,76.39601135253906,57.016563415527344,53.22296905517578,21.61252212524414,33.819393157958984,84.58000183105469
2008-05-05,100.80593872070312,56.366092681884766,33.15272903442383,22.580034255981445,62.41489028930664,76.5174560546875,57.100650787353516,53.22296905517578,21.73294448852539,33.79454040527344,86.2699966430664
2008-05-06,101.67919158935547,56.826271057128906,33.40808868408203,22.853965759277344,62.45240020751953,76.46029663085938,56.9195671081543,52.83955383300781,21.767898559570312,34.17196273803711,86.62999725341797
2008-05-07,99.8682861328125,55.812347412109375,32.72322082519531,22.452850341796875,62.52760314941406,76.674560546875,57.14590835571289,53.06613540649414,21.69796371459961,33.154930114746094,85.81999969482422
2008-05-08,99.61060333251953,55.929325103759766,32.92345428466797,22.68764877319336,62.580257415771484,77.03162384033203,57.514556884765625,53.542537689208984,21.764001846313477,33.4962043762207,87.23999786376953
2008-05-09,99.42447662353516,55.76555252075195,32.85670852661133,22.491987228393555,62.602783203125,77.04589080810547,57.57921600341797,53.740055084228516,21.931039810180664,33.22272872924805,87.41999816894531
2008-05-12,100.5411376953125,56.990020751953125,33.2426872253418,22.68764877319336,62.48245620727539,76.91018676757812,57.48223876953125,53.6587028503418,21.907733917236328,33.6498908996582,86.98999786376953
2008-05-13,100.55540466308594,57.31760787963867,33.074363708496094,22.423500061035156,62.377220153808594,76.42457580566406,57.00361251831055,53.071937561035156,21.756235122680664,33.81035614013672,85.38999938964844
2008-05-14,100.76300811767578,57.247432708740234,33.13821029663086,22.325660705566406,62.33214569091797,76.32454681396484,56.984188079833984,53.095149993896484,21.666893005371094,33.89170837402344,85.19999694824219
2008-05-15,102.0228500366211,57.364410400390625,33.4980583190918,22.648521423339844,62.384761810302734,76.66738891601562,57.30112838745117,53.57734680175781,21.558143615722656,34.612667083740234,87.0
2008-05-16,102.1158447265625,57.6763916015625,33.962379455566406,23.049636840820312,62.399837493896484,76.53887939453125,57.204124450683594,53.356590270996094,21.713518142700195,35.05338668823242,89.0999984741211
2008-05-19,102.39505004882812,57.6920051574707,33.753440856933594,22.971372604370117,62.467472076416016,76.71737670898438,57.33346939086914,53.426292419433594,21.717395782470703,35.06015396118164,89.38999938964844
2008-05-20,101.56468200683594,57.48141098022461,33.61704635620117,22.65829849243164,62.55767822265625,76.87451171875,57.50807571411133,53.70520782470703,21.923267364501953,34.45219802856445,90.9000015258789
2008-05-21,99.84681701660156,56.6624870300293,33.303627014160156,22.384363174438477,62.490020751953125,76.72456359863281,57.37225341796875,53.716773986816406,21.989295959472656,34.10187911987305,91.95999908447266
2008-05-22,99.86111450195312,57.06804275512695,33.585113525390625,22.70721435546875,62.31711959838867,76.28178405761719,56.997135162353516,53.08356475830078,21.849464416503906,34.20134353637695,90.9800033569336
2008-05-23,98.52256774902344,56.319278717041016,33.17884063720703,22.41371726989746,62.43742752075195,76.6031723022461,57.2493782043457,53.315921783447266,21.958227157592773,33.604671478271484,91.2300033569336
2008-05-27,99.2526626586914,57.18501281738281,33.02792739868164,22.384363174438477,62.369712829589844,76.2674789428711,56.97132110595703,52.955753326416016,21.806737899780273,33.550445556640625,89.36000061035156
2008-05-28,99.71080780029297,57.45021057128906,33.228179931640625,22.482200622558594,62.256988525390625,75.90328979492188,56.54444122314453,52.48514938354492,21.709627151489258,34.00244903564453,89.13999938964844
2008-05-29,100.21188354492188,58.035160064697266,32.96989440917969,22.345233917236328,62.234413146972656,75.72478485107422,56.279266357421875,52.10749053955078,21.484323501586914,34.0770378112793,86.51000213623047
2008-05-30,100.46238708496094,58.23793029785156,33.22237777709961,22.296316146850586,62.32464599609375,75.87472534179688,56.46683120727539,52.450252532958984,21.55036163330078,34.1945686340332,87.44999694824219
2008-06-02,99.42447662353516,57.70759201049805,32.63325500488281,21.963682174682617,62.44746398925781,76.21343231201172,56.80242156982422,52.65260314941406,21.630985260009766,33.78775405883789,87.95999908447266
2008-06-03,98.84468841552734,57.59061050415039,32.46494674682617,22.130001068115234,62.537960052490234,76.60720825195312,57.10089874267578,53.031620025634766,21.537519454956055,33.17753601074219,86.87999725341797
2008-06-04,98.7945556640625,57.949344635009766,32.20956039428711,21.83649444580078,62.515357971191406,76.46402740478516,56.89328384399414,52.559329986572266,21.490772247314453,32.88825225830078,86.6500015258789
2008-06-05,100.77020263671875,59.43123245239258,32.79867935180664,22.227834701538086,62.432403564453125,76.17761993408203,56.594669342041016,52.24445343017578,21.514148712158203,33.934654235839844,86.44999694824219
2008-06-06,97.55622863769531,57.65296936035156,31.86712074279785,21.699533462524414,62.515357971191406,76.66448211669922,57.08791732788086,52.920841217041016,21.69330596923828,32.7051887512207,89.05999755859375
2008-06-09,97.7924575805664,57.465789794921875,31.739431381225586,21.74844741821289,62.19875717163086,76.04151916503906,56.679039001464844,52.920841217041016,21.459619522094727,32.62158203125,87.98999786376953
2008-06-10,97.30572509765625,57.04461669921875,31.327341079711914,21.386455535888672,62.05552291870117,75.58325958251953,56.341583251953125,52.57681655883789,21.124671936035156,31.86896514892578,85.55000305175781
2008-06-11,95.87411499023438,56.05410385131836,30.76435661315918,21.04404067993164,62.16107177734375,75.81962585449219,56.39995193481445,52.45436096191406,21.183094024658203,31.392086029052734,87.0199966430664
2008-06-12,96.2391586303711,56.17109298706055,30.73533821105957,21.053831100463867,61.85957717895508,75.1393814086914,55.9067497253418,51.92961883544922,20.746906280517578,31.575164794921875,85.5999984741211
2008-06-13,97.45602416992188,57.18501281738281,30.897838592529297,21.249494552612305,61.92743682861328,75.06061553955078,55.776939392089844,51.81879425048828,20.887109756469727,31.91643714904785,85.83000183105469
2008-06-16,97.5132827758789,57.54377746582031,31.034244537353516,21.34732437133789,61.965126037597656,75.03913879394531,55.78340530395508,51.83043670654297,20.929941177368164,32.024906158447266,87.01000213623047
2008-06-17,97.04084777832031,57.49699020385742,31.045846939086914,21.49407958984375,62.08562469482422,75.35420227050781,55.97163772583008,51.9354133605957,21.035106658935547,32.1605224609375,87.25
2008-06-18,96.09603118896484,57.036834716796875,30.738237380981445,21.259275436401367,62.14601135253906,75.59048461914062,56.27669143676758,52.372703552246094,21.116893768310547,32.00456619262695,88.27999877929688
2008-06-19,96.21770477294922,57.51261520385742,30.68310546875,21.22992515563965,62.02532196044922,75.26826477050781,55.95218276977539,52.06366729736328,21.062360763549805,32.05430221557617,88.41999816894531
2008-06-20,94.65592193603516,56.60006332397461,30.041748046875,20.867948532104492,62.138423919677734,75.5546875,56.21177673339844,52.366886138916016,21.32719612121582,31.007890701293945,88.94999694824219
2008-06-23,94.56238555908203,56.069725036621094,29.893754959106445,20.946210861206055,62.07060623168945,75.45437622070312,56.18579864501953,52.477691650390625,21.17530632019043,31.098289489746094,87.08999633789062
2008-06-24,94.37535858154297,55.1415901184082,29.763154983520508,20.779895782470703,62.18368911743164,75.72647094726562,56.48438262939453,52.827518463134766,21.32331657409668,30.960433959960938,87.47000122070312
2008-06-25,94.82135772705078,55.76555252075195,30.287551879882812,20.91397476196289,62.22889709472656,75.78378295898438,56.47784423828125,52.850830078125,21.381723403930664,31.58039093017578,87.41999816894531
2008-06-26,92.24600982666016,54.33045196533203,29.490276336669922,20.45368003845215,62.40979766845703,76.18475341796875,56.7958869934082,53.20656967163086,21.611513137817383,30.496841430664062,90.61000061035156
2008-06-27,91.74240112304688,54.38505935668945,29.538415908813477,19.8332576751709,62.43999481201172,76.39954376220703,57.07490921020508,53.83046340942383,21.63877296447754,30.79172706604004,91.47000122070312
2008-06-30,92.06612396240234,53.85468292236328,29.481250762939453,20.733863830566406,62.477630615234375,76.43538665771484,57.11387252807617,53.84212112426758,21.459619522094727,31.024892807006836,91.4000015258789
2008-07-01,92.35388946533203,53.89369201660156,29.177391052246094,20.523723602294922,62.461708068847656,76.3542709350586,56.958900451660156,53.71452331542969,21.495166778564453,30.471698760986328,92.66000366210938
2008-07-02,90.77127075195312,52.36479187011719,28.88252830505371,20.073423385620117,62.46934509277344,76.53369140625,57.09560775756836,53.99540328979492,21.678674697875977,29.60303497314453,93.16999816894531
2008-07-03,90.8647689819336,52.08295440673828,29.081106185913086,20.18349838256836,62.57514190673828,76.65574645996094,57.115238189697266,53.87837600708008,21.596675872802734,29.51844024658203,92.05999755859375
2008-07-07,89.9367904663086,51.42537307739258,28.747156143188477,19.933326721191406,62.612876892089844,76.84243774414062,57.38217544555664,54.12418746948242,21.651342391967773,29.413299560546875,91.2300033569336
2008-07-08,91.53382110595703,53.28855895996094,28.963777542114258,20.18349838256836,62.62044906616211,76.89984130859375,57.525482177734375,54.47526168823242,21.518585205078125,29.77448272705078,90.86000061035156
2008-07-09,89.77133178710938,51.863765716552734,28.67194175720215,20.073423385620117,62.726295471191406,77.22288513183594,57.79893493652344,54.7151985168457,21.76067352294922,29.17327117919922,91.5
2008-07-10,90.1382064819336,52.37261199951172,28.86749839782715,20.043405532836914,62.65069580078125,77.19418334960938,57.81844711303711,54.709373474121094,21.741134643554688,29.701326370239258,93.52999877929688
2008-07-11,89.0879135131836,52.66226577758789,28.26578140258789,19.61311912536621,62.52222442626953,76.65574645996094,57.27799606323242,53.9310417175293,21.811429977416992,29.5024471282959,95.16000366210938
2008-07-14,88.2822036743164,51.79330825805664,28.154449462890625,19.61311912536621,62.66580581665039,76.97162628173828,57.58403778076172,54.40507888793945,21.944198608398438,29.46587562561035,95.91000366210938
2008-07-15,87.03765869140625,51.57411575317383,27.751296997070312,19.33292579650879,62.75647735595703,77.22288513183594,57.79246139526367,54.387474060058594,22.041812896728516,28.974395751953125,96.16999816894531
2008-07-16,89.17424774169922,53.468605041503906,28.24472427368164,19.473020553588867,62.6960563659668,76.88543701171875,57.26494598388672,53.40438461303711,21.963712692260742,29.811054229736328,94.44000244140625
2008-07-17,90.0663070678711,53.546905517578125,28.972795486450195,19.82324981689453,62.60538864135742,76.56244659423828,56.99152374267578,53.12936782836914,21.76848602294922,29.95049476623535,94.22000122070312
2008-07-18,90.62738037109375,53.92265701293945,29.20747184753418,20.043405532836914,62.49203109741211,76.30396270751953,56.796119689941406,52.930389404296875,21.69428825378418,29.692184448242188,94.16999816894531
2008-07-21,90.67774200439453,54.580257415771484,29.40001678466797,20.12345314025879,62.52222442626953,76.39017486572266,56.9263916015625,53.135189056396484,21.827054977416992,30.06022071838379,95.12000274658203
2008-07-22,91.70645904541016,55.95023727416992,29.409048080444336,20.153472900390625,62.46934509277344,76.20348358154297,56.73100280761719,52.871822357177734,21.682594299316406,30.078516006469727,93.05999755859375
2008-07-23,92.20287322998047,56.310359954833984,29.460189819335938,20.243539810180664,62.43912887573242,76.12446594238281,56.639827728271484,52.76652908325195,21.596675872802734,30.1219425201416,90.56999969482422
2008-07-24,90.28926086425781,54.88557434082031,28.840423583984375,19.783231735229492,62.612876892089844,76.60548400878906,57.12823486328125,53.28148651123047,21.67087173461914,29.008686065673828,91.33000183105469
2008-07-25,90.2677001953125,55.33176803588867,29.026968002319336,19.90330696105957,62.52978515625,76.38291931152344,56.796119689941406,52.74897766113281,21.639629364013672,29.207561492919922,91.69000244140625
2008-07-28,88.94403076171875,54.39235305786133,28.617780685424805,19.553068161010742,62.658233642578125,76.72752380371094,57.12168502807617,53.28148651123047,21.772382736206055,28.713794708251953,91.7300033569336
2008-07-29,90.84319305419922,55.723228454589844,28.876522064208984,19.773216247558594,62.60538864135742,76.51217651367188,56.958900451660156,53.06501388549805,21.612300872802734,30.304811477661133,90.58999633789062
2008-07-30,92.46179962158203,56.05983352661133,29.04500961303711,20.203502655029297,62.62044906616211,76.61267852783203,57.06962585449219,53.11763000488281,21.764577865600586,29.98935317993164,89.5199966430664
2008-07-31,91.23888397216797,55.83281326293945,28.762203216552734,19.8832950592041,62.74895095825195,76.98596954345703,57.525482177734375,53.64430236816406,21.772382736206055,29.317291259765625,90.08000183105469
2008-08-01,90.75688171386719,55.90324020385742,28.34098243713379,19.74320411682129,62.761112213134766,77.07088470458984,57.554222106933594,53.762935638427734,21.753215789794922,29.118406295776367,89.56999969482422
2008-08-04,89.91522216796875,55.386600494384766,28.3109073638916,19.513050079345703,62.75351333618164,77.02777099609375,57.515010833740234,53.639610290527344,21.721912384033203,28.22688865661621,88.13999938964844
2008-08-05,92.33953094482422,56.33386993408203,29.135257720947266,20.133460998535156,62.723175048828125,76.86934661865234,57.22095489501953,53.24025344848633,21.65149688720703,28.59035873413086,86.08000183105469
2008-08-06,92.74958038330078,56.61566162109375,29.2375545501709,20.093429565429688,62.73075866699219,76.84063720703125,57.240535736083984,53.02293395996094,21.494997024536133,29.15955924987793,86.63999938964844
2008-08-07,91.36836242675781,55.77019119262695,28.611772537231445,19.81324577331543,62.867210388183594,77.32278442382812,57.77638244628906,53.88629913330078,21.498916625976562,28.158306121826172,86.08999633789062
2008-08-08,93.06605529785156,57.24191665649414,28.635833740234375,19.81324577331543,62.81412887573242,77.20045471191406,57.75027847290039,54.03313064575195,21.127229690551758,28.22688865661621,84.43000030517578
2008-08-11,94.03005981445312,58.61192321777344,28.527523040771484,19.773216247558594,62.73075866699219,76.962890625,57.46925735473633,53.516300201416016,20.91987419128418,27.9320011138916,81.12999725341797
2008-08-12,93.05171203613281,58.17353439331055,28.34098243713379,19.382953643798828,62.84446716308594,77.34431457519531,57.867862701416016,54.01548385620117,21.107662200927734,27.698841094970703,80.5199966430664
2008-08-13,92.49059295654297,58.384864807128906,27.84156608581543,19.232858657836914,62.836856842041016,77.21483612060547,57.74367141723633,53.82757568359375,21.09201431274414,27.69198226928711,81.55999755859375
2008-08-14,93.18840789794922,58.94855499267578,27.618927001953125,19.202838897705078,62.85961151123047,77.3659896850586,57.920135498046875,54.174110412597656,20.994197845458984,28.05544662475586,79.3499984741211
2008-08-15,93.64158630371094,58.791969299316406,27.438413619995117,19.0527400970459,62.9051628112793,77.52435302734375,58.135765075683594,54.64392852783203,20.771202087402344,27.616546630859375,77.62999725341797
2008-08-18,92.3610610961914,58.032588958740234,27.197731018066406,18.962678909301758,62.95817565917969,77.6755142211914,58.27949523925781,54.8612060546875,20.927684783935547,27.15020179748535,78.80000305175781
2008-08-19,91.35395812988281,57.0697135925293,26.963050842285156,18.732524871826172,63.00371551513672,77.66825866699219,58.19455337524414,54.64979553222656,20.982463836669922,26.92389488220215,80.43000030517578
2008-08-20,91.77840423583984,57.148006439208984,27.01119041442871,18.822582244873047,63.087093353271484,77.8481674194336,58.36447525024414,54.802486419677734,20.91987419128418,27.60968017578125,80.05999755859375
2008-08-21,91.93665313720703,56.490394592285156,27.071361541748047,18.992692947387695,63.034019470214844,77.6755142211914,58.24028396606445,54.70266342163086,21.08810806274414,27.568527221679688,82.30000305175781
2008-08-22,93.26749420166016,57.68033981323242,27.31205940246582,19.0527400970459,62.92026901245117,77.49552154541016,58.07042694091797,54.66747283935547,20.978561401367188,27.547964096069336,81.08000183105469
2008-08-25,91.37554168701172,56.412113189697266,26.764488220214844,18.892627716064453,63.02648162841797,77.74739837646484,58.45588302612305,55.21364212036133,21.08810806274414,26.978759765625,80.93000030517578
2008-08-26,91.64169311523438,56.49824142456055,26.860763549804688,18.912641525268555,63.00371551513672,77.7977523803711,58.475547790527344,55.260589599609375,20.978561401367188,27.026769638061523,81.2300033569336
2008-08-27,92.53375244140625,57.171485900878906,27.15561294555664,19.112777709960938,63.04167175292969,77.89137268066406,58.56050491333008,55.35454177856445,20.8846492767334,27.602828979492188,81.36000061035156
2008-08-28,93.65599060058594,58.3300895690918,27.570796966552734,19.372955322265625,63.01129913330078,77.7977523803711,58.475547790527344,55.36045837402344,20.931591033935547,27.79484748840332,82.18000030517578
2008-08-29,92.6488265991211,57.8290901184082,27.630958557128906,19.212846755981445,63.04167175292969,77.74020385742188,58.40365219116211,55.113746643066406,20.83770179748535,27.465669631958008,81.70999908447266
2008-09-02,92.07330322265625,57.81342697143555,27.31205940246582,18.632461547851562,63.12144088745117,78.01079559326172,58.72160720825195,55.626625061035156,20.824743270874023,26.6358699798584,79.19999694824219
2008-09-03,91.99422454833984,58.048274993896484,27.294008255004883,18.512380599975586,63.14424514770508,78.2055435180664,58.86588668823242,55.86237335205078,20.80511474609375,26.19696807861328,78.88999938964844
2008-09-04,89.224609375,56.2242317199707,25.867923736572266,17.871952056884766,63.182281494140625,78.47249603271484,59.16086196899414,56.31038284301758,20.68735694885254,24.989978790283203,78.38999938964844
2008-09-05,89.50518035888672,56.083316802978516,25.693431854248047,17.77187728881836,63.1594352722168,78.32819366455078,59.029754638671875,56.28086853027344,20.569597244262695,25.346590042114258,78.9800033569336
2008-09-08,91.35395812988281,56.74090576171875,26.042423248291016,18.212181091308594,63.12904739379883,78.22721862792969,59.03633117675781,56.51667022705078,20.51462745666504,25.662059783935547,78.86000061035156
2008-09-09,88.64192199707031,55.433563232421875,25.260189056396484,17.80190658569336,63.22784423828125,78.47249603271484,59.30510711669922,57.076656341552734,20.53820037841797,24.22191047668457,76.48999786376953
2008-09-10,89.00160217285156,55.95023727416992,25.338409423828125,17.921977996826172,63.24309539794922,78.37873077392578,59.154300689697266,56.72297286987305,20.30265998840332,24.612812042236328,74.22000122070312
2008-09-11,90.28926086425781,56.302513122558594,25.34442901611328,17.841922760009766,63.22034454345703,78.34986877441406,59.04944610595703,56.69348907470703,20.25554656982422,24.24933433532715,73.08000183105469
2008-09-12,90.70652770996094,56.56087112426758,25.78367805480957,18.42231559753418,63.22784423828125,78.22721862792969,58.7544059753418,55.962581634521484,20.424348831176758,25.05856704711914,75.55000305175781
2008-09-15,86.3902359008789,54.02444076538086,24.742708206176758,17.401636123657227,63.67646789550781,79.36707305908203,59.881996154785156,57.778079986572266,20.57742691040039,23.090364456176758,77.55999755859375
2008-09-16,87.83619689941406,55.58229446411133,24.634403228759766,17.071413040161133,63.562408447265625,79.07850646972656,59.711612701416016,57.76627731323242,20.636327743530273,23.28923988342285,76.79000091552734
2008-09-17,83.88683319091797,53.07717514038086,23.942415237426758,16.781219482421875,63.86652755737305,79.8143539428711,60.24912643432617,58.05512619018555,20.177043914794922,21.63650131225586,85.45999908447266
2008-09-18,86.37588500976562,56.20857238769531,24.5742244720459,17.511703491210938,63.661285400390625,79.35260772705078,59.54110336303711,57.20634078979492,20.047494888305664,23.46068572998047,82.80000305175781
2008-09-19,89.80619049072266,58.71370315551758,26.445579528808594,18.562406539916992,63.3039665222168,78.05404663085938,58.479000091552734,55.39085388183594,20.47144889831543,26.38212776184082,85.9800033569336
2008-09-22,87.77301025390625,56.32600784301758,25.657320022583008,18.082090377807617,63.349586486816406,78.14061737060547,58.35446548461914,55.384910583496094,20.75408172607422,24.660818099975586,89.18000030517578
2008-09-23,85.77605438232422,55.57445526123047,25.175952911376953,17.77187728881836,63.395164489746094,78.21277618408203,58.35446548461914,55.1727180480957,20.90326690673828,23.892730712890625,88.31999969482422
2008-09-24,86.05099487304688,54.86842346191406,25.242143630981445,17.751867294311523,63.53202819824219,78.62401580810547,58.505279541015625,55.41444396972656,20.95821762084961,24.167043685913086,86.70999908447266
2008-09-25,87.39678192138672,55.150840759277344,25.83182144165039,18.082090377807617,63.41793441772461,78.18390655517578,58.328269958496094,55.30241775512695,21.14664077758789,25.4083194732666,86.44999694824219
2008-09-26,87.44017791748047,55.409725189208984,25.56707000732422,17.81191062927246,63.41793441772461,78.15505981445312,58.28892135620117,55.70322036743164,20.89933204650879,24.544231414794922,86.63999938964844
2008-09-29,80.58821105957031,51.03218460083008,22.726945877075195,15.670480728149414,63.78291702270508,79.1722640991211,59.10184097290039,57.32426071166992,20.283035278320312,21.677654266357422,89.56999969482422
2008-09-30,83.92378997802734,53.34646224975586,23.90030288696289,16.66114044189453,63.53202819824219,78.51577758789062,58.32175827026367,55.92720413208008,20.369386672973633,23.433258056640625,85.06999969482422
2008-10-01,83.97441864013672,52.57765197753906,23.683683395385742,16.811243057250977,63.730350494384766,78.88813781738281,58.732872009277344,56.630821228027344,20.433536529541016,23.714427947998047,85.97000122070312
2008-10-02,80.92829132080078,49.87895584106445,22.582536697387695,16.21083641052246,63.86762619018555,79.48116302490234,59.06179428100586,57.086116790771484,20.461090087890625,21.63650131225586,82.33000183105469
2008-10-03,79.83574676513672,49.18858337402344,22.4982967376709,16.11077308654785,64.04310607910156,79.70528411865234,59.285491943359375,57.588653564453125,20.49651336669922,21.067298889160156,82.58999633789062
2008-10-06,75.7694320678711,46.85074234008789,21.07221794128418,15.17013931274414,64.17289733886719,80.24775695800781,59.765716552734375,58.63518142700195,20.594892501831055,19.483139038085938,84.27999877929688
2008-10-07,72.37602996826172,43.77548599243164,20.055309295654297,14.559735298156738,64.18807220458984,80.42124938964844,59.719635009765625,58.457801818847656,20.154123306274414,17.96755027770996,87.2699966430664
2008-10-08,70.5527114868164,42.72423553466797,19.628087997436523,14.219505310058594,63.913509368896484,79.42330169677734,58.95657730102539,57.618228912353516,19.359132766723633,17.96755027770996,89.41999816894531
2008-10-09,65.6253662109375,39.217491149902344,18.37651824951172,13.33891773223877,63.95159912109375,79.14124298095703,58.364444732666016,57.13336944580078,19.406349182128906,16.64398956298828,89.9000015258789
2008-10-10,64.03355407714844,41.14737319946289,17.96133041381836,12.998692512512207,64.05081939697266,79.17020416259766,57.680274963378906,56.73134231567383,18.890779495239258,16.836002349853516,83.22000122070312
2008-10-13,73.33108520507812,44.701194763183594,20.584827423095703,14.829916954040527,63.76850509643555,78.09992980957031,57.28560256958008,56.00405502319336,18.898670196533203,20.669540405273438,81.98999786376953
2008-10-14,72.24575805664062,43.446006774902344,20.115489959716797,14.379617691040039,63.78377914428711,78.49043273925781,57.015926361083984,55.64344787597656,19.315834045410156,19.6408748626709,82.19999694824219
2008-10-15,65.13335418701172,39.547000885009766,18.081676483154297,12.66847038269043,63.99734878540039,78.93882751464844,57.48298645019531,56.1755485534668,19.862882614135742,16.4656925201416,83.30999755859375
2008-10-16,67.84664916992188,42.1358757019043,18.88797950744629,13.318906784057617,63.95921325683594,79.0689926147461,57.496116638183594,55.88584899902344,19.374876022338867,17.27490997314453,79.29000091552734
2008-10-17,67.44145202636719,40.951255798339844,18.37651824951172,13.288884162902832,64.00498962402344,79.03284454345703,57.85791015625,55.50152587890625,19.803836822509766,16.73314094543457,77.20999908447266
2008-10-20,71.49330139160156,42.904666900634766,19.28510856628418,14.079411506652832,63.95921325683594,79.22088623046875,57.91716003417969,55.94497299194336,19.752687454223633,17.90583610534668,78.5
2008-10-21,69.3588638305664,41.72007751464844,18.06361961364746,13.238850593566895,64.08892059326172,79.59689331054688,58.52894592285156,56.24058151245117,19.61492156982422,16.479400634765625,76.02999877929688
2008-10-22,65.58194732666016,39.60974884033203,16.613479614257812,12.248186111450195,64.18045806884766,79.98738098144531,58.97633361816406,57.38172912597656,19.28040885925293,14.744363784790039,71.70999908447266
2008-10-23,66.34166717529297,38.43299865722656,16.878238677978516,12.308228492736816,64.14229583740234,79.94393157958984,59.05522537231445,57.80742263793945,19.331571578979492,15.155837059020996,70.6500015258789
2008-10-24,62.977210998535156,37.005184173583984,15.999723434448242,11.55772876739502,64.19567108154297,79.84274291992188,58.80525588989258,57.19252014160156,19.107240676879883,13.592252731323242,72.20999908447266
2008-10-27,60.741451263427734,35.19297790527344,15.073078155517578,10.907291412353516,64.03547668457031,79.79214477539062,58.772315979003906,57.233917236328125,18.993131637573242,13.235642433166504,72.18000030517578
2008-10-28,67.83943176269531,38.00936508178711,17.16705894470215,12.768535614013672,64.11174011230469,79.6113510131836,58.29872512817383,56.400230407714844,18.98918342590332,16.006206512451172,73.79000091552734
2008-10-29,67.34738159179688,38.20549011230469,17.293418884277344,12.918639183044434,64.14994812011719,79.74871826171875,58.38423538208008,56.11644744873047,19.276485443115234,15.498732566833496,74.0
2008-10-30,69.67719268798828,40.34718322753906,17.76276397705078,13.549055099487305,64.203369140625,79.37274169921875,57.936832427978516,55.60795974731445,19.461458206176758,17.590373992919922,72.70999908447266
2008-10-31,70.0606918334961,42.167240142822266,18.02752113342285,13.368939399719238,64.23381042480469,79.669189453125,57.81846237182617,54.88662338256836,19.343385696411133,17.439502716064453,71.33999633789062
2008-11-03,70.26325988769531,42.22216033935547,17.889118194580078,13.328911781311035,64.3541030883789,80.08247375488281,57.91089630126953,55.035011291503906,19.294458389282227,17.281770706176758,71.0999984741211
2008-11-04,72.65098571777344,42.70854949951172,19.682249069213867,14.299560546875,64.3311767578125,80.66253662109375,58.6041259765625,56.06788635253906,19.495689392089844,18.859067916870117,75.4800033569336
2008-11-05,69.59761810302734,40.47270584106445,18.220067977905273,13.33891773223877,64.44598388671875,80.7712631225586,58.91448211669922,56.7327880859375,19.543033599853516,16.458829879760742,72.80000305175781
2008-11-06,65.74111938476562,38.9036979675293,17.08281135559082,12.308228492736816,64.4689712524414,80.83649444580078,58.73625564575195,56.32320022583008,19.495689392089844,15.62903118133545,72.22000122070312
2008-11-07,67.91178894042969,39.71173858642578,18.15387725830078,13.128777503967285,64.3541030883789,80.5320053100586,58.52494430541992,55.95515441894531,19.578550338745117,16.89773178100586,72.5
2008-11-10,67.02182006835938,38.793861389160156,17.708602905273438,12.8886137008667,64.55319213867188,80.67704010009766,58.58433151245117,56.228179931640625,19.5233154296875,17.055458068847656,73.58000183105469
2008-11-11,64.95246124267578,37.954471588134766,17.14900779724121,12.618433952331543,64.59912872314453,80.82935333251953,58.80222702026367,56.39440155029297,19.337860107421875,15.992499351501465,72.05000305175781
2008-11-12,62.0944709777832,35.74212646484375,16.162193298339844,11.647788047790527,64.69874572753906,81.10478973388672,59.16539764404297,56.75651931762695,19.33391571044922,14.806087493896484,70.0
2008-11-13,65.96544647216797,38.68403625488281,17.859039306640625,12.398290634155273,64.5378646850586,80.83649444580078,58.73625564575195,55.39714431762695,19.511472702026367,16.85658836364746,72.1500015258789
2008-11-14,62.673301696777344,35.80488967895508,16.739843368530273,11.737849235534668,64.52256774902344,81.31509399414062,59.317230224609375,56.49531936645508,19.472013473510742,15.238131523132324,73.30000305175781
2008-11-17,61.84123611450195,35.49894332885742,16.25846290588379,11.667800903320312,64.63745880126953,81.3658218383789,59.568138122558594,56.74470138549805,19.432554244995117,14.984389305114746,72.6500015258789
2008-11-18,63.00613784790039,35.32634353637695,16.324647903442383,11.907960891723633,64.70643615722656,81.73567199707031,60.03029251098633,57.474853515625,19.361539840698242,14.764939308166504,72.51000213623047
2008-11-19,58.96878433227539,32.447200775146484,15.211470603942871,11.157461166381836,64.7983169555664,82.19963836669922,60.67733383178711,58.9470100402832,19.294458389282227,13.4893798828125,72.26000213623047
2008-11-20,54.591331481933594,30.22705078125,14.302875518798828,10.577071189880371,64.92083740234375,82.72172546386719,61.898826599121094,61.99232482910156,19.41282844543457,12.52242660522461,73.44999694824219
2008-11-21,57.53615188598633,31.882362365722656,15.181386947631836,11.007360458374023,64.81366729736328,82.32290649414062,61.330963134765625,61.095943450927734,19.33391571044922,14.326031684875488,78.8499984741211
2008-11-24,61.52285385131836,34.12604522705078,16.45101547241211,11.968000411987305,64.65277862548828,81.64860534667969,60.7566032409668,60.140167236328125,19.708765029907227,15.196985244750977,80.91000366210938
2008-11-25,61.97871398925781,34.690895080566406,16.727802276611328,12.048054695129395,64.70643615722656,82.30838775634766,61.7998161315918,61.909210205078125,19.965221405029297,14.908956527709961,80.87000274658203
2008-11-26,64.37358856201172,36.76982879638672,17.040699005126953,12.288219451904297,64.90548706054688,82.42436218261719,62.17611312866211,61.99232482910156,19.92577362060547,16.0473575592041,80.37999725341797
2008-11-28,65.18396759033203,37.13855743408203,16.68568229675293,12.508363723754883,64.94380187988281,82.73619842529297,62.30155563354492,62.7580680847168,19.84685516357422,15.738755226135254,80.30999755859375
2008-12-01,59.41014099121094,32.964996337890625,15.265628814697266,11.217498779296875,65.05058288574219,83.6176986694336,63.14488983154297,65.16141510009766,19.914884567260742,14.223167419433594,75.6500015258789
2008-12-02,61.69651794433594,34.69874572753906,16.20430564880371,11.817901611328125,65.04291534423828,83.6976318359375,63.47613525390625,65.41163635253906,20.02564239501953,15.12154769897461,76.94999694824219
2008-12-03,63.17978286743164,35.74998474121094,16.432964324951172,11.67780876159668,65.09674072265625,83.82845306396484,63.575462341308594,65.59619140625,20.033540725708008,15.244987487792969,76.18000030517578
2008-12-04,61.71821975708008,34.565372467041016,16.0057430267334,11.337580680847168,65.11204528808594,84.1482162475586,63.97296905517578,66.88871002197266,19.96632194519043,14.593494415283203,75.5
2008-12-05,63.621158599853516,36.165767669677734,16.18024253845215,11.697821617126465,65.03522491455078,83.49414825439453,63.29723358154297,65.80473327636719,19.8792781829834,15.457581520080566,74.5199966430664
2008-12-08,65.8424072265625,37.766178131103516,17.022645950317383,12.228177070617676,64.94302368164062,83.21796417236328,63.05873489379883,65.6617202758789,20.132431030273438,16.44510841369629,76.19999694824219
2008-12-09,64.75711822509766,36.59724807739258,16.95646095275879,12.128110885620117,65.14273834228516,83.73397064208984,63.59537124633789,66.96019744873047,20.092876434326172,16.218807220458984,76.33000183105469
2008-12-10,65.198486328125,37.460208892822266,17.5040225982666,12.318238258361816,65.05833435058594,83.8429946899414,63.53575897216797,66.79940032958984,20.136394500732422,17.18575668334961,79.75
2008-12-11,63.628395080566406,35.56172180175781,17.437833786010742,12.288219451904297,65.21197509765625,83.93021392822266,63.91997528076172,66.93046569824219,20.492355346679688,16.746856689453125,80.6500015258789
2008-12-12,64.38812255859375,36.7855339050293,17.612333297729492,12.308228492736816,65.24269104003906,84.19182586669922,64.09886169433594,66.93046569824219,20.476537704467773,16.98002052307129,80.80999755859375
2008-12-15,63.490882873535156,35.600921630859375,17.744712829589844,12.468338012695312,65.2888412475586,84.26448059082031,64.2379150390625,67.69281005859375,20.785043716430664,16.75371551513672,82.5999984741211
2008-12-16,66.47911834716797,37.91521072387695,19.249013900756836,13.078741073608398,65.31956481933594,84.96946716308594,65.2580795288086,69.36654663085938,21.433706283569336,18.09099769592285,84.45999908447266
2008-12-17,65.83518981933594,38.260398864746094,18.863910675048828,12.798555374145508,65.18125915527344,84.59156036376953,65.70195770263672,71.24873352050781,21.92022705078125,17.77553367614746,85.43000030517578
2008-12-18,64.60516357421875,38.0172004699707,18.328380584716797,12.23818302154541,65.21197509765625,84.89675903320312,66.14579772949219,72.74371337890625,21.72245979309082,17.384639739990234,83.87000274658203
2008-12-19,64.32726287841797,38.20549011230469,17.967344284057617,12.018036842346191,65.15048217773438,84.72234344482422,65.92715454101562,72.82112884521484,21.489097595214844,17.44635772705078,82.62999725341797
2008-12-22,63.50299835205078,37.46805953979492,17.840988159179688,11.998021125793457,65.02760314941406,84.3807373046875,65.75492858886719,72.26126861572266,21.53656005859375,16.794870376586914,83.45999908447266
2008-12-23,62.84656524658203,36.92340087890625,17.747835159301758,11.89095401763916,65.04291534423828,84.34442138671875,65.72180938720703,72.16597747802734,21.528654098510742,16.65576934814453,82.62999725341797
2008-12-24,63.21125030517578,37.05778503417969,17.94394302368164,11.83947467803955,65.05833435058594,84.30084991455078,65.65558624267578,72.01113891601562,21.53656005859375,16.774005889892578,83.45999908447266
2008-12-26,63.575992584228516,37.58740997314453,18.182950973510742,12.055672645568848,65.13516235351562,84.3880615234375,66.00668334960938,72.24933624267578,21.516782760620117,16.718366622924805,85.5999984741211
2008-12-29,63.39360046386719,37.010353088378906,18.005229949951172,11.921834945678711,65.27857971191406,84.61602020263672,66.15230560302734,72.16270446777344,21.668975830078125,16.6905460357666,86.3499984741211
2008-12-30,64.89619445800781,38.037986755371094,18.716121673583984,12.210103988647461,65.34033203125,84.5213623046875,66.24534606933594,72.84996795654297,21.720516204833984,17.1356258392334,85.9000015258789
2008-12-31,65.82255554199219,38.92332077026367,18.759016036987305,12.611617088317871,65.30948638916016,84.19346618652344,65.51395416259766,71.3260269165039,21.561965942382812,17.365121841430664,86.5199966430664
2009-01-02,67.80660247802734,39.69800567626953,19.059310913085938,12.663090705871582,64.96228790283203,83.65443420410156,64.57642364501953,69.53323364257812,21.383604049682617,18.19269561767578,86.2300033569336
2009-01-05,67.72632598876953,39.84029006958008,18.685476303100586,12.971945762634277,65.09345245361328,83.71269226074219,64.46338653564453,67.7403335571289,21.125965118408203,18.429153442382812,84.4800033569336
2009-01-06,68.1785888671875,40.51219177246094,18.86932945251465,13.291099548339844,65.124267578125,83.79280853271484,64.42351531982422,67.05904388427734,20.7296085357666,18.84640884399414,85.12999725341797
2009-01-07,66.13623046875,39.318565368652344,18.642580032348633,12.889583587646484,65.07803344726562,83.92390441894531,64.43682861328125,67.3220443725586,21.042739868164062,17.761526107788086,82.75
2009-01-08,66.40608215332031,39.50828170776367,18.783533096313477,13.177851676940918,65.09345245361328,84.08428955078125,64.6097183227539,67.2681884765625,21.217132568359375,17.685028076171875,84.45999908447266
2009-01-09,64.98377227783203,38.04589080810547,17.980716705322266,12.807228088378906,65.13975524902344,84.3392562866211,64.90888214111328,67.3697738647461,21.086336135864258,17.302536010742188,83.91999816894531
2009-01-12,63.42278289794922,36.915504455566406,17.588499069213867,12.426302909851074,65.1551513671875,84.52864074707031,65.31451416015625,68.06903839111328,20.967422485351562,16.572322845458984,80.76000213623047
2009-01-13,63.53950119018555,37.40561294555664,17.16564178466797,12.220396995544434,65.1628646850586,84.49221801757812,65.36103057861328,68.14065551757812,20.73753547668457,16.621004104614258,80.87999725341797
2009-01-14,61.540889739990234,35.76139831542969,16.332172393798828,11.602688789367676,65.24004364013672,84.74725341796875,65.72675323486328,69.26424407958984,20.658267974853516,15.81429672241211,79.79000091552734
2009-01-15,61.56279373168945,36.33847427368164,16.436359405517578,11.592394828796387,65.17060852050781,84.63065338134766,65.67354583740234,69.37782287597656,20.686017990112305,15.995108604431152,80.38999938964844
2009-01-16,62.044193267822266,36.74160385131836,16.47925567626953,11.664459228515625,65.20148468017578,84.34654235839844,65.06848907470703,68.30805969238281,20.749425888061523,16.168970108032227,82.70999908447266
2009-01-20,58.76909255981445,34.25159454345703,15.131011009216309,10.68641471862793,65.23233795166016,84.36104583740234,64.96875762939453,68.29611206054688,20.353063583374023,14.96585750579834,84.5199966430664
2009-01-21,61.30748748779297,35.95903396606445,15.958340644836426,11.211467742919922,65.13207244873047,83.93123626708984,64.39022827148438,66.13870239257812,20.36892318725586,15.779520034790039,84.1500015258789
2009-01-22,60.3592414855957,34.91558837890625,15.480329513549805,10.7893648147583,65.1628646850586,83.763671875,63.964752197265625,64.86579895019531,20.372886657714844,15.257940292358398,84.58000183105469
2009-01-23,60.62181854248047,35.08949279785156,15.370016098022461,10.73789119720459,65.1474838256836,83.6762466430664,63.978031158447266,64.3577880859375,20.2737979888916,15.45266342163086,88.52999877929688
2009-01-26,61.037601470947266,35.4847412109375,15.719337463378906,11.118814468383789,65.06266021728516,83.54508209228516,63.81843185424805,63.796043395996094,20.253976821899414,15.633474349975586,88.94999694824219
2009-01-27,61.65757751464844,35.872066497802734,15.995113372802734,11.32471752166748,65.13207244873047,83.77818298339844,64.23735046386719,65.29608917236328,20.456113815307617,15.911652565002441,88.37999725341797
2009-01-28,63.74373245239258,37.35027313232422,16.656980514526367,11.75711441040039,65.1089096069336,83.37751770019531,63.825130462646484,63.664554595947266,20.499717712402344,16.718366622924805,87.41999816894531
2009-01-29,61.67218017578125,35.887882232666016,15.76223373413086,11.355602264404297,64.98542022705078,83.03512573242188,62.993934631347656,62.20039749145508,20.36892318725586,15.86992359161377,89.5
2009-01-30,60.417598724365234,35.16062927246094,15.53548526763916,11.427669525146484,65.02401733398438,83.11519622802734,62.96735382080078,62.00316619873047,20.11525535583496,15.75169849395752,91.30999755859375
2009-02-02,60.2352409362793,35.44520950317383,15.4251708984375,11.046747207641602,65.08429718017578,83.51463317871094,63.478092193603516,63.15678787231445,20.163732528686523,15.591755867004395,88.83999633789062
2009-02-03,61.081356048583984,35.698158264160156,15.995113372802734,11.582097053527832,65.0147933959961,82.82830047607422,62.93133544921875,61.652591705322266,20.243186950683594,16.057695388793945,88.47000122070312
2009-02-04,60.782291412353516,35.43730545043945,15.829642295837402,11.46884822845459,64.9065933227539,82.7844009399414,62.61127471923828,61.43686294555664,20.143861770629883,16.17591667175293,89.18000030517578
2009-02-05,61.68677520751953,35.84834671020508,16.074783325195312,11.83947467803955,64.92201232910156,82.84281158447266,62.75798797607422,61.49077606201172,20.056446075439453,16.51668357849121,90.12000274658203
2009-02-06,63.44468307495117,37.121009826660156,16.485387802124023,12.148333549499512,64.8834457397461,82.49961853027344,62.377906799316406,61.29905319213867,20.084259033203125,17.344263076782227,89.58999633789062
2009-02-09,63.53221130371094,36.95502471923828,16.687623977661133,12.240991592407227,64.86019897460938,82.39009857177734,62.251243591308594,61.49675369262695,20.223312377929688,17.25385284423828,88.31999969482422
2009-02-10,60.62181854248047,35.24757766723633,15.74384593963623,11.530619621276855,65.00704956054688,83.09113311767578,63.084678649902344,62.8331298828125,20.223312377929688,16.210689544677734,90.20999908447266
2009-02-11,60.97924041748047,35.381961822509766,15.933830261230469,11.582097053527832,64.99159240722656,83.16421508789062,63.57145309448242,63.64815139770508,20.243186950683594,16.6975040435791,92.29000091552734
2009-02-12,61.02301025390625,35.68235397338867,15.829642295837402,11.551212310791016,65.06884765625,83.20796966552734,63.55145263671875,63.04887771606445,20.163732528686523,16.59318733215332,93.16999816894531
2009-02-13,60.366539001464844,35.31082534790039,15.645793914794922,11.46884822845459,64.94522094726562,82.75526428222656,63.05136489868164,61.37091827392578,20.10809898376465,16.6766414642334,92.55000305175781
2009-02-17,57.78439712524414,33.91166687011719,14.567194938659668,10.93349838256836,65.1152114868164,83.52928924560547,64.11155700683594,63.282569885253906,19.6909236907959,15.612613677978516,95.44999694824219
2009-02-18,57.64582061767578,33.42948913574219,14.567194938659668,10.8820219039917,65.00704956054688,83.06192016601562,63.6447868347168,62.743247985839844,19.607467651367188,15.501346588134766,96.91000366210938
2009-02-19,57.025814056396484,32.963104248046875,14.499786376953125,10.871726989746094,64.98385620117188,82.93778991699219,63.291385650634766,61.67656707763672,19.57569694519043,15.355305671691895,95.7699966430664
2009-02-20,56.47146224975586,32.520416259765625,14.224005699157715,10.73789119720459,65.03797149658203,83.11307525634766,63.471397399902344,62.27585983276367,19.941221237182617,14.96585750579834,97.80000305175781
2009-02-23,54.45095443725586,31.271469116210938,13.62342643737793,10.439330101013184,65.03022003173828,83.03269958496094,63.53144073486328,62.85117721557617,19.786273956298828,14.59727668762207,97.7300033569336
2009-02-24,56.51521682739258,32.42555618286133,14.242386817932129,10.727594375610352,64.98385620117188,82.85751342773438,63.291385650634766,62.78519821166992,19.825998306274414,15.397027015686035,94.7300033569336
2009-02-25,56.07025146484375,31.753650665283203,13.874683380126953,10.521692276000977,64.86019897460938,82.42666625976562,62.71800231933594,62.06006622314453,19.63131332397461,15.13276195526123,93.1500015258789
2009-02-26,55.158504486083984,31.160799026489258,13.788890838623047,10.429035186767578,64.89118957519531,82.30255126953125,62.55797576904297,61.40690231323242,19.543916702270508,15.000630378723145,93.05999755859375
2009-02-27,53.92577362060547,30.94737434387207,13.660194396972656,10.315787315368652,64.92979431152344,82.5872802734375,62.504581451416016,61.053287506103516,19.4445858001709,14.764176368713379,92.62999725341797
2009-03-02,51.496826171875,29.200403213500977,12.949300765991211,9.61571216583252,65.07603454589844,83.12577819824219,63.13169479370117,62.06410217285156,19.34065055847168,13.867064476013184,90.93000030517578
2009-03-03,51.110225677490234,28.64706802368164,12.955428123474121,9.502469062805176,65.02184295654297,83.00873565673828,63.051483154296875,61.649452209472656,19.21721649169922,14.061785697937012,90.04000091552734
2009-03-04,52.32107162475586,29.23992156982422,13.408931732177734,9.85250186920166,64.95225524902344,82.75992584228516,62.730567932128906,61.36699295043945,19.268980026245117,15.049308776855469,88.98999786376953
2009-03-05,50.18387222290039,27.682666778564453,12.734807968139648,9.52305793762207,65.02961730957031,83.19898223876953,63.46595001220703,63.07365417480469,19.284900665283203,14.430370330810547,91.98999786376953
2009-03-06,50.271400451660156,27.824968338012695,12.71029281616211,9.543643951416016,64.983154296875,82.95744323730469,63.16517639160156,62.653011322021484,19.23314094543457,14.6737699508667,92.29000091552734
2009-03-09,49.68058776855469,27.184669494628906,12.452903747558594,9.265676498413086,64.92125701904297,82.8990249633789,63.19190979003906,62.28638458251953,19.33268928527832,14.38864517211914,90.56999969482422
2009-03-10,52.64199447631836,28.955339431762695,13.34151840209961,9.811322212219238,64.88255310058594,82.54048919677734,62.730567932128906,61.09056091308594,19.392414093017578,15.556984901428223,88.13999938964844
2009-03-11,52.98481750488281,28.994874954223633,13.48247241973877,9.790732383728027,64.91352081298828,82.65748596191406,63.17848205566406,61.751617431640625,19.679119110107422,15.556984901428223,89.22000122070312
2009-03-12,55.07098388671875,30.797170639038086,14.10143756866455,10.06869888305664,64.93673706054688,82.79656219482422,63.35902404785156,62.04606246948242,19.830446243286133,16.15505599975586,91.0999984741211
2009-03-13,55.50132751464844,31.121280670166016,14.058537483215332,10.223130226135254,64.99092864990234,83.01607513427734,63.31226348876953,61.73360824584961,19.798587799072266,16.245464324951172,91.30000305175781
2009-03-16,55.33356857299805,30.560029983520508,14.187232971191406,10.326081275939941,64.90577697753906,82.70145416259766,62.951210021972656,60.76008605957031,19.854333877563477,16.259368896484375,90.80000305175781
2009-03-17,57.025814056396484,31.9749813079834,14.554941177368164,10.542281150817871,64.89031982421875,82.51119232177734,62.83089828491211,60.42954635620117,19.87424087524414,16.614051818847656,90.04000091552734
2009-03-18,58.302268981933594,33.08167266845703,15.069725036621094,10.707003593444824,65.13797760009766,84.03312683105469,64.98353576660156,62.71912384033203,20.543228149414062,16.961769104003906,93.08999633789062
2009-03-19,57.58015441894531,32.73384094238281,15.10649585723877,10.593758583068848,65.06055450439453,83.82093048095703,64.76300048828125,62.797210693359375,20.825944900512695,16.85049819946289,94.3499984741211
2009-03-20,56.35404968261719,31.603477478027344,14.867486953735352,10.583463668823242,65.13797760009766,83.7916030883789,64.76300048828125,62.448707580566406,20.702499389648438,16.621004104614258,93.58999633789062
2009-03-23,60.40190887451172,34.291114807128906,15.995113372802734,11.355602264404297,65.08377838134766,83.6452865600586,64.54239654541016,61.90786361694336,20.85780143737793,18.157926559448242,92.08000183105469
2009-03-24,59.211788177490234,32.959556579589844,15.33324909210205,10.995268821716309,64.99860382080078,83.56480407714844,64.4487533569336,62.49675750732422,20.507381439208984,17.594619750976562,90.94999694824219
2009-03-25,59.83623504638672,33.887454986572266,15.835775375366211,10.943791389465332,64.983154296875,83.35260009765625,64.06098175048828,61.65552520751953,20.678617477416992,17.858884811401367,91.9800033569336
2009-03-26,61.05573654174805,35.19597625732422,15.970597267150879,11.046747207641602,65.06829071044922,83.55017852783203,64.22816467285156,62.370582580566406,20.594985961914062,18.34568977355957,91.93000030517578
2009-03-27,59.953758239746094,34.014312744140625,15.222936630249023,10.696708679199219,65.09927368164062,83.5575180053711,64.18801879882812,62.83332061767578,20.427738189697266,17.803251266479492,90.69000244140625
2009-03-30,57.88209533691406,33.038856506347656,14.512039184570312,10.449624061584473,65.16117858886719,83.7331771850586,64.46214294433594,63.07365417480469,20.34809684753418,16.885272979736328,89.9800033569336
2009-03-31,58.41836929321289,33.34814453125,15.014568328857422,10.7893648147583,65.2540512084961,84.04043579101562,64.57582092285156,63.52431106567383,20.36800765991211,17.25385284423828,90.27999877929688
2009-04-01,59.549720764160156,33.92708206176758,15.37614631652832,11.077630996704102,65.23932647705078,84.1181640625,64.73409271240234,64.10411834716797,20.407840728759766,17.824115753173828,91.02999877929688
2009-04-02,61.290802001953125,35.62423324584961,16.117679595947266,11.654160499572754,65.1307373046875,83.77351379394531,64.31163787841797,63.32063293457031,20.487464904785156,18.790775299072266,88.80000305175781
2009-04-03,61.90057373046875,36.187320709228516,16.387332916259766,11.715936660766602,64.9834976196289,83.13565063476562,63.5740852355957,62.02496337890625,20.547199249267578,19.0202693939209,87.58999633789062
2009-04-06,61.41572570800781,35.5687255859375,16.056396484375,11.4585542678833,65.02999877929688,83.032958984375,63.42657470703125,61.75977325439453,20.391908645629883,18.7838191986084,85.2699966430664
2009-04-07,59.9831657409668,34.30775451660156,15.596765518188477,11.139399528503418,65.05325317382812,83.15760803222656,63.587501525878906,61.916473388671875,20.34809684753418,18.352645874023438,86.73999786376953
2009-04-08,60.62962341308594,34.94221115112305,15.903186798095703,11.139399528503418,65.05325317382812,83.25298309326172,63.90259552001953,62.46485900878906,20.344120025634766,18.623872756958008,86.61000061035156
2009-04-09,63.03923797607422,36.98830032348633,16.326047897338867,11.427669525146484,64.97571563720703,83.0770263671875,63.52717208862305,61.681427001953125,20.168912887573242,19.43753433227539,86.30999755859375
2009-04-13,63.05393981933594,37.00415802001953,16.571184158325195,11.561504364013672,65.09981536865234,83.436279296875,63.90259552001953,62.2479362487793,20.51136589050293,19.555757522583008,87.87999725341797
2009-04-14,61.96665573120117,35.93353271484375,16.332172393798828,11.417373657226562,65.154052734375,83.67815399169922,64.23118591308594,62.57337188720703,20.527294158935547,19.24281120300293,87.37000274658203
2009-04-15,62.62786102294922,36.48075866699219,16.607954025268555,11.695341110229492,65.1850357055664,83.7074966430664,64.29151153564453,62.46485900878906,20.507381439208984,19.52098846435547,87.5
2009-04-16,63.54615020751953,37.5355110168457,16.767290115356445,11.788000106811523,65.0920181274414,83.47296905517578,64.03671264648438,61.970706939697266,20.41579246520996,19.687898635864258,85.80999755859375
2009-04-17,63.97224044799805,37.86858367919922,16.730525970458984,11.767412185668945,65.02226257324219,83.09168243408203,63.52045440673828,61.28972625732422,20.208740234375,19.548799514770508,85.22000122070312
2009-04-20,61.290802001953125,35.92560577392578,15.860286712646484,11.15999698638916,65.08425903320312,83.42161560058594,63.96297073364258,62.217769622802734,20.149005889892578,18.596054077148438,86.94999694824219
2009-04-21,62.488285064697266,37.17070770263672,16.166709899902344,11.479144096374512,65.0920181274414,83.21634674072266,63.714927673339844,61.603031158447266,20.24059295654297,18.99245262145996,86.88999938964844
2009-04-22,62.106266021728516,37.16276550292969,16.185094833374023,11.23205852508545,65.0920181274414,83.17964172363281,63.5606803894043,61.22943878173828,20.20076560974121,18.832502365112305,87.37999725341797
2009-04-23,62.71601867675781,37.07554244995117,16.650850296020508,11.602688789367676,65.04551696777344,83.15029907226562,63.54731369018555,61.223411560058594,20.4396915435791,19.124582290649414,88.80000305175781
2009-04-24,63.663700103759766,37.765499114990234,16.932754516601562,11.75711441040039,65.04551696777344,82.98165893554688,63.2992057800293,60.60868453979492,20.662683486938477,19.486217498779297,89.72000122070312
2009-04-27,63.06126403808594,37.36103820800781,16.601818084716797,11.75711441040039,65.12303924560547,83.33360290527344,63.5606803894043,60.86785125732422,20.320226669311523,18.832502365112305,89.01000213623047
2009-04-28,62.862945556640625,37.416534423828125,16.601818084716797,11.582097053527832,65.06103515625,83.04768371582031,63.252254486083984,59.87350845336914,20.606931686401367,18.769912719726562,87.75
2009-04-29,64.19998931884766,38.83612823486328,17.055328369140625,11.921834945678711,65.0920181274414,82.79102325439453,62.91035079956055,59.34313201904297,20.6387939453125,19.757429122924805,88.33000183105469
2009-04-30,64.22200775146484,38.47926330566406,17.21466827392578,12.076265335083008,65.14627075195312,82.87902069091797,62.803009033203125,59.10813522338867,20.551183700561523,19.938251495361328,87.2699966430664
2009-05-01,64.56729888916016,38.71717834472656,17.39238929748535,12.40571117401123,65.09740447998047,82.71674346923828,62.601287841796875,58.70128631591797,20.666656494140625,20.230335235595703,86.94999694824219
2009-05-04,66.76384735107422,40.12882614135742,18.13391876220703,12.73515796661377,65.0817642211914,82.71674346923828,62.6618537902832,58.89471435546875,20.794082641601562,21.6281681060791,88.63999938964844
2009-05-05,66.53609466552734,39.930545806884766,17.864273071289062,12.70427131652832,65.0662841796875,82.6432876586914,62.64839553833008,58.822200775146484,20.786123275756836,21.43344497680664,88.25
2009-05-06,67.68952178955078,40.04158401489258,18.281002044677734,13.126374244689941,65.10509490966797,82.70935821533203,62.675270080566406,58.68318176269531,20.869747161865234,21.802026748657227,89.54000091552734
2009-05-07,66.7491683959961,39.09783935546875,17.974584579467773,12.889583587646484,65.01190948486328,82.34212493896484,62.15080261230469,57.25056076049805,20.698514938354492,21.259586334228516,89.44000244140625
2009-05-08,68.30660247802734,40.453948974609375,18.90610122680664,13.476409912109375,65.05850982666016,82.40827941894531,62.22470474243164,57.389564514160156,21.044954299926758,21.968931198120117,89.9800033569336
2009-05-11,67.02830505371094,39.859169006347656,18.311643600463867,13.002840042114258,65.167236328125,82.81959533691406,62.80975341796875,58.205604553222656,21.048938751220703,21.454309463500977,89.69000244140625
2009-05-12,66.8299560546875,39.29609680175781,18.428083419799805,13.249920845031738,65.15950775146484,82.8709487915039,62.76944351196289,58.41718292236328,21.052919387817383,21.607309341430664,90.69999694824219
2009-05-13,65.14765930175781,37.49586486816406,17.802988052368164,12.73515796661377,65.19055938720703,83.0178451538086,63.05854415893555,59.051883697509766,21.124589920043945,20.814498901367188,91.08999633789062
2009-05-14,65.70600891113281,38.01927947998047,17.925554275512695,12.941062927246094,65.21382904052734,83.06924438476562,63.065311431884766,59.2816047668457,21.1644229888916,21.113544464111328,91.02999877929688
2009-05-15,65.16970825195312,37.87651824951172,17.704936981201172,12.8278169631958,65.20610046386719,82.96646118164062,62.91069412231445,59.263465881347656,20.969303131103516,20.918821334838867,91.55000305175781
2009-05-18,67.02098083496094,39.145423889160156,18.428083419799805,13.404343605041504,65.1439437866211,82.6506118774414,62.54079818725586,58.344661712646484,21.10469627380371,22.080196380615234,90.36000061035156
2009-05-19,66.94017028808594,39.16129684448242,18.759016036987305,13.569066047668457,65.18281555175781,82.60652160644531,62.45339584350586,58.036373138427734,21.108661651611328,22.330562591552734,90.95999908447266
2009-05-20,66.49203491210938,38.796485900878906,18.930614471435547,13.661725044250488,65.26822662353516,82.85626220703125,62.64839553833008,58.64687728881836,21.391387939453125,22.400108337402344,92.25
2009-05-21,65.5370101928711,38.2968635559082,18.86319923400879,13.558775901794434,65.18281555175781,82.474365234375,61.96245193481445,57.171966552734375,21.518814086914062,21.98284149169922,93.8499984741211
2009-05-22,65.39740753173828,37.900333404541016,18.95513153076172,13.527885437011719,65.19828033447266,82.24671936035156,61.599365234375,56.537254333496094,21.562623977661133,22.080196380615234,94.1500015258789
2009-05-26,67.07242584228516,39.708499908447266,19.28605842590332,13.75438404083252,65.11286163330078,81.90148162841797,61.18913650512695,55.684967041015625,21.53872299194336,22.344470977783203,93.76000213623047
2009-05-27,65.87491607666016,38.9392204284668,19.034799575805664,13.713201522827148,65.09740447998047,81.58560180664062,60.49641036987305,54.699615478515625,21.43917465209961,22.087156295776367,93.44999694824219
2009-05-28,66.79325103759766,38.98679733276367,19.377988815307617,13.795562744140625,65.08960723876953,81.5709457397461,60.81250762939453,55.491485595703125,21.319717407226562,22.768688201904297,94.23999786376953
2009-05-29,67.97598266601562,39.78779602050781,19.488298416137695,14.13530158996582,65.18281555175781,82.07035064697266,61.49839401245117,56.92416000366211,21.65420150756836,23.11640739440918,96.19999694824219
2009-06-01,69.62158966064453,41.34221267700195,19.917287826538086,14.536812782287598,65.12911224365234,81.34175109863281,60.49485778808594,55.24124526977539,21.64623260498047,24.090015411376953,95.7300033569336
2009-06-02,69.68037414550781,41.857696533203125,20.34627342224121,14.629472732543945,65.10575866699219,81.42278289794922,60.69717788696289,55.53837585449219,21.78560447692871,23.74230194091797,96.36000061035156
2009-06-03,68.7988052368164,41.58011245727539,19.69053840637207,14.001468658447266,65.2224349975586,81.7244644165039,61.068119049072266,56.05990219116211,21.590496063232422,22.900819778442383,94.41000366210938
2009-06-04,69.44529724121094,42.174903869628906,19.880510330200195,13.980876922607422,65.16023254394531,81.29767608642578,60.35995101928711,54.901615142822266,21.558626174926758,23.325035095214844,96.2300033569336
2009-06-05,69.45999908447266,42.19076919555664,19.518943786621094,13.877925872802734,64.73236083984375,80.34097290039062,59.759647369384766,54.48318862915039,21.140522003173828,23.373716354370117,93.70999908447266
2009-06-08,69.1734619140625,41.691131591796875,19.365734100341797,13.980876922607422,64.5611801147461,79.89936828613281,59.456111907958984,54.34368133544922,21.224157333374023,23.012086868286133,93.55999755859375
2009-06-09,69.52609252929688,41.88147735595703,19.518943786621094,14.052942276000977,64.70903778076172,80.21586608886719,59.71238327026367,54.33765411376953,21.42324447631836,23.053821563720703,93.83000183105469
2009-06-10,69.34976196289062,41.71492385864258,19.59248161315918,14.166191101074219,64.70124816894531,80.06127166748047,59.35493087768555,53.482521057128906,21.196271896362305,23.345905303955078,93.86000061035156
2009-06-11,69.6583251953125,41.73080062866211,19.757946014404297,14.392683029174805,64.70903778076172,80.3557357788086,59.759647369384766,54.076820373535156,21.443159103393555,23.846616744995117,93.69999694824219
2009-06-12,69.8493423461914,41.857696533203125,19.788593292236328,14.279438972473145,64.77900695800781,80.52493286132812,60.07665252685547,54.56199645996094,21.431222915649414,23.464126586914062,92.16999816894531
2009-06-15,68.2478256225586,40.73154067993164,18.961259841918945,13.826448440551758,64.82569122314453,80.7088851928711,60.3464469909668,55.05321502685547,21.228124618530273,22.62265396118164,91.0999984741211
2009-06-16,67.32219696044922,40.04951095581055,18.685476303100586,13.78526782989502,64.89572143554688,80.90023040771484,60.68366622924805,56.01142883300781,21.275922775268555,22.281877517700195,91.93000030517578
2009-06-17,67.25605773925781,40.26362609863281,18.57516860961914,13.78526782989502,64.96578979492188,80.97388458251953,60.521812438964844,55.69607925415039,21.46705436706543,22.031526565551758,92.3499984741211
2009-06-18,67.7482681274414,40.44603729248047,18.648712158203125,13.70290756225586,64.85684204101562,80.36299133300781,59.7866325378418,54.85309600830078,21.355548858642578,21.968931198120117,91.61000061035156
2009-06-19,67.99797058105469,40.6918830871582,18.893840789794922,14.032349586486816,64.89572143554688,80.50284576416016,60.06315231323242,55.60509490966797,21.411298751831055,22.080196380615234,91.9000015258789
2009-06-22,65.95894622802734,39.2485237121582,18.213594436645508,13.507296562194824,64.98125457763672,80.81195068359375,60.38690948486328,56.14484786987305,21.343610763549805,21.28044891357422,90.54000091552734
2009-06-23,66.01065063476562,38.931297302246094,18.538597106933594,13.658244132995605,64.98125457763672,80.90023040771484,60.582542419433594,56.805843353271484,21.614383697509766,21.418561935424805,90.91999816894531
2009-06-24,66.57952880859375,39.35160827636719,18.67690086364746,13.742093086242676,64.97350311279297,80.81930541992188,60.35315704345703,56.235774993896484,21.47899627685547,21.888301849365234,91.44999694824219
2009-06-25,68.02755737304688,40.48567199707031,18.972362518310547,13.804996490478516,65.09800720214844,81.40802764892578,61.10857391357422,57.26673126220703,21.622358322143555,22.540319442749023,92.30999755859375
2009-06-26,67.85023498535156,40.62844467163086,18.852922439575195,13.742093086242676,65.12911224365234,81.51846313476562,61.18960189819336,57.363773345947266,21.765697479248047,22.659507751464844,92.29000091552734
2009-06-29,68.485595703125,40.62844467163086,19.154666900634766,13.930780410766602,65.12911224365234,81.5405502319336,61.31768035888672,57.44866180419922,21.729867935180664,22.827768325805664,92.04000091552734
2009-06-30,67.93148803710938,40.50947952270508,19.05408477783203,13.846916198730469,65.12129974365234,81.53313446044922,61.1557731628418,57.35166549682617,21.765697479248047,22.596410751342773,91.18000030517578
2009-07-01,68.21224212646484,41.13599395751953,19.3809757232666,13.97270679473877,65.1852035522461,81.6149673461914,61.11656188964844,57.237876892089844,21.86524772644043,23.01005744934082,92.38999938964844
2009-07-02,66.35050201416016,39.72021484375,18.75233268737793,13.637276649475098,65.25530242919922,81.87307739257812,61.319480895996094,57.371673583984375,21.781627655029297,22.379066467285156,91.25
2009-07-06,66.34310913085938,39.370025634765625,18.683189392089844,13.616314888000488,65.27871704101562,82.07951354980469,61.360107421875,57.26218032836914,21.837366104125977,22.329992294311523,90.76000213623047
2009-07-07,65.0575942993164,38.518489837646484,18.117408752441406,13.280881881713867,65.27088165283203,82.16799926757812,61.603538513183594,57.64551544189453,21.638280868530273,21.804170608520508,90.70999908447266
2009-07-08,65.01326751708984,38.25586700439453,18.048259735107422,13.11316967010498,65.37215423583984,82.6767578125,62.31374740600586,58.710182189941406,21.765697479248047,21.551774978637695,89.2699966430664
2009-07-09,65.13887786865234,38.09669876098633,18.337438583374023,13.364740371704102,65.34102630615234,82.37445068359375,61.94847106933594,58.010555267333984,21.94489288330078,21.937379837036133,89.51000213623047
2009-07-10,64.9837417602539,38.27972412109375,18.06711769104004,13.176061630249023,65.40337371826172,82.74311828613281,62.33407974243164,58.54594802856445,21.917022705078125,21.6779727935791,89.58000183105469
2009-07-13,66.56473541259766,39.20292282104492,18.63918113708496,13.40666389465332,65.36437225341797,82.52932739257812,62.11083221435547,58.217403411865234,21.88117790222168,21.832212448120117,90.19000244140625
2009-07-14,66.94149780273438,39.43369674682617,18.683189392089844,13.542936325073242,65.31768798828125,82.3228759765625,61.69826889038086,57.25005340576172,21.821447372436523,22.070587158203125,90.80999755859375
2009-07-15,68.8992919921875,40.95374298095703,19.45641326904297,14.18234634399414,65.16175842285156,81.60025024414062,60.900177001953125,55.77774429321289,21.93692970275879,23.255443572998047,92.23999786376953
2009-07-16,68.78849792480469,41.463077545166016,19.758159637451172,14.245244026184082,65.26311492919922,81.90254974365234,61.265419006347656,56.38006591796875,21.984716415405273,23.297504425048828,91.9800033569336
2009-07-17,69.54205322265625,41.30392837524414,19.657581329345703,14.129937171936035,65.23979187011719,81.71820831298828,60.852787017822266,55.51005554199219,21.92101287841797,23.535877227783203,91.93000030517578
2009-07-20,70.28083801269531,41.8132438659668,20.028474807739258,14.475849151611328,65.23190307617188,81.91734313964844,61.076019287109375,55.80211639404297,22.00861167907715,24.3772029876709,93.27999877929688
2009-07-21,70.60591888427734,41.74163818359375,20.110198974609375,14.433921813964844,65.30980682373047,82.39657592773438,61.75908660888672,56.91545104980469,22.06833839416504,24.30708885192871,93.12999725341797
2009-07-22,70.59113311767578,42.067928314208984,20.217069625854492,14.507295608520508,65.27871704101562,82.12376403808594,61.39387512207031,56.404380798339844,22.108158111572266,24.251001358032227,93.44000244140625
2009-07-23,72.14997100830078,43.396976470947266,20.613117218017578,14.821760177612305,65.16175842285156,81.53385162353516,60.79866409301758,55.37009048461914,22.02452278137207,24.938081741333008,93.26000213623047
2009-07-24,72.44548797607422,43.61980438232422,20.707406997680664,14.91610050201416,65.20075988769531,81.65921020507812,60.92719650268555,55.63784408569336,22.151947021484375,24.818891525268555,93.41000366210938
2009-07-27,72.65970611572266,43.84264373779297,20.851991653442383,14.884651184082031,65.15402221679688,81.49698638916016,60.64311981201172,54.99901580810547,22.132034301757812,25.036231994628906,93.70999908447266
2009-07-28,72.31986236572266,43.86651611328125,20.587966918945312,14.758865356445312,65.11504364013672,81.44544219970703,60.76486587524414,55.4857063293457,22.1400146484375,24.924055099487305,92.11000061035156
2009-07-29,72.14259338378906,43.64369583129883,20.474809646606445,14.62259578704834,65.076171875,81.34956359863281,60.805458068847656,55.789878845214844,22.028512954711914,24.36318016052246,91.19999694824219
2009-07-30,72.89612579345703,44.40769577026367,20.820558547973633,14.937065124511719,65.08392333984375,81.48224639892578,61.048973083496094,56.58081817626953,21.976747512817383,24.966121673583984,91.62000274658203
2009-07-31,72.99957275390625,44.22462844848633,21.10345458984375,15.020916938781738,65.19298553466797,81.96891784667969,61.66445541381836,57.681976318359375,22.446626663208008,25.085304260253906,93.3499984741211
2009-08-03,74.20381164550781,44.99660110473633,21.681798934936523,15.555508613586426,65.10087585449219,81.42960357666016,61.00918960571289,56.8078727722168,22.458580017089844,26.0247745513916,93.87000274658203
2009-08-04,74.39588928222656,45.450233459472656,21.650371551513672,15.534546852111816,65.04631042480469,81.34095764160156,60.832820892333984,56.356143951416016,22.42274284362793,25.786407470703125,94.68000030517578
2009-08-05,74.18164825439453,44.99660110473633,21.631505966186523,15.670812606811523,65.02293395996094,81.185791015625,60.48685073852539,55.513729095458984,22.5382137298584,25.56907081604004,94.77999877929688
2009-08-06,73.79745483398438,44.36790466308594,21.449201583862305,15.450688362121582,65.02293395996094,81.2005615234375,60.48685073852539,55.702980041503906,22.378942489624023,25.358739852905273,94.5999984741211
2009-08-07,74.76526641845703,45.434303283691406,21.45549774169922,15.555508613586426,64.91374969482422,80.83853912353516,60.08662414550781,55.23904037475586,22.120100021362305,25.611127853393555,93.75
2009-08-10,74.61011505126953,45.51388931274414,21.380054473876953,15.335384368896484,65.01510620117188,81.22273254394531,60.473262786865234,55.92881393432617,22.072311401367188,25.32369041442871,92.93000030517578
2009-08-11,73.6792984008789,44.78173065185547,21.10973358154297,15.199115753173828,65.0853500366211,81.43698120117188,60.89377975463867,56.575923919677734,22.0563907623291,24.846939086914062,92.79000091552734
2009-08-12,74.46977233886719,45.458187103271484,21.430341720581055,15.272492408752441,65.10877227783203,81.43698120117188,60.72429275512695,55.971580505371094,22.187801361083984,25.0712890625,92.94999694824219
2009-08-13,75.03863525390625,45.832237243652344,21.706953048706055,15.586954116821289,65.21795654296875,81.80633544921875,61.19911193847656,56.7651252746582,22.251506805419922,25.505983352661133,93.72000122070312
2009-08-14,74.46238708496094,44.89313888549805,21.51207160949707,15.492618560791016,65.26476287841797,81.99111938476562,61.38902282714844,56.98491668701172,22.303272247314453,25.043249130249023,93.0
2009-08-17,72.63019561767578,43.627742767333984,20.73884391784668,14.989472389221191,65.3349609375,82.38999938964844,61.80961608886719,57.82731246948242,22.23955726623535,24.06170654296875,91.61000061035156
2009-08-18,73.20645141601562,44.20872497558594,20.971439361572266,15.303936958312988,65.31938171386719,82.2127914428711,61.59254837036133,57.49153137207031,22.22761344909668,24.587522506713867,92.05999755859375
2009-08-19,73.84919738769531,44.749900817871094,21.22289276123047,15.419240951538086,65.35060119628906,82.32357025146484,61.8231315612793,57.96770477294922,22.3908748626709,24.650623321533203,92.52999877929688
2009-08-20,74.61011505126953,45.235355377197266,21.505779266357422,15.545028686523438,65.3349609375,82.41219329833984,61.9859504699707,58.443843841552734,22.462554931640625,25.078304290771484,92.2699966430664
2009-08-21,76.07295227050781,46.27790451049805,22.191003799438477,15.869976997375488,65.2335433959961,81.85806274414062,61.35512161254883,57.24128723144531,22.53422737121582,25.456893920898438,93.6500015258789
2009-08-24,76.06553649902344,46.26198196411133,22.197284698486328,15.817561149597168,65.31155395507812,82.2127914428711,61.73497772216797,58.279052734375,22.546184539794922,25.56907081604004,92.33999633789062
2009-08-25,76.21332550048828,46.46092987060547,22.50531578063965,15.84900951385498,65.31155395507812,82.34571075439453,61.89783477783203,58.60865020751953,22.518301010131836,25.512975692749023,92.76000213623047
2009-08-26,76.22069549560547,46.564422607421875,22.45502471923828,15.733708381652832,65.35060119628906,82.39740753173828,61.97917556762695,58.87726593017578,22.454578399658203,25.435861587524414,92.79000091552734
2009-08-27,76.39059448242188,46.492774963378906,22.649906158447266,15.786112785339355,65.34275817871094,82.29399108886719,61.80961608886719,58.645263671875,22.593961715698242,25.386783599853516,93.19000244140625
2009-08-28,76.3758544921875,46.19832992553711,22.61847496032715,15.890938758850098,65.41293334960938,82.47869110107422,61.95208740234375,58.913875579833984,22.51431655883789,25.253568649291992,93.87000274658203
2009-08-31,75.69615936279297,45.52187728881836,22.423599243164062,15.670812606811523,65.4597396850586,82.67071533203125,62.135250091552734,58.96883010864258,22.61785125732422,24.75579261779785,93.4000015258789
2009-09-01,74.0265121459961,44.50318908691406,21.700654983520508,15.408758163452148,65.51287078857422,82.86177062988281,62.29644012451172,58.82615280151367,22.414777755737305,24.28605079650879,93.9000015258789
2009-09-02,73.74574279785156,44.28034210205078,21.625226974487305,15.461174011230469,65.58316802978516,83.18004608154297,62.636558532714844,59.68349075317383,22.486454010009766,24.54545783996582,96.19000244140625
2009-09-03,74.35896301269531,44.77375411987305,21.782386779785156,15.64985179901123,65.5207290649414,82.98019409179688,62.41209411621094,59.31605529785156,22.578031539916992,25.036231994628906,97.45999908447266
2009-09-04,75.40061950683594,45.402488708496094,22.228723526000977,15.890938758850098,65.48944854736328,82.78033447265625,62.037940979003906,58.30561447143555,22.673593521118164,25.519989013671875,97.52999877929688
2009-09-08,76.05077362060547,45.90386962890625,22.901365280151367,16.15299415588379,65.4971923828125,82.72110748291016,61.89513397216797,57.895267486572266,22.91252326965332,26.045814514160156,97.43000030517578
2009-09-09,76.63442993164062,46.69175720214844,23.12138557434082,16.394081115722656,65.50506591796875,82.7433090209961,61.94952392578125,57.82796859741211,22.91252326965332,26.186037063598633,97.08000183105469
2009-09-10,77.41751861572266,47.2726936340332,23.423131942749023,16.603727340698242,65.54414367675781,83.04679870605469,62.41209411621094,58.89350509643555,22.876691818237305,26.52957534790039,97.69999694824219
2009-09-11,77.40275573730469,47.28860855102539,23.347700119018555,16.509384155273438,65.5207290649414,83.06161499023438,62.59572982788086,59.218082427978516,23.012083053588867,26.543594360351562,98.77999877929688
2009-09-14,77.7795181274414,47.78999710083008,23.479713439941406,16.509384155273438,65.48163604736328,82.8913803100586,62.2284049987793,58.63017654418945,23.14745330810547,26.44544792175293,97.95999908447266
2009-09-15,78.10459899902344,48.17995071411133,23.687164306640625,16.530353546142578,65.51287078857422,82.750732421875,62.099159240722656,58.330101013183594,23.183298110961914,26.760936737060547,98.9000015258789
2009-09-16,79.28665161132812,49.17475891113281,24.177499771118164,16.792402267456055,65.42697143554688,82.53602600097656,62.05152893066406,58.43422317504883,23.227102279663086,27.43399429321289,99.91000366210938
2009-09-17,79.16845703125,49.071292877197266,24.102060317993164,16.792402267456055,65.5207290649414,82.78777313232422,62.35764694213867,59.16910171508789,23.258962631225586,27.286767959594727,99.33999633789062
2009-09-18,79.21893310546875,49.27025604248047,24.18379020690918,16.719030380249023,65.45816040039062,82.51383972167969,62.0242919921875,58.64242172241211,23.1673641204834,27.3638858795166,98.66999816894531
2009-09-21,79.01848602294922,49.13496780395508,23.926042556762695,16.45697021484375,65.48163604736328,82.5804443359375,61.983524322509766,58.777137756347656,22.98023223876953,27.12550163269043,98.36000061035156
2009-09-22,79.47874450683594,49.47398376464844,24.190067291259766,16.698062896728516,65.46599578857422,82.706298828125,62.14672088623047,58.89963150024414,23.26692008972168,27.539154052734375,99.66999816894531
2009-09-23,78.81807708740234,49.00334167480469,24.007766723632812,16.540828704833984,65.56755065917969,82.89874267578125,62.282814025878906,59.07724380493164,23.219133377075195,27.12550163269043,98.83000183105469
2009-09-24,77.94956970214844,48.022159576416016,23.586585998535156,16.17395782470703,65.58316802978516,82.9950180053711,62.45283126831055,59.24871826171875,23.03595733642578,26.592674255371094,97.55000305175781
2009-09-25,77.53388214111328,47.727012634277344,23.53628921508789,16.069137573242188,65.55970001220703,83.04679870605469,62.704612731933594,60.00194549560547,23.179319381713867,26.704851150512695,97.0
2009-09-28,78.92200469970703,48.86771774291992,23.970048904418945,16.215890884399414,65.55194091796875,83.14300537109375,62.81339645385742,60.528621673583984,23.2509822845459,27.04839515686035,97.05000305175781
2009-09-29,78.68448638916016,48.65233612060547,23.87575340270996,16.268299102783203,65.54414367675781,83.09866333007812,62.78617858886719,60.47346496582031,23.195247650146484,27.11148452758789,97.43000030517578
2009-09-30,78.380126953125,48.0540657043457,23.89461898803711,16.2578125,65.61434936523438,83.27626037597656,62.83378982543945,60.41840362548828,23.26692008972168,27.279748916625977,98.8499984741211
2009-10-01,76.43528747558594,46.6181755065918,23.12138557434082,15.901419639587402,65.68009185791016,83.70423126220703,63.30652618408203,61.24587631225586,23.14745330810547,26.536582946777344,97.88999938964844
2009-10-02,76.07894897460938,46.26719284057617,22.832202911376953,15.723224639892578,65.7035140991211,83.6078109741211,63.27926254272461,60.82197952270508,23.239042282104492,26.543594360351562,98.37000274658203
2009-10-05,77.2146987915039,47.09679412841797,23.34140968322754,15.85948657989502,65.7035140991211,83.61521911621094,63.27239227294922,60.8281364440918,23.282848358154297,27.16056251525879,99.81999969482422
2009-10-06,78.32072448730469,47.974273681640625,23.91347312927246,16.069137573242188,65.66444396972656,83.5040054321289,63.06779861450195,60.22608947753906,23.35054588317871,27.609272003173828,102.27999877929688
2009-10-07,78.5360107421875,47.99022674560547,23.863178253173828,16.17395782470703,65.75047302246094,83.78583526611328,63.4702262878418,60.932559967041016,23.402318954467773,27.581214904785156,102.36000061035156
2009-10-08,79.13727569580078,48.42897033691406,24.221508026123047,16.320707321166992,65.68791198730469,83.63748168945312,63.23831558227539,60.29365539550781,23.597427368164062,27.91774559020996,103.63999938964844
2009-10-09,79.61978149414062,48.995357513427734,24.246646881103516,16.19492530822754,65.59406280517578,83.11832427978516,62.63119888305664,58.911476135253906,23.37044906616211,27.93878173828125,102.83999633789062
2009-10-12,79.93153381347656,49.00334167480469,24.472959518432617,16.268299102783203,65.67225646972656,83.24436950683594,62.81538391113281,59.00365447998047,23.489910125732422,28.17014503479004,103.55999755859375
2009-10-13,79.76824188232422,48.79591369628906,24.397525787353516,16.17395782470703,65.71138000488281,83.45947265625,62.9586181640625,59.3108024597168,23.50187110900879,28.21921730041504,104.26000213623047
2009-10-14,81.14152526855469,49.7292594909668,25.13303565979004,16.561792373657227,65.62537384033203,83.16279602050781,62.52891159057617,58.43233108520508,23.549636840820312,29.130651473999023,104.18000030517578
2009-10-15,81.43842315673828,49.69734191894531,25.03874969482422,16.802886962890625,65.58621215820312,82.97000885009766,62.324241638183594,58.16204833984375,23.454076766967773,28.969396591186523,102.86000061035156
2009-10-16,80.82972717285156,49.202762603759766,24.674123764038086,16.876262664794922,65.62537384033203,83.1479721069336,62.61073303222656,58.6350212097168,23.366464614868164,28.569766998291016,103.18000030517578
2009-10-19,81.49781036376953,49.609588623046875,24.988454818725586,17.085899353027344,65.62537384033203,83.17767333984375,62.70623016357422,59.095794677734375,23.533714294433594,29.11662483215332,104.2300033569336
2009-10-20,81.06725311279297,48.92356491088867,24.887859344482422,16.970598220825195,65.65666198730469,83.44461822509766,62.84951400756836,59.41520690917969,23.54566764831543,28.731021881103516,103.41999816894531
2009-10-21,80.33979034423828,48.26146697998047,24.70555877685547,17.043975830078125,65.62537384033203,83.20730590820312,62.70623016357422,59.05891036987305,23.553632736206055,28.576778411865234,103.75
2009-10-22,81.15631866455078,48.93153762817383,25.013587951660156,17.15928077697754,65.63318634033203,83.13314819335938,62.5220947265625,58.77019500732422,23.573530197143555,28.815149307250977,103.91999816894531
2009-10-23,80.22844696044922,47.91046142578125,24.567258834838867,16.844810485839844,65.523681640625,82.82908630371094,62.21519088745117,58.32791519165039,23.466022491455078,28.576778411865234,103.48999786376953
2009-10-26,79.35997772216797,47.47971725463867,23.98261833190918,16.78192138671875,65.45333099365234,82.59920501708984,61.86042022705078,57.57233810424805,23.254985809326172,28.21921730041504,101.86000061035156
2009-10-27,78.99624633789062,46.89736557006836,23.643163681030273,16.739992141723633,65.58621215820312,83.08860778808594,62.39242935180664,58.358646392822266,23.286815643310547,27.728450775146484,101.8499984741211
2009-10-28,77.50422668457031,45.33388137817383,22.92650604248047,16.37312126159668,65.68009185791016,83.24436950683594,62.5835075378418,58.6350212097168,23.207181930541992,26.45946502685547,100.7300033569336
2009-10-29,79.16695404052734,46.195396423339844,23.781455993652344,16.844810485839844,65.62537384033203,83.02934265136719,62.283363342285156,57.996177673339844,23.270910263061523,27.63030242919922,102.69000244140625
2009-10-30,76.87323760986328,44.93502426147461,22.800779342651367,16.236852645874023,65.7035140991211,83.39271545410156,62.74720764160156,58.83774185180664,23.294797897338867,26.34027671813965,102.52999877929688
2009-11-02,77.4373779296875,44.84726333618164,23.0019474029541,16.394081115722656,65.71138763427734,83.35916137695312,62.582096099853516,58.57771301269531,23.286815643310547,26.732881546020508,103.94999694824219
2009-11-03,77.68238830566406,45.525306701660156,22.838502883911133,16.530353546142578,65.70352172851562,83.27703094482422,62.4376335144043,57.992210388183594,23.1992244720459,26.77495002746582,106.45999908447266
2009-11-04,77.88275909423828,44.87118911743164,23.247114181518555,16.582761764526367,65.6956787109375,83.23223114013672,62.26567077636719,57.462196350097656,23.290807723999023,27.272737503051758,107.0999984741211
2009-11-05,79.31546020507812,46.29909133911133,23.643163681030273,16.86577796936035,65.7583999633789,83.33673858642578,62.279449462890625,57.462196350097656,23.366464614868164,27.833620071411133,106.9800033569336
2009-11-06,79.52326202392578,46.33100509643555,23.71230697631836,16.939149856567383,65.805419921875,83.51594543457031,62.465118408203125,57.5176887512207,23.382400512695312,27.798561096191406,107.43000030517578
2009-11-09,81.33451080322266,47.24039840698242,24.523250579833984,17.505197525024414,65.805419921875,83.56068420410156,62.49270248413086,57.585514068603516,23.625301361083984,28.82217788696289,108.19000244140625
2009-11-10,81.34937286376953,46.94524383544922,24.29694175720215,17.421335220336914,65.78972625732422,83.5532455444336,62.54081344604492,57.48073959350586,23.65317726135254,28.688949584960938,108.38999938964844
2009-11-11,81.76502990722656,47.27230453491211,24.41010284423828,17.33747673034668,65.86030578613281,83.68013000488281,62.71967315673828,57.72105407714844,23.724857330322266,28.934349060058594,109.5999984741211
2009-11-12,80.93363189697266,46.40279769897461,24.070632934570312,17.264095306396484,65.85247802734375,83.64275360107422,62.74032974243164,57.61629104614258,23.442121505737305,28.289325714111328,108.20999908447266
2009-11-13,81.37161254882812,46.849517822265625,24.42896270751953,17.494707107543945,65.86814880371094,83.73986053466797,62.78844451904297,57.88132095336914,23.681060791015625,28.773082733154297,109.73999786376953
2009-11-16,82.55187225341797,48.08597183227539,24.736984252929688,17.924476623535156,65.90734100341797,84.01604461669922,63.1254768371582,58.559207916259766,23.78060531616211,29.495227813720703,111.62999725341797
2009-11-17,82.64837646484375,48.08597183227539,24.59869384765625,17.955921173095703,65.92303466796875,84.07572937011719,63.263084411621094,58.87351989746094,23.69697380065918,29.390060424804688,111.97000122070312
2009-11-18,82.59642791748047,47.99022674560547,24.70555877685547,17.840618133544922,65.92303466796875,84.01604461669922,63.104827880859375,58.52839660644531,23.732820510864258,29.158693313598633,112.25
2009-11-19,81.52008819580078,46.79366683959961,24.31580352783203,17.526151657104492,65.94656372070312,84.12055969238281,63.180545806884766,58.633174896240234,23.708921432495117,28.61884880065918,112.30000305175781
2009-11-20,81.2305679321289,46.73784255981445,23.951187133789062,17.264095306396484,65.96215057373047,84.11304473876953,63.17366027832031,58.6208381652832,23.613351821899414,28.499656677246094,112.94000244140625
2009-11-23,82.26238250732422,47.551513671875,24.42896270751953,17.620492935180664,65.95433807373047,84.11304473876953,63.08424377441406,58.54692077636719,23.724857330322266,29.095598220825195,114.29000091552734
2009-11-24,82.38858032226562,47.336116790771484,24.460390090942383,17.59953498840332,66.00923156738281,84.36685180664062,63.40757369995117,58.916648864746094,23.752729415893555,28.934349060058594,114.7300033569336
2009-11-25,82.6780776977539,47.328128814697266,24.793575286865234,17.798686981201172,66.04051971435547,84.52361297607422,63.620758056640625,59.18779754638672,23.983684539794922,29.270862579345703,116.62000274658203
2009-11-27,81.33451080322266,45.932151794433594,23.84432601928711,17.4632625579834,66.0876235961914,84.81475830078125,63.90962600708008,59.409706115722656,23.856266021728516,28.135093688964844,115.05999755859375
2009-11-30,81.609130859375,46.3389778137207,23.91347312927246,17.054454803466797,66.09544372558594,84.90435791015625,64.01286315917969,59.5513916015625,23.999608993530273,28.408523559570312,115.63999938964844
2009-12-01,82.61866760253906,47.05691146850586,24.4918155670166,17.494707107543945,66.11204528808594,84.7109375,63.65985107421875,58.8880615234375,24.1350040435791,29.221803665161133,117.37999725341797
2009-12-02,82.5815658569336,47.61531448364258,24.53582763671875,17.64145851135254,66.05680847167969,84.57595825195312,63.52888107299805,58.93749237060547,24.08323097229004,29.340970993041992,119.18000030517578
2009-12-03,81.93574523925781,47.03297805786133,24.34095001220703,17.3898868560791,66.01729583740234,84.46345520019531,63.23246765136719,58.3254280090332,23.955812454223633,29.067550659179688,118.69999694824219
2009-12-04,82.40341186523438,48.1976318359375,24.391246795654297,17.43181610107422,65.85153198242188,83.9985122680664,62.76365280151367,57.707176208496094,23.605398178100586,29.3339786529541,113.75
2009-12-07,82.2772216796875,48.26943588256836,24.290660858154297,17.316513061523438,65.99360656738281,84.19351959228516,62.9360237121582,57.78136444091797,23.633272171020508,29.081571578979492,113.11000061035156
2009-12-08,81.36419677734375,47.89451599121094,23.73116683959961,16.918188095092773,66.05680847167969,84.46345520019531,63.156612396240234,57.867916107177734,23.553632736206055,28.541730880737305,110.94999694824219
2009-12-09,81.66854095458984,47.742950439453125,23.599149703979492,16.928667068481445,66.00941467285156,84.36598205566406,63.032508850097656,57.60209274291992,23.605398178100586,28.71700096130371,110.83999633789062
2009-12-10,82.1287841796875,47.551513671875,23.611724853515625,16.96011734008789,65.9856948852539,84.16349792480469,62.8188362121582,56.940582275390625,23.525745391845703,28.885265350341797,110.81999969482422
2009-12-11,82.47763061523438,47.99821472167969,23.611724853515625,16.9810848236084,65.91466522216797,83.97605895996094,62.50856018066406,56.93441390991211,23.29876708984375,28.99042320251465,109.31999969482422
2009-12-14,83.04183197021484,48.72411346435547,23.88204574584961,17.232650756835938,65.8436508178711,83.81855773925781,62.50856018066406,57.002384185791016,23.458070755004883,29.186750411987305,110.23999786376953
2009-12-15,82.65579223632812,48.5885124206543,23.636869430541992,17.085899353027344,65.82791900634766,83.6686019897461,62.30865478515625,56.748905181884766,23.258962631225586,28.885265350341797,110.20999908447266
2009-12-16,82.78199005126953,48.899627685546875,23.919755935668945,17.222169876098633,65.875244140625,83.6835708618164,62.30865478515625,56.68091583251953,23.187278747558594,29.053531646728516,111.58999633789062
2009-12-17,81.78731536865234,48.35719299316406,23.322546005249023,16.792402267456055,66.00151824951172,84.15599060058594,62.86017608642578,57.61447525024414,22.972246170043945,28.21921730041504,107.33999633789062
2009-12-18,82.24999237060547,48.80390930175781,23.31626319885254,16.813373565673828,65.95417022705078,83.91604614257812,62.54994201660156,57.36717987060547,22.920490264892578,28.29635238647461,108.94999694824219
2009-12-21,83.08586120605469,49.45005416870117,23.53628921508789,16.771440505981445,65.85153198242188,83.46611022949219,61.90876007080078,56.347023010253906,22.785099029541016,28.261289596557617,106.94999694824219
2009-12-22,83.38438415527344,49.912715911865234,23.743494033813477,16.98883819580078,65.77265930175781,83.2336654663086,61.633026123046875,56.031734466552734,22.733318328857422,28.546104431152344,106.16999816894531
2009-12-23,83.54859161376953,50.55588150024414,23.946271896362305,17.105491638183594,65.77265930175781,83.16620635986328,61.6054573059082,56.044105529785156,22.82889175415039,28.828813552856445,106.55000305175781
2009-12-24,83.94413757324219,50.74811935424805,24.015972137451172,17.190332412719727,65.6937255859375,83.01619720458984,61.38486862182617,55.46294403076172,22.777141571044922,29.11858558654785,108.36000061035156
2009-12-28,84.12322998046875,50.66802215576172,24.079347610473633,17.179725646972656,65.5989761352539,82.76126098632812,61.219383239746094,55.30835723876953,22.844825744628906,29.2175350189209,108.55000305175781
2009-12-29,84.0038070678711,50.64398956298828,24.18072509765625,17.179725646972656,65.64244079589844,82.89871215820312,61.38101577758789,55.6732292175293,22.728822708129883,29.11290740966797,107.47000122070312
2009-12-30,83.97398376464844,50.6119499206543,23.996957778930664,17.29637336730957,65.61878967285156,82.92131042480469,61.49151611328125,56.03929138183594,22.708810806274414,29.240150451660156,106.93000030517578
2009-12-31,83.16799926757812,50.01124572753906,23.743494033813477,17.179725646972656,65.53973388671875,82.76354217529297,61.19451904296875,55.77248001098633,22.732820510864258,29.339134216308594,107.30999755859375
2010-01-04,84.57847595214844,51.24469757080078,24.38349723815918,17.508472442626953,65.62667083740234,82.82362365722656,61.34642028808594,55.72284698486328,22.796833038330078,30.194570541381836,109.80000305175781
2010-01-05,84.80235290527344,51.06850051879883,24.459531784057617,17.625125885009766,65.7056655883789,83.08659362792969,61.61585998535156,56.08271789550781,22.904823303222656,30.413726806640625,109.69999694824219
2010-01-06,84.86209106445312,51.02042770385742,24.560916900634766,17.635725021362305,65.71356201171875,82.97386932373047,61.36717224121094,55.331974029541016,22.864824295043945,30.477346420288086,111.51000213623047
2010-01-07,85.22027587890625,51.39686965942383,24.446876525878906,17.572097778320312,65.69780731201172,82.94384002685547,61.36717224121094,55.42500686645508,22.732820510864258,30.30061149597168,110.81999969482422
2010-01-08,85.5038833618164,51.677207946777344,24.655977249145508,17.667543411254883,65.76097869873047,83.06403350830078,61.44320297241211,55.40019989013672,22.864824295043945,30.540971755981445,111.37000274658203
2010-01-11,85.62329864501953,51.46897506713867,24.814393997192383,17.816007614135742,65.79257202148438,83.1541976928711,61.48460006713867,55.096221923828125,23.024839401245117,30.477346420288086,112.8499984741211
2010-01-12,84.82475280761719,50.908302307128906,24.453203201293945,17.688753128051758,65.84786987304688,83.51480865478516,61.92662048339844,56.03929138183594,23.036834716796875,29.989543914794922,110.48999786376953
2010-01-13,85.5412368774414,51.565086364746094,24.630630493164062,17.816007614135742,65.79257202148438,83.23680877685547,61.629642486572266,55.38783264160156,23.112842559814453,30.08145523071289,111.54000091552734
2010-01-14,85.77257537841797,51.757320404052734,24.68132209777832,17.86903953552246,65.85575866699219,83.43968963623047,61.919700622558594,56.16341018676758,23.14082908630371,30.00368309020996,112.02999877929688
2010-01-15,84.80979919433594,51.00441360473633,24.047664642333984,17.699356079101562,65.91106414794922,83.66510009765625,62.19601821899414,56.51078414916992,23.10883140563965,29.657264709472656,110.86000061035156
2010-01-19,85.86962127685547,51.94151306152344,24.301116943359375,17.953868865966797,65.9268798828125,83.5824203491211,62.08544921875,56.3494873046875,23.012834548950195,30.258193969726562,111.5199966430664
2010-01-20,84.99642944335938,51.18863296508789,23.55973243713379,17.656940460205078,65.9268798828125,83.74022674560547,62.29960632324219,56.920345306396484,22.66482162475586,29.530019760131836,108.94000244140625
2010-01-21,83.36199951171875,50.347633361816406,22.824684143066406,17.1160945892334,65.9821548461914,83.97312927246094,62.527523040771484,57.18093490600586,22.7728214263916,28.639232635498047,107.37000274658203
2010-01-22,81.50371551513672,49.442569732666016,22.387453079223633,16.62827491760254,66.0374984741211,84.01818084716797,62.582767486572266,57.08165740966797,22.788818359375,28.002973556518555,107.16999816894531
2010-01-25,81.921630859375,49.498619079589844,22.691617965698242,16.99944305419922,65.9821548461914,83.9430923461914,62.44466781616211,56.821075439453125,22.75281524658203,28.207984924316406,107.4800033569336
2010-01-26,81.57833099365234,49.01006317138672,22.60289764404297,16.882789611816406,65.99009704589844,84.04826354980469,62.56898880004883,56.83966827392578,22.768829345703125,27.62120819091797,107.55999755859375
2010-01-27,81.96642303466797,49.530670166015625,22.539527893066406,17.01004981994629,65.96637725830078,83.86793518066406,62.4239387512207,56.80861282348633,22.66482162475586,27.550506591796875,106.52999877929688
2010-01-28,81.02608489990234,48.68164825439453,22.045269012451172,16.56464958190918,65.99797058105469,83.97312927246094,62.403175354003906,56.77764892578125,22.584827423095703,27.35963249206543,106.4800033569336
2010-01-29,80.14543151855469,48.145023345947266,21.855167388916016,16.3631534576416,66.06114959716797,84.17594146728516,62.644962310791016,57.27400588989258,22.40081787109375,27.062700271606445,105.95999908447266
2010-02-01,81.3917465209961,48.71369934082031,22.28605842590332,16.447994232177734,66.03272247314453,84.0367202758789,62.43009567260742,56.754093170166016,22.44293975830078,27.790882110595703,108.3499984741211
2010-02-02,82.37687683105469,49.250343322753906,22.831016540527344,16.893396377563477,66.04059600830078,84.07433319091797,62.53409957885742,56.915985107421875,22.539216995239258,28.017101287841797,109.12999725341797
2010-02-03,81.96642303466797,48.92192840576172,22.400117874145508,16.638877868652344,65.99317932128906,83.89363861083984,62.23605728149414,56.25595474243164,22.467008590698242,27.854509353637695,108.69999694824219
2010-02-04,79.43643951416016,47.28800964355469,21.22784423828125,15.99199390411377,66.08805084228516,84.37548828125,62.74888229370117,57.146331787109375,22.334613800048828,26.596099853515625,104.37000274658203
2010-02-05,79.60063934326172,47.47224426269531,20.82229232788086,15.801106452941895,66.19090270996094,84.57117462158203,62.9498405456543,57.27088928222656,22.16611671447754,26.29918670654297,104.68000030517578
2010-02-08,79.02600860595703,46.999671936035156,20.613183975219727,15.589006423950195,66.14344787597656,84.48081970214844,62.894378662109375,57.345603942871094,22.17413902282715,26.037595748901367,104.04000091552734
2010-02-09,80.0185546875,47.648433685302734,21.398929595947266,15.99199390411377,66.08014678955078,84.30021667480469,62.554874420166016,56.77277755737305,22.366703033447266,26.88595962524414,105.41000366210938
2010-02-10,79.86183166503906,47.76057815551758,21.278528213500977,15.938965797424316,66.00898742675781,84.06681060791016,62.38160705566406,56.23105239868164,22.35868263244629,26.815258026123047,105.12000274658203
2010-02-11,80.69771575927734,48.52146911621094,21.24051284790039,16.21468734741211,66.03272247314453,84.08943176269531,62.30536651611328,55.92597198486328,22.39479637145996,27.52223014831543,107.12999725341797
2010-02-12,80.63053894042969,48.8738899230957,20.980712890625,16.066221237182617,66.08805084228516,84.24748229980469,62.45091247558594,56.15633010864258,22.330602645874023,27.175813674926758,107.04000091552734
2010-02-16,81.89925384521484,49.6988639831543,21.58268928527832,16.469207763671875,66.095947265625,84.32279968261719,62.58951950073242,56.262184143066406,22.483057022094727,27.875707626342773,109.62000274658203
2010-02-17,82.28731536865234,50.0352668762207,21.512989044189453,16.511621475219727,66.04059600830078,84.0367202758789,62.25685501098633,55.62083435058594,22.3988094329834,27.974687576293945,109.25
2010-02-18,82.77240753173828,50.4437370300293,21.671403884887695,16.56464958190918,66.00102996826172,83.86357879638672,62.035118103027344,55.39672088623047,22.38276481628418,28.08074188232422,109.9800033569336
2010-02-19,82.94410705566406,50.507843017578125,21.6080379486084,16.47980499267578,65.97733306884766,83.76565551757812,62.06978225708008,55.695640563964844,22.29047393798828,27.840360641479492,109.47000122070312
2010-02-22,82.95899200439453,50.66000747680664,21.57001495361328,16.47980499267578,66.00102996826172,83.78824615478516,62.0212516784668,55.46522903442383,22.402809143066406,27.875707626342773,109.06999969482422
2010-02-23,81.9515151977539,50.06731033325195,21.164470672607422,16.235898971557617,66.05646514892578,84.18724822998047,62.492496490478516,56.33068084716797,22.418861389160156,27.232370376586914,107.88999938964844
2010-02-24,82.70523834228516,50.491817474365234,21.234174728393555,16.373760223388672,66.08805084228516,84.16464233398438,62.527099609375,56.46767807006836,22.499109268188477,27.493953704833984,107.36000061035156
2010-02-25,82.59329986572266,50.507843017578125,21.01872444152832,16.161663055419922,66.14344787597656,84.4356918334961,62.75583267211914,56.785213470458984,22.495088577270508,27.267730712890625,108.30999755859375
2010-02-26,82.64552307128906,50.2995719909668,21.202499389648438,16.22529411315918,66.16710662841797,84.51097869873047,62.852806091308594,57.07783126831055,22.454978942871094,27.543434143066406,109.43000030517578
2010-03-01,83.50379180908203,51.46897506713867,21.455961227416992,16.129850387573242,66.1552963256836,84.5592269897461,62.91814041137695,57.05287170410156,22.314550399780273,28.01003646850586,109.43000030517578
2010-03-02,83.73516082763672,51.86142349243164,21.728431701660156,16.24650001525879,66.1552963256836,84.63462829589844,62.95290756225586,56.9779167175293,22.426881790161133,28.32816505432129,111.0199966430664
2010-03-03,83.809814453125,52.15777587890625,22.00724983215332,16.607065200805664,66.1473617553711,84.63462829589844,62.89033126831055,56.834266662597656,22.547250747680664,28.3635196685791,111.62999725341797
2010-03-04,84.06353759765625,52.293949127197266,21.95022201538086,16.57525062561035,66.12358093261719,84.65729522705078,63.00153350830078,57.13408279418945,22.426881790161133,28.215057373046875,110.83000183105469
2010-03-05,85.26505279541016,53.35920333862305,22.495176315307617,16.957021713256836,66.06817626953125,84.37071990966797,62.702735900878906,56.38448715209961,22.410842895507812,28.950300216674805,110.80999755859375
2010-03-08,85.27999114990234,53.455322265625,22.469816207885742,16.808557510375977,66.03653717041016,84.27266693115234,62.5359992980957,56.09096908569336,22.462997436523438,28.971515655517578,109.87999725341797
2010-03-09,85.42180633544922,53.64755630493164,22.4508113861084,16.691904067993164,66.08399963378906,84.37828826904297,62.69579315185547,56.10343933105469,22.39479637145996,29.134111404418945,109.72000122070312
2010-03-10,85.80242156982422,54.104095458984375,22.590225219726562,16.77674102783203,66.06817626953125,84.25003051757812,62.59160614013672,55.95977020263672,22.44293975830078,29.339134216308594,108.47000122070312
2010-03-11,86.16065216064453,54.2642707824707,22.69795036315918,16.957021713256836,65.98905944824219,84.15199279785156,62.5359992980957,56.165931701660156,22.53119659423828,29.346210479736328,108.5999984741211
2010-03-12,86.16809844970703,54.24022674560547,22.79932975769043,17.06307029724121,65.99700927734375,84.15951538085938,62.63325500488281,56.51570510864258,22.655580520629883,29.247228622436523,107.94999694824219
2010-03-15,86.19049072265625,54.05601501464844,22.659921646118164,16.893396377563477,66.02072143554688,84.2048110961914,62.63325500488281,56.44072341918945,22.667606353759766,29.03514289855957,108.36000061035156
2010-03-16,86.87705993652344,54.52056884765625,22.96408462524414,17.126693725585938,66.03653717041016,84.41595458984375,62.87643814086914,56.890438079833984,22.779937744140625,29.409833908081055,110.4000015258789
2010-03-17,87.39205932617188,54.8409538269043,23.033784866333008,17.24335479736328,66.0523681640625,84.408447265625,62.95290756225586,57.13408279418945,22.8762264251709,29.72797203063965,109.58999633789062
2010-03-18,87.34724426269531,54.672752380371094,22.818340301513672,17.190332412719727,66.01282501220703,84.2198715209961,62.78610610961914,56.94673538208008,22.75987434387207,29.50172996520996,110.33999633789062
2010-03-19,86.90510559082031,53.9919548034668,22.54586410522461,16.935815811157227,65.9653091430664,84.07656860351562,62.702735900878906,57.00291061401367,22.663599014282227,29.119966506958008,108.27999877929688
2010-03-22,87.36973571777344,54.75286102294922,22.495176315307617,17.0312557220459,65.98905944824219,84.28022003173828,62.91120910644531,57.06538009643555,22.63551902770996,29.226016998291016,107.75
2010-03-23,87.9842300415039,55.44968795776367,22.653589248657227,17.126693725585938,65.9653091430664,84.2048110961914,62.77915573120117,56.79678726196289,22.667606353759766,29.431047439575195,108.31999969482422
2010-03-24,87.55707550048828,54.816959381103516,22.21002769470215,16.882789611816406,65.8624267578125,83.65422058105469,62.15380859375,55.759918212890625,22.402809143066406,28.992712020874023,106.30000305175781
2010-03-25,87.41468811035156,54.47169876098633,22.34943389892578,16.861576080322266,65.88612365722656,83.54105377197266,61.924522399902344,55.40386962890625,22.17413902282715,28.914958953857422,106.77999877929688
2010-03-26,87.36222839355469,54.4476203918457,22.61556625366211,16.935815811157227,65.92572784423828,83.66932678222656,62.070457458496094,55.5600700378418,22.242332458496094,29.056337356567383,108.58999633789062
2010-03-29,87.91679382324219,54.744693756103516,22.79932975769043,17.126693725585938,65.95741271972656,83.66932678222656,61.9801139831543,55.34763717651367,22.322574615478516,29.579505920410156,108.75
2010-03-30,87.97675323486328,54.9133415222168,22.70428466796875,17.16912078857422,65.94158172607422,83.69954681396484,62.042606353759766,55.522544860839844,22.366703033447266,29.69261360168457,107.97000122070312
2010-03-31,87.67698669433594,54.43956756591797,22.767648696899414,17.253957748413086,65.98905944824219,83.85027313232422,62.188568115234375,55.90355682373047,22.45096206665039,29.7774600982666,108.94999694824219
2010-04-01,88.27648162841797,54.945438385009766,23.17953109741211,17.582706451416016,65.96528625488281,83.75203704833984,62.059627532958984,55.766902923583984,22.458986282348633,30.555130004882812,110.26000213623047
2010-04-05,88.99591827392578,55.97321319580078,23.22388458251953,17.741779327392578,65.78303527832031,83.20035552978516,61.50217819213867,54.83903884887695,22.342639923095703,30.830833435058594,110.88999938964844
2010-04-06,89.20572662353516,56.30240249633789,23.08448600769043,17.678146362304688,65.83058166503906,83.36656951904297,61.68336486816406,54.9267692565918,22.302513122558594,30.92273712158203,111.02999877929688
2010-04-07,88.69615173339844,56.12578582763672,22.786659240722656,17.508472442626953,65.93356323242188,83.66891479492188,62.06660842895508,55.62897491455078,22.282466888427734,30.654096603393555,112.48999786376953
2010-04-08,89.0033950805664,56.06952667236328,22.748640060424805,17.51907730102539,65.91777038574219,83.61602783203125,61.99692916870117,55.654052734375,22.266407012939453,30.760133743286133,112.6500015258789
2010-04-09,89.5879135131836,56.40679931640625,23.1605167388916,17.752376556396484,65.93356323242188,83.63868713378906,62.06660842895508,55.78572082519531,22.322574615478516,30.951019287109375,113.63999938964844
2010-04-12,89.73027038574219,56.6396484375,23.394981384277344,17.731170654296875,65.96528625488281,83.7973861694336,62.233848571777344,56.08035659790039,22.418861389160156,30.703580856323242,113.01000213623047
2010-04-13,89.79773712158203,56.768123626708984,23.407649993896484,17.720565795898438,65.94943237304688,83.89567565917969,62.352359771728516,56.262168884277344,22.503122329711914,30.63995361328125,112.69000244140625
2010-04-14,90.81688690185547,57.98057174682617,23.661123275756836,17.985687255859375,65.94943237304688,83.80496215820312,62.1850700378418,55.86720275878906,22.53119659423828,31.092405319213867,113.02999877929688
2010-04-15,90.8918228149414,58.157188415527344,23.547060012817383,18.081130981445312,65.99700927734375,83.95614624023438,62.28961944580078,55.929901123046875,22.3988094329834,30.92273712158203,113.6500015258789
2010-04-16,89.44551086425781,57.37836456298828,22.957744598388672,17.762990951538086,66.09996795654297,84.28865814208984,62.6658935546875,56.337425231933594,22.35468292236328,30.0178165435791,111.23999786376953
2010-04-19,89.78271484375,57.097320556640625,22.875375747680664,17.593311309814453,66.03656768798828,84.11485290527344,62.51254653930664,56.19949722290039,22.34665870666504,29.89763641357422,111.1500015258789
2010-04-20,90.5845718383789,57.87618637084961,23.12250518798828,17.83721923828125,66.04448699951172,84.07703399658203,62.54048538208008,56.400123596191406,22.418861389160156,30.251121520996094,111.45999908447266
2010-04-21,90.41970825195312,58.27764892578125,22.850025177001953,17.688753128051758,66.05245208740234,84.19794464111328,62.74250793457031,56.8640251159668,22.36269760131836,30.15214729309082,112.30999755859375
2010-04-22,90.68949890136719,58.89590835571289,22.53319549560547,17.529682159423828,66.0048828125,84.03167724609375,62.59622573852539,56.69476318359375,22.182165145874023,30.27939796447754,111.83999633789062
2010-04-23,91.28148651123047,59.52219772338867,22.74230194091797,17.720565795898438,65.98114776611328,83.90318298339844,62.42204666137695,56.494110107421875,22.18617057800293,30.441999435424805,113.19000244140625
2010-04-26,90.9367904663086,59.29737091064453,22.653589248657227,17.731170654296875,65.98114776611328,83.97118377685547,62.46384811401367,56.55680847167969,22.19820213317871,30.441999435424805,112.75
2010-04-27,88.78606414794922,57.940425872802734,21.481311798095703,17.01004981994629,66.10792541503906,84.53801727294922,63.04914474487305,57.35308074951172,22.00562858581543,29.353281021118164,114.62999725341797
2010-04-28,89.46051025390625,58.036773681640625,21.310216903686523,17.0312557220459,66.092041015625,84.25080871582031,62.728599548339844,56.8640251159668,21.845149993896484,29.6007137298584,114.30999755859375
2010-04-29,90.56957244873047,59.265281677246094,21.7474422454834,17.24335479736328,66.10792541503906,84.3718032836914,62.83309555053711,57.10228729248047,21.929405212402344,30.088523864746094,114.27999877929688
2010-04-30,89.03334045410156,57.53090286254883,21.639728546142578,16.882789611816406,66.18708801269531,84.62872314453125,63.216400146484375,57.760589599609375,22.12598991394043,29.72797203063965,115.36000061035156
2010-05-03,90.18739318847656,58.823631286621094,21.73476791381836,16.82976722717285,66.12208557128906,84.46746063232422,63.05074691772461,57.685062408447266,21.95346450805664,29.890567779541016,115.7300033569336
2010-05-04,88.0666732788086,56.976871490478516,20.689226150512695,16.49041175842285,66.16172790527344,84.81580352783203,63.477073669433594,58.723148345947266,21.797008514404297,28.519058227539062,114.87000274658203
2010-05-05,87.54209899902344,56.141822814941406,20.07456398010254,15.99199390411377,66.24896240234375,85.09598541259766,63.72169494628906,59.06915283203125,21.508146286010742,28.002973556518555,115.08999633789062
2010-05-06,84.63453674316406,54.03810119628906,18.91495704650879,15.239054679870605,66.39175415039062,85.57307434082031,64.42063903808594,60.893672943115234,21.251388549804688,26.857681274414062,118.48999786376953
2010-05-07,83.37557983398438,52.480384826660156,18.813566207885742,15.15421199798584,66.36791229248047,85.5881576538086,64.24591827392578,60.132423400878906,21.30754280090332,26.99907112121582,118.2699966430664
2010-05-10,87.04752349853516,55.42720031738281,20.606847763061523,15.97077465057373,66.28067779541016,85.17172241210938,63.75663375854492,58.88672637939453,21.576356887817383,28.943227767944336,117.56999969482422
2010-05-11,86.80020141601562,55.796546936035156,20.277345657348633,15.843520164489746,66.3204116821289,85.26253509521484,63.833560943603516,58.7357292175293,21.62851333618164,28.420074462890625,120.66000366210938
2010-05-12,88.01419830322266,57.5068473815918,20.581497192382812,15.9813871383667,66.30451202392578,85.12625885009766,63.67277145385742,58.28907012939453,21.54024314880371,28.773557662963867,121.4000015258789
2010-05-13,86.92010498046875,56.952789306640625,20.226646423339844,15.769289016723633,66.34414672851562,85.27012634277344,63.84756851196289,58.67280197143555,21.379772186279297,28.50490951538086,120.55999755859375
2010-05-14,85.34645080566406,55.85276412963867,19.364856719970703,15.260263442993164,66.43138885498047,85.67150115966797,64.25989532470703,59.692054748535156,21.283477783203125,27.918128967285156,120.37000274658203
2010-05-17,85.39141082763672,55.9571647644043,19.510602951049805,15.36630630493164,66.40755462646484,85.55037689208984,64.12008666992188,59.471805572509766,21.175155639648438,27.74846076965332,119.36000061035156
2010-05-18,84.22985076904297,54.88119888305664,19.092382431030273,14.99514389038086,66.47900390625,85.8986587524414,64.5884017944336,60.3840446472168,21.014677047729492,27.168743133544922,119.48999786376953
2010-05-19,83.7502212524414,54.23081588745117,19.333175659179688,14.99514389038086,66.4472885131836,85.85330200195312,64.64436340332031,60.58536911010742,21.251388549804688,26.907167434692383,116.62999725341797
2010-05-20,80.58788299560547,51.48474884033203,18.6614933013916,14.390669822692871,66.52652740478516,86.28491973876953,65.27337646484375,61.86254119873047,21.363727569580078,25.570999145507812,115.83999633789062
2010-05-21,81.76441955566406,52.24755096435547,19.25079917907715,14.772439002990723,66.47900390625,86.26220703125,65.3082275390625,61.92542266845703,21.431909561157227,26.39815902709961,115.22000122070312
2010-05-24,80.71528625488281,51.548980712890625,18.617136001586914,14.528534889221191,66.47100830078125,86.24700927734375,65.3082275390625,61.71147155761719,21.33161163330078,26.1224365234375,116.83999633789062
2010-05-25,80.79772186279297,51.540958404541016,18.515743255615234,14.486112594604492,66.46305847167969,86.33789825439453,65.53196716308594,62.01350021362305,21.355690002441406,25.83964729309082,117.36000061035156
2010-05-26,80.31063079833984,51.669410705566406,18.046829223632812,14.401272773742676,66.40755462646484,86.17899322509766,65.39913940429688,61.83735656738281,21.110973358154297,25.82550811767578,118.47000122070312
2010-05-27,83.00089263916016,53.885520935058594,19.326841354370117,15.313281059265137,66.3599853515625,85.70938873291016,64.77703857421875,60.434391021728516,21.231321334838867,27.387901306152344,118.69000244140625
2010-05-28,81.95927429199219,53.195011138916016,18.908620834350586,15.026958465576172,66.48683166503906,85.91382598876953,65.07069396972656,60.711219787597656,21.319583892822266,26.935443878173828,118.87999725341797
2010-06-01,80.58041381835938,51.58108901977539,18.60445785522461,14.910303115844727,66.48765563964844,86.14986419677734,65.15476989746094,61.1379280090332,21.415868759155273,26.440574645996094,119.91000366210938
2010-06-02,82.67862701416016,53.050498962402344,19.25079917907715,15.302680015563965,66.44002532958984,85.86907958984375,64.78329467773438,60.557167053222656,21.219287872314453,27.366695404052734,119.77999877929688
2010-06-03,82.9634017944336,53.73297119140625,19.136735916137695,15.28147029876709,66.4242172241211,85.80076599121094,64.69221496582031,60.11524200439453,21.098922729492188,27.267730712890625,117.95999908447266
2010-06-04,80.04833984375,51.035099029541016,18.046829223632812,14.687600135803223,66.57501983642578,86.49134826660156,65.5893325805664,61.73134231567383,21.106937408447266,26.29918670654297,119.19000244140625
2010-06-07,79.05166625976562,49.71828842163086,17.831384658813477,14.57094955444336,66.55118560791016,86.67343139648438,65.85564422607422,62.20476531982422,20.966527938842773,25.889137268066406,121.48999786376953
2010-06-08,79.89845275878906,49.694183349609375,18.034160614013672,14.666393280029297,66.54325866699219,86.5064926147461,65.65237426757812,61.89545440673828,21.058809280395508,26.482990264892578,121.0
2010-06-09,79.47129821777344,49.7263069152832,18.059505462646484,14.602767944335938,66.55118560791016,86.53680419921875,65.65943145751953,61.82600784301758,21.12300682067871,26.341581344604492,120.55999755859375
2010-06-10,81.79436492919922,51.44459533691406,18.971986770629883,15.175424575805664,66.4638671875,86.05123901367188,65.04964447021484,60.72129440307617,21.207256317138672,27.260656356811523,118.97000122070312
2010-06-11,82.19155883789062,52.14316177368164,19.130403518676758,15.14360523223877,66.53530883789062,86.36985778808594,65.46316528320312,61.49141311645508,21.098922729492188,27.402040481567383,120.01000213623047
2010-06-14,82.06414794921875,52.47235870361328,19.339509963989258,15.270865440368652,66.55118560791016,86.3016357421875,65.40706634521484,61.175819396972656,21.271451950073242,27.409114837646484,119.5999984741211
2010-06-15,83.93010711669922,53.7891845703125,20.14426612854004,15.66324520111084,66.51944732666016,86.13465118408203,65.20382690429688,60.923316955566406,21.30754280090332,28.23625946044922,120.98999786376953
2010-06-16,83.900146484375,53.540279388427734,19.99852752685547,15.642035484313965,66.53530883789062,86.29397583007812,65.38611602783203,61.27049255371094,21.327608108520508,28.23625946044922,120.33000183105469
2010-06-17,84.03502655029297,53.60449981689453,20.125259399414062,15.652641296386719,66.57501983642578,86.5140380859375,65.69449615478516,61.769195556640625,21.48006820678711,28.09486961364746,121.9000015258789
2010-06-18,84.12613677978516,53.63663101196289,20.14426612854004,15.642035484313965,66.58291625976562,86.43817901611328,65.5613021850586,61.66819381713867,21.496118545532227,28.222126007080078,122.83000183105469
2010-06-21,83.88519287109375,53.08260726928711,20.06822967529297,15.546591758728027,66.59086608886719,86.36227416992188,65.51228332519531,61.49141311645508,21.459999084472656,28.70992660522461,120.38999938964844
2010-06-22,82.49977111816406,51.99059295654297,19.802093505859375,15.387519836425781,66.62258911132812,86.70379638671875,65.90470123291016,62.22370529174805,21.580366134643555,28.15850067138672,121.44999694824219
2010-06-23,82.24376678466797,51.846073150634766,19.91658592224121,15.582846641540527,66.67021179199219,86.87833404541016,66.1500473022461,62.64667892456055,21.576356887817383,28.23108673095703,120.94999694824219
2010-06-24,80.8809585571289,51.01904296875,19.45731544494629,15.313054084777832,66.68608856201172,86.90865325927734,66.09393310546875,62.274227142333984,21.459999084472656,27.732933044433594,121.30000305175781
2010-06-25,81.21977996826172,51.89424133300781,19.528470993041992,15.269887924194336,66.70988464355469,86.99971008300781,66.19911193847656,62.52667999267578,21.6204776763916,28.060287475585938,122.76000213623047
2010-06-28,80.96378326416016,51.59716796875,19.38616180419922,15.528883934020996,66.74958801269531,87.3411865234375,66.66869354248047,63.113807678222656,21.544265747070312,27.868144989013672,121.08999633789062
2010-06-29,78.4639892578125,49.64600372314453,18.56466293334961,14.784274101257324,66.78137969970703,87.53848266601562,66.95604705810547,63.801910400390625,21.459999084472656,26.736621856689453,121.2699966430664
2010-06-30,77.71861267089844,49.07590866088867,18.467632293701172,14.503698348999023,66.76545715332031,87.51568603515625,67.05418395996094,64.23111724853516,21.564311981201172,26.5587215423584,121.68000030517578
2010-07-01,77.37224578857422,48.722625732421875,18.920429229736328,14.67636489868164,66.74400329589844,87.46405029296875,67.02464294433594,64.33246612548828,21.776952743530273,26.7508602142334,117.04000091552734
2010-07-02,76.95059967041016,48.19013595581055,18.82987403869629,14.741110801696777,66.74400329589844,87.41081237792969,66.90524291992188,63.81959533691406,21.86522102355957,26.864721298217773,118.48999786376953
2010-07-06,77.45506286621094,47.56178283691406,19.26973533630371,14.946150779724121,66.74400329589844,87.61605834960938,67.06682586669922,64.3451156616211,21.90132713317871,27.362884521484375,116.51000213623047
2010-07-07,79.89459228515625,49.22127914428711,20.033016204833984,15.474925994873047,66.73606872558594,87.50965881347656,66.85603332519531,63.59164810180664,22.04174041748047,27.967777252197266,117.7300033569336
2010-07-08,80.68519592285156,49.930198669433594,20.246477127075195,15.593631744384766,66.74400329589844,87.40322875976562,66.6943588256836,63.18639373779297,22.013671875,28.102989196777344,117.20999908447266
2010-07-09,81.28752136230469,50.70355987548828,20.233537673950195,15.604426383972168,66.72015380859375,87.30439758300781,66.51874542236328,62.82540512084961,21.981557846069336,28.444578170776367,118.36000061035156
2010-07-12,81.34027099609375,50.1315803527832,20.117109298706055,15.636800765991211,66.72811126708984,87.35001373291016,66.63113403320312,62.80009841918945,21.885271072387695,28.216856002807617,117.33999633789062
2010-07-13,82.56757354736328,51.71859359741211,20.653989791870117,16.025297164916992,66.68046569824219,87.1143798828125,66.30079650878906,62.26186752319336,22.12598991394043,28.544206619262695,118.36000061035156
2010-07-14,82.55998992919922,51.533302307128906,20.653989791870117,16.046873092651367,66.75194549560547,87.4564437866211,66.63113403320312,62.888736724853516,22.097909927368164,28.487279891967773,118.30000305175781
2010-07-15,82.58260345458984,51.058021545410156,20.867456436157227,16.197956085205078,66.76782989501953,87.69209289550781,66.97547149658203,63.515625,22.35868263244629,28.352067947387695,118.2300033569336
2010-07-16,80.30868530273438,49.19710159301758,20.233537673950195,15.744714736938477,66.83141326904297,87.9885482788086,67.36197662353516,63.82594299316406,22.43491554260254,27.505205154418945,116.66999816894531
2010-07-19,80.78306579589844,49.40658187866211,20.427597045898438,15.787880897521973,66.80756378173828,87.90491485595703,67.18634796142578,63.43332290649414,22.52719497680664,27.868144989013672,115.7300033569336
2010-07-20,81.6791000366211,50.236324310302734,20.38878059387207,15.917376518249512,66.83141326904297,87.98094940185547,67.25660705566406,63.52830505371094,22.454978942871094,28.522871017456055,116.6500015258789
2010-07-21,80.61742401123047,49.33405685424805,19.92952537536621,15.77708911895752,66.86320495605469,88.22422790527344,67.68518829345703,64.60469055175781,22.422868728637695,28.23108673095703,115.8499984741211
2010-07-22,82.41693115234375,51.090232849121094,20.85451889038086,16.273494720458984,66.83938598632812,88.06460571289062,67.31275939941406,63.85752487182617,22.410842895507812,29.085060119628906,116.86000061035156
2010-07-23,83.13225555419922,52.34697341918945,21.061513900756836,16.489322662353516,66.80756378173828,87.84412384033203,67.09490966796875,63.18002700805664,22.418861389160156,29.28432846069336,116.08999633789062
2010-07-26,83.9981460571289,53.53921127319336,21.307313919067383,16.564863204956055,66.7837905883789,87.82130432128906,67.0738296508789,63.072418212890625,22.583356857299805,29.483591079711914,115.5199966430664
2010-07-27,83.99059295654297,53.345882415771484,21.423742294311523,16.759105682373047,66.74400329589844,87.60852813720703,66.84196472167969,62.46451950073242,22.583356857299805,29.433765411376953,113.51000213623047
2010-07-28,83.448486328125,52.483882904052734,21.274972915649414,16.59723472595215,66.80756378173828,87.93531036376953,67.13006591796875,62.66716003417969,22.37873649597168,29.27009391784668,113.77999877929688
2010-07-29,83.0418701171875,52.34697341918945,21.333189010620117,16.59723472595215,66.86320495605469,88.16340637207031,67.2706069946289,62.648170471191406,22.79197120666504,29.319908142089844,114.29000091552734
2010-07-30,83.02684783935547,52.3791618347168,21.242630004882812,16.60802459716797,66.89491271972656,88.46739959716797,67.66413879394531,63.62327575683594,22.88022804260254,29.462238311767578,115.48999786376953
2010-08-02,84.90164947509766,53.28950119018555,22.14175796508789,17.190771102905273,66.87986755371094,88.28694915771484,67.4548568725586,62.73015213012695,22.948448181152344,30.223703384399414,115.54000091552734
2010-08-03,84.49505615234375,52.862525939941406,22.148223876953125,17.26630973815918,66.92755889892578,88.66767120361328,67.77191925048828,63.092193603515625,23.33759880065918,30.08136749267578,115.98999786376953
2010-08-04,85.05979919433594,53.41838455200195,22.14175796508789,17.277101516723633,66.87190246582031,88.37838745117188,67.4900894165039,62.60947799682617,23.2974910736084,30.12407875061035,116.72000122070312
2010-08-05,84.96941375732422,52.79001235961914,22.096473693847656,17.179975509643555,66.95135498046875,88.61436462402344,67.81417846679688,62.90159606933594,23.329591751098633,29.988855361938477,116.9800033569336
2010-08-06,84.6230697631836,52.47584533691406,22.109411239624023,17.277101516723633,66.9673080444336,88.8885269165039,68.25808715820312,63.58772277832031,23.47000503540039,29.946163177490234,117.83999633789062
2010-08-09,85.0748291015625,53.055877685546875,22.15468978881836,17.341840744018555,66.92755889892578,88.8048095703125,68.24398803710938,63.35264587402344,23.41783905029297,30.10272789001465,117.4000015258789
2010-08-10,84.61552429199219,52.05693054199219,21.934757232666016,17.233930587768555,66.95933532714844,89.12464904785156,68.5892333984375,63.48606491088867,23.177127838134766,29.689977645874023,117.7300033569336
2010-08-11,82.2964859008789,50.010746002197266,20.73808479309082,16.489322662353516,66.97525024414062,89.29971313476562,68.97672271728516,64.3372573852539,22.96047592163086,28.743467330932617,117.33999633789062
2010-08-12,81.79203033447266,49.76102828979492,20.615182876586914,16.5540714263916,66.95933532714844,89.10172271728516,68.80059051513672,64.17845153808594,22.908315658569336,28.793285369873047,118.7699966430664
2010-08-13,81.55106353759766,49.19710159301758,20.453472137451172,16.59723472595215,66.95135498046875,89.23883056640625,69.09651184082031,64.97884368896484,22.59539031982422,28.949844360351562,118.73999786376953
2010-08-16,81.51344299316406,49.59183883666992,20.518150329589844,16.651195526123047,67.01496124267578,89.52062225341797,69.59674835205078,66.60505676269531,22.9043025970459,29.220273971557617,119.7300033569336
2010-08-17,82.51484680175781,50.44575881958008,20.899799346923828,16.79148292541504,66.99913024902344,89.36067962646484,69.24444580078125,66.22394561767578,22.95246124267578,29.52629280090332,119.75
2010-08-18,82.66541290283203,50.598812103271484,20.848045349121094,16.737524032592773,67.01496124267578,89.28450775146484,69.17401885986328,66.40184020996094,23.173118591308594,29.50494384765625,120.22000122070312
2010-08-19,81.22732543945312,49.21321105957031,20.37584686279297,16.37061882019043,67.03089904785156,89.44444274902344,69.48402404785156,67.43726348876953,23.116943359375,29.277204513549805,120.38999938964844
2010-08-20,80.96378326416016,49.261558532714844,20.026546478271484,16.273494720458984,67.00706481933594,89.23883056640625,69.25857543945312,67.36102294921875,22.892282485961914,29.191816329956055,119.97000122070312
2010-08-23,80.65505981445312,48.59292221069336,19.981266021728516,16.338245391845703,67.01496124267578,89.39105987548828,69.35012817382812,67.37369537353516,22.828092575073242,28.928499221801758,119.77999877929688
2010-08-24,79.45787048339844,48.03705978393555,19.664310455322266,16.046873092651367,67.06270599365234,89.73379516601562,69.89968872070312,68.45364379882812,22.944425582885742,28.558448791503906,120.36000061035156
2010-08-25,79.76661682128906,48.76210403442383,19.6449031829834,16.025297164916992,66.99913024902344,89.49771881103516,69.58268737792969,68.23133850097656,23.09288215637207,28.37342071533203,121.36000061035156
2010-08-26,79.23204040527344,48.399574279785156,19.586687088012695,16.079248428344727,66.99913024902344,89.6424331665039,69.89968872070312,68.87289428710938,23.20922088623047,28.195505142211914,120.95999908447266
2010-08-27,80.45928955078125,49.66434860229492,20.039487838745117,16.37061882019043,66.95135498046875,89.12464904785156,69.09651184082031,66.92269897460938,23.18113899230957,28.81464195251465,121.01000213623047
2010-08-30,79.292236328125,48.576812744140625,19.619029998779297,16.079248428344727,67.03089904785156,89.58905792236328,69.62493133544922,68.20589447021484,23.221250534057617,28.337841033935547,120.91000366210938
2010-08-31,79.292236328125,48.480140686035156,19.76133918762207,16.143999099731445,67.05474853515625,89.74903106689453,69.93492889404297,68.96186065673828,23.27341651916504,28.508634567260742,122.08000183105469
2010-09-01,81.6639633178711,50.357154846191406,20.576366424560547,16.683568954467773,67.01493835449219,89.46306610107422,69.43134307861328,67.53598022460938,23.20119857788086,29.51205062866211,121.69000244140625
2010-09-02,82.42449188232422,50.91300964355469,20.802770614624023,16.759105682373047,66.99906158447266,89.34098052978516,69.14176177978516,66.82239532470703,23.241317749023438,29.56187629699707,122.29000091552734
2010-09-03,83.49364471435547,51.82331848144531,21.048572540283203,16.996519088745117,66.96723175048828,89.09703063964844,68.74620056152344,65.99407196044922,23.229280471801758,29.910581588745117,121.86000061035156
2010-09-07,82.55248260498047,50.84050750732422,20.518150329589844,16.715944290161133,67.03883361816406,89.45542907714844,69.29005432128906,67.34477233886719,23.177127838134766,29.476465225219727,122.69999694824219
2010-09-08,83.13225555419922,51.13857650756836,20.653989791870117,16.910192489624023,66.9911117553711,89.27997589111328,69.0993423461914,66.80960083007812,22.996593475341797,29.796714782714844,122.70999908447266
2010-09-09,83.5162582397461,51.17078399658203,20.80923843383789,17.061269760131836,66.91950225830078,88.84529876708984,68.5555191040039,65.49078369140625,22.920364379882812,29.967512130737305,121.55999755859375
2010-09-10,83.93788146972656,51.33191680908203,20.945079803466797,17.10443878173828,66.9115219116211,88.73092651367188,68.35770416259766,65.19132232666016,22.663599014282227,30.074247360229492,121.7300033569336
2010-09-13,84.87153625488281,52.58057403564453,21.423742294311523,17.341840744018555,66.96723175048828,89.05885314941406,68.68265533447266,65.50982666015625,23.217241287231445,30.79302215576172,121.62000274658203
2010-09-14,84.81884765625,52.35500717163086,21.617801666259766,17.44976234436035,67.01493835449219,89.35629272460938,69.02876281738281,66.140625,23.425870895385742,30.77879524230957,124.0199966430664
2010-09-15,85.1425552368164,52.65305709838867,21.6630802154541,17.536090850830078,67.03089141845703,89.27239227294922,68.7885971069336,65.1594467163086,23.12898063659668,30.821491241455078,123.94000244140625
2010-09-16,85.12000274658203,52.31473922729492,21.68248748779297,17.55767822265625,67.04681396484375,89.18846893310547,68.54844665527344,64.51596069335938,23.27341651916504,30.66492462158203,124.62999725341797
2010-09-17,85.15182495117188,52.5322380065918,21.481969833374023,17.417383193969727,67.06270599365234,89.29525756835938,68.7038345336914,64.77713012695312,23.120969772338867,30.6151123046875,124.54000091552734
2010-09-20,86.45380401611328,53.99034118652344,21.863605499267578,17.697965621948242,67.0706558227539,89.46306610107422,68.91572570800781,65.15306854248047,23.084856033325195,31.09903335571289,124.87000274658203
2010-09-21,86.27971649169922,53.67616653442383,22.012380599975586,17.61163330078125,67.1184310913086,89.89768981933594,69.5584716796875,66.05778503417969,23.32155418395996,31.006513595581055,126.01000213623047
2010-09-22,85.85578918457031,53.03976821899414,22.05766487121582,17.63321304321289,67.11044311523438,89.87480926513672,69.6644515991211,66.65031433105469,23.60640525817871,31.02787208557129,126.19999694824219
2010-09-23,85.15934753417969,52.397701263427734,21.695425033569336,17.44976234436035,67.1184310913086,89.94355010986328,69.76329803466797,66.84144592285156,23.770904541015625,30.828603744506836,126.30000305175781
2010-09-24,86.9155502319336,54.10176467895508,22.510461807250977,17.924589157104492,67.11044311523438,89.760498046875,69.41718292236328,65.94308471679688,23.831073760986328,31.397924423217773,126.69000244140625
2010-09-27,86.49919128417969,53.96445083618164,22.3164119720459,17.85983657836914,67.12638092041016,90.08839416503906,69.95399475097656,67.0899887084961,23.96748924255371,31.340986251831055,126.72000122070312
2010-09-28,86.80200958251953,54.497493743896484,22.54926872253418,17.88141632080078,67.14227294921875,90.26378631591797,70.18714904785156,67.54871368408203,24.067779541015625,31.5687198638916,127.8499984741211
2010-09-29,86.65062713623047,54.65093231201172,22.45224380493164,17.79509162902832,67.12638092041016,90.20278930664062,70.017578125,67.2683334350586,24.03969383239746,31.675457000732422,127.94999694824219
2010-09-30,86.39323425292969,54.513648986816406,22.40049934387207,17.654802322387695,67.13433074951172,90.17229461669922,69.93282318115234,67.22371673583984,24.055744171142578,31.860488891601562,127.91000366210938
2010-10-01,86.75660705566406,54.804378509521484,22.568679809570312,17.9461669921875,67.14632415771484,90.23340606689453,69.9703598022461,66.89885711669922,24.156034469604492,32.33018112182617,128.91000366210938
2010-10-04,86.1055679321289,54.061370849609375,22.193504333496094,17.82746124267578,67.15428924560547,90.39376831054688,70.21810150146484,67.07156372070312,24.15204620361328,32.23055648803711,128.4600067138672
2010-10-05,87.83907318115234,55.59585952758789,22.995594024658203,18.172786712646484,67.18609619140625,90.49307250976562,70.23233795166016,66.66862487792969,24.408798217773438,32.81410598754883,130.99000549316406
2010-10-06,87.83148193359375,55.41009521484375,23.17025375366211,18.269908905029297,67.19404602050781,90.69934844970703,70.68538665771484,67.50638580322266,24.64951515197754,32.79985427856445,131.80999755859375
2010-10-07,87.72550964355469,55.248565673828125,23.196123123168945,18.194372177124023,67.24979400634766,90.79098510742188,70.75617980957031,66.94367218017578,24.62143325805664,32.50809860229492,130.3699951171875
2010-10-08,88.21755981445312,55.951194763183594,23.286685943603516,18.313077926635742,67.24979400634766,90.86738586425781,70.7845687866211,66.64948272705078,24.69365119934082,32.89949417114258,131.66000366210938
2010-10-11,88.30081939697266,55.9996337890625,23.17025375366211,18.269908905029297,67.2577896118164,90.9056167602539,70.85531616210938,66.66224670410156,24.70970916748047,32.878150939941406,132.2899932861328
2010-10-12,88.57333374023438,56.144996643066406,23.26080894470215,18.20516586303711,67.20999908447266,90.74518585205078,70.64999389648438,66.00360107421875,24.637487411499023,32.74293899536133,131.9600067138672
2010-10-13,89.26216888427734,57.00107192993164,23.668331146240234,18.442575454711914,67.2178955078125,90.82918548583984,70.64999389648438,65.9012680053711,24.669578552246094,33.347843170166016,134.07000732421875
2010-10-14,88.9139404296875,56.96068572998047,23.881784439086914,18.528911590576172,67.18609619140625,90.55419158935547,70.24645233154297,64.91642761230469,24.890228271484375,33.2909049987793,134.75
2010-10-15,89.09563446044922,56.76686477661133,23.791227340698242,18.50732421875,67.20999908447266,90.48546600341797,69.94200897216797,64.1234359741211,24.697668075561523,33.248207092285156,133.67999267578125
2010-10-18,89.53466796875,57.24335861206055,24.580394744873047,18.561281204223633,67.22593688964844,90.79856872558594,70.27479553222656,64.64140319824219,24.701679229736328,33.26243209838867,134.27999877929688
2010-10-19,88.3613510131836,56.12886047363281,23.26080894470215,18.108041763305664,67.2577896118164,90.86738586425781,70.5155029296875,65.03150177001953,24.240291595458984,32.209197998046875,130.11000061035156
2010-10-20,89.2243423461914,56.702293395996094,23.797698974609375,18.323869705200195,67.26575469970703,90.9056167602539,70.47305297851562,65.17221069335938,24.533180236816406,32.72159194946289,131.32000732421875
2010-10-21,89.42113494873047,56.42766571044922,23.84943199157715,18.215951919555664,67.27366638183594,90.70690155029297,70.08364868164062,64.39837646484375,24.477005004882812,32.72159194946289,129.47000122070312
2010-10-22,89.587646484375,56.79110336303711,23.965877532958984,18.28070640563965,67.2577896118164,90.65345764160156,70.10489654541016,64.83328247070312,24.529157638549805,32.757164001464844,129.72999572753906
2010-10-25,89.85260009765625,57.13030242919922,24.030569076538086,18.2914981842041,67.27366638183594,90.60003662109375,70.08364868164062,65.0186767578125,24.633464813232422,33.11299133300781,130.85000610351562
2010-10-26,89.86773681640625,57.08989334106445,23.804166793823242,18.323869705200195,67.20999908447266,90.27157592773438,69.61637878417969,64.01471710205078,24.42084312438965,33.08451843261719,130.8800048828125
2010-10-27,89.61036682128906,56.94455337524414,23.513080596923828,18.118837356567383,67.17810821533203,90.00423431396484,69.2127685546875,63.45192337036133,24.224245071411133,32.52233123779297,129.52000427246094
2010-10-28,89.62551879882812,56.59724807739258,23.784757614135742,18.33465576171875,67.26575469970703,90.45490264892578,69.61637878417969,63.62461471557617,24.428863525390625,32.72869110107422,131.24000549316406
2010-10-29,89.69364929199219,56.77494430541992,23.758888244628906,18.39940643310547,67.2816390991211,90.69934844970703,69.92786407470703,64.21937561035156,24.569290161132812,32.82121276855469,132.6199951171875
2010-11-01,89.7238998413086,56.38728332519531,23.545427322387695,18.47494888305664,67.31112670898438,90.73992156982422,69.81078338623047,63.94285202026367,24.529157638549805,33.18416213989258,131.9199981689453
2010-11-02,90.43546295166016,57.558345794677734,24.04349708557129,18.67998695373535,67.27125549316406,90.80876922607422,70.04496765136719,64.78321075439453,24.66155433654785,33.59691619873047,132.49000549316406
2010-11-03,90.79881286621094,57.78445816040039,24.134057998657227,18.809484481811523,67.29521942138672,91.06118774414062,70.2720947265625,63.461669921875,24.809995651245117,33.80329513549805,131.57000732421875
2010-11-04,92.54743194580078,59.24622344970703,24.560976028442383,19.370641708374023,67.31112670898438,91.35189056396484,70.83981323242188,63.9556770324707,24.97849464416504,34.57188415527344,136.02999877929688
2010-11-05,92.89564514160156,59.57733154296875,24.23108673095703,19.27351951599121,67.25537872314453,91.09934997558594,70.54169464111328,62.85861587524414,24.745811462402344,34.5078239440918,136.3800048828125
2010-11-08,92.72152709960938,59.52888107299805,24.011159896850586,19.100849151611328,67.2234878540039,91.0534896850586,70.56302642822266,63.140872955322266,24.62143325805664,34.3654899597168,137.77999877929688
2010-11-09,92.0553970336914,58.7374267578125,23.791227340698242,18.9066104888916,67.13581848144531,90.55628967285156,69.96695709228516,61.74876022338867,24.360652923583984,33.9313850402832,135.58999633789062
2010-11-10,92.42633056640625,59.39158630371094,23.73948097229004,18.982149124145508,67.1756820678711,90.73220825195312,70.22943115234375,61.832183837890625,24.300479888916016,34.18046951293945,137.24000549316406
2010-11-11,92.07807159423828,59.15738296508789,23.364301681518555,18.97136116027832,67.07209777832031,90.5945053100586,70.15138244628906,61.80008316040039,24.168087005615234,33.84598922729492,137.66000366210938
2010-11-12,90.98806762695312,58.172122955322266,23.24140167236328,18.852651596069336,67.07209777832031,90.1661148071289,69.5694580078125,61.466495513916016,24.08785057067871,33.0275993347168,133.69000244140625
2010-11-15,90.85934448242188,58.180198669433594,23.234926223754883,18.78790283203125,67.03221893310547,89.5311508178711,68.67530059814453,60.18339920043945,23.82706642150879,33.01336669921875,132.4199981689453
2010-11-16,89.4438705444336,57.049537658691406,22.672176361083984,18.215951919555664,67.0640640258789,89.75296783447266,69.18627166748047,61.67815017700195,23.586349487304688,32.14516067504883,130.97000122070312
2010-11-17,89.4892349243164,57.20298767089844,22.84682273864746,18.302284240722656,67.1039810180664,89.71475982666016,68.987548828125,61.33816146850586,23.654556274414062,32.308834075927734,130.3800048828125
2010-11-18,90.8063735961914,58.31748580932617,23.403118133544922,18.723154067993164,67.11185455322266,89.5464096069336,68.8243408203125,61.588348388671875,23.742816925048828,33.07741165161133,132.08999633789062
2010-11-19,91.05619049072266,58.51132583618164,23.55189323425293,18.626028060913086,67.07209777832031,89.50820922851562,68.96623229980469,61.96686553955078,23.726762771606445,33.0987663269043,132.1999969482422
2010-11-22,90.98046875,58.79397964477539,23.17025375366211,18.39940643310547,67.13581848144531,89.89828491210938,69.33531188964844,62.229923248291016,23.81502914428711,32.999122619628906,133.47999572753906
2010-11-23,89.66338348388672,58.23671340942383,22.2711238861084,17.849044799804688,67.1756820678711,90.02070617675781,69.47720336914062,62.53781509399414,23.518144607543945,31.952999114990234,134.41000366210938
2010-11-24,90.98806762695312,59.54506301879883,22.445775985717773,18.09724998474121,67.05610656738281,89.45464324951172,68.7320556640625,61.42155838012695,23.45796775817871,32.693119049072266,134.17999267578125
2010-11-26,89.92829895019531,59.1331672668457,22.025320053100586,17.90300178527832,67.1039810180664,89.62296295166016,69.03013610839844,62.27478790283203,23.241317749023438,31.881834030151367,133.11000061035156
2010-11-29,90.2008056640625,59.222015380859375,21.546648025512695,17.61163330078125,67.09598541259766,89.66886138916016,69.17919158935547,62.80732345581055,22.824079513549805,32.130924224853516,133.50999450683594
2010-11-30,89.69364929199219,58.753578186035156,21.12619400024414,17.4389705657959,67.14376068115234,89.82951354980469,69.29978942871094,63.13444137573242,22.888269424438477,31.86760902404785,135.4199981689453
2010-12-01,91.60121154785156,60.070003509521484,21.928293228149414,17.90300178527832,67.04328918457031,89.23571014404297,68.38847351074219,61.73107147216797,22.928382873535156,32.77851486206055,135.3800048828125
2010-12-02,92.7745361328125,60.67570495605469,22.50399398803711,18.226747512817383,67.04328918457031,89.02881622314453,68.21769714355469,61.57014083862305,23.137012481689453,33.426124572753906,135.1999969482422
2010-12-03,93.02430725097656,61.11180114746094,22.833887100219727,18.43178367614746,67.13105773925781,89.2050552368164,68.22483825683594,61.08730697631836,23.34963035583496,33.54710006713867,138.07000732421875
2010-12-06,92.92591857910156,61.49138641357422,22.53633689880371,18.453367233276367,67.1709213256836,89.54219055175781,68.65170288085938,61.94990921020508,23.329591751098633,33.490177154541016,139.11000061035156
2010-12-07,92.9788818359375,61.84672927856445,22.704513549804688,18.550491333007812,67.05126953125,88.82196807861328,67.5134506225586,60.6237678527832,23.10090446472168,33.333614349365234,136.5
2010-12-08,93.31954193115234,61.80635070800781,22.85976219177246,18.636812210083008,66.94759368896484,88.26266479492188,66.93721008300781,60.03794479370117,22.984556198120117,33.12010192871094,134.7899932861328
2010-12-09,93.68285369873047,62.01636505126953,22.885631561279297,18.65840721130371,66.93958282470703,88.09412384033203,67.07950592041016,60.334075927734375,22.976543426513672,33.00625228881836,135.3699951171875
2010-12-10,94.22789764404297,62.79164505004883,22.9244441986084,18.766315460205078,66.91567993164062,87.77999114990234,66.51033782958984,59.96715545654297,22.976543426513672,33.155677795410156,135.41000366210938
2010-12-13,94.28843688964844,62.46861267089844,23.215526580810547,18.9066104888916,66.95555877685547,88.08647918701172,66.7237548828125,60.19248580932617,23.2373104095459,33.36919021606445,136.0500030517578
2010-12-14,94.37173461914062,62.43627166748047,23.202590942382812,18.88502311706543,66.92364501953125,87.58079528808594,66.01947021484375,59.31689453125,23.03268814086914,33.41899490356445,136.17999267578125
2010-12-15,93.94026947021484,62.242469787597656,22.762731552124023,18.582860946655273,66.89971923828125,87.419921875,65.74911499023438,58.5444221496582,22.884246826171875,32.878150939941406,134.6999969482422
2010-12-16,94.48524475097656,62.81587219238281,22.898571014404297,18.690784454345703,66.91567993164062,87.61915588378906,66.14038848876953,58.94995880126953,22.968503952026367,32.970672607421875,133.80999755859375
2010-12-17,94.58650970458984,63.009674072265625,22.736854553222656,18.59365463256836,66.97147369384766,88.00985717773438,66.70955657958984,60.025054931640625,23.000593185424805,33.020469665527344,134.1999969482422
2010-12-20,94.81478881835938,63.26005172729492,22.71744728088379,18.59365463256836,66.98738861083984,88.05587005615234,66.70240783691406,59.960689544677734,22.996593475341797,32.87102508544922,135.11000061035156
2010-12-21,95.41590881347656,63.962684631347656,22.928743362426758,18.715740203857422,66.97147369384766,88.07877349853516,66.84474182128906,60.37919616699219,22.944425582885742,33.350852966308594,135.32000732421875
2010-12-22,95.71269226074219,63.94401931762695,22.915700912475586,18.781137466430664,66.95555877685547,87.94088745117188,66.65973663330078,59.947853088378906,23.000593185424805,33.46561050415039,135.0500030517578
2010-12-23,95.5757064819336,63.86286163330078,22.896135330200195,18.802942276000977,66.86779022216797,87.69571685791016,66.42499542236328,59.82550811767578,23.084856033325195,33.429744720458984,134.66000366210938
2010-12-27,95.61376953125,64.05757904052734,22.700498580932617,18.69393539428711,66.90772247314453,87.79529571533203,66.68108367919922,60.35980987548828,23.10090446472168,33.322174072265625,135.02000427246094
2010-12-28,95.75076293945312,63.87907409667969,22.635286331176758,18.672134399414062,66.81828308105469,87.35556030273438,65.98063659667969,59.17768859863281,23.120969772338867,33.350852966308594,137.22000122070312
2010-12-29,95.8192138671875,64.01705169677734,22.837446212768555,18.824735641479492,66.9779281616211,87.9848861694336,66.72247314453125,60.17898178100586,23.369680404663086,33.77783966064453,137.7100067138672
2010-12-30,95.66703033447266,63.89534378051758,22.7396297454834,18.748443603515625,66.95398712158203,87.84674072265625,66.5869369506836,60.133750915527344,23.397947311401367,33.95005798339844,137.02999877929688
2010-12-31,95.68982696533203,63.47346115112305,23.000476837158203,18.93374252319336,67.03385162353516,87.99253845214844,66.9221420288086,60.7990837097168,23.603857040405273,34.186866760253906,138.72000122070312
2011-01-03,96.67910766601562,64.57679748535156,23.130897521972656,18.879240036010742,67.01785278320312,88.03863525390625,66.71532440185547,60.34046936035156,23.59577751159668,34.516971588134766,138.0
2011-01-04,96.62583923339844,63.61949157714844,23.085250854492188,19.0754451751709,67.00189971923828,88.09235382080078,66.87222290039062,60.411495208740234,23.482728958129883,34.67484664916992,134.75
2011-01-05,97.12804412841797,64.3658676147461,22.857009887695312,19.031843185424805,66.8821029663086,87.60111236572266,66.15180206298828,59.080806732177734,23.147600173950195,34.58873748779297,134.3699951171875
2011-01-06,96.93782043457031,64.06570434570312,22.48529624938965,18.868345260620117,66.95398712158203,87.79297637939453,66.49421691894531,59.3392448425293,23.00224494934082,34.22275924682617,133.8300018310547
2011-01-07,96.7475814819336,63.70063018798828,22.23748779296875,18.792034149169922,67.04974365234375,88.23812866210938,66.93643188476562,59.65576934814453,22.90131378173828,33.90700149536133,133.5800018310547
2011-01-10,96.62583923339844,64.06570434570312,22.035329818725586,18.824735641479492,67.08172607421875,88.46068572998047,67.16471099853516,59.97868347167969,23.018402099609375,33.55537796020508,134.1199951171875
2011-01-11,96.96823120117188,64.3252944946289,22.244016647338867,18.955541610717773,67.04173278808594,88.29186248779297,66.90077209472656,59.642784118652344,23.00224494934082,33.9141845703125,134.91000366210938
2011-01-12,97.8433837890625,64.87696838378906,23.117856979370117,19.33704948425293,67.04173278808594,88.19975280761719,66.70816802978516,59.17768859863281,23.163768768310547,34.59591293334961,135.4600067138672
2011-01-13,97.68355560302734,64.85265350341797,23.470006942749023,19.23894691467285,67.06571197509766,88.54520416259766,67.1575927734375,59.70738220214844,23.373706817626953,34.29450607299805,134.0500030517578
2011-01-14,98.39126586914062,65.33939361572266,23.802589416503906,19.380653381347656,67.06571197509766,88.47606658935547,66.97209167480469,59.326255798339844,23.393905639648438,34.39497756958008,132.69000244140625
2011-01-18,98.5586929321289,65.3880615234375,23.92648696899414,19.609560012817383,67.04974365234375,88.33792877197266,66.80806732177734,59.048545837402344,23.434276580810547,34.34474563598633,133.42999267578125
2011-01-19,97.59223937988281,63.708740234375,23.89388656616211,19.3697509765625,67.08172607421875,88.44538879394531,66.97916412353516,59.474876403808594,23.539262771606445,34.07923889160156,133.72000122070312
2011-01-20,97.46288299560547,63.043514251708984,23.946060180664062,18.9991455078125,67.00987243652344,88.05389404296875,66.45854187011719,58.65446853637695,23.42618751525879,33.70607376098633,131.1999969482422
2011-01-21,97.68355560302734,62.621646881103516,24.33733367919922,19.129945755004883,67.02580261230469,88.1844253540039,66.67961120605469,59.11954879760742,23.59174919128418,33.35444641113281,131.02999877929688
2011-01-24,98.23902893066406,63.08406448364258,24.513410568237305,19.33704948425293,67.01785278320312,88.1921157836914,66.68677520751953,59.145408630371094,23.74921226501465,33.61277770996094,130.36000061035156
2011-01-25,98.29232788085938,63.1814079284668,24.474281311035156,19.086341857910156,67.06571197509766,88.46068572998047,67.02204895019531,59.70738220214844,23.716917037963867,33.41185760498047,130.10000610351562
2011-01-26,98.67279815673828,64.18740844726562,24.53948974609375,19.2934513092041,67.04974365234375,88.245849609375,66.61544799804688,58.80302810668945,23.684608459472656,33.70607376098633,131.16000366210938
2011-01-27,98.91631317138672,64.37399291992188,24.83946990966797,19.31524658203125,67.09767150878906,88.42998504638672,66.86511993408203,59.06789779663086,23.700759887695312,33.59124755859375,127.93000030517578
2011-01-28,97.18891143798828,62.80014419555664,24.154735565185547,18.857440948486328,67.12957763671875,88.66793823242188,67.17180633544922,59.37793731689453,23.628089904785156,32.52920150756836,130.27999877929688
2011-01-31,97.9194564819336,63.238197326660156,24.461231231689453,19.140850067138672,67.12161254882812,88.52208709716797,66.90794372558594,58.9257926940918,23.797653198242188,32.8736457824707,129.8699951171875
2011-02-01,99.48701477050781,64.698486328125,25.15248680114746,19.62045669555664,67.04814147949219,88.24613952636719,66.59685516357422,58.63408660888672,23.967239379882812,33.670188903808594,130.8000030517578
2011-02-02,99.29680633544922,64.45508575439453,25.009017944335938,19.74036407470703,67.00819396972656,88.0308837890625,66.43949890136719,58.64704513549805,23.922832489013672,33.419029235839844,130.4499969482422
2011-02-03,99.51744842529297,64.6822738647461,24.806865692138672,19.74036407470703,66.94427490234375,87.70797729492188,66.06056213378906,58.16086959838867,23.82996368408203,33.3759765625,132.1999969482422
2011-02-04,99.79898071289062,64.79583740234375,24.722087860107422,19.718564987182617,66.88834381103516,87.33902740478516,65.65290832519531,57.57093811035156,23.712873458862305,33.368804931640625,131.66000366210938
2011-02-07,100.42296600341797,65.4367446899414,24.845983505249023,19.87116050720215,66.85641479492188,87.26983642578125,65.6242904663086,57.869144439697266,23.624052047729492,33.41185760498047,131.67999267578125
2011-02-08,100.87957000732422,65.89918518066406,25.100318908691406,20.034666061401367,66.76854705810547,86.85467529296875,65.17379760742188,57.337562561035156,23.5594482421875,33.42620849609375,133.13999938964844
2011-02-09,100.65128326416016,65.60712432861328,25.25031089782715,19.947463989257812,66.81643676757812,87.1160659790039,65.545654296875,57.83668518066406,23.45041847229004,32.65837097167969,133.07000732421875
2011-02-10,100.6893310546875,65.86673736572266,24.937288284301758,19.860265731811523,66.78450775146484,86.92390441894531,65.33108520507812,57.16901779174805,23.305072784423828,32.34979248046875,132.85000610351562
2011-02-11,101.29048156738281,66.58060455322266,24.90468406677246,19.892967224121094,66.78450775146484,87.06991577148438,65.63146209716797,57.99230194091797,23.309120178222656,32.744483947753906,132.32000732421875
2011-02-14,101.53398895263672,66.92137908935547,24.793821334838867,19.92566680908203,66.78450775146484,87.0853500366211,65.65290832519531,58.031211853027344,23.288911819458008,32.579437255859375,132.9499969482422
2011-02-15,101.21437072753906,66.54009246826172,24.76120948791504,19.882064819335938,66.81643676757812,87.19294738769531,65.80315399169922,58.29050064086914,23.361597061157227,32.64401626586914,133.97000122070312
2011-02-16,101.8536148071289,67.07549285888672,25.067716598510742,20.02376937866211,66.80847930908203,87.16220092773438,65.71015167236328,58.102508544921875,23.486764907836914,32.91670227050781,134.10000610351562
2011-02-17,102.1579818725586,67.5460205078125,25.198139190673828,20.1436767578125,66.88834381103516,87.4081802368164,65.9532470703125,58.19327163696289,23.668460845947266,33.031517028808594,135.0399932861328
2011-02-18,102.3710708618164,67.6190414428711,25.302488327026367,20.19817352294922,66.91228485107422,87.46971130371094,65.93894958496094,58.01176452636719,23.76132583618164,33.23245620727539,135.41000366210938
2011-02-22,100.31645965576172,65.8829345703125,24.51993179321289,19.631362915039062,66.9842529296875,88.0078125,66.57537078857422,58.88044357299805,23.80573844909668,32.1703987121582,136.2899932861328
2011-02-23,99.70008850097656,64.74718475341797,24.53948974609375,19.598657608032227,66.96826171875,87.88483428955078,66.41094207763672,59.094329833984375,23.80573844909668,32.19908905029297,137.50999450683594
2011-02-24,99.63159942626953,65.16092681884766,24.591657638549805,19.53325653076172,67.00018310546875,87.92327880859375,66.58252716064453,59.47030258178711,23.821889877319336,32.27803039550781,136.47999572753906
2011-02-25,100.69691467285156,66.66989135742188,24.865554809570312,19.860265731811523,67.01615905761719,88.0385971069336,66.79707336425781,59.82038497924805,23.854188919067383,32.66554260253906,137.3800048828125
2011-02-28,101.3209228515625,66.74286651611328,25.17857551574707,20.01287078857422,67.04015350341797,88.14616394042969,66.76846313476562,59.89814376831055,23.95512580871582,32.85929870605469,137.66000366210938
2011-03-01,99.63159942626953,65.40431213378906,24.71556282043457,19.58775520324707,67.0809555053711,88.25941467285156,66.84447479248047,60.07176208496094,23.922832489013672,32.52202224731445,140.02999877929688
2011-03-02,99.8447036743164,65.68010711669922,24.885114669799805,19.751264572143555,67.04898071289062,88.02838897705078,66.49323272705078,59.14828872680664,24.104515075683594,32.96693801879883,139.9199981689453
2011-03-03,101.56440734863281,67.1728744506836,25.276384353637695,20.078269958496094,66.91295623779297,87.53561401367188,66.04169464111328,58.569480895996094,23.882450103759766,33.61996078491211,138.08999633789062
2011-03-04,100.80345916748047,66.88080596923828,24.956851959228516,19.96926498413086,67.06493377685547,88.02838897705078,66.51472473144531,59.05725860595703,24.060110092163086,33.655845642089844,139.35000610351562
2011-03-07,100.01207733154297,65.78560638427734,24.859031677246094,19.751264572143555,67.01697540283203,87.91287994384766,66.34983825683594,58.68007278442383,24.01568603515625,33.18221664428711,139.72000122070312
2011-03-08,100.88719940185547,66.8564453125,24.91120719909668,19.79486083984375,66.99295043945312,87.8744125366211,66.19222259521484,58.322349548339844,23.838043212890625,33.627132415771484,139.36000061035156
2011-03-09,100.74258422851562,66.58871459960938,24.898155212402344,19.773061752319336,67.04093933105469,88.09770965576172,66.57923126220703,58.88814926147461,23.930908203125,33.691715240478516,139.41000366210938
2011-03-10,98.87825012207031,64.87696838378906,24.33733367919922,19.217147827148438,67.11286163330078,88.57506561279297,67.14551544189453,59.876708984375,23.789587020874023,32.69424057006836,137.77000427246094
2011-03-11,99.56311798095703,65.04731750488281,24.4547119140625,19.27165412902832,67.1208724975586,88.53656768798828,66.98783874511719,59.53850555419922,24.00359535217285,33.031517028808594,138.22000122070312
2011-03-14,98.96196746826172,64.698486328125,24.356895446777344,19.23894691467285,67.16085815429688,88.75214385986328,67.1383056640625,59.512489318847656,24.24179458618164,33.22526550292969,138.86000061035156
2011-03-15,97.82814025878906,64.12247467041016,23.79607391357422,18.868345260620117,67.1288833618164,88.80606842041016,67.38204193115234,60.403472900390625,24.201425552368164,32.6727180480957,136.27000427246094
2011-03-16,96.01708221435547,63.48158264160156,22.915700912475586,18.257923126220703,67.24878692626953,89.3065185546875,67.9554443359375,61.086360931396484,24.282175064086914,32.00533676147461,136.24000549316406
2011-03-17,97.28785705566406,63.61949157714844,23.711292266845703,18.781137466430664,67.21678924560547,89.14485931396484,67.7475357055664,60.61806106567383,24.322547912597656,32.4000244140625,136.97000122070312
2011-03-18,97.64170837402344,64.46324920654297,24.06343650817871,19.020950317382812,67.18482971191406,89.02163696289062,67.7045669555664,60.78068542480469,24.42753028869629,32.45743179321289,138.3699951171875
2011-03-21,99.15497589111328,65.95597076416016,24.800342559814453,19.358854293823242,67.11286163330078,88.65208435058594,67.35333251953125,60.423004150390625,24.463863372802734,33.081748962402344,139.13999938964844
2011-03-22,98.81101989746094,65.60712432861328,24.637311935424805,19.32615089416504,67.0969467163086,88.63666534423828,67.38919830322266,60.62458038330078,24.431570053100586,33.18221664428711,139.0500030517578
2011-03-23,99.09381103515625,65.80992126464844,24.604705810546875,19.358854293823242,67.10488891601562,88.55968475341797,67.30315399169922,60.54652404785156,24.42753028869629,33.61996078491211,140.33999633789062
2011-03-24,100.04148864746094,66.2643814086914,25.159021377563477,19.53325653076172,67.05693817138672,88.32097625732422,66.95911407470703,60.09132385253906,24.403318405151367,34.007469177246094,139.22000122070312
2011-03-25,100.34719848632812,66.84156799316406,24.898155212402344,19.402456283569336,67.00897216796875,88.12078857421875,66.77992248535156,59.94172668457031,24.27813148498535,33.971580505371094,139.25999450683594
2011-03-28,100.1026382446289,66.69527435302734,24.90468406677246,19.3697509765625,66.97701263427734,88.06687927246094,66.80144500732422,60.02626037597656,24.24583625793457,33.79936599731445,138.5399932861328
2011-03-29,100.775146484375,67.32119750976562,25.067716598510742,19.467853546142578,66.95301818847656,87.88977813720703,66.6078872680664,59.56455612182617,24.16912078857422,34.186866760253906,138.2100067138672
2011-03-30,101.47065734863281,68.19107055664062,25.32204818725586,19.642261505126953,66.99295043945312,88.11308288574219,66.8372802734375,60.039283752441406,24.161056518554688,34.62460708618164,138.6699981689453
2011-03-31,101.33308410644531,68.42683410644531,25.263349533081055,19.522357940673828,66.95301818847656,87.91287994384766,66.66525268554688,59.91569900512695,24.15700912475586,34.92601013183594,139.86000061035156
2011-04-01,101.76107788085938,68.7276382446289,25.550289154052734,19.783960342407227,67.00662231445312,87.9885482788086,66.80748748779297,60.20695495605469,24.148927688598633,35.48573684692383,139.1999969482422
2011-04-04,101.84515380859375,68.88209533691406,25.641586303710938,19.92566680908203,67.02256774902344,88.19674682617188,66.95846557617188,60.272308349609375,24.17316436767578,35.78713607788086,139.83999633789062
2011-04-05,101.82984161376953,69.2560806274414,25.635066986083984,20.06736946105957,66.95059204101562,87.86510467529297,66.62071228027344,60.030601501464844,24.048002243041992,35.71538162231445,142.0500030517578
2011-04-06,102.15084838867188,69.41051483154297,25.98069190979004,20.23086929321289,66.95059204101562,87.68000793457031,66.33324432373047,59.12942123413086,24.185279846191406,35.90911865234375,142.3800048828125
2011-04-07,101.89100646972656,68.99592590332031,25.8763427734375,20.132766723632812,66.99856567382812,87.84199523925781,66.3404312133789,59.01185989379883,24.140869140625,35.87325668334961,142.50999450683594
2011-04-08,101.53939819335938,68.27239990234375,26.078508377075195,20.209075927734375,66.9745864868164,87.71852111816406,66.1463623046875,58.69837951660156,24.217571258544922,35.90911865234375,143.66000366210938
2011-04-11,101.23372650146484,67.66267395019531,26.00025177001953,20.252674102783203,66.966552734375,87.74940490722656,66.23262786865234,58.7506103515625,24.24583625793457,35.48573684692383,142.63999938964844
2011-04-12,100.47710418701172,66.77653503417969,25.804622650146484,19.87116050720215,67.07861328125,88.17363739013672,66.60629272460938,59.38410949707031,24.407344818115234,34.818382263183594,141.61000061035156
2011-04-13,100.469482421875,66.86597442626953,25.811140060424805,19.947463989257812,67.11061096191406,88.27389526367188,66.86505889892578,59.756378173828125,24.370988845825195,35.105403900146484,141.89999389648438
2011-04-14,100.5459213256836,67.17488861083984,25.856788635253906,20.001972198486328,67.04662322998047,88.11962890625,66.64225769042969,59.71062088012695,24.395217895507812,35.21305847167969,143.80999755859375
2011-04-15,100.91273498535156,67.89031982421875,25.726362228393555,20.01287078857422,67.17461395263672,88.49752807617188,67.13093566894531,60.520416259765625,24.443675994873047,35.256103515625,145.0500030517578
2011-04-18,99.78165435791016,66.76838684082031,24.930763244628906,19.653160095214844,67.19061279296875,88.75203704833984,67.29627990722656,60.65760040283203,24.302356719970703,34.373451232910156,145.92999267578125
2011-04-19,100.35478973388672,66.78467559814453,25.14596939086914,19.74036407470703,67.20661926269531,88.7906265258789,67.38249969482422,60.918846130371094,24.439645767211914,34.86859130859375,145.92999267578125
2011-04-20,101.72285461425781,68.15043640136719,25.928518295288086,20.24177360534668,67.1986083984375,88.5746841430664,67.11656951904297,60.52703094482422,24.649599075317383,35.69385528564453,146.5
2011-04-21,102.24253845214844,68.65449523925781,26.10459327697754,20.4052791595459,67.18262481689453,88.59012603759766,67.1668930053711,60.47474670410156,24.807064056396484,36.00959396362305,146.74000549316406
2011-04-25,102.13558197021484,68.56503295898438,26.221975326538086,20.339876174926758,67.19061279296875,88.759765625,67.40406799316406,60.70332717895508,24.823223114013672,35.71538162231445,146.8699951171875
2011-04-26,103.01444244384766,69.2479248046875,26.502395629882812,20.514278411865234,67.2546615600586,88.98348999023438,67.69152069091797,61.29108428955078,24.948383331298828,36.02395248413086,146.3800048828125
2011-04-27,103.68702697753906,69.66253662109375,27.063217163085938,20.797685623168945,67.27862548828125,88.96806335449219,67.4974365234375,60.6640739440918,25.11795425415039,35.95936584472656,149.1999969482422
2011-04-28,104.02326202392578,69.97959899902344,27.219736099243164,20.764984130859375,67.27862548828125,89.1839599609375,67.7562026977539,61.12786102294922,25.239076614379883,35.66514205932617,149.82000732421875
2011-04-29,104.26786041259766,70.23165893554688,27.278427124023438,20.830387115478516,67.31063079833984,89.30741882324219,67.89273071289062,61.31720733642578,25.335996627807617,35.88043212890625,152.3699951171875
2011-05-02,104.10738372802734,69.41051483154297,27.258852005004883,20.808584213256836,67.29942321777344,89.3560791015625,67.8718490600586,61.415592193603516,25.352134704589844,35.887603759765625,150.41000366210938
2011-05-03,103.73287963867188,68.53250122070312,27.167556762695312,20.427074432373047,67.32345581054688,89.43335723876953,68.052001953125,61.76324462890625,25.243131637573242,35.091068267822266,149.8800048828125
2011-05-04,103.04499816894531,67.64640045166016,26.854537963867188,20.318071365356445,67.35548400878906,89.47190856933594,68.2248764038086,62.0386962890625,25.25119972229004,34.50979995727539,147.72999572753906
2011-05-05,102.11260223388672,67.33746337890625,26.09807014465332,19.83846664428711,67.37150573730469,89.71148681640625,68.56353759765625,62.628944396972656,25.017019271850586,34.179691314697266,143.47000122070312
2011-05-06,102.56353759765625,67.6951904296875,25.882862091064453,19.87116050720215,67.37950897216797,89.78095245361328,68.59954071044922,62.35347366333008,24.887805938720703,34.62460708618164,145.3000030517578
2011-05-09,102.9609603881836,68.4837417602539,25.948078155517578,19.991071701049805,67.41152954101562,89.87371063232422,68.70046997070312,62.287899017333984,24.899925231933594,34.68920135498047,147.3800048828125
2011-05-10,103.83987426757812,69.532470703125,26.339357376098633,20.24177360534668,67.34744262695312,89.6496353149414,68.3689956665039,61.84189987182617,24.96048355102539,35.09823226928711,147.89999389648438
2011-05-11,102.74696350097656,68.24797821044922,25.791576385498047,20.001972198486328,67.41152954101562,89.85823059082031,68.61396026611328,62.19607925415039,24.77475929260254,34.32322311401367,146.5399932861328
2011-05-12,103.23611450195312,68.8495864868164,25.928518295288086,19.947463989257812,67.37950897216797,89.78871154785156,68.46265411376953,61.802589416503906,24.72631072998047,34.423675537109375,146.58999633789062
2011-05-13,102.44129180908203,67.89031982421875,25.40681266784668,19.718564987182617,67.41152954101562,89.92776489257812,68.7292709350586,62.36004638671875,24.57691764831543,33.670188903808594,145.6300048828125
2011-05-16,101.79164123535156,66.89845275878906,25.400297164916992,19.642261505126953,67.44355773925781,90.08232879638672,68.89494323730469,62.707645416259766,24.66979217529297,33.61996078491211,145.3699951171875
2011-05-17,101.7763900756836,66.68714141845703,25.42637825012207,19.696762084960938,67.45159149169922,90.19048309326172,69.09667205810547,63.35042190551758,24.617294311523438,33.72760009765625,144.74000549316406
2011-05-18,102.68582153320312,67.71142578125,25.56984519958496,19.82756233215332,67.41954040527344,89.92776489257812,68.70046997070312,62.5108528137207,24.60113525390625,34.27298355102539,145.60000610351562
2011-05-19,102.93040466308594,67.8577880859375,25.94156265258789,19.958364486694336,67.42753601074219,90.01275634765625,68.77252960205078,62.48469161987305,24.7303409576416,34.05052185058594,145.64999389648438
2011-05-20,102.11260223388672,67.36190795898438,25.282915115356445,19.87116050720215,67.45159149169922,90.14408111572266,68.93820190429688,62.51744842529297,24.593080520629883,33.77783966064453,147.49000549316406
2011-05-23,100.92802429199219,66.15054321289062,24.682950973510742,19.358854293823242,67.45951843261719,90.19813537597656,69.0318603515625,62.81917190551758,24.48810386657715,33.07457733154297,147.8300018310547
2011-05-24,100.84397888183594,65.8335189819336,24.77426528930664,19.446056365966797,67.45951843261719,90.25222778320312,69.10388946533203,63.05524444580078,24.544628143310547,33.40467071533203,148.58999633789062
2011-05-25,101.18022918701172,66.6627197265625,24.91771697998047,19.674957275390625,67.49159240722656,90.27540588378906,69.11112213134766,62.760108947753906,24.552698135375977,33.476436614990234,148.5800018310547
2011-05-26,101.64643096923828,67.54071807861328,25.04815101623535,19.91476821899414,67.53164672851562,90.59222412109375,69.49305725097656,63.29794692993164,24.633438110351562,33.90700149536133,148.22000122070312
2011-05-27,102.03620147705078,68.00411987304688,25.217700958251953,20.110971450805664,67.5556411743164,90.64627075195312,69.48576354980469,63.27165985107422,24.887805938720703,34.26580810546875,149.6999969482422
2011-05-31,103.0985107421875,68.97150421142578,25.98069190979004,20.339876174926758,67.5556411743164,90.7544174194336,69.59382629394531,63.4160270690918,24.9927921295166,34.82553482055664,149.63999938964844
2011-06-01,100.78282928466797,66.75216674804688,25.237266540527344,19.783960342407227,67.60051727294922,91.1483154296875,70.16737365722656,64.27303314208984,24.937763214111328,34.20122528076172,149.91000366210938
2011-06-02,100.67584228515625,66.72774505615234,25.49811553955078,19.816661834716797,67.56046295166016,90.8619613647461,69.74848937988281,63.04869842529297,25.152202606201172,34.524147033691406,149.5
2011-06-03,99.67465209960938,65.75221252441406,25.713321685791016,19.860265731811523,67.58451843261719,91.04769134521484,70.02295684814453,63.410736083984375,25.35447883605957,34.351924896240234,150.22000122070312
2011-06-06,98.61996459960938,64.67101287841797,25.224227905273438,19.696762084960938,67.59252166748047,91.10963439941406,69.9796142578125,62.93018341064453,25.326168060302734,33.79936599731445,150.47999572753906
2011-06-07,98.55880737304688,64.82543182373047,25.550289154052734,19.87116050720215,67.64056396484375,91.25666046142578,70.10964965820312,63.219810485839844,25.41111946105957,34.06488800048828,150.4199981689453
2011-06-08,98.14612579345703,64.1019287109375,25.093791961669922,19.653160095214844,67.64862823486328,91.43467712402344,70.26129150390625,63.71351623535156,25.297840118408203,33.82088851928711,149.80999755859375
2011-06-09,98.89510345458984,64.44332122802734,25.43942642211914,19.882064819335938,67.57646942138672,91.16375732421875,69.9796142578125,63.456783294677734,25.22905921936035,34.08641052246094,150.55999755859375
2011-06-10,97.51942443847656,63.41089630126953,24.650352478027344,19.32615089416504,67.63259887695312,91.25666046142578,70.20347595214844,63.9439697265625,25.051048278808594,33.347259521484375,149.24000549316406
2011-06-13,97.59585571289062,63.232025146484375,24.722087860107422,19.435152053833008,67.60852813720703,91.19480895996094,70.05181884765625,63.6213493347168,25.13601303100586,33.28986358642578,147.77000427246094
2011-06-14,98.83396911621094,64.58969116210938,25.263349533081055,19.653160095214844,67.55245208740234,90.76912689208984,69.49563598632812,62.66023635864258,25.09149932861328,33.792179107666016,148.6699981689453
2011-06-15,97.0761489868164,63.43526077270508,24.22648048400879,19.097246170043945,67.64862823486328,91.33404541015625,70.2468490600586,63.79910659790039,24.852806091308594,33.06740951538086,149.1199951171875
2011-06-16,97.29015350341797,63.58161544799805,24.20037841796875,18.911941528320312,67.6565933227539,91.42692565917969,70.44184875488281,64.0887680053711,24.91350746154785,32.81624221801758,148.97000122070312
2011-06-17,97.58049011230469,63.59786605834961,24.722087860107422,19.064544677734375,67.67269134521484,91.45015716552734,70.39131164550781,63.78594207763672,25.006555557250977,32.85929870605469,149.94000244140625
2011-06-20,98.07969665527344,64.18319702148438,24.643835067749023,19.097246170043945,67.67269134521484,91.40372467041016,70.28295135498047,63.86494827270508,25.01058578491211,32.80906295776367,150.02999877929688
2011-06-21,99.42379760742188,65.5733413696289,25.295961380004883,19.446056365966797,67.6806411743164,91.341796875,70.18904876708984,63.58190155029297,25.111738204956055,33.41185760498047,150.75999450683594
2011-06-22,98.8247299194336,65.06935119628906,25.021211624145508,19.172164916992188,67.66461944580078,91.37281799316406,70.16019439697266,63.6213493347168,25.063194274902344,33.079185485839844,150.99000549316406
2011-06-23,98.54053497314453,65.32135009765625,24.661090850830078,18.961483001708984,67.70470428466797,91.64361572265625,70.5285415649414,64.1084976196289,24.917545318603516,33.03568649291992,148.33999633789062
2011-06-24,97.3961410522461,64.98802185058594,24.14093017578125,18.81732940673828,67.74481964111328,91.92996215820312,70.82472229003906,63.838619232177734,24.84066390991211,32.977718353271484,146.25999450683594
2011-06-27,98.26404571533203,65.49205780029297,24.46769142150879,18.961483001708984,67.6806411743164,91.728759765625,70.55027770996094,62.96315002441406,24.852806091308594,33.36184310913086,145.72999572753906
2011-06-28,99.5466537475586,66.50826263427734,24.88116455078125,19.161081314086914,67.56046295166016,91.15605163574219,69.90015411376953,62.45623779296875,24.89327049255371,33.818458557128906,146.24000549316406
2011-06-29,100.3991928100586,66.82528686523438,25.38798713684082,19.460468292236328,67.56046295166016,90.86968994140625,69.48119354248047,62.041568756103516,24.949899673461914,34.13011169433594,147.17999267578125
2011-06-30,101.35926818847656,67.31309509277344,25.894819259643555,19.748775482177734,67.55245208740234,90.62203979492188,69.24285888671875,61.94278335571289,24.990365982055664,34.499752044677734,146.0
2011-07-01,102.85696411132812,68.3618392944336,26.19490623474121,19.948366165161133,67.5291976928711,90.49262237548828,69.06976318359375,61.843685150146484,25.016706466674805,34.905635833740234,144.92999267578125
2011-07-05,102.77249908447266,68.5265121459961,25.808115005493164,19.948366165161133,67.60938262939453,90.93443298339844,69.50421142578125,61.98237991333008,24.935640335083008,34.891143798828125,147.6300048828125
2011-07-06,102.8953628540039,68.80375671386719,25.501354217529297,19.89292335510254,67.63343811035156,91.02750396728516,69.62727355957031,62.29946517944336,24.903202056884766,34.659210205078125,148.91000366210938
2011-07-07,103.96297454833984,69.83931732177734,25.73476219177246,19.992721557617188,67.56929779052734,90.7252197265625,69.35942077636719,62.11449432373047,24.935640335083008,35.13756561279297,149.14999389648438
2011-07-08,103.22563934326172,69.4153060913086,25.101234436035156,19.89292335510254,67.66552734375,91.34523010253906,70.09793090820312,62.99302673339844,24.907270431518555,34.73894119262695,150.25
2011-07-11,101.35926818847656,67.93941497802734,23.854167938232422,19.382848739624023,67.71361541748047,91.74054718017578,70.63378143310547,63.937530517578125,24.5545654296875,33.76772689819336,151.58999633789062
2011-07-12,100.92145538330078,67.5561752319336,23.647432327270508,19.18325424194336,67.70559692382812,91.87235260009766,70.73512268066406,64.15552520751953,24.558631896972656,33.42707824707031,152.77000427246094
2011-07-13,101.2594223022461,68.15957641601562,24.047561645507812,19.460468292236328,67.7217025756836,91.94992065429688,70.8509750366211,64.3338623046875,24.773488998413086,33.970672607421875,154.13999938964844
2011-07-14,100.56050872802734,67.07510375976562,23.867507934570312,19.36067008972168,67.6976089477539,91.70179748535156,70.44550323486328,63.415748596191406,24.838346481323242,33.608272552490234,154.5399932861328
2011-07-15,101.14419555664062,67.52356719970703,23.88085174560547,19.4050235748291,67.71361541748047,91.92658233642578,70.73512268066406,63.52142333984375,24.85050392150879,33.818458557128906,155.1999969482422
2011-07-18,100.31476593017578,66.4391098022461,23.467378616333008,19.172164916992188,67.71361541748047,91.91881561279297,70.69169616699219,62.90718078613281,24.712677001953125,33.42707824707031,156.57000732421875
2011-07-19,101.9429931640625,67.93941497802734,23.814157485961914,19.382848739624023,67.71361541748047,92.03507995605469,70.95957946777344,64.21497344970703,24.7856388092041,33.91268539428711,154.66000366210938
2011-07-20,101.88153076171875,67.82530212402344,24.214284896850586,19.593530654907227,67.68955993652344,91.81803894042969,70.61201477050781,63.45537185668945,25.000507354736328,34.01414108276367,156.02000427246094
2011-07-21,103.29476165771484,68.44499969482422,25.021211624145508,19.98163604736328,67.6574935913086,91.59326934814453,70.22103881835938,62.96662521362305,25.178863525390625,34.55773162841797,154.8300018310547
2011-07-22,103.36388397216797,68.53467559814453,25.081228256225586,20.04816246032715,67.66552734375,91.70179748535156,70.48897552490234,63.44215393066406,25.1707706451416,34.535987854003906,156.1199951171875
2011-07-25,102.787841796875,67.72742462158203,24.84114646911621,19.926185607910156,67.63343811035156,91.60098266601562,70.26445770263672,62.74859619140625,25.20724868774414,34.46351623535156,157.33999633789062
2011-07-26,102.40383911132812,67.21372985839844,24.94117546081543,20.125782012939453,67.67350769042969,91.81031036376953,70.56134033203125,63.177982330322266,25.316726684570312,34.57948303222656,157.77000427246094
2011-07-27,100.30705261230469,65.20784759521484,24.200942993164062,19.660062789916992,67.63343811035156,91.6863021850586,70.44550323486328,63.184505462646484,25.312660217285156,33.970672607421875,157.19000244140625
2011-07-28,100.01519775390625,65.10181427001953,23.934194564819336,19.704418182373047,67.67350769042969,91.78704071044922,70.58307647705078,63.42232894897461,25.26400375366211,33.9996452331543,157.32000732421875
2011-07-29,99.33161926269531,65.02029418945312,23.940866470336914,19.67115020751953,67.74573516845703,92.46136474609375,71.43750762939453,64.67732238769531,25.40183448791504,34.144615173339844,158.2899932861328
2011-08-01,98.90921783447266,64.59626770019531,23.354013442993164,19.549175262451172,67.72238159179688,92.59178161621094,71.69735717773438,65.33004760742188,25.297719955444336,34.1156120300293,157.72000122070312
2011-08-02,96.38232421875,62.582237243652344,22.427053451538086,19.061279296875,67.81072235107422,93.01103973388672,72.35783386230469,67.29170989990234,25.220436096191406,33.064674377441406,161.52000427246094
2011-08-03,96.90458679199219,62.998077392578125,22.653793334960938,19.116718292236328,67.80265808105469,92.9566421508789,72.41594696044922,67.4242935180664,25.383136749267578,32.94871520996094,161.49000549316406
2011-08-04,92.36544799804688,59.19831848144531,20.91324234008789,17.775005340576172,67.8669204711914,93.5311508178711,73.37398529052734,69.82330322265625,25.01300811767578,31.064273834228516,160.63999938964844
2011-08-05,92.2271957397461,58.1627197265625,21.653484344482422,17.95242691040039,67.85083770751953,92.97221374511719,72.52478790283203,67.80865478515625,25.204174041748047,30.861351013183594,161.75
2011-08-08,86.22106170654297,53.099082946777344,19.65951919555664,16.555253982543945,67.87494659423828,93.52339172363281,73.67881774902344,69.94920349121094,25.20010757446289,28.288345336914062,167.1199951171875
2011-08-09,90.23027801513672,56.637962341308594,20.879905700683594,17.73065185546875,67.9471664428711,93.91930389404297,74.10710906982422,70.16126251220703,25.419736862182617,29.94810676574707,168.61000061035156
2011-08-10,86.24409484863281,53.86558151245117,19.326078414916992,16.643970489501953,67.9952621459961,94.36958312988281,75.08696746826172,72.2487564086914,25.252979278564453,28.3608341217041,174.5800018310547
2011-08-11,90.11507415771484,56.556400299072266,20.246370315551758,17.59758758544922,67.97920989990234,93.86500549316406,73.98367309570312,68.60386657714844,25.31806755065918,29.926368713378906,170.75
2011-08-12,90.72180938720703,56.90700912475586,20.873231887817383,17.95242691040039,67.98727416992188,94.11344146728516,74.49900817871094,69.96240997314453,25.419736862182617,29.9118709564209,169.97000122070312
2011-08-15,92.64192962646484,58.51338195800781,21.50010108947754,18.32943344116211,67.96318054199219,93.95039367675781,74.22322082519531,69.25335693359375,25.728839874267578,30.607656478881836,171.8000030517578
2011-08-16,91.8508071899414,57.43701934814453,21.019943237304688,18.140926361083984,67.96318054199219,94.16770935058594,74.56434631347656,70.39978790283203,25.684099197387695,30.34674072265625,173.9199981689453
2011-08-17,91.91226959228516,57.453346252441406,21.08663558959961,18.251813888549805,67.97920989990234,94.33859252929688,75.08696746826172,71.63247680664062,25.84271812438965,30.564170837402344,174.4199981689453
2011-08-18,87.94917297363281,54.18357467651367,19.919599533081055,17.4201717376709,67.97118377685547,94.41615295410156,75.47891235351562,73.10366821289062,25.81424903869629,29.121849060058594,177.72000122070312
2011-08-19,86.51290130615234,53.22956466674805,19.452789306640625,17.076425552368164,67.97118377685547,94.34629821777344,75.55876159667969,73.69348907470703,25.887462615966797,28.75946807861328,179.9499969482422
2011-08-22,86.58204650878906,53.04201889038086,19.652851104736328,17.309282302856445,67.96318054199219,94.32300567626953,75.4207763671875,73.5079574584961,25.818313598632812,28.730464935302734,184.58999633789062
2011-08-23,89.43148803710938,55.60236740112305,20.346399307250977,17.841535568237305,67.93109893798828,94.17552185058594,75.1159896850586,72.49395751953125,25.895587921142578,29.737930297851562,177.6699981689453
2011-08-24,90.69109344482422,56.425933837890625,20.486446380615234,17.852630615234375,67.93109893798828,93.77962493896484,74.31034851074219,70.43299102783203,25.741046905517578,29.44800567626953,171.64999389648438
2011-08-25,89.3086166381836,55.039764404296875,19.952943801879883,17.27601432800293,67.97118377685547,94.08236694335938,74.7676010131836,71.19507598876953,25.63936424255371,28.87542724609375,172.36000061035156
2011-08-26,90.60659790039062,56.35255813598633,20.186349868774414,17.48670196533203,67.97920989990234,94.27643585205078,75.00711822509766,71.89754486083984,25.82644271850586,29.3682861328125,177.47000122070312
2011-08-29,93.21029663085938,59.0189208984375,20.7731990814209,17.94133186340332,67.96318054199219,94.07463073730469,74.51356506347656,70.90351104736328,25.86712646484375,30.317752838134766,173.88999938964844
2011-08-30,93.45606994628906,59.36137008666992,20.61314582824707,17.86370849609375,67.97920989990234,94.245361328125,75.02886962890625,72.0433578491211,25.850860595703125,30.361242294311523,179.10000610351562
2011-08-31,93.87081146240234,59.23906707763672,21.019943237304688,18.163103103637695,67.97920989990234,94.15222930908203,74.76030731201172,70.92996978759766,25.675962448120117,30.98455047607422,177.72000122070312
2011-09-01,92.88771057128906,57.96702575683594,20.61981773376465,18.05221939086914,67.99851989746094,94.47406768798828,75.35609436035156,72.43348693847656,25.655134201049805,30.81784439086914,177.8699951171875
2011-09-02,90.5144271850586,55.82253646850586,19.912935256958008,17.741737365722656,67.96638488769531,94.60619354248047,76.04717254638672,74.78665161132812,25.585660934448242,30.12204933166504,183.24000549316406
2011-09-06,89.85393524169922,55.6676025390625,18.945960998535156,17.320375442504883,67.97447204589844,94.53622436523438,76.1490249633789,75.56436920166016,25.33234977722168,29.81040382385254,182.89999389648438
2011-09-07,92.38848114013672,57.77134704589844,19.626169204711914,17.808269500732422,67.9583511352539,94.48188781738281,75.74161529541016,74.12191009521484,25.499879837036133,30.69463348388672,177.0800018310547
2011-09-08,91.42838287353516,56.71135330200195,19.139358520507812,17.58649444580078,67.98246765136719,94.6373062133789,76.1126480102539,74.78665161132812,25.40180015563965,30.013341903686523,181.80999755859375
2011-09-09,89.0321044921875,55.039764404296875,18.132373809814453,17.120777130126953,68.00656127929688,94.87831115722656,76.483642578125,75.58428955078125,25.132139205932617,28.99863052368164,180.6999969482422
2011-09-12,89.6081314086914,55.512672424316406,17.858951568603516,17.13186264038086,67.9583511352539,94.62957000732422,76.25084686279297,75.66407775878906,25.107627868652344,28.940656661987305,176.6699981689453
2011-09-13,90.42991638183594,56.40961456298828,18.079023361206055,17.142959594726562,67.96638488769531,94.57512664794922,76.02535247802734,74.58718872070312,25.128049850463867,28.984149932861328,178.5399932861328
2011-09-14,91.68190002441406,57.42072677612305,18.68587875366211,17.431259155273438,67.96638488769531,94.5284652709961,76.06900787353516,75.21866607666016,25.107627868652344,28.904417037963867,177.2100067138672
2011-09-15,93.26406860351562,58.22796630859375,19.372756958007812,17.752826690673828,67.97447204589844,94.34971618652344,75.50160217285156,74.06875610351562,25.213851928710938,29.324785232543945,174.39999389648438
2011-09-16,93.81605529785156,58.317684173583984,19.279396057128906,17.763916015625,67.9904556274414,94.37296295166016,75.64708709716797,74.60717010498047,25.168914794921875,29.375526428222656,176.02999877929688
2011-09-19,92.88190460205078,57.27395248413086,18.6258602142334,17.27601432800293,68.02251434326172,94.73838806152344,76.26544189453125,76.02964782714844,25.00545883178711,28.505788803100586,173.30999755859375
2011-09-20,92.77379608154297,56.38516616821289,18.665868759155273,17.45343589782715,67.9904556274414,94.75391387939453,76.36727905273438,76.34868621826172,24.95644187927246,28.295602798461914,175.77999877929688
2011-09-21,90.04087829589844,54.29772186279297,18.085689544677734,16.8102970123291,67.91818237304688,94.73838806152344,76.69463348388672,78.87458038330078,24.760332107543945,27.244657516479492,173.58999633789062
2011-09-22,87.13035583496094,52.78107452392578,17.38547134399414,16.178247451782227,67.92617797851562,95.01043701171875,77.40750122070312,81.8392333984375,24.621397018432617,25.331228256225586,169.0500030517578
2011-09-23,87.65530395507812,53.32132339477539,17.605539321899414,16.311307907104492,67.93427276611328,94.71502685546875,76.76734161376953,80.31707000732422,24.61731719970703,26.005279541015625,159.8000030517578
2011-09-26,89.73976135253906,54.32817459106445,18.152374267578125,16.69940948486328,67.91015625,94.54399871826172,76.44734191894531,79.02750396728516,24.821624755859375,26.396657943725586,157.5800018310547
2011-09-27,90.74340057373047,55.49870300292969,18.78590965270996,17.08751106262207,67.88606262207031,94.34971618652344,75.93802642822266,77.81771850585938,24.882905960083008,27.237409591674805,160.6300048828125
2011-09-28,88.89055633544922,53.37044143676758,18.46581268310547,16.710494995117188,67.86197662353516,94.32637023925781,75.9526596069336,77.7911148071289,24.690860748291016,26.418407440185547,156.22000122070312
2011-09-29,89.59310150146484,54.29542541503906,19.052661895751953,16.910093307495117,67.87803649902344,94.25643920898438,75.9526596069336,78.32953643798828,24.760332107543945,26.780797958374023,157.6999969482422
2011-09-30,87.35420989990234,52.63373565673828,18.21906089782715,16.377838134765625,67.91015625,94.43518829345703,76.43270111083984,80.29706573486328,24.56011962890625,25.43994903564453,158.05999755859375
2011-10-03,84.86832427978516,49.924278259277344,17.44548988342285,16.056272506713867,67.92539978027344,94.7893295288086,77.1405029296875,82.50684356689453,24.35249900817871,24.90360450744629,160.9600067138672
2011-10-04,86.7288818359375,53.03483963012695,17.912302017211914,16.266956329345703,67.88528442382812,94.61807250976562,76.74690246582031,81.46061706542969,24.414045333862305,25.287742614746094,157.63999938964844
2011-10-05,88.33466339111328,53.76335525512695,18.379114151000977,16.577438354492188,67.88528442382812,94.42352294921875,76.42622375488281,80.87418365478516,24.471494674682617,25.874818801879883,159.4600067138672
2011-10-06,89.93278503417969,54.95846176147461,19.052661895751953,17.142959594726562,67.86920166015625,94.19003295898438,75.89405059814453,79.3814697265625,24.553556442260742,26.730070114135742,160.49000549316406
2011-10-07,89.3305892944336,53.61602020263672,18.87260627746582,17.165132522583008,67.8450698852539,93.92536163330078,75.50042724609375,78.7950210571289,24.701265335083008,26.411157608032227,159.17999267578125
2011-10-10,92.31829833984375,55.965301513671875,19.83290672302246,17.752826690673828,67.78884887695312,93.6607894897461,74.7059555053711,77.68214416503906,24.754613876342773,27.592557907104492,163.27000427246094
2011-10-11,92.41096496582031,56.35004806518555,19.77288818359375,17.61976432800293,67.8210220336914,93.66858673095703,74.95375061035156,77.42225646972656,24.857189178466797,27.607051849365234,162.10000610351562
2011-10-12,93.2215805053711,57.152225494384766,20.37974739074707,17.86370849609375,67.8210220336914,93.60624694824219,74.69866180419922,76.29597473144531,24.96796989440918,28.382566452026367,163.25999450683594
2011-10-13,93.03630828857422,57.10312271118164,20.273042678833008,17.908065795898438,67.83702850341797,93.7930908203125,74.99748229980469,77.05571746826172,24.963869094848633,28.128896713256836,162.3000030517578
2011-10-14,94.62667083740234,58.23271179199219,20.57314109802246,18.19637107849121,67.86920166015625,93.72303771972656,74.62578582763672,75.93619537353516,25.037729263305664,28.694225311279297,163.39999389648438
2011-10-17,92.82012176513672,56.46464157104492,19.79289436340332,17.830448150634766,67.87726593017578,93.90203857421875,75.1141586303711,77.2490005493164,24.910533905029297,27.723018646240234,162.6199951171875
2011-10-18,94.63438415527344,57.962589263916016,20.219696044921875,18.04113006591797,67.87726593017578,94.00323486328125,75.0339584350586,76.76918029785156,24.972084045410156,28.462299346923828,161.83999633789062
2011-10-19,93.51495361328125,56.83299255371094,19.81290054321289,17.797183990478516,67.9013671875,94.0421371459961,75.15054321289062,76.74250030517578,24.865392684936523,27.9187068939209,159.8699951171875
2011-10-20,93.92413330078125,56.98849868774414,19.732873916625977,17.93024444580078,67.90936279296875,93.97209167480469,74.99748229980469,76.1960220336914,24.865392684936523,27.382366180419922,157.77000427246094
2011-10-21,95.7074966430664,58.22450637817383,20.439760208129883,18.35161018371582,67.88528442382812,93.92536163330078,74.8590087890625,75.38972473144531,25.021316528320312,28.16514015197754,159.52000427246094
2011-10-24,96.8809585571289,60.09908676147461,20.72651481628418,18.606647491455078,67.88528442382812,93.86309814453125,74.8225326538086,75.51637268066406,25.08286476135254,29.266813278198242,161.02000427246094
2011-10-25,94.99722290039062,58.41279983520508,20.33306121826172,18.373788833618164,67.92539978027344,94.26786804199219,75.46395874023438,77.43556213378906,25.074663162231445,28.68698501586914,165.58999633789062
2011-10-26,95.96228790283203,59.41964340209961,20.626489639282227,18.673175811767578,67.88528442382812,93.94100952148438,74.91000366210938,76.08279418945312,25.205970764160156,29.216079711914062,167.39999389648438
2011-10-27,99.30512237548828,62.554752349853516,22.166980743408203,19.4050235748291,67.83702850341797,93.50518798828125,74.00621032714844,73.50386047363281,25.54652976989746,30.991802215576172,169.5500030517578
2011-10-28,99.28194427490234,62.23552322387695,21.853538513183594,19.238697052001953,67.86920166015625,93.80088806152344,74.45081329345703,74.27684783935547,25.54652976989746,30.73087501525879,169.6199951171875
2011-10-31,96.88871765136719,60.58198928833008,20.519786834716797,18.495763778686523,67.93347930908203,94.41571044921875,75.44940948486328,77.2222900390625,25.074663162231445,29.578472137451172,167.33999633789062
2011-11-01,94.18661499023438,58.43738555908203,19.439451217651367,18.030044555664062,67.93990325927734,94.76953887939453,76.3543701171875,79.80734252929688,24.883779525756836,28.86093521118164,167.3800048828125
2011-11-02,95.72291564941406,59.878021240234375,19.712867736816406,18.285078048706055,67.95602416992188,94.7851333618164,76.17179107666016,78.81180572509766,24.96211814880371,29.745168685913086,169.05999755859375
2011-11-03,97.46772003173828,61.367820739746094,20.539793014526367,18.75079917907715,67.96401977539062,94.66041564941406,75.81390380859375,77.72948455810547,25.085790634155273,30.04957389831543,171.72000122070312
2011-11-04,96.87322235107422,61.06493377685547,19.966285705566406,18.673175811767578,67.96401977539062,94.73056030273438,76.0403060913086,77.82294464111328,24.9744873046875,29.853885650634766,170.85000610351562
2011-11-07,97.4754409790039,60.942161560058594,20.01963233947754,18.662090301513672,67.94795989990234,94.72277069091797,76.12797546386719,78.31736755371094,25.06930160522461,30.10756492614746,174.97999572753906
2011-11-08,98.72608947753906,61.83440399169922,20.419754028320312,19.028013229370117,67.93990325927734,94.61367797851562,75.7846908569336,77.31521606445312,25.18060874938965,30.462705612182617,173.52999877929688
2011-11-09,95.08216094970703,58.8875846862793,18.97930335998535,17.95242691040039,67.95602416992188,94.82408142089844,76.4566650390625,78.9187240600586,24.735374450683594,28.679731369018555,172.07000732421875
2011-11-10,95.97772216796875,59.321388244628906,19.366090774536133,18.218547821044922,67.96401977539062,94.73056030273438,76.08414459228516,77.74278259277344,24.78483772277832,28.86817741394043,171.13999938964844
2011-11-11,97.78423309326172,60.88487243652344,20.086318969726562,18.617734909057617,67.93189239501953,94.5592041015625,75.7335205078125,77.26847076416016,24.995094299316406,29.563968658447266,173.9600067138672
2011-11-14,96.85779571533203,60.00899887084961,19.51947593688965,18.32943344116211,67.96401977539062,94.79289245605469,76.20833587646484,78.5111083984375,24.871421813964844,29.15808868408203,173.1999969482422
2011-11-15,97.33645629882812,60.77027130126953,19.33941650390625,18.35161018371582,67.95602416992188,94.72277069091797,76.10601043701172,78.4041976928711,24.669410705566406,29.339279174804688,173.36000061035156
2011-11-16,95.79243469238281,59.78798294067383,18.95929527282715,17.99677848815918,67.93990325927734,94.8162841796875,76.38360595703125,79.1191177368164,24.42205238342285,28.549274444580078,171.50999450683594
2011-11-17,94.27153778076172,58.93669509887695,18.69921112060547,17.719560623168945,67.94795989990234,94.90199279785156,76.5369644165039,79.75382232666016,24.40556526184082,27.824491500854492,167.10000610351562
2011-11-18,94.17118835449219,58.92030715942383,18.879276275634766,17.708471298217773,67.92384338378906,94.68375396728516,76.25214385986328,79.73383331298828,24.455034255981445,27.933208465576172,167.6199951171875
2011-11-21,92.38008117675781,57.51240158081055,18.30575942993164,17.187307357788086,67.93189239501953,94.74612426757812,76.46392059326172,80.20817565917969,24.265405654907227,27.034473419189453,163.5
2011-11-22,92.01728820800781,57.029422760009766,18.145702362060547,17.109689712524414,67.93990325927734,94.8786392211914,76.69759368896484,81.10347747802734,24.27776527404785,27.128698348999023,165.30999755859375
2011-11-23,89.98681640625,55.236778259277344,17.518844604492188,16.677236557006836,67.94795989990234,94.97994232177734,76.96063995361328,81.89851379394531,24.051029205322266,26.251707077026367,164.8300018310547
2011-11-25,89.81696319580078,54.532814025878906,17.3988037109375,16.632875442504883,67.94795989990234,94.80852508544922,76.47120666503906,80.709228515625,23.79543113708496,26.16472625732422,163.39999389648438
2011-11-28,92.41867065429688,57.12765884399414,18.4458065032959,17.242752075195312,67.95602416992188,94.82408142089844,76.47852325439453,80.66915893554688,23.877878189086914,27.418609619140625,166.6300048828125
2011-11-29,92.68116760253906,57.0212516784668,18.552501678466797,17.38690185546875,67.96401977539062,94.76953887939453,76.33242797851562,80.00772094726562,23.952091217041016,27.295392990112305,166.8800048828125
2011-11-30,96.49497985839844,60.35282897949219,19.652851104736328,18.19637107849121,67.96401977539062,94.6292724609375,75.88692474365234,78.75836181640625,24.380840301513672,28.99863052368164,170.1300048828125
2011-12-01,96.47953033447266,59.91896057128906,19.479459762573242,18.085485458374023,67.96807098388672,94.63705444335938,75.86504364013672,78.36317443847656,24.544769287109375,28.911657333374023,169.6300048828125
2011-12-02,96.39458465576172,60.16451644897461,19.46612548828125,18.074399948120117,67.95193481445312,94.82429504394531,76.2015609741211,79.46162414550781,24.51980209350586,28.824689865112305,169.82000732421875
2011-12-05,97.44454956054688,61.1959342956543,19.712867736816406,18.251813888549805,67.9599838256836,94.76191711425781,76.15771484375,79.30088806152344,24.51148223876953,29.295795440673828,167.32000732421875
2011-12-06,97.4754409790039,61.25322723388672,19.70619773864746,18.262903213500977,67.9599838256836,94.74625396728516,75.9601058959961,78.54397583007812,24.627992630004883,28.89717674255371,168.17999267578125
2011-12-07,97.83826446533203,61.13045120239258,19.766216278076172,18.418140411376953,67.98411560058594,94.91790008544922,76.30403900146484,78.82535552978516,24.790260314941406,29.01313018798828,169.39999389648438
2011-12-08,95.69204711914062,59.23138427734375,18.899280548095703,17.93024444580078,67.99221801757812,95.10515594482422,76.69189453125,79.80988311767578,24.56557846069336,27.969444274902344,165.97999572753906
2011-12-09,97.31329345703125,61.015838623046875,19.486125946044922,18.285078048706055,67.99221801757812,94.9490737915039,76.16503143310547,78.16902923583984,24.615501403808594,28.534767150878906,166.39999389648438
2011-12-12,95.89276123046875,60.13998031616211,18.672542572021484,17.852630615234375,67.99221801757812,95.03492736816406,76.42840576171875,79.0396728515625,24.40330696105957,27.46209144592285,161.99000549316406
2011-12-13,94.99722290039062,58.8875846862793,18.179052352905273,17.719560623168945,67.99221801757812,95.12067413330078,76.77973937988281,79.77642059326172,24.207740783691406,27.208423614501953,158.4499969482422
2011-12-14,93.98589324951172,58.15087127685547,17.91897201538086,17.48670196533203,67.9760971069336,95.17536926269531,77.10166931152344,81.28337860107422,24.220233917236328,26.817035675048828,152.88999938964844
2011-12-15,94.32559204101562,58.69108963012695,18.01900291442871,17.61976432800293,67.96807098388672,95.10515594482422,77.03583526611328,80.98204803466797,24.29511833190918,26.990983963012695,152.3300018310547
2011-12-16,94.46542358398438,59.14952087402344,17.89229393005371,17.497793197631836,68.00019073486328,95.35479736328125,77.4090805053711,81.92633056640625,24.386653900146484,27.19392967224121,155.22999572753906
2011-12-19,93.45542907714844,58.126312255859375,17.805601119995117,17.36472511291504,67.99221801757812,95.34693145751953,77.67254638671875,82.96456146240234,24.42827033996582,26.49088478088379,154.8699951171875
2011-12-20,96.28341674804688,60.459205627441406,18.620594024658203,17.894821166992188,67.9760971069336,95.12067413330078,76.97000122070312,80.89491271972656,24.515642166137695,27.60092544555664,156.97999572753906
2011-12-21,96.46984100341797,60.704795837402344,18.465421676635742,17.838544845581055,67.95193481445312,94.93350982666016,76.72118377685547,79.7696762084961,24.499006271362305,27.688724517822266,157.16000366210938
2011-12-22,97.32447052001953,61.09138488769531,18.71504020690918,18.052385330200195,67.94397735595703,94.97248840332031,76.81636047363281,80.10456085205078,24.51148223876953,28.054595947265625,156.0399932861328
2011-12-23,98.19464874267578,61.321720123291016,18.80274772644043,18.18743896484375,67.9599838256836,94.74625396728516,76.50170135498047,79.21379089355469,24.499006271362305,28.164358139038086,156.30999755859375
2011-12-27,98.2723159790039,61.50265121459961,18.75551986694336,18.17618179321289,67.93509674072266,94.75485229492188,76.5448989868164,79.59004211425781,24.569740295410156,27.893613815307617,154.91000366210938
2011-12-28,96.98265838623047,60.384002685546875,18.35746955871582,17.849796295166016,67.95110321044922,95.00470733642578,77.02873229980469,81.06158447265625,24.420835494995117,27.425304412841797,151.02999877929688
2011-12-29,97.98487091064453,60.99267578125,18.762269973754883,18.131160736083984,67.95915985107422,95.08282470703125,77.1240463256836,81.20941162109375,24.466712951660156,27.739952087402344,150.33999633789062
2011-12-30,97.50318908691406,60.663665771484375,18.82299041748047,18.18743896484375,67.9994125366211,95.30146789550781,77.3952865600586,81.47146606445312,24.53762435913086,27.761899948120117,151.99000549316406
2012-01-03,99.05699920654297,61.66718673706055,19.463918685913086,18.727657318115234,67.95915985107422,95.02037811279297,76.9041519165039,80.24855041503906,24.783714294433594,28.610708236694336,155.9199981689453
2012-01-04,99.21239471435547,61.32992172241211,19.14007568359375,18.69389533996582,67.96726989746094,94.98912811279297,76.6622085571289,79.29441833496094,24.587671279907227,28.449729919433594,156.7100067138672
2012-01-05,99.47653198242188,61.675392150878906,18.728538513183594,18.41252899169922,67.9753189086914,95.01253509521484,76.67686462402344,79.15328979492188,24.2873592376709,28.325328826904297,157.77999877929688
2012-01-06,99.22016906738281,61.51909255981445,18.418188095092773,18.299985885620117,67.96726989746094,95.19210052490234,76.97742462158203,79.7781982421875,24.149728775024414,27.966787338256836,157.1999969482422
2012-01-09,99.4610366821289,61.8316764831543,18.559873580932617,18.32249641418457,67.98333740234375,95.18437194824219,76.99207305908203,79.6370849609375,24.228975296020508,28.259469985961914,156.5
2012-01-10,100.32337188720703,62.736515045166016,18.924184799194336,18.536333084106445,67.99142456054688,95.14537048339844,76.83812713623047,79.50267028808594,24.29570960998535,28.87413787841797,158.63999938964844
2012-01-11,100.37776184082031,62.983299255371094,18.863468170166016,18.33374786376953,68.0155258178711,95.34051513671875,77.28533172607422,80.53750610351562,24.27484893798828,28.89609146118164,159.6699981689453
2012-01-12,100.61861419677734,63.17247009277344,19.11309051513672,18.34500503540039,68.00747680664062,95.29368591308594,77.1240463256836,80.42325592041016,24.34575843811035,29.013160705566406,160.3800048828125
2012-01-13,100.09806060791016,62.8352165222168,18.70829963684082,18.119915008544922,68.02355194091797,95.48895263671875,77.46862030029297,81.22288513183594,24.262340545654297,28.749746322631836,159.25999450683594
2012-01-17,100.48652648925781,62.810543060302734,19.160314559936523,18.209945678710938,68.03160095214844,95.50455474853516,77.54193115234375,81.59910583496094,24.329059600830078,29.29854393005371,160.5
2012-01-18,101.59752655029297,63.92921447753906,19.551616668701172,18.480060577392578,68.02355194091797,95.4420166015625,77.30001831054688,80.61140441894531,24.470876693725586,30.0375919342041,161.60000610351562
2012-01-19,102.13360595703125,64.32404327392578,19.94292640686035,18.637624740600586,68.02355194091797,95.16093444824219,76.83812713623047,79.50267028808594,24.5835018157959,30.301013946533203,161.22000122070312
2012-01-20,102.51431274414062,64.36518096923828,19.929426193237305,18.727657318115234,68.00747680664062,95.08282470703125,76.5742416381836,78.60234832763672,24.704448699951172,30.279064178466797,162.07000732421875
2012-01-23,102.25013732910156,64.28290557861328,20.118328094482422,18.851457595825195,68.0155258178711,94.98912811279297,76.40557098388672,78.10514831542969,24.712791442871094,30.571752548217773,163.16000366210938
2012-01-24,102.13360595703125,64.65308380126953,20.010387420654297,18.79518699645996,68.0155258178711,95.05937957763672,76.4935531616211,78.24617767333984,24.708629608154297,30.615659713745117,162.00999450683594
2012-01-25,102.98817443847656,65.20417785644531,20.280248641967773,18.93024253845215,68.05574035644531,95.42646026611328,76.86011505126953,78.05810546875,24.846263885498047,30.959562301635742,166.4199981689453
2012-01-26,102.45995330810547,65.13014221191406,20.361207962036133,19.02027702331543,68.06380462646484,95.63726043701172,77.27071380615234,79.09283447265625,24.94219970703125,30.835174560546875,167.27000427246094
2012-01-27,102.41329956054688,65.57432556152344,20.394941329956055,18.89647674560547,68.07988739013672,95.6997299194336,77.5052490234375,79.3414306640625,25.22582244873047,30.996158599853516,168.97000122070312
2012-01-30,102.06369018554688,65.06434631347656,20.05086898803711,18.648876190185547,68.05574035644531,95.79345703125,77.76918029785156,80.27545928955078,25.11737823486328,30.549800872802734,168.02999877929688
2012-01-31,102.02487182617188,64.99851989746094,20.15206527709961,18.77267837524414,68.05574035644531,95.90275573730469,78.06242370605469,81.20275115966797,25.20913314819336,30.813217163085938,169.30999755859375
2012-02-01,102.91826629638672,66.3968734741211,20.583850860595703,19.08780860900879,68.03239440917969,95.81367492675781,77.79144287109375,80.27255249023438,25.415916442871094,31.493743896484375,169.55999755859375
2012-02-02,103.08145904541016,66.7752914428711,20.671554565429688,19.110313415527344,68.04048156738281,95.85273742675781,77.90155792236328,80.23883056640625,25.420103073120117,31.5815486907959,171.0500030517578
2012-02-03,104.52649688720703,68.23119354248047,21.022377014160156,19.65053367614746,68.04048156738281,95.57916259765625,77.28466796875,78.51463317871094,25.311494827270508,32.10839080810547,167.63999938964844
2012-02-06,104.45659637451172,68.00909423828125,20.853708267211914,19.57175064086914,68.02436065673828,95.68863677978516,77.49763488769531,79.2959213256836,25.16946029663086,31.837646484375,167.17999267578125
2012-02-07,104.72074890136719,67.96797180175781,21.08309555053711,19.65053367614746,68.00824737548828,95.45409393310547,76.99825286865234,78.31256103515625,25.219589233398438,31.90350341796875,169.6999969482422
2012-02-08,105.03152465820312,68.11603546142578,21.238269805908203,19.616775512695312,68.00824737548828,95.43843841552734,77.03495788574219,78.37315368652344,25.24047088623047,32.13034439086914,168.5
2012-02-09,105.16361999511719,67.77877807617188,21.30573272705078,19.65053367614746,67.9760513305664,95.29774475097656,76.85872650146484,77.7872085571289,25.211225509643555,32.11570358276367,168.02000427246094
2012-02-10,104.38666534423828,66.84931182861328,20.779499053955078,19.369171142578125,67.99219512939453,95.51663208007812,77.29205322265625,78.79751586914062,25.090070724487305,31.405927658081055,167.13999938964844
2012-02-13,105.16361999511719,67.71299743652344,20.934673309326172,19.594263076782227,67.951904296875,95.4228515625,77.2406005859375,78.89852905273438,25.090070724487305,31.918140411376953,167.50999450683594
2012-02-14,105.03152465820312,67.40864562988281,20.732271194458008,19.4704647064209,67.9680404663086,95.46186065673828,77.40219116210938,79.31612396240234,25.0733642578125,31.65470314025879,167.1199951171875
2012-02-15,104.54205322265625,66.84931182861328,20.610828399658203,19.436697006225586,67.9760513305664,95.54789733886719,77.4609603881836,79.17467498779297,25.014875411987305,31.742517471313477,168.11000061035156
2012-02-16,105.69966888427734,68.1078109741211,20.92117691040039,19.684301376342773,67.951904296875,95.26651000976562,77.10836029052734,78.54154205322266,25.056663513183594,32.08643341064453,168.0
2012-02-17,105.97935485839844,68.09959411621094,21.157306671142578,19.774333953857422,67.93579864501953,95.25867462158203,77.02762603759766,78.52130126953125,25.00653076171875,32.14497375488281,167.35000610351562
2012-02-21,106.02593231201172,67.63895416259766,21.30573272705078,19.661792755126953,67.91970825195312,95.08672332763672,76.74855041503906,77.65247344970703,25.0733642578125,32.01325988769531,171.02000427246094
2012-02-22,105.68412780761719,67.10429382324219,21.157306671142578,19.537992477416992,67.951904296875,95.30558776855469,77.0496597290039,78.62908935546875,25.04412841796875,32.07180404663086,172.94000244140625
2012-02-23,106.15025329589844,68.1078109741211,21.325973510742188,19.718061447143555,67.94388580322266,95.3133544921875,77.15982818603516,78.62908935546875,25.1861572265625,32.01325988769531,173.02000427246094
2012-02-24,106.38335418701172,67.97618103027344,21.52836799621582,19.875627517700195,67.92771911621094,95.23521423339844,77.2185287475586,79.14098358154297,25.286418914794922,32.3352165222168,172.22999572753906
2012-02-27,106.56204223632812,67.86106872558594,21.352954864501953,19.72931671142578,67.94388580322266,95.43061828613281,77.4756088256836,79.84148406982422,25.27389144897461,32.01325988769531,171.6999969482422
2012-02-28,106.87283325195312,67.6800537109375,21.55535888671875,19.864370346069336,67.95997619628906,95.45409393310547,77.51234436035156,79.57881164550781,25.336559295654297,32.459617614746094,173.49000549316406
2012-02-29,106.4532699584961,66.6683349609375,21.25850486755371,19.72931671142578,67.95997619628906,95.30558776855469,77.20391845703125,79.09386444091797,25.27389144897461,32.437660217285156,164.2899932861328
2012-03-01,107.00486755371094,67.01380920410156,21.62282371520996,20.010683059692383,67.94790649414062,95.21170806884766,76.95378875732422,78.34925079345703,25.299819946289062,32.7449951171875,166.61000061035156
2012-03-02,106.67860412597656,66.01026153564453,21.379947662353516,19.774333953857422,67.96400451660156,95.48551177978516,77.26271057128906,79.0850601196289,25.153398513793945,32.66450500488281,166.33999633789062
2012-03-05,106.24351501464844,66.08430480957031,21.325973510742188,19.695552825927734,67.96400451660156,95.36034393310547,77.10823822021484,78.45722961425781,25.140840530395508,32.10106658935547,165.64999389648438
2012-03-06,104.68966674804688,64.7682113647461,20.334224700927734,19.042789459228516,67.96400451660156,95.54031372070312,77.4319076538086,79.40911102294922,25.002763748168945,31.025423049926758,162.6999969482422
2012-03-07,105.41996002197266,65.37694549560547,20.66480827331543,19.24536895751953,67.94790649414062,95.45420837402344,77.28477478027344,78.92301940917969,25.027877807617188,31.39860725402832,163.6300048828125
2012-03-08,106.46878814697266,66.22418975830078,21.325973510742188,19.492971420288086,67.92377471923828,95.3133773803711,77.0567626953125,78.13326263427734,25.17849349975586,32.05715560913086,165.27999877929688
2012-03-09,106.88059997558594,67.1207275390625,21.096590042114258,19.436697006225586,67.92377471923828,95.3055648803711,76.99799346923828,78.28849792480469,24.96930694580078,32.042537689208984,166.3800048828125
2012-03-12,106.88835144042969,66.9891357421875,21.16405487060547,19.436697006225586,67.93174743652344,95.22735595703125,76.97586059570312,78.27497100830078,24.956750869750977,31.691307067871094,165.07000732421875
2012-03-13,108.81510925292969,68.32166290283203,21.49463653564453,19.830612182617188,67.89151763916016,94.85955810546875,76.42411804199219,76.8978500366211,24.85634422302246,32.55474853515625,162.3000030517578
2012-03-14,108.69857788085938,67.7623291015625,21.379947662353516,19.661792755126953,67.79491424560547,94.3275146484375,75.54871368408203,74.96039581298828,24.668062210083008,32.042537689208984,159.57000732421875
2012-03-15,109.32786560058594,68.32989501953125,21.690292358398438,19.706804275512695,67.83512878417969,94.42143249511719,75.5266342163086,75.07510375976562,24.66388511657715,32.29863739013672,161.0800018310547
2012-03-16,109.47929382324219,68.27234649658203,21.845458984375,19.909395217895508,67.87548065185547,94.33538818359375,75.50457763671875,75.22364807128906,24.722454071044922,32.262054443359375,161.3000030517578
2012-03-19,109.90839385986328,68.8481216430664,21.99388313293457,19.954410552978516,67.82706451416016,94.05371856689453,75.04117584228516,74.32577514648438,24.868896484375,32.13765335083008,161.58999633789062
2012-03-20,109.58850860595703,68.23119354248047,21.757749557495117,19.706804275512695,67.81092834472656,93.9832763671875,75.07791137695312,74.62284088134766,24.776844024658203,31.5815486907959,160.1300048828125
2012-03-21,109.40900421142578,68.21475219726562,21.5958309173584,19.65053367614746,67.85125732421875,94.25714111328125,75.46046447753906,75.4666976928711,24.75592803955078,31.64008140563965,160.2100067138672
2012-03-22,108.62085723876953,67.55669403076172,21.285493850708008,19.4704647064209,67.85930633544922,94.35100555419922,75.55606079101562,75.70973205566406,24.78103256225586,31.15715217590332,159.57000732421875
2012-03-23,108.97203826904297,68.21757507324219,21.45415687561035,19.594263076782227,67.86737823486328,94.49968719482422,75.83566284179688,76.42526245117188,24.902362823486328,31.39129638671875,161.52999877929688
2012-03-26,110.50151062011719,69.63671875,21.83871078491211,19.875627517700195,67.8834228515625,94.554443359375,75.74736022949219,76.03374481201172,25.048803329467773,31.940095901489258,164.39999389648438
2012-03-27,110.15813446044922,69.14994049072266,21.52162742614746,19.695552825927734,67.9076156616211,94.8048095703125,76.16666412353516,76.58055114746094,24.986040115356445,31.77180290222168,163.24000549316406
2012-03-28,109.61195373535156,68.74563598632812,21.29898452758789,19.42544174194336,67.89151763916016,94.73442840576172,76.03424835205078,76.47250366210938,24.973487854003906,31.237628936767578,161.50999450683594
2012-03-29,109.42460632324219,68.54761505126953,21.062856674194336,19.357919692993164,67.91569519042969,94.90650939941406,76.35054016113281,77.04640197753906,24.998592376708984,31.20104217529297,161.27999877929688
2012-03-30,109.87715911865234,68.3248519897461,21.285493850708008,19.4704647064209,67.9076156616211,94.75008392333984,75.9754409790039,75.74344635009766,25.078088760375977,31.427875518798828,162.1199951171875
2012-04-02,110.68091583251953,69.16642761230469,21.52836799621582,19.909395217895508,67.92373657226562,94.85424041748047,76.15743255615234,76.1630859375,25.126707077026367,31.859600067138672,162.94000244140625
2012-04-03,110.22834014892578,68.7043685913086,20.96840476989746,19.60552406311035,67.87543487548828,94.49394989013672,75.5974349975586,74.84326171875,24.904600143432617,31.676666259765625,159.88999938964844
2012-04-04,109.13593292236328,67.6070327758789,20.354459762573242,19.189098358154297,67.89153289794922,94.72892761230469,75.98055267333984,75.8720474243164,24.81658172607422,31.105918884277344,157.2100067138672
2012-04-05,109.08125305175781,67.31000518798828,20.13857078552246,19.06529998779297,67.91566467285156,94.94818115234375,76.31959533691406,76.4202880859375,24.703445434570312,31.27420997619629,158.30999755859375
2012-04-09,107.85618591308594,66.20439147949219,20.017135620117188,19.031530380249023,67.96405029296875,95.38672637939453,77.10063171386719,78.2070541381836,24.824970245361328,30.813217163085938,159.3699951171875
2012-04-10,106.04582214355469,64.64501190185547,19.497652053833008,18.558839797973633,67.99624633789062,95.56689453125,77.46170806884766,79.09375762939453,24.871065139770508,30.213205337524414,161.10000610351562
2012-04-11,106.9041976928711,65.56086730957031,19.828229904174805,18.851457595825195,67.98816680908203,95.47289276123047,77.1595687866211,78.14612579345703,24.921354293823242,30.54248046875,161.07000732421875
2012-04-12,108.30099487304688,66.50139617919922,20.179052352905273,19.25663185119629,67.99624633789062,95.38672637939453,77.00482940673828,77.82134246826172,25.080598831176758,31.325437545776367,162.6999969482422
2012-04-13,107.01342010498047,65.62683868408203,19.53812599182129,18.851457595825195,68.00428771972656,95.57474517822266,77.46903991699219,79.08021545410156,24.90878677368164,30.849803924560547,160.85000610351562
2012-04-16,106.94322204589844,65.73407745361328,19.767513275146484,19.031530380249023,68.00428771972656,95.6373291015625,77.4469223022461,78.96512603759766,24.938114166259766,30.696149826049805,160.4600067138672
2012-04-17,108.52725219726562,66.68292999267578,20.179052352905273,19.38042640686035,68.00428771972656,95.55902099609375,77.36588287353516,78.91777038574219,24.96745491027832,31.04737663269043,160.25
2012-04-18,108.16051483154297,66.17961120605469,19.83497428894043,19.447956085205078,68.02042388916016,95.60602569580078,77.52066802978516,79.14788818359375,25.005168914794922,30.901029586791992,159.30999755859375
2012-04-19,107.46605682373047,65.80009460449219,19.551616668701172,19.45920753479004,68.0284423828125,95.66085815429688,77.60905456542969,79.22230529785156,24.9506893157959,30.76199722290039,159.42999267578125
2012-04-20,107.64545440673828,66.17961120605469,19.801246643066406,19.594263076782227,68.0284423828125,95.62952423095703,77.6164779663086,79.23587036132812,24.996780395507812,30.974206924438477,159.5399932861328
2012-04-23,106.74031829833984,65.2637939453125,19.308740615844727,19.324153900146484,68.0445785522461,95.77832794189453,77.77120208740234,79.81117248535156,24.988401412963867,30.381507873535156,159.07000732421875
2012-04-24,107.14607238769531,65.75885772705078,19.53137969970703,19.41419219970703,68.02042388916016,95.66873168945312,77.57225036621094,79.24938201904297,25.05126953125,30.44736099243164,159.3000030517578
2012-04-25,108.61308288574219,66.78195190429688,20.017135620117188,19.57175064086914,68.03656005859375,95.66085815429688,77.47642517089844,78.84329986572266,25.135082244873047,30.72540855407715,159.6199951171875
2012-04-26,109.36998748779297,67.44200897216797,20.15206527709961,19.706804275512695,68.0445785522461,95.79399871826172,77.73432922363281,79.31706237792969,25.193740844726562,30.91566276550293,161.02999877929688
2012-04-27,109.5494384765625,67.97005462646484,20.300491333007812,19.864370346069336,68.0284423828125,95.81743621826172,77.81541442871094,79.38475036621094,25.248231887817383,30.959562301635742,161.3800048828125
2012-04-30,109.14373779296875,67.21923828125,20.091341018676758,19.751827239990234,68.0445785522461,95.88014221191406,77.88175964355469,79.4050521850586,25.35298728942871,30.89371681213379,161.8800048828125
2012-05-01,109.82259368896484,67.2852554321289,20.246519088745117,19.909395217895508,68.04297637939453,95.83384704589844,77.74000549316406,78.9932632446289,25.328649520874023,31.098596572875977,161.32000732421875
2012-05-02,109.49485778808594,67.46675109863281,19.949670791625977,19.8080997467041,68.0510482788086,95.86524963378906,77.88761138916016,79.54959869384766,25.269880294799805,31.040058135986328,160.58999633789062
2012-05-03,108.65987396240234,66.51792907714844,19.720287322998047,19.6392879486084,68.04297637939453,95.87306213378906,77.88021850585938,79.52921295166016,25.27407455444336,30.8059024810791,158.97000122070312
2012-05-04,106.9041976928711,65.25553894042969,19.39645004272461,19.29038429260254,68.06712341308594,96.0063247680664,78.19023132324219,80.15341186523438,25.215328216552734,30.264427185058594,159.47000122070312
2012-05-07,106.98221588134766,65.42881774902344,19.61908531188965,19.481721878051758,68.06712341308594,96.02986145019531,78.16808319091797,80.1669921875,25.223716735839844,30.374181747436523,159.0800018310547
2012-05-08,106.55305480957031,65.3875503540039,19.35597038269043,19.14407730102539,68.07521057128906,96.0925064086914,78.34524536132812,80.59442901611328,25.1607666015625,29.891244888305664,156.0
2012-05-09,105.92097473144531,65.01626586914062,19.00514793395996,18.93024253845215,68.06712341308594,96.13172912597656,78.41162872314453,80.64871215820312,25.047439575195312,29.50342559814453,154.47000122070312
2012-05-10,106.13948059082031,65.2637939453125,19.146821975708008,18.997766494750977,68.05908966064453,96.07689666748047,78.30096435546875,80.41121673583984,25.064233779907227,29.627819061279297,154.77000427246094
2012-05-11,105.81956481933594,65.09878540039062,19.099594116210938,18.873966217041016,68.06712341308594,96.18659973144531,78.55925750732422,81.0761489868164,25.034852981567383,29.24732780456543,153.55999755859375
2012-05-14,104.64905548095703,64.23245239257812,18.620594024658203,18.581348419189453,68.05908966064453,96.3119888305664,78.90615844726562,82.20915985107422,24.917343139648438,28.58144187927246,151.3300018310547
2012-05-15,104.0482177734375,64.11695098876953,18.25627326965332,18.34500503540039,68.0510482788086,96.2492904663086,78.92829895019531,82.54158782958984,24.70328712463379,28.33265495300293,149.74000549316406
2012-05-16,103.65023040771484,63.65488815307617,18.14158058166504,18.17618179321289,68.04297637939453,96.2492904663086,78.9873275756836,82.77911376953125,24.606760025024414,27.93019676208496,149.4600067138672
2012-05-17,102.11302185058594,62.21098709106445,17.91219711303711,17.782270431518555,68.01068878173828,96.28060913085938,79.28260803222656,84.2445297241211,24.657129287719727,27.549697875976562,152.8000030517578
2012-05-18,101.23907470703125,61.62517547607422,17.932437896728516,17.61345672607422,68.01882934570312,96.26498413085938,79.23089599609375,84.26492309570312,24.70328712463379,27.28627586364746,154.5500030517578
2012-05-21,102.9791488647461,63.07731628417969,18.37096405029297,17.996110916137695,68.02684020996094,96.2492904663086,79.02421569824219,84.08853912353516,24.833410263061523,27.937522888183594,154.64999389648438
2012-05-22,103.15864562988281,62.697811126708984,18.26976776123047,17.96234893798828,68.00261688232422,96.17094421386719,78.85450744628906,83.1522216796875,24.652942657470703,27.64482307434082,152.0800018310547
2012-05-23,103.21326446533203,63.10213088989258,18.074113845825195,17.80478286743164,68.03489685058594,96.25718688964844,79.06114959716797,83.72891235351562,24.598373413085938,27.45457649230957,151.6199951171875
2012-05-24,103.41613006591797,63.23409652709961,17.837987899780273,17.816036224365234,68.01068878173828,96.1395263671875,78.89137268066406,83.41002655029297,24.598373413085938,27.315542221069336,151.41000366210938
2012-05-25,103.0805892944336,63.19285202026367,17.85147476196289,17.771018981933594,68.04297637939453,96.2492904663086,79.12017822265625,83.72215270996094,24.606760025024414,27.183826446533203,152.67999267578125
2012-05-29,104.3291244506836,64.1086654663086,17.98641014099121,17.928585052490234,68.02684020996094,96.17880249023438,79.0537338256836,83.46431732177734,24.564802169799805,27.95215606689453,151.02000427246094
2012-05-30,102.81529235839844,62.87929153442383,17.4399356842041,17.43337631225586,68.05908966064453,96.53936004638672,79.80658721923828,85.58108520507812,24.468263626098633,27.46921157836914,151.91000366210938
2012-05-31,102.58898162841797,62.79680633544922,17.50065040588379,17.500905990600586,68.08329010009766,96.68828582763672,80.1165542602539,86.5716552734375,24.6109561920166,27.586284637451172,151.6199951171875
2012-06-01,100.00613403320312,60.90740203857422,17.008155822753906,17.19702911376953,68.08967590332031,96.87342071533203,80.80476379394531,88.6268310546875,24.78965187072754,26.847238540649414,157.5
2012-06-04,99.95932006835938,60.76713943481445,17.230792999267578,17.30957794189453,68.08161926269531,96.58317565917969,80.3390884399414,87.9266586303711,24.823301315307617,26.964317321777344,157.32000732421875
2012-06-05,100.71623992919922,61.550907135009766,17.278017044067383,17.36585235595703,68.09779357910156,96.55960083007812,80.07299041748047,86.75048828125,24.705562591552734,27.037487030029297,157.13999938964844
2012-06-06,102.9791488647461,63.069091796875,17.878463745117188,17.90607261657715,68.07353210449219,96.31641387939453,79.54808807373047,85.01679992675781,24.882150650024414,27.827762603759766,157.2100067138672
2012-06-07,103.04159545898438,62.65654754638672,17.837987899780273,18.041128158569336,68.06550598144531,96.40270233154297,79.74028015136719,85.14599609375,24.772825241088867,27.996057510375977,154.5
2012-06-08,103.86093139648438,63.50640106201172,17.844730377197266,18.018619537353516,68.06550598144531,96.41841125488281,79.79940795898438,85.12554168701172,24.74759864807129,27.75459098815918,154.72999572753906
2012-06-11,102.54220581054688,62.103736877441406,17.59510612487793,17.861055374145508,68.06550598144531,96.49689483642578,80.01382446289062,85.51313781738281,24.6298828125,27.352134704589844,155.36000061035156
2012-06-12,103.72047424316406,62.88758850097656,17.831235885620117,18.28873062133789,68.03326416015625,96.2614974975586,79.58505249023438,84.73126220703125,24.596256256103516,27.92288589477539,156.4600067138672
2012-06-13,103.05721282958984,62.1614990234375,17.70979881286621,18.074892044067383,68.02522277832031,96.46546936035156,80.00641632080078,85.5675048828125,24.541589736938477,27.820436477661133,157.1199951171875
2012-06-14,104.14962768554688,62.871063232421875,17.932437896728516,18.18743896484375,68.03326416015625,96.35562896728516,79.7919921875,85.45870208740234,24.596256256103516,28.01801300048828,157.75
2012-06-15,105.21479034423828,63.7126579284668,18.26976776123047,18.43503761291504,68.05745697021484,96.59881591796875,80.16165924072266,85.93466186523438,24.819080352783203,28.53022575378418,157.83999633789062
2012-06-18,105.41875457763672,63.786922454833984,18.026897430419922,18.3900203704834,68.04134368896484,96.56744384765625,80.1395034790039,86.39689636230469,24.726577758789062,28.588760375976562,157.92999267578125
2012-06-19,106.43844604492188,64.89250183105469,18.485660552978516,18.738910675048828,68.03326416015625,96.46546936035156,79.86597442626953,85.2683334350586,24.844316482543945,29.04975700378418,157.16000366210938
2012-06-20,106.26583862304688,64.79348754882812,18.654319763183594,18.862709045410156,68.00908660888672,96.30072784423828,79.70333862304688,85.68985748291016,24.848508834838867,28.954620361328125,155.97000122070312
2012-06-21,103.88139343261719,63.21759033203125,18.154279708862305,18.307388305664062,68.01717376708984,96.37915802001953,79.87334442138672,86.14541625976562,24.663516998291016,27.894235610961914,152.02000427246094
2012-06-22,104.68146514892578,63.93543243408203,18.341798782348633,18.445642471313477,68.02522277832031,96.2614974975586,79.52592468261719,84.9964370727539,24.688737869262695,27.98310661315918,152.63999938964844
2012-06-25,103.0029296875,62.937103271484375,17.75841522216797,18.111526489257812,68.02522277832031,96.44197845458984,79.96208190917969,86.23374938964844,24.650903701782227,27.464759826660156,153.75999450683594
2012-06-26,103.52057647705078,63.18331527709961,17.75841522216797,18.29586410522461,68.00908660888672,96.38703155517578,79.78467559814453,85.89385223388672,24.625675201416016,27.701719284057617,152.6199951171875
2012-06-27,104.4540023803711,64.21150970458984,17.97370719909668,18.457164764404297,68.00908660888672,96.44197845458984,79.89555358886719,86.02983093261719,24.592052459716797,27.879436492919922,152.8300018310547
2012-06-28,104.15592956542969,64.1037368774414,17.97370719909668,18.353473663330078,68.01717376708984,96.56744384765625,80.15428161621094,86.24054718017578,24.56260871887207,27.746143341064453,151.0500030517578
2012-06-29,106.75218200683594,65.9693832397461,19.064077377319336,18.768238067626953,68.01717376708984,96.49689483642578,79.78467559814453,85.11876678466797,24.86113166809082,28.97536277770996,155.19000244140625
2012-07-02,107.07376098632812,66.73223114013672,19.175199508666992,19.03322982788086,68.03813171386719,96.65938568115234,80.15484619140625,85.99700927734375,24.88007354736328,28.97536277770996,155.08999633789062
2012-07-03,107.77969360351562,67.60282897949219,19.355770111083984,19.090837478637695,68.0219497680664,96.5573501586914,79.9549560546875,85.33614349365234,24.913761138916016,29.552947998046875,157.4600067138672
2012-07-05,107.29338073730469,67.5282211303711,18.772388458251953,18.929534912109375,68.04620361328125,96.6436767578125,80.16961669921875,85.77220916748047,24.732690811157227,29.241939544677734,155.67999267578125
2012-07-06,106.27367401123047,66.77366638183594,18.293184280395508,18.848888397216797,68.0704116821289,96.76925659179688,80.45091247558594,86.56935119628906,24.694782257080078,28.70878791809082,153.7100067138672
2012-07-09,106.140380859375,66.51663970947266,18.300128936767578,18.825843811035156,68.0704116821289,96.86351013183594,80.67308044433594,87.33243560791016,24.757965087890625,28.605113983154297,154.0399932861328
2012-07-10,105.21479034423828,65.77864837646484,18.16817283630371,18.74519920349121,68.0704116821289,96.87921142578125,80.7100830078125,87.50959014892578,24.741111755371094,28.286705017089844,152.14999389648438
2012-07-11,105.23048400878906,65.55480194091797,18.251516342163086,18.837369918823242,68.07842254638672,96.83214569091797,80.63602447509766,87.61857604980469,24.795852661132812,28.43480682373047,152.99000549316406
2012-07-12,104.72067260742188,65.3309097290039,18.063995361328125,18.618459701538086,68.09449768066406,96.88705444335938,80.82108306884766,88.23857879638672,24.76637840270996,27.96088409423828,152.58999633789062
2012-07-13,106.47762298583984,66.14348602294922,18.36263084411621,18.952585220336914,68.11067199707031,96.90278625488281,80.75442504882812,88.00691223144531,24.854820251464844,28.501447677612305,154.13999938964844
2012-07-16,106.2266616821289,65.87816619873047,18.34874153137207,18.964101791381836,68.13487243652344,97.02841186523438,80.93217468261719,88.41573333740234,24.99799346923828,28.43480682373047,154.2100067138672
2012-07-17,106.95612335205078,66.1103286743164,18.487640380859375,18.964101791381836,68.1268539428711,96.94989013671875,80.72481536865234,87.72073364257812,25.04011344909668,28.81244659423828,153.47000122070312
2012-07-18,107.74827575683594,66.51663970947266,18.64043426513672,19.079315185546875,68.14298248291016,97.02053833007812,80.80636596679688,87.76849365234375,25.09906768798828,28.7384090423584,153.0500030517578
2012-07-19,108.0306625366211,66.2927474975586,18.800168991088867,19.298221588134766,68.15908813476562,96.9813003540039,80.68780517578125,87.54364013671875,25.15802574157715,29.00498390197754,153.3800048828125
2012-07-20,107.04236602783203,65.44700622558594,18.18206024169922,18.906497955322266,68.16715240478516,97.1540756225586,81.00618743896484,88.61335754394531,24.989574432373047,28.575496673583984,153.6699981689453
2012-07-23,105.95994567871094,64.40225219726562,17.6820125579834,18.48021125793457,68.17523956298828,97.21682739257812,81.13944244384766,89.11067199707031,24.863231658935547,27.827600479125977,153.02999877929688
2012-07-24,105.05009460449219,63.55648422241211,17.355607986450195,18.261302947998047,68.15908813476562,97.27179718017578,81.29492950439453,89.81246948242188,24.732690811157227,27.709123611450195,153.52000427246094
2012-07-25,105.07362365722656,63.697444915771484,17.54311752319336,18.272825241088867,68.16715240478516,97.27963256835938,81.33936309814453,90.04414367675781,24.842191696166992,27.842411041259766,155.6699981689453
2012-07-26,106.80705261230469,64.24466705322266,18.390413284301758,18.779760360717773,68.16715240478516,97.17759704589844,81.08763885498047,89.21969604492188,25.090648651123047,28.471826553344727,156.77000427246094
2012-07-27,108.77583312988281,65.77037048339844,19.071027755737305,19.079315185546875,68.11876678466797,96.90278625488281,80.5027847290039,87.53678894042969,25.13276481628418,29.27154541015625,157.5399932861328
2012-07-30,108.77583312988281,65.54650115966797,18.987686157226562,19.125402450561523,68.15106964111328,97.05976867675781,80.76189422607422,88.19091033935547,25.090648651123047,29.101245880126953,157.42999267578125
2012-07-31,108.01499938964844,64.96607971191406,18.87656593322754,18.929534912109375,68.16715240478516,97.16973114013672,80.9025650024414,88.36801147460938,25.187501907348633,28.967952728271484,156.49000549316406
2012-08-01,107.92083740234375,63.89643859863281,18.855728149414062,19.044755935668945,68.1558609008789,97.02903747558594,80.60743713378906,87.92633819580078,25.082067489624023,29.01978874206543,155.13999938964844
2012-08-02,107.17572021484375,63.66425704956055,18.2792911529541,18.837369918823242,68.16387176513672,97.13121032714844,80.80020904541016,88.42469787597656,25.035667419433594,28.679157257080078,154.1300048828125
2012-08-03,109.30138397216797,65.1816635131836,19.355770111083984,19.413433074951172,68.13973999023438,96.87976837158203,80.37763977050781,86.99769592285156,25.29715347290039,29.567752838134766,155.5500030517578
2012-08-06,109.51314544677734,65.68746948242188,19.59884262084961,19.482561111450195,68.14776611328125,96.94261932373047,80.42955780029297,87.03191375732422,25.33932876586914,29.752872467041016,156.3000030517578
2012-08-07,110.06218719482422,66.28445434570312,19.862756729125977,19.574729919433594,68.11553955078125,96.71477508544922,80.00689697265625,85.91215515136719,25.271852493286133,29.834331512451172,156.27999877929688
2012-08-08,110.19559478759766,66.18496704101562,19.765525817871094,19.724510192871094,68.09133911132812,96.60480499267578,79.89570617675781,85.45471954345703,25.3098087310791,29.893569946289062,156.47999572753906
2012-08-09,110.28964233398438,66.50005340576172,19.668296813964844,19.67842674255371,68.09133911132812,96.6126708984375,79.83636474609375,85.39324188232422,25.225461959838867,30.019454956054688,156.99000549316406
2012-08-10,110.47005462646484,66.26790618896484,19.689130783081055,19.816680908203125,68.10745239257812,96.6990737915039,80.06623840332031,85.82335662841797,25.271852493286133,30.16014289855957,157.17999267578125
2012-08-13,110.41516876220703,66.16008758544922,19.640518188476562,19.736026763916016,68.11553955078125,96.72261810302734,80.01432800292969,85.67997741699219,25.280302047729492,29.893569946289062,155.99000549316406
2012-08-14,110.43083190917969,66.00254821777344,19.67523956298828,19.805156707763672,68.09937286376953,96.5497817993164,79.62140655517578,84.5193099975586,25.204374313354492,29.886159896850586,155.1300048828125
2012-08-15,110.55633544921875,66.58299255371094,19.647462844848633,19.805156707763672,68.07518768310547,96.3376235961914,79.22097778320312,83.331298828125,25.11158561706543,29.84173011779785,155.6300048828125
2012-08-16,111.37210083007812,67.27944946289062,20.022491455078125,19.908851623535156,68.06708526611328,96.2276611328125,79.02825927734375,82.62120819091797,25.09471893310547,30.11570930480957,156.55999755859375
2012-08-17,111.52111053466797,67.75211334228516,20.119722366333008,19.885807037353516,68.07518768310547,96.32194519042969,79.1246337890625,83.02404022216797,25.073638916015625,29.967613220214844,156.72000122070312
2012-08-20,111.52898406982422,67.60282897949219,20.071104049682617,19.816680908203125,68.07518768310547,96.36116790771484,79.16912078857422,83.19475555419922,25.05254364013672,29.952808380126953,157.25999450683594
2012-08-21,111.19165802001953,67.56140899658203,20.34890365600586,19.862762451171875,68.07518768310547,96.376953125,79.23584747314453,83.56341552734375,25.208589553833008,29.908367156982422,158.8300018310547
2012-08-22,111.23876953125,67.23802185058594,20.33501625061035,19.8397216796875,68.11553955078125,96.73052978515625,79.8512191772461,84.94266510009766,25.31824493408203,29.92319107055664,160.5399932861328
2012-08-23,110.32889556884766,66.76539611816406,20.08500099182129,19.759075164794922,68.12358856201172,96.8090591430664,79.9920425415039,85.29766082763672,25.38573455810547,29.649208068847656,161.88999938964844
2012-08-24,110.9955825805664,66.94779968261719,20.050277709960938,19.66690444946289,68.12358856201172,96.7540512084961,79.95501708984375,85.2157211303711,25.360422134399414,29.6566162109375,161.97000122070312
2012-08-27,111.01911163330078,67.14682006835938,20.168338775634766,19.736026763916016,68.11553955078125,96.86405944824219,80.16258239746094,85.714111328125,25.368858337402344,29.353002548217773,161.36000061035156
2012-08-28,110.9092788696289,67.45357513427734,20.251680374145508,19.701467514038086,68.12358856201172,96.87191009521484,80.1922836303711,85.91896057128906,25.474300384521484,29.293779373168945,161.63999938964844
2012-08-29,110.9955825805664,67.6608657836914,20.133607864379883,19.64385986328125,68.12358856201172,96.87191009521484,80.14038848876953,85.54346466064453,25.368858337402344,29.153072357177734,160.58999633789062
2012-08-30,110.19559478759766,66.98924255371094,19.807201385498047,19.471040725708008,68.1316146850586,97.00546264648438,80.28868865966797,85.98726654052734,25.364643096923828,28.81244659423828,160.52000427246094
2012-08-31,110.72107696533203,67.26292419433594,20.12666893005371,19.551687240600586,68.1719970703125,97.28836059570312,80.80760955810547,87.20257568359375,25.495386123657227,29.0864315032959,164.22000122070312
2012-09-04,110.6191177368164,68.08378601074219,20.23084259033203,19.459518432617188,68.1671371459961,97.14531707763672,80.62278747558594,87.11502838134766,25.44600486755371,28.92352867126465,164.47999572753906
2012-09-05,110.52496337890625,68.100341796875,20.203062057495117,19.424957275390625,68.1671371459961,97.1609878540039,80.59306335449219,86.7044448852539,25.500873565673828,28.77543067932129,164.30999755859375
2012-09-06,112.76828002929688,69.35242462158203,20.953123092651367,19.862762451171875,68.1348876953125,96.901611328125,80.04368591308594,85.2607421875,25.488204956054688,29.41224479675293,164.88999938964844
2012-09-07,113.20747375488281,69.86649322509766,21.36288833618164,20.07015037536621,68.15103912353516,97.01167297363281,80.14759063720703,84.8638916015625,25.79631996154785,30.093490600585938,168.44000244140625
2012-09-10,112.56436157226562,69.55144500732422,21.119802474975586,19.954936981201172,68.1348876953125,97.02739715576172,80.18476104736328,85.06916046142578,25.758329391479492,29.708446502685547,167.2899932861328
2012-09-11,112.87803649902344,69.70069122314453,21.501781463623047,20.07015037536621,68.15103912353516,96.96446990966797,80.03624725341797,84.53551483154297,25.944028854370117,30.063880920410156,167.89999389648438
2012-09-12,113.25459289550781,70.05722045898438,21.703184127807617,20.116235733032227,68.14293670654297,96.83081817626953,79.64274597167969,83.48177337646484,25.918712615966797,30.19717025756836,167.9199981689453
2012-09-13,114.98019409179688,70.97760009765625,21.974040985107422,20.496437072753906,68.1671371459961,97.01951599121094,79.87290954589844,83.15335083007812,26.10441780090332,31.01171112060547,171.30999755859375
2012-09-14,115.49002838134766,71.64096069335938,22.30739974975586,20.680782318115234,68.1348876953125,96.68147277832031,79.123046875,80.94329833984375,26.062211990356445,31.374547958374023,171.8000030517578
2012-09-17,115.09780883789062,71.30929565429688,22.182395935058594,20.600128173828125,68.1348876953125,96.69718933105469,79.28636169433594,81.91490936279297,25.998912811279297,31.033926010131836,170.39999389648438
2012-09-18,115.00371551513672,71.07711029052734,21.876813888549805,20.57708740234375,68.14293670654297,96.8072280883789,79.48680114746094,82.32546997070312,25.952478408813477,31.048723220825195,171.72000122070312
2012-09-19,115.06645965576172,70.95272827148438,21.98098373413086,20.66925811767578,68.14293670654297,96.85444641113281,79.67243194580078,82.8659896850586,26.036882400512695,31.048723220825195,171.74000549316406
2012-09-20,115.07430267333984,70.63764953613281,21.80735969543457,20.531003952026367,68.12677764892578,96.87010192871094,79.71700286865234,83.07123565673828,25.977811813354492,30.863601684570312,171.47000122070312
2012-09-21,115.02617645263672,70.89470672607422,21.876813888549805,20.507963180541992,68.1348876953125,96.97233581542969,79.88773345947266,83.16703033447266,25.965137481689453,30.937654495239258,171.9600067138672
2012-09-24,114.85267639160156,70.66326141357422,21.730966567993164,20.47339630126953,68.14293670654297,97.01951599121094,80.06594848632812,83.81707763671875,25.99046516418457,30.90804672241211,171.0500030517578
2012-09-25,113.63044738769531,69.647705078125,21.52261734008789,20.335140228271484,68.12677764892578,97.06670379638672,80.3629379272461,84.64498138427734,25.977811813354492,30.448932647705078,170.77000427246094
2012-09-26,112.99173736572266,69.20652770996094,21.161474227905273,20.139278411865234,68.14293670654297,97.24747467041016,80.69703674316406,85.55496978759766,26.02001190185547,30.308237075805664,169.80999755859375
2012-09-27,114.0562515258789,69.95572662353516,21.411495208740234,20.346662521362305,68.15103912353516,97.20822143554688,80.52620697021484,84.94600677490234,26.108640670776367,30.789554595947266,172.33999633789062
2012-09-28,113.52794647216797,69.45626831054688,20.869781494140625,20.047101974487305,68.18327331542969,97.26321411132812,80.52620697021484,84.99388885498047,25.994686126708984,30.60443687438965,171.88999938964844
2012-10-01,113.82760620117188,69.68938446044922,21.105913162231445,20.173839569091797,68.18489074707031,97.28131866455078,80.67568969726562,85.30931854248047,25.972713470458984,30.90804672241211,172.2899932861328
2012-10-02,113.94586181640625,69.82255554199219,21.293432235717773,20.185365676879883,68.16876983642578,97.29705810546875,80.6236343383789,85.19276428222656,26.036121368408203,30.952468872070312,172.10000610351562
2012-10-03,114.41110229492188,69.62276458740234,21.223974227905273,20.139278411865234,68.16876983642578,97.33641052246094,80.70543670654297,85.22016906738281,25.955801010131836,30.7451229095459,172.41000366210938
2012-10-04,115.23121643066406,70.09725189208984,21.487890243530273,20.427309036254883,68.16876983642578,97.21051025390625,80.38569641113281,84.15739440917969,26.053016662597656,31.06354331970215,173.61000061035156
2012-10-05,115.23910522460938,70.01399993896484,21.66846466064453,20.358179092407227,68.13643646240234,97.04537200927734,80.02145385742188,83.06722259521484,26.040346145629883,31.06354331970215,172.6199951171875
2012-10-08,114.8448486328125,69.57283020019531,21.46010971069336,20.2314453125,68.14452362060547,97.18695831298828,80.28166961669922,83.76656341552734,25.96425437927246,30.789554595947266,172.0500030517578
2012-10-09,113.70928955078125,68.75706481933594,21.03646469116211,20.012542724609375,68.14452362060547,97.09253692626953,80.11809539794922,83.61576080322266,25.88816261291504,30.560012817382812,170.99000549316406
2012-10-10,112.98381805419922,68.64885711669922,20.939241409301758,19.94341278076172,68.13643646240234,97.1318588256836,80.3114013671875,84.20542907714844,25.955801010131836,30.37488555908203,170.83999633789062
2012-10-11,113.0468978881836,68.89856719970703,21.175365447998047,20.09319496154785,68.12840270996094,97.12401580810547,80.38569641113281,84.7882308959961,26.00228500366211,30.65627098083496,171.32000732421875
2012-10-12,112.67626190185547,68.34087371826172,21.161474227905273,20.081676483154297,68.15266418457031,97.1475830078125,80.39320373535156,85.00074768066406,26.08683967590332,30.560012817382812,170.05999755859375
2012-10-15,113.61468505859375,68.79036712646484,21.369829177856445,20.185365676879883,68.13643646240234,97.11612701416016,80.41549682617188,84.80879974365234,26.036121368408203,30.737722396850586,168.35000610351562
2012-10-16,114.76596069335938,69.29812622070312,21.91153335571289,20.438831329345703,68.13643646240234,96.98239135742188,80.03632354736328,83.63628387451172,26.074159622192383,31.056135177612305,169.4199981689453
2012-10-17,115.28643035888672,69.92243957519531,22.19628143310547,20.600128173828125,68.09613800048828,96.68354797363281,79.53079223632812,82.86149597167969,26.154483795166016,31.300500869750977,169.5399932861328
2012-10-18,114.98677825927734,69.53951263427734,22.10599708557129,20.438831329345703,68.10416412353516,96.60484313964844,79.38951873779297,82.35411071777344,26.053016662597656,31.211639404296875,168.7899932861328
2012-10-19,113.07057189941406,68.13277435302734,21.744855880737305,20.254491806030273,68.10416412353516,96.7464828491211,79.72412872314453,83.47173309326172,25.968482971191406,30.730316162109375,166.97000122070312
2012-10-22,113.08634185791016,68.1160888671875,21.876813888549805,20.346662521362305,68.07997131347656,96.58912658691406,79.45645904541016,82.93693542480469,25.94733428955078,31.026517868041992,167.5800018310547
2012-10-23,111.51716613769531,67.77484130859375,21.328157424926758,19.93189811706543,68.1122055053711,96.7542724609375,79.83560180664062,84.12310791015625,25.83743667602539,30.389699935913086,165.42999267578125
2012-10-24,111.20171356201172,67.5916976928711,21.230920791625977,20.00102424621582,68.10416412353516,96.73859405517578,79.6646728515625,83.29348754882812,25.833200454711914,30.419313430786133,164.86000061035156
2012-10-25,111.52499389648438,67.86636352539062,21.265649795532227,20.196884155273438,68.07997131347656,96.5340576171875,79.37467193603516,82.86835479736328,25.782474517822266,30.752538681030273,166.02000427246094
2012-10-26,111.46192932128906,67.5417251586914,21.35593032836914,20.173839569091797,68.09613800048828,96.77003479003906,79.88023376464844,84.08883666992188,25.824743270874023,30.515579223632812,165.92999267578125
2012-10-31,111.46192932128906,67.9496078491211,21.404552459716797,20.139278411865234,68.13643646240234,96.94308471679688,80.20735931396484,84.58251190185547,25.89238739013672,30.471149444580078,166.8300018310547
2012-11-01,112.62898254394531,68.66551208496094,21.65456771850586,20.404272079467773,68.12037658691406,96.86442565917969,80.04729461669922,83.88993835449219,25.786714553833008,30.96727752685547,166.07000732421875
2012-11-02,111.62750244140625,67.58334350585938,21.411495208740234,20.173839569091797,68.1122055053711,96.88016510009766,80.11429595947266,83.82828521728516,25.659875869750977,30.804372787475586,162.60000610351562
2012-11-05,111.85620880126953,68.03287506103516,21.279542922973633,20.139278411865234,68.1122055053711,96.99811553955078,80.30781555175781,84.30138397216797,25.630292892456055,30.952468872070312,163.22999572753906
2012-11-06,112.73147583007812,68.5406265258789,21.515668869018555,20.36971092224121,68.0880126953125,96.77003479003906,79.94308471679688,83.50605773925781,25.710607528686523,31.19683837890625,166.3000030517578
2012-11-07,110.17656707763672,66.87580871582031,21.098968505859375,20.047101974487305,68.14452362060547,97.10824584960938,80.6130599975586,85.02128601074219,25.7148380279541,30.685884475708008,166.49000549316406
2012-11-08,108.85179901123047,65.93521118164062,20.814220428466797,19.828203201293945,68.14452362060547,97.2734603881836,80.97036743164062,86.28290557861328,25.74442481994629,30.300838470458984,167.99000549316406
2012-11-09,108.94645690917969,66.07672882080078,20.744773864746094,19.782115936279297,68.14452362060547,97.26555633544922,80.97782135009766,86.37893676757812,25.70638084411621,30.360076904296875,167.82000732421875
2012-11-12,109.03321075439453,65.88525390625,20.800338745117188,19.770597457885742,68.14452362060547,97.3127670288086,81.02989196777344,86.52291107177734,25.710607528686523,30.471149444580078,167.4499969482422
2012-11-13,108.6546630859375,65.51068115234375,20.70310401916504,19.66690444946289,68.15266418457031,97.35210418701172,81.12667846679688,86.81085968017578,25.70216178894043,30.19717025756836,167.10000610351562
2012-11-14,107.18795776367188,64.29534912109375,20.626712799072266,19.424957275390625,68.16876983642578,97.33641052246094,81.14900207519531,86.89311218261719,25.54996109008789,29.73065185546875,167.13999938964844
2012-11-15,107.00662994384766,63.962379455566406,20.67532730102539,19.4479923248291,68.16876983642578,97.35997009277344,81.11186218261719,86.72176361083984,25.55842399597168,29.834331512451172,166.08999633789062
2012-11-16,107.53492736816406,64.4951171875,20.473913192749023,19.367345809936523,68.16876983642578,97.39926147460938,81.1639175415039,86.64636993408203,25.49924659729004,29.92319107055664,165.8800048828125
2012-11-19,109.71137237548828,65.86026763916016,21.015626907348633,19.724510192871094,68.16069030761719,97.3127670288086,81.00010681152344,86.1595458984375,25.626060485839844,30.448932647705078,167.8699951171875
2012-11-20,109.75867462158203,65.976806640625,21.161474227905273,19.816680908203125,68.14452362060547,97.17117309570312,80.66514587402344,85.29560089111328,25.545751571655273,30.389699935913086,167.38999938964844
2012-11-21,109.9637222290039,66.3264389038086,21.24481964111328,19.87428855895996,68.13643646240234,97.10037994384766,80.54603576660156,85.24754333496094,25.516145706176758,30.33045196533203,167.55999755859375
2012-11-23,111.46192932128906,66.98405456542969,21.835142135620117,20.20840072631836,68.13643646240234,97.07681274414062,80.50135040283203,85.16532897949219,25.731746673583984,30.826581954956055,169.61000061035156
2012-11-26,111.22535705566406,67.20047760009766,21.772634506225586,20.139278411865234,68.12840270996094,97.1475830078125,80.63536834716797,85.56982421875,25.76555824279785,30.826581954956055,169.42999267578125
2012-11-27,110.65760040283203,67.11719512939453,21.61984634399414,20.047101974487305,68.13643646240234,97.24195861816406,80.82149505615234,85.90579986572266,25.72751808166504,30.567405700683594,168.7100067138672
2012-11-28,111.54869079589844,67.68328094482422,21.835142135620117,20.196884155273438,68.14452362060547,97.3127670288086,80.92572021484375,85.78241729736328,25.83743667602539,30.737722396850586,166.5500030517578
2012-11-29,112.069091796875,68.4573974609375,22.036544799804688,20.358179092407227,68.14452362060547,97.34423065185547,81.0075912475586,85.79613494873047,25.88816261291504,30.959875106811523,167.17999267578125
2012-11-30,112.09278106689453,68.32421875,22.1337833404541,20.36971092224121,68.15266418457031,97.40713500976562,80.99266815185547,85.56298828125,25.88816261291504,30.94506072998047,166.0500030517578
2012-12-03,111.540771484375,68.24927520751953,22.20322608947754,20.415782928466797,68.16069030761719,97.38198852539062,80.96063995361328,85.64201354980469,25.883071899414062,30.930252075195312,166.1300048828125
2012-12-04,111.38308715820312,68.33253479003906,22.349071502685547,20.450359344482422,68.16069030761719,97.41345977783203,81.10228729248047,86.13664245605469,26.03993797302246,31.019113540649414,164.4199981689453
2012-12-05,111.58020782470703,68.24927520751953,22.376850128173828,20.542522430419922,68.17684173583984,97.47640991210938,81.16929626464844,86.09542083740234,25.96784782409668,31.352325439453125,164.1199951171875
2012-12-06,111.9587173461914,68.35749053955078,22.35601806640625,20.542522430419922,68.17684173583984,97.49215698242188,81.21410369873047,86.28093719482422,25.92970085144043,31.58928871154785,164.5
2012-12-07,112.2978286743164,68.40745544433594,22.251846313476562,20.56556510925293,68.17684173583984,97.41345977783203,80.9830093383789,85.48399353027344,25.866111755371094,31.68555450439453,165.16000366210938
2012-12-10,112.34513092041016,68.7071304321289,22.217113494873047,20.611650466918945,68.17684173583984,97.44490814208984,81.05754852294922,85.86184692382812,25.90850067138672,31.86326789855957,165.8000030517578
2012-12-11,113.11000061035156,69.43132781982422,22.460195541381836,20.66925811767578,68.17684173583984,97.37411499023438,80.90098571777344,85.20919799804688,25.96784782409668,32.026180267333984,165.64999389648438
2012-12-12,113.16524505615234,69.04007720947266,22.60603904724121,20.73838996887207,68.16880798339844,97.26390838623047,80.55815124511719,84.21990966796875,26.00177574157715,32.122432708740234,165.77000427246094
2012-12-13,112.47125244140625,68.59892272949219,22.578258514404297,20.657743453979492,68.16880798339844,97.122314453125,80.40160369873047,84.2817153930664,25.883071899414062,31.98175048828125,164.3699951171875
2012-12-14,112.05333709716797,68.55726623535156,22.76577377319336,20.703821182250977,68.18489837646484,97.1773681640625,80.58049011230469,84.913818359375,25.95939826965332,32.122432708740234,164.1300048828125
2012-12-17,113.37025451660156,69.52289581298828,22.807435989379883,20.78447151184082,68.16880798339844,96.96492767333984,80.1556625366211,83.64279174804688,25.950885772705078,32.203887939453125,164.44000244140625
2012-12-18,114.63191223144531,70.47183227539062,23.049928665161133,20.951574325561523,68.12836456298828,96.79183197021484,79.84258270263672,82.79090118408203,26.010251998901367,32.42887878417969,162.0800018310547
2012-12-19,113.78032684326172,70.62882995605469,23.15444564819336,20.974943161010742,68.1445541381836,96.87834930419922,79.95446014404297,83.06575775146484,26.044170379638672,32.41396713256836,161.69000244140625
2012-12-20,114.43476104736328,70.98150634765625,23.27290153503418,21.06842041015625,68.13648223876953,96.8547592163086,80.00656127929688,83.0794906616211,26.06113624572754,32.607669830322266,159.72999572753906
2012-12-21,113.39604187011719,70.68766784667969,23.133544921875,20.846405029296875,68.1445541381836,96.98064422607422,80.22274017333984,83.98634338378906,26.02298355102539,32.23518371582031,160.3300018310547
2012-12-24,113.04660034179688,70.34336853027344,23.035993576049805,20.85808753967285,68.1445541381836,96.94129943847656,80.1407470703125,83.83516693115234,25.99329376220703,32.16814041137695,160.6199951171875
2012-12-26,112.57008361816406,69.83960723876953,22.98722267150879,20.799663543701172,68.14533996582031,96.99090576171875,80.30573272705078,84.13674926757812,25.95939826965332,32.264984130859375,160.77999877929688
2012-12-27,112.4192123413086,69.78924560546875,23.213077545166016,20.823034286499023,68.1695556640625,97.10112762451172,80.46992492675781,84.4190444946289,25.956401824951172,32.44681930541992,161.16000366210938
2012-12-28,111.20420837402344,69.29383850097656,22.808761596679688,20.636070251464844,68.1695556640625,97.17987823486328,80.6565170288086,84.9010238647461,25.990398406982422,32.5660514831543,160.5399932861328
2012-12-31,113.09428405761719,70.79676818847656,23.324609756469727,20.963254928588867,68.1695556640625,97.0145492553711,80.2310562133789,83.4344711303711,25.926668167114258,33.050445556640625,162.02000427246094
2013-01-02,115.99290466308594,72.8790054321289,23.49888038635254,21.27875328063965,68.1534194946289,96.95152282714844,79.86531829833984,82.31905364990234,25.845918655395508,33.69878387451172,163.1699981689453
2013-01-03,115.73080444335938,72.71112060546875,23.171249389648438,21.09178924560547,68.1534194946289,96.73109436035156,79.4548110961914,81.20366668701172,25.607938766479492,33.46031188964844,161.1999969482422
2013-01-04,116.23905181884766,73.24844360351562,23.387344360351562,21.243696212768555,68.16153717041016,96.73109436035156,79.4920883178711,81.5203857421875,25.53144073486328,33.52738571166992,160.44000244140625
2013-01-07,115.92144012451172,72.97134399414062,23.289758682250977,21.196962356567383,68.16153717041016,96.76256561279297,79.53691101074219,81.5547866821289,25.603696823120117,33.27399826049805,159.42999267578125
2013-01-08,115.587890625,72.92101287841797,23.22004508972168,21.10347557067871,68.1695556640625,96.87284088134766,79.73096466064453,82.09188842773438,25.637685775756836,32.975914001464844,160.55999755859375
2013-01-09,115.88175201416016,73.27360534667969,23.240962982177734,21.13853645324707,68.19380950927734,96.94368743896484,79.7757797241211,82.0161361694336,25.603696823120117,33.117515563964844,160.49000549316406
2013-01-10,116.80290222167969,73.44154357910156,23.67314910888672,21.360553741455078,68.18576049804688,96.82557678222656,79.54435729980469,81.78890991210938,25.714189529418945,33.40814971923828,161.97999572753906
2013-01-11,116.79498291015625,73.33242797851562,23.875303268432617,21.348867416381836,68.17764282226562,96.95152282714844,79.79817962646484,82.51876068115234,25.735427856445312,33.13986587524414,161.05999755859375
2013-01-14,116.71553039550781,73.37442016601562,23.861364364624023,21.290443420410156,68.17764282226562,96.95152282714844,79.76827239990234,82.29150390625,25.77367401123047,33.28145980834961,161.5399932861328
2013-01-15,116.79498291015625,73.69344329833984,23.784687042236328,21.325496673583984,68.18576049804688,97.02239990234375,79.96238708496094,82.67020416259766,25.75667953491211,33.13986587524414,162.55999755859375
2013-01-16,116.7791519165039,73.4751205444336,23.68709945678711,21.1735897064209,68.18576049804688,97.08540344238281,80.06683349609375,82.84235382080078,25.718435287475586,33.11006546020508,162.64999389648438
2013-01-17,117.53351593017578,74.15523529052734,24.021692276000977,21.243696212768555,68.17764282226562,96.88853454589844,79.7011489868164,82.0161361694336,25.671689987182617,33.29636001586914,163.35000610351562
2013-01-18,117.7956314086914,74.36515808105469,23.945018768310547,21.208646774291992,68.17764282226562,96.99090576171875,79.92503356933594,82.64954376220703,25.612184524536133,33.370880126953125,163.08999633789062
2013-01-22,118.43094635009766,74.90252685546875,23.97987174987793,21.25538444519043,68.19380950927734,97.04598236083984,79.99224853515625,82.80791473388672,25.671689987182617,33.31870651245117,163.6699981689453
2013-01-23,118.62152862548828,74.72620391845703,23.903194427490234,21.313812255859375,68.19380950927734,97.06961822509766,80.02950286865234,82.6839828491211,25.709928512573242,33.13986587524414,163.2100067138672
2013-01-24,118.65325927734375,74.96968841552734,24.056549072265625,21.360553741455078,68.19380950927734,96.98301696777344,79.8951416015625,82.39479064941406,25.595191955566406,33.020633697509766,161.4199981689453
2013-01-25,119.32037353515625,75.51544952392578,24.509658813476562,21.559202194213867,68.16153717041016,96.67591857910156,79.3652114868164,81.2656478881836,25.62493133544922,32.90884017944336,160.64999389648438
2013-01-28,119.17743682861328,75.56580352783203,24.488750457763672,21.430667877197266,68.13726806640625,96.59727478027344,79.20103454589844,80.9695816040039,25.510194778442383,32.677833557128906,160.2899932861328
2013-01-29,119.64598846435547,75.60778045654297,24.523605346679688,21.629310607910156,68.14533996582031,96.56570434570312,79.08162689208984,80.52201843261719,25.582448959350586,33.0429801940918,160.99000549316406
2013-01-30,119.17743682861328,74.70098876953125,24.46086883544922,21.61762809753418,68.1695556640625,96.62877655029297,79.12640380859375,80.38433837890625,25.612184524536133,32.886497497558594,162.19000244140625
2013-01-31,118.88357543945312,75.21318054199219,24.20294189453125,21.582569122314453,68.17764282226562,96.63658905029297,79.19356536865234,80.77676391601562,25.684436798095703,32.95355987548828,161.1999969482422
2013-02-01,120.10657501220703,75.87648010253906,24.593311309814453,21.582569122314453,68.1703872680664,96.54676055908203,78.92449951171875,79.72794342041016,25.60780143737793,33.169677734375,161.4499969482422
2013-02-04,118.75656127929688,74.96128845214844,23.617393493652344,21.325496673583984,68.18655395507812,96.80684661865234,79.3803939819336,80.74921417236328,25.552467346191406,32.7299919128418,162.0
2013-02-05,119.95563507080078,75.63296508789062,23.854402542114258,21.27875328063965,68.18655395507812,96.67284393310547,79.096435546875,80.03155517578125,25.471599578857422,32.767269134521484,161.9600067138672
2013-02-06,120.04300689697266,75.95203399658203,23.666181564331055,21.383920669555664,68.20270538330078,96.79888153076172,79.33562469482422,80.68710327148438,25.377958297729492,32.7299919128418,162.38999938964844
2013-02-07,119.88423156738281,75.70014953613281,23.317642211914062,21.25538444519043,68.20270538330078,96.83041381835938,79.37291717529297,80.50765991210938,25.30134391784668,32.439361572265625,161.83999633789062
2013-02-08,120.55126190185547,76.23751068115234,23.484933853149414,21.430667877197266,68.21077728271484,96.8382797241211,79.4327163696289,80.81819915771484,25.352432250976562,32.677833557128906,161.57000732421875
2013-02-11,120.52745819091797,76.15355682373047,23.415225982666016,21.313812255859375,68.18655395507812,96.79103088378906,79.3504867553711,80.7560043334961,25.25026512145996,32.66292953491211,159.6999969482422
2013-02-12,120.72601318359375,76.48939514160156,23.694063186645508,21.454036712646484,68.1703872680664,96.72010803222656,79.26830291748047,80.55599212646484,25.33964729309082,32.75235366821289,159.88999938964844
2013-02-13,120.82921600341797,76.80843353271484,23.826515197753906,21.465721130371094,68.16226959228516,96.56258392333984,78.99176788330078,79.90045166015625,25.322616577148438,32.91629409790039,159.0500030517578
2013-02-14,120.94039154052734,77.00155639648438,23.596473693847656,21.33718490600586,68.1703872680664,96.75946807861328,79.32810974121094,80.62498474121094,25.30560302734375,32.901390075683594,158.35000610351562
2013-02-15,120.7974624633789,77.02672576904297,23.436140060424805,21.302122116088867,68.17847442626953,96.70435333251953,79.25334930419922,80.39033508300781,25.24175453186035,32.78215408325195,155.75999450683594
2013-02-19,121.70279693603516,77.70681762695312,23.840456008911133,21.383920669555664,68.1703872680664,96.6413803100586,79.12631225585938,79.99012756347656,25.27154541015625,32.84923553466797,155.3300018310547
2013-02-20,120.18599700927734,76.26268768310547,23.457054138183594,21.09178924560547,68.1703872680664,96.73585510253906,79.29821014404297,80.23162841796875,25.058704376220703,32.55859375,151.44000244140625
2013-02-21,119.4554214477539,75.52383422851562,22.95514488220215,20.928199768066406,68.19458770751953,96.8382797241211,79.45518493652344,80.70087432861328,25.058704376220703,32.11146926879883,152.6199951171875
2013-02-22,120.62277221679688,76.4306411743164,23.387344360351562,21.115161895751953,68.19458770751953,96.88556671142578,79.55233001708984,80.7560043334961,25.058704376220703,32.25305938720703,152.97000122070312
2013-02-25,118.32766723632812,74.74297332763672,22.557809829711914,20.612699508666992,68.21077728271484,97.19269561767578,80.16515350341797,82.34317779541016,25.033157348632812,31.820829391479492,154.33999633789062
2013-02-26,119.13773345947266,75.0368423461914,22.7181453704834,20.68280792236328,68.2269287109375,97.16123962402344,80.0156478881836,81.86708068847656,25.00762176513672,31.99968910217285,156.22000122070312
2013-02-27,120.63871002197266,75.82608795166016,23.192163467407227,20.974943161010742,68.2269287109375,97.16912841796875,79.97830963134766,81.62552642822266,25.109792709350586,32.34993362426758,154.57000732421875
2013-02-28,120.40037536621094,75.96881103515625,23.087600708007812,20.998310089111328,68.2188491821289,97.22425842285156,80.0904769897461,81.77738189697266,25.058704376220703,32.200897216796875,153.0
2013-03-01,120.7974624633789,76.31306457519531,22.95514488220215,20.89314079284668,68.23335266113281,97.30066680908203,80.29019165039062,82.22264862060547,24.946016311645508,32.27540969848633,152.44000244140625
2013-03-04,121.44074249267578,76.51458740234375,23.073654174804688,20.974943161010742,68.22530364990234,97.25340270996094,80.10314178466797,81.7870101928711,24.984434127807617,31.969865798950195,152.3000030517578
2013-03-05,122.52872467041016,77.40458679199219,23.39431381225586,21.208646774291992,68.21729278564453,97.1825180053711,80.02085876464844,81.55189514160156,25.035659790039062,32.357398986816406,152.3800048828125
2013-03-06,122.69547271728516,77.6061019897461,23.436140060424805,21.12685203552246,68.20915985107422,97.04849243164062,79.76643371582031,80.8119888305664,24.86492156982422,32.51388168334961,153.22999572753906
2013-03-07,122.91783905029297,77.97553253173828,23.694063186645508,21.185270309448242,68.19300842285156,96.85936737060547,79.45963287353516,80.18962860107422,24.937477111816406,32.603309631347656,152.69000244140625
2013-03-08,123.44200134277344,78.69758605957031,23.728918075561523,21.12685203552246,68.20106506347656,96.67807006835938,79.05551147460938,79.35285186767578,24.75820541381836,32.886497497558594,152.7100067138672
2013-03-11,123.91046142578125,78.67243194580078,23.791662216186523,21.208646774291992,68.19300842285156,96.69388580322266,79.09296417236328,79.428955078125,24.736852645874023,32.7076301574707,152.99000549316406
2013-03-12,123.63257598876953,78.51288604736328,23.68709945678711,21.10347557067871,68.20915985107422,96.79627990722656,79.30998992919922,80.00292205810547,24.800886154174805,32.335025787353516,154.19000244140625
2013-03-13,123.80725860595703,78.80674743652344,23.589500427246094,21.13853645324707,68.19300842285156,96.76480102539062,79.24263000488281,79.91993713378906,24.715518951416016,32.02949142456055,153.66000366210938
2013-03-14,124.46644592285156,79.59600067138672,23.903194427490234,21.547517776489258,68.19300842285156,96.78842163085938,79.26505279541016,79.6778564453125,24.77953338623047,32.16362762451172,153.67999267578125
2013-03-15,124.30204010009766,79.55399322509766,23.868335723876953,21.383920669555664,68.21729278564453,96.96971893310547,79.54190826416016,80.05131530761719,24.907594680786133,31.872995376586914,154.0
2013-03-18,123.6160888671875,79.1174087524414,23.457054138183594,21.25538444519043,68.23335266113281,97.08789825439453,79.8038558959961,80.65985870361328,24.860637664794922,31.515287399291992,155.3800048828125
2013-03-19,123.32898712158203,78.78153228759766,23.261865615844727,21.325496673583984,68.22530364990234,97.19827270507812,80.05078887939453,81.20613098144531,24.83931541442871,31.291725158691406,156.0800018310547
2013-03-20,124.19041442871094,79.51203155517578,23.547677993774414,21.267072677612305,68.21729278564453,97.08002471923828,79.7439956665039,80.30024719238281,24.81796646118164,31.47057342529297,155.3699951171875
2013-03-21,123.12952423095703,78.81512451171875,23.213077545166016,21.161903381347656,68.22530364990234,97.14309692382812,79.95352935791016,81.07479095458984,24.903331756591797,31.150136947631836,156.25
2013-03-22,124.11863708496094,79.0586166381836,23.477970123291016,21.33718490600586,68.20915985107422,97.14309692382812,79.98345947265625,81.13701629638672,25.035659790039062,31.26936912536621,155.5500030517578
2013-03-25,123.60014343261719,79.10411071777344,22.92726707458496,21.1735897064209,68.20915985107422,97.16671752929688,80.04328155517578,81.06092834472656,24.963090896606445,31.239559173583984,155.24000549316406
2013-03-26,124.58919525146484,79.35670471191406,22.934234619140625,21.267072677612305,68.21729278564453,97.23760223388672,80.1256103515625,81.15776062011719,24.928945541381836,31.686689376831055,154.72000122070312
2013-03-27,124.58919525146484,79.40718841552734,22.59963035583496,21.185270309448242,68.23335266113281,97.3952865600586,80.4698486328125,81.84922790527344,24.894804000854492,31.805927276611328,155.36000061035156
2013-03-28,124.97218322753906,79.50822448730469,22.759965896606445,21.348867416381836,68.24147033691406,97.32434844970703,80.3201675415039,81.434326171875,24.971633911132812,31.872995376586914,154.4499969482422
2013-04-01,124.47762298583984,78.43891906738281,22.634492874145508,21.22032928466797,68.2479248046875,97.39214324951172,80.5337142944336,82.04771423339844,25.005815505981445,31.530193328857422,154.6699981689453
2013-04-02,125.0917739868164,77.95054626464844,22.983036041259766,21.372234344482422,68.2479248046875,97.3448486328125,80.3763427734375,81.71501922607422,24.992992401123047,31.545106887817383,152.42999267578125
2013-04-03,123.823486328125,76.7297134399414,22.850589752197266,21.243696212768555,68.23986053466797,97.54195404052734,80.71354675292969,82.44964599609375,25.065654754638672,31.172494888305664,150.72999572753906
2013-04-04,124.3260269165039,77.38643646240234,22.9133243560791,21.243696212768555,68.26406860351562,97.67607879638672,81.03573608398438,83.43375396728516,25.0998477935791,31.08306121826172,150.2899932861328
2013-04-05,123.76761627197266,77.23489379882812,22.71117401123047,21.13853645324707,68.26406860351562,97.71546173095703,81.29048919677734,85.11775970458984,25.266517639160156,31.008543014526367,152.80999755859375
2013-04-08,124.60517883300781,77.87480926513672,22.808761596679688,21.080106735229492,68.2479248046875,97.61299133300781,81.02820587158203,84.46637725830078,25.172504425048828,31.060707092285156,152.16000366210938
2013-04-09,125.03595733642578,77.6474380493164,22.96908950805664,21.196962356567383,68.2479248046875,97.66815185546875,81.05818176269531,84.25843811035156,25.283613204956055,31.366241455078125,153.33999633789062
2013-04-10,126.5675048828125,79.05357360839844,23.387344360351562,21.442350387573242,68.2479248046875,97.48675537109375,80.72103118896484,83.1010513305664,25.10838508605957,31.664335250854492,150.75
2013-04-11,126.98226165771484,79.16305541992188,23.526765823364258,21.535831451416016,68.2479248046875,97.54195404052734,80.81090545654297,83.26049041748047,25.18531608581543,31.69413948059082,151.0500030517578
2013-04-12,126.67124938964844,78.84307861328125,23.422199249267578,21.535831451416016,68.25599670410156,97.70760345458984,81.2605209350586,84.50102996826172,25.215232849121094,31.209754943847656,143.9499969482422
2013-04-15,123.73573303222656,75.87091064453125,22.843616485595703,21.080106735229492,68.26406860351562,97.77067565917969,81.44033813476562,85.23564147949219,25.206684112548828,30.449634552001953,131.30999755859375
2013-04-16,125.56241607666016,77.18439483642578,23.233989715576172,21.290443420410156,68.26406860351562,97.67607879638672,81.20807647705078,84.53565216064453,25.351991653442383,31.075611114501953,132.8000030517578
2013-04-17,123.72774505615234,75.84561157226562,22.522951126098633,20.904827117919922,68.26406860351562,97.72333526611328,81.35794067382812,85.09700012207031,25.1682186126709,30.58376693725586,132.8699951171875
2013-04-18,122.95401000976562,75.42464447021484,22.44627571105957,20.928199768066406,68.26406860351562,97.70760345458984,81.40289306640625,85.30490112304688,25.215232849121094,30.58376693725586,134.3000030517578
2013-04-19,124.02293395996094,76.29187774658203,22.634492874145508,21.02167510986328,68.26406860351562,97.66815185546875,81.35794067382812,85.12474822998047,25.138307571411133,31.030895233154297,135.47000122070312
2013-04-22,124.57331085205078,76.51078796386719,22.808761596679688,21.080106735229492,68.27218627929688,97.73124694824219,81.40289306640625,85.18708801269531,25.240877151489258,31.17993927001953,137.89999389648438
2013-04-23,125.85755157470703,77.72322845458984,23.317642211914062,21.430667877197266,68.26406860351562,97.70760345458984,81.35041809082031,84.88916015625,25.172504425048828,31.328983306884766,136.8800048828125
2013-04-24,125.93733978271484,78.12739562988281,23.56859016418457,21.52414321899414,68.27218627929688,97.72333526611328,81.38790130615234,85.10395050048828,25.19814682006836,31.515287399291992,138.3699951171875
2013-04-25,126.44786834716797,78.64099884033203,23.58253288269043,21.722795486450195,68.26406860351562,97.70760345458984,81.29800415039062,84.7365951538086,25.206684112548828,31.79847526550293,141.6300048828125
2013-04-26,126.22451782226562,78.22002410888672,23.61041259765625,21.839643478393555,68.28019714355469,97.83373260498047,81.59021759033203,85.51284790039062,25.351991653442383,31.4780330657959,140.91000366210938
2013-04-29,127.07003784179688,78.78411865234375,24.070493698120117,22.00324058532715,68.29638671875,97.87316131591797,81.56022644042969,85.20096588134766,25.51012420654297,31.805927276611328,142.3000030517578
2013-04-30,127.37311553955078,79.23039245605469,24.070493698120117,21.95650291442871,68.2883071899414,97.87316131591797,81.54520416259766,85.24947357177734,25.642614364624023,32.26051712036133,142.77000427246094
2013-05-01,126.25642395019531,77.3106689453125,23.903194427490234,21.921443939208984,68.30201721191406,97.97731018066406,81.81156158447266,86.12528991699219,25.692659378051758,31.910255432128906,141.11000061035156
2013-05-02,127.42894744873047,78.53997802734375,24.021692276000977,21.991552352905273,68.29401397705078,98.00888061523438,81.81156158447266,86.01412963867188,25.60710906982422,32.16362762451172,141.9199981689453
2013-05-03,128.7212677001953,79.78607940673828,24.39812469482422,22.271991729736328,68.26972961425781,97.65382385253906,81.11389923095703,83.98619842529297,25.53439712524414,32.43191146850586,142.08999633789062
2013-05-06,129.04824829101562,80.29971313476562,24.384183883666992,22.29537010192871,68.26972961425781,97.62226104736328,81.00885772705078,83.77779388427734,25.41892433166504,32.47662353515625,142.14999389648438
2013-05-07,129.702392578125,80.95646667480469,24.516632080078125,22.318737030029297,68.26972961425781,97.5907211303711,80.89631652832031,83.45142364501953,25.354753494262695,32.7076301574707,140.3800048828125
2013-05-08,130.29269409179688,81.19221496582031,24.809404373168945,22.517385482788086,68.27783203125,97.61438751220703,80.99384307861328,83.58334350585938,25.51728630065918,32.96101379394531,142.4600067138672
2013-05-09,129.92576599121094,80.9143295288086,24.523605346679688,22.412221908569336,68.26972961425781,97.59859466552734,80.97882843017578,83.36807250976562,25.277774810791016,32.7225456237793,140.80999755859375
2013-05-10,130.34852600097656,81.52900695800781,24.614233016967773,22.45896339416504,68.26166534423828,97.36197662353516,80.52116394042969,82.47213745117188,24.974102020263672,32.46916580200195,139.60000610351562
2013-05-13,130.4522247314453,81.47005462646484,24.488750457763672,22.365480422973633,68.24547576904297,97.29093170166016,80.37863159179688,81.84019470214844,24.8928279876709,32.17107391357422,138.42999267578125
2013-05-14,131.80027770996094,82.51411437988281,24.55845832824707,22.412221908569336,68.24547576904297,97.17259979248047,80.05606079101562,80.95118713378906,24.768796920776367,32.32012939453125,137.80999755859375
2013-05-15,132.5101776123047,82.6825180053711,24.593311309814453,22.470645904541016,68.25357055664062,97.25941467285156,80.26614379882812,81.49293518066406,24.68753433227539,32.32757568359375,134.6300048828125
2013-05-16,131.8879852294922,82.47199249267578,24.46782875061035,22.470645904541016,68.26972961425781,97.45661163330078,80.64876556396484,82.34019470214844,24.734580993652344,32.215789794921875,134.08999633789062
2013-05-17,133.16427612304688,83.39820098876953,24.683937072753906,22.56412696838379,68.25357055664062,97.27513885498047,80.21360778808594,81.29845428466797,24.606260299682617,32.357398986816406,131.07000732421875
2013-05-20,133.1563262939453,83.53288269042969,24.774555206298828,22.692665100097656,68.26166534423828,97.25146484375,80.153564453125,81.20123291015625,24.678974151611328,32.439361572265625,135.1199951171875
2013-05-21,133.34779357910156,83.54974365234375,24.830324172973633,22.692665100097656,68.26166534423828,97.33824157714844,80.36369323730469,81.84019470214844,24.66187858581543,32.37229537963867,132.8800048828125
2013-05-22,132.3585968017578,82.328857421875,24.607250213623047,22.50571060180664,68.2374267578125,97.01480865478516,79.7259292602539,80.6247787475586,24.48223114013672,32.01458740234375,131.94000244140625
2013-05-23,131.9757537841797,82.4299087524414,24.614233016967773,22.353790283203125,68.25357055664062,97.04639434814453,79.8084945678711,81.00679016113281,24.62336540222168,31.7761173248291,134.61000061035156
2013-05-24,131.8640594482422,82.41307830810547,24.523605346679688,22.30705451965332,68.2374267578125,97.04639434814453,79.83849334716797,81.11785125732422,24.649032592773438,31.50038719177246,133.75999450683594
2013-05-28,132.6537628173828,83.48241424560547,24.753643035888672,22.365480422973633,68.18892669677734,96.54932403564453,78.90069580078125,79.06214904785156,24.413787841796875,31.671789169311523,133.49000549316406
2013-05-29,131.7923583984375,82.7077865600586,24.656051635742188,22.17851448059082,68.18892669677734,96.6597900390625,79.22330474853516,79.95111083984375,24.47795295715332,31.26936912536621,134.8300018310547
2013-05-30,132.27890014648438,83.26348114013672,24.9000301361084,22.318737030029297,68.20507049560547,96.6597900390625,79.2308578491211,79.75667572021484,24.601985931396484,31.26936912536621,136.6999969482422
2013-05-31,130.3804168701172,82.34573364257812,24.384183883666992,21.933128356933594,68.19698333740234,96.55728149414062,79.01325225830078,79.48582458496094,24.52927017211914,30.703006744384766,133.9199981689453
2013-06-03,131.09832763671875,83.12876892089844,24.628162384033203,22.131776809692383,68.21884155273438,96.58718872070312,79.12744140625,79.90699005126953,24.778993606567383,31.157588958740234,136.50999450683594
2013-06-04,130.4681396484375,82.24468231201172,24.46086883544922,22.07335090637207,68.21884155273438,96.48465728759766,78.92462921142578,79.16905212402344,24.663352966308594,30.777523040771484,135.22999572753906
2013-06-05,128.64146423339844,81.19221496582031,24.12626838684082,21.734481811523438,68.2269058227539,96.62667083740234,79.30768585205078,80.26203918457031,24.701889038085938,30.226070404052734,135.52000427246094
2013-06-06,129.8061065673828,82.05103302001953,24.33538055419922,21.792903900146484,68.21884155273438,96.65827178955078,79.40536499023438,80.21329498291016,24.967458724975586,30.479440689086914,136.52999877929688
2013-06-07,131.45730590820312,82.6825180053711,24.53057289123535,21.991552352905273,68.21072387695312,96.35832214355469,78.78939819335938,78.77921295166016,24.946046829223633,30.322938919067383,133.27999877929688
2013-06-10,131.45730590820312,83.18770599365234,24.565433502197266,21.944814682006836,68.18650817871094,96.23995971679688,78.59404754638672,78.40324401855469,24.74472427368164,29.9130802154541,133.94000244140625
2013-06-11,130.10121154785156,82.28677368164062,24.265684127807617,21.734481811523438,68.17841339111328,96.31097412109375,78.78939819335938,79.33610534667969,24.96318244934082,29.346710205078125,133.25
2013-06-12,129.02439880371094,81.47005462646484,24.182024002075195,21.734481811523438,68.17030334472656,96.12939453125,78.43628692626953,78.2013931274414,25.031702041625977,29.145490646362305,134.25
2013-06-13,130.9866485595703,82.90984344482422,24.47480583190918,22.00324058532715,68.2026596069336,96.4609375,79.02978515625,79.4266128540039,25.21589469909668,29.764026641845703,133.74000549316406
2013-06-14,130.1649932861328,82.26994323730469,24.251741409301758,21.85132598876953,68.25115966796875,96.58718872070312,79.13494873046875,79.23868560791016,25.3272647857666,29.294544219970703,134.42999267578125
2013-06-17,131.17013549804688,82.80883026123047,24.565433502197266,21.968181610107422,68.25115966796875,96.56356048583984,78.9471435546875,78.82093811035156,25.293001174926758,29.562816619873047,133.77000427246094
2013-06-18,132.20709228515625,83.7855224609375,24.73970603942871,22.0616512298584,68.25115966796875,96.51617431640625,78.9020767211914,78.86274719238281,25.181621551513672,29.689504623413086,132.1300048828125
2013-06-19,130.3804168701172,82.75828552246094,24.223859786987305,21.640995025634766,68.17030334472656,95.72686004638672,77.82029724121094,78.04822540283203,24.80897331237793,28.772890090942383,130.58999633789062
2013-06-20,127.14976501464844,80.56916046142578,23.415225982666016,20.98662567138672,68.16222381591797,95.58479309082031,77.46722412109375,76.7672119140625,24.380647659301758,27.483661651611328,123.5999984741211
2013-06-21,127.5579833984375,80.80489349365234,23.157310485839844,20.928199768066406,68.10562896728516,95.03227996826172,76.64837646484375,75.46539306640625,24.115079879760742,27.878629684448242,125.05000305175781
2013-06-24,125.9461441040039,79.74401092529297,22.76694107055664,20.659446716308594,68.07332611083984,94.89019775390625,76.46056365966797,75.77861785888672,24.033693313598633,27.3122615814209,123.93000030517578
2013-06-25,127.15704345703125,80.51020812988281,22.983036041259766,20.904827117919922,68.06525421142578,94.8823013305664,76.37043762207031,75.10333251953125,24.102222442626953,27.893531799316406,123.47000122070312
2013-06-26,128.416015625,80.88909149169922,23.199127197265625,20.963254928588867,68.09757995605469,95.07174682617188,76.67842102050781,75.59071350097656,24.157922744750977,28.333206176757812,118.27999877929688
2013-06-27,129.16983032226562,82.14366149902344,23.36767578125,21.001195907592773,68.13801574707031,95.3479995727539,77.09159088134766,76.36347198486328,24.27356719970703,28.901729583740234,115.94000244140625
2013-06-28,128.6405487060547,81.6721420288086,23.196279525756836,20.94190788269043,68.12993621826172,95.30066680908203,77.00148010253906,76.88556671142578,24.106510162353516,29.067827224731445,119.11000061035156
2013-07-01,129.3943328857422,83.00249481201172,23.44623565673828,21.19093894958496,68.15982818603516,95.38121032714844,77.03079223632812,77.04048156738281,24.173423767089844,29.158428192138672,121.12999725341797
2013-07-02,129.2740478515625,82.94325256347656,23.139141082763672,21.072351455688477,68.16793823242188,95.39701843261719,77.06083679199219,76.99164581298828,24.027591705322266,28.637475967407227,120.05000305175781
2013-07-03,129.3301544189453,83.11241149902344,23.117717742919922,21.107929229736328,68.15982818603516,95.27859497070312,76.91044616699219,76.76139831542969,24.09193229675293,28.373220443725586,120.73999786376953
2013-07-05,130.72549438476562,84.28787994384766,23.146286010742188,21.22650909423828,68.08708190917969,94.52045440673828,75.61656951904297,74.14476013183594,23.778818130493164,28.192018508911133,118.08999633789062
2013-07-08,131.47129821777344,84.62614440917969,23.45338249206543,21.356956481933594,68.1355972290039,94.8915786743164,76.06036376953125,74.86347198486328,23.84316062927246,28.229774475097656,119.51000213623047
2013-07-09,132.41744995117188,85.41261291503906,23.489084243774414,21.475540161132812,68.12751007080078,94.95480346679688,76.1882553100586,74.94022369384766,23.847442626953125,28.599727630615234,120.62000274658203
2013-07-10,132.46559143066406,85.6493911743164,23.653343200683594,21.53483009338379,68.12751007080078,94.82844543457031,75.91747283935547,74.35413360595703,23.958967208862305,28.327926635742188,120.94999694824219
2013-07-11,134.26992797851562,86.65573120117188,24.28896141052246,22.068462371826172,68.1840591430664,95.34960174560547,76.67721557617188,75.22627258300781,24.349279403686523,29.717144012451172,124.23999786376953
2013-07-12,134.3260040283203,86.83333587646484,24.067562103271484,21.926156997680664,68.1436538696289,95.27859497070312,76.6170883178711,75.16350555419922,24.26776885986328,29.400039672851562,124.12999725341797
2013-07-15,134.8392333984375,87.5944595336914,24.1889705657959,22.032882690429688,68.17598724365234,95.42071533203125,76.8578109741211,75.56122589111328,24.28923797607422,29.7020263671875,124.18000030517578
2013-07-16,134.33399963378906,87.1546859741211,24.231826782226562,22.009164810180664,68.1840591430664,95.4443588256836,76.8953628540039,75.81942749023438,24.538005828857422,29.822839736938477,124.88999938964844
2013-07-17,134.67884826660156,87.49295806884766,24.24610710144043,22.115888595581055,68.20832061767578,95.69707489013672,77.23388671875,75.95893859863281,24.4650821685791,30.094642639160156,123.31999969482422
2013-07-18,135.4165802001953,88.07648468017578,24.51749610900879,22.341196060180664,68.20025634765625,95.54710388183594,76.8728256225586,75.01000213623047,24.44362449645996,29.739791870117188,124.01000213623047
2013-07-19,135.65713500976562,88.2117919921875,24.581768035888672,22.376773834228516,68.23257446289062,95.73658752441406,77.29410552978516,76.19622039794922,24.46936798095703,29.656742095947266,125.11000061035156
2013-07-22,135.9217529296875,88.39781188964844,24.696033477783203,22.48349952697754,68.23257446289062,95.7602767944336,77.28656005859375,76.30787658691406,24.640939712524414,29.951196670532227,128.83999633789062
2013-07-23,135.63308715820312,88.33865356445312,24.81744384765625,22.507217407226562,68.2244873046875,95.70497131347656,77.1962661743164,75.98686981201172,24.71814727783203,30.27583885192871,129.7100067138672
2013-07-24,135.13592529296875,87.60289764404297,24.988849639892578,22.436071395874023,68.1921615600586,95.4443588256836,76.67721557617188,75.02391815185547,24.482234954833984,29.966293334960938,127.4800033569336
2013-07-25,135.4646759033203,88.40631866455078,25.224525451660156,22.507217407226562,68.23257446289062,95.54710388183594,76.79009246826172,74.99604797363281,24.640939712524414,30.139944076538086,128.6699981689453
2013-07-26,135.6090545654297,88.05111694335938,25.203100204467773,22.447927474975586,68.24066162109375,95.59446716308594,76.8578109741211,75.45658111572266,24.73529815673828,30.071996688842773,128.77999877929688
2013-07-29,135.19207763671875,87.43376922607422,25.095970153808594,22.329349517822266,68.23257446289062,95.56285095214844,76.69977569580078,74.90532684326172,24.713857650756836,29.694482803344727,128.47000122070312
2013-07-30,135.19207763671875,87.50989532470703,25.067405700683594,22.187040328979492,68.24066162109375,95.53125762939453,76.67721557617188,74.87738037109375,24.636646270751953,29.626548767089844,128.1199951171875
2013-07-31,135.2882843017578,87.66209411621094,25.224525451660156,22.281906127929688,68.24066162109375,95.5391616821289,76.72988891601562,75.14955139160156,24.683828353881836,29.452882766723633,127.95999908447266
2013-08-01,136.8520050048828,88.85447692871094,25.595890045166016,22.459787368774414,68.21480560302734,95.12584686279297,76.05265808105469,73.70153045654297,24.399274826049805,29.98893928527832,126.61000061035156
2013-08-02,137.08448791503906,88.93060302734375,25.703014373779297,22.578369140625,68.2633285522461,95.63166809082031,76.70050048828125,74.51296997070312,24.588115692138672,29.98138999938965,126.36000061035156
2013-08-05,136.88401794433594,89.23503875732422,25.645885467529297,22.4953556060791,68.25523376464844,95.52100372314453,76.45948028564453,73.93939208984375,24.618167877197266,29.792638778686523,125.69999694824219
2013-08-06,136.106201171875,88.33865356445312,25.488765716552734,22.42420768737793,68.24715423583984,95.50516510009766,76.48204803466797,74.1562271118164,24.665367126464844,29.41513442993164,123.97000122070312
2013-08-07,135.66514587402344,87.71284484863281,25.62445831298828,22.36491584777832,68.2633285522461,95.60001373291016,76.76073455810547,74.70882415771484,24.87567710876465,29.098033905029297,124.1500015258789
2013-08-08,136.16232299804688,88.07648468017578,25.981534957885742,22.578369140625,68.2633285522461,95.6395034790039,76.87377166748047,74.91168212890625,25.017305374145508,29.656742095947266,126.86000061035156
2013-08-09,135.76942443847656,87.98347473144531,26.010103225708008,22.685094833374023,68.24715423583984,95.69485473632812,76.92649841308594,75.0306167602539,24.995851516723633,29.717144012451172,126.86000061035156
2013-08-12,135.6090545654297,88.44857025146484,25.902982711791992,22.530929565429688,68.24715423583984,95.62374877929688,76.77580261230469,74.51993560791016,24.90141487121582,29.996498107910156,129.1300048828125
2013-08-13,136.00999450683594,88.33016967773438,26.01724624633789,22.732534408569336,68.21480560302734,95.22857666015625,76.08284759521484,73.44268798828125,24.682537078857422,30.177698135375977,127.73999786376953
2013-08-14,135.31239318847656,87.98347473144531,26.074382781982422,22.791810989379883,68.21480560302734,95.24433898925781,76.1506118774414,73.55461883544922,24.635332107543945,30.27583885192871,129.0
2013-08-15,133.4198455810547,86.3512954711914,26.045822143554688,22.530929565429688,68.19051361083984,95.04679870605469,75.7287368774414,72.5613021850586,24.716869354248047,29.928537368774414,131.69000244140625
2013-08-16,132.9788818359375,85.98768615722656,26.110088348388672,22.590225219726562,68.19862365722656,94.87295532226562,75.43495178222656,72.30950164794922,24.665367126464844,29.671842575073242,132.5800018310547
2013-08-19,132.1287841796875,85.1166000366211,25.83156967163086,22.447927474975586,68.1824722290039,94.7306900024414,75.1110610961914,71.679931640625,24.532329559326172,29.11313247680664,132.00999450683594
2013-08-20,132.77830505371094,86.34286499023438,25.810136795043945,22.51906967163086,68.19862365722656,94.95992279052734,75.517822265625,72.23261260986328,24.64391326904297,29.06028175354004,132.4499969482422
2013-08-21,131.96043395996094,85.81853485107422,25.61017417907715,22.329349517822266,68.15818786621094,94.62001037597656,75.04327392578125,71.44207763671875,24.480831146240234,28.38077163696289,132.07000732421875
2013-08-22,133.16326904296875,87.0278549194336,25.98868179321289,22.42420768737793,68.13388061523438,94.45408630371094,75.01313018798828,72.16960906982422,24.425025939941406,28.841323852539062,132.80999755859375
2013-08-23,133.61233520507812,87.2477035522461,26.117231369018555,22.578369140625,68.13388061523438,94.6517105102539,75.43495178222656,72.95305633544922,24.485111236572266,29.181089401245117,134.89999389648438
2013-08-26,133.11517333984375,87.25619506835938,25.92440414428711,22.530929565429688,68.15818786621094,94.81759643554688,75.58561706542969,73.31681060791016,24.506567001342773,28.863977432250977,135.4499969482422
2013-08-27,130.9739990234375,85.20966339111328,25.253089904785156,22.15146255493164,68.19051361083984,95.04679870605469,76.01499938964844,74.24017333984375,24.64391326904297,28.19957160949707,136.75
2013-08-28,131.43917846679688,85.37879180908203,25.167387008666992,22.23447036743164,68.15013885498047,94.85713195800781,75.70614624023438,73.6385498046875,24.51944923400879,28.259977340698242,136.7100067138672
2013-08-29,131.64767456054688,86.23291015625,25.067405700683594,22.329349517822266,68.16627502441406,94.90452575683594,75.78150939941406,74.2261734008789,24.4035701751709,28.48647117614746,135.8699951171875
2013-08-30,131.23065185546875,84.8883056640625,24.7674503326416,22.115888595581055,68.17436981201172,94.8018569946289,75.63836669921875,74.14222717285156,24.399274826049805,28.705425262451172,134.6199951171875
2013-09-03,131.82406616210938,85.4633560180664,25.103111267089844,22.471637725830078,68.14846801757812,94.60411834716797,75.20906066894531,73.09650421142578,24.216657638549805,28.886627197265625,136.4199981689453
2013-09-04,132.9146270751953,86.21601104736328,25.195955276489258,22.590225219726562,68.08379364013672,94.3510971069336,74.96017456054688,72.93521881103516,24.28112030029297,29.400039672851562,134.66000366210938
2013-09-05,133.0830535888672,86.3512954711914,25.195955276489258,22.72066879272461,68.01909637451172,93.93193054199219,74.38674926757812,71.91815948486328,24.03619384765625,29.747346878051758,132.1999969482422
2013-09-06,133.14720153808594,86.58806610107422,25.410205841064453,22.76809310913086,68.08379364013672,94.29570770263672,74.83940124511719,72.27593994140625,24.285411834716797,30.185239791870117,134.14999389648438
2013-09-09,134.42221069335938,87.8989028930664,25.645885467529297,22.95783805847168,68.09989929199219,94.46966552734375,74.99028778076172,72.31095123291016,24.319774627685547,30.978002548217773,133.91000366210938
2013-09-10,135.4165802001953,88.76144409179688,26.088666915893555,23.1594295501709,68.07567596435547,94.2482681274414,74.64325714111328,71.80598449707031,24.259632110595703,31.212055206298828,131.74000549316406
2013-09-11,135.84158325195312,88.8037338256836,26.33148765563965,23.278013229370117,68.10807037353516,94.51713562011719,75.02043151855469,72.44419860839844,24.440082550048828,31.234710693359375,131.6999969482422
2013-09-12,135.4807586669922,88.15259552001953,26.20293617248535,23.230581283569336,68.10807037353516,94.50131225585938,75.02801513671875,72.34607696533203,24.444385528564453,30.872304916381836,127.66999816894531
2013-09-13,135.78549194335938,88.63460540771484,26.33148765563965,23.361021041870117,68.10807037353516,94.57244873046875,75.12611389160156,72.62660217285156,24.530319213867188,31.076156616210938,127.81999969482422
2013-09-16,136.5712890625,88.82914733886719,26.552881240844727,23.503318786621094,68.1565933227539,94.81766510009766,75.29206848144531,72.14262390136719,24.685009002685547,31.42345428466797,126.44999694824219
2013-09-17,137.1807403564453,89.70860290527344,26.66714859008789,23.384733200073242,68.18087005615234,94.9204330444336,75.4429702758789,72.73882293701172,24.706493377685547,31.35550880432129,126.5
2013-09-18,138.76844787597656,90.56273651123047,27.40989112854004,23.823501586914062,68.26979064941406,95.59262084960938,76.37849426269531,73.63654327392578,25.050233840942383,32.669219970703125,132.00999450683594
2013-09-19,138.53594970703125,90.46974182128906,27.281335830688477,23.716772079467773,68.24555969238281,95.43445587158203,76.11441802978516,73.2017593383789,25.01585578918457,32.49557113647461,131.75
2013-09-20,137.5673828125,90.13993072509766,27.15278434753418,23.47960090637207,68.25363159179688,95.42656707763672,76.18981170654297,73.58744049072266,24.985788345336914,31.7707576751709,127.95999908447266
2013-09-23,136.93081665039062,90.14837646484375,27.03851890563965,23.47960090637207,68.26979064941406,95.57678985595703,76.47654724121094,74.12751007080078,25.00298500061035,31.884010314941406,127.55000305175781
2013-09-24,136.60848999023438,90.44768524169922,27.074228286743164,23.40845489501953,68.27789306640625,95.70332336425781,76.75566864013672,74.92703247070312,25.041645050048828,31.61221694946289,127.66000366210938
2013-09-25,136.21360778808594,90.27811431884766,27.17420768737793,23.467748641967773,68.30215454101562,95.84576416015625,76.96692657470703,75.08135986328125,25.033050537109375,31.370607376098633,128.7899932861328
2013-09-26,136.73739624023438,90.77838134765625,27.15992546081543,23.515178680419922,68.26979064941406,95.7586898803711,76.80093383789062,74.55537414550781,24.93422508239746,31.498958587646484,127.79000091552734
2013-09-27,136.10888671875,90.37134552001953,27.13136100769043,23.384733200073242,68.31026458740234,95.88522338867188,76.90653228759766,74.73772430419922,25.054536819458008,31.129003524780273,128.97000122070312
2013-09-30,135.38368225097656,90.39678955078125,26.945676803588867,23.266155242919922,68.32645416259766,95.94847869873047,77.03479766845703,74.62545013427734,25.080312728881836,30.774154663085938,128.17999267578125
2013-10-01,136.45541381835938,91.4482192993164,27.27419662475586,23.25429916381836,68.30866241455078,95.7941665649414,76.86328887939453,74.39900970458984,25.16727638244629,31.38570785522461,124.58999633789062
2013-10-02,136.32640075683594,91.07516479492188,27.338470458984375,23.3254451751709,68.31676483154297,95.94453430175781,76.9917221069336,74.51154327392578,25.300731658935547,31.50650405883789,127.05999755859375
2013-10-03,135.0693817138672,90.14241027832031,27.15278434753418,23.14756965637207,68.31676483154297,96.02367401123047,77.09754943847656,74.39201354980469,25.330867767333984,31.38570785522461,127.18000030517578
2013-10-04,136.09274291992188,90.74447631835938,27.224199295043945,23.100135803222656,68.29244232177734,95.85749053955078,76.88594818115234,74.33575439453125,25.227548599243164,31.793415069580078,126.52999877929688
2013-10-07,134.91632080078125,89.68455505371094,27.138498306274414,22.993408203125,68.29244232177734,95.8891372680664,76.95398712158203,74.63813018798828,25.296424865722656,31.5216064453125,127.63999938964844
2013-10-08,133.34498596191406,88.23461151123047,26.9313907623291,22.661378860473633,68.23582458496094,95.77046966552734,76.91618347167969,74.65923309326172,25.28781509399414,31.2196044921875,127.4000015258789
2013-10-09,133.44166564941406,87.87850189208984,26.988521575927734,22.542789459228516,68.26007843017578,95.75460815429688,76.78020477294922,74.06148529052734,25.18880844116211,31.45365333557129,126.11000061035156
2013-10-10,136.31838989257812,89.998291015625,27.574146270751953,22.981557846069336,68.26007843017578,95.74664306640625,76.61396026611328,74.18106842041016,25.102710723876953,32.19356918334961,124.2699966430664
2013-10-11,137.19676208496094,91.3040542602539,27.6527042388916,23.194997787475586,68.26007843017578,95.82579803466797,76.727294921875,74.15995025634766,25.193105697631836,32.33701705932617,122.5999984741211
2013-10-14,137.7446746826172,91.76197814941406,27.74555015563965,23.3254451751709,68.23582458496094,95.64380645751953,76.47039031982422,73.56222534179688,25.175880432128906,32.52577209472656,122.83000183105469
2013-10-15,136.7454833984375,90.86318969726562,27.65984344482422,23.278013229370117,68.26007843017578,95.72291564941406,76.48550415039062,73.5130386352539,25.102710723876953,32.20867156982422,123.7300033569336
2013-10-16,138.65524291992188,91.99089050292969,27.924087524414062,23.361021041870117,68.28434753417969,95.96034240722656,76.85575103759766,74.43418884277344,25.115610122680664,32.465362548828125,123.54000091552734
2013-10-17,139.58189392089844,92.79641723632812,28.245471954345703,23.787921905517578,68.30866241455078,96.18194580078125,77.2939682006836,75.10929870605469,25.44710350036621,32.669219970703125,127.41999816894531
2013-10-18,140.524658203125,93.8563232421875,28.438289642333984,23.870935440063477,68.30866241455078,96.19776916503906,77.30155181884766,75.27100372314453,25.485849380493164,32.69942092895508,126.8499984741211
2013-10-21,140.5326690673828,93.6697998046875,28.46686553955078,23.977657318115234,68.30866241455078,96.15028381347656,77.24864196777344,75.03195190429688,25.44279670715332,32.646575927734375,126.9800033569336
2013-10-22,141.34658813476562,93.91567993164062,28.766809463500977,24.262252807617188,68.365234375,96.4194107055664,77.78506469726562,75.86876678466797,25.64084815979004,32.96367645263672,129.33999633789062
2013-10-23,140.6697235107422,93.6019515991211,28.559703826904297,24.108097076416016,68.34097290039062,96.45897674560547,77.92105102539062,76.16410064697266,25.692501068115234,32.19356918334961,128.69000244140625
2013-10-24,141.13710021972656,94.10223388671875,28.688249588012695,24.333410263061523,68.3328857421875,96.40357208251953,77.7624282836914,75.86876678466797,25.666658401489258,32.1256217956543,129.89999389648438
2013-10-25,141.78176879882812,94.18701934814453,28.65254783630371,24.309688568115234,68.34905242919922,96.48270416259766,77.89842224121094,76.15001678466797,25.68818473815918,32.27661895751953,130.4600067138672
2013-10-28,142.00738525390625,94.14461517333984,28.516849517822266,24.29783058166504,68.365234375,96.45897674560547,77.82286071777344,75.88983154296875,25.68818473815918,32.465362548828125,130.55999755859375
2013-10-29,142.7648468017578,94.41593170166016,28.65968894958496,24.321548461914062,68.365234375,96.53018951416016,77.92861938476562,75.98827362060547,25.597776412963867,32.571067810058594,129.77000427246094
2013-10-30,142.0557403564453,93.12710571289062,28.5025691986084,24.238544464111328,68.365234375,96.42730712890625,77.7246322631836,75.53118133544922,25.5159854888916,32.389869689941406,129.60000610351562
2013-10-31,141.65283203125,92.58443450927734,28.40972900390625,24.13181495666504,68.37336730957031,96.42730712890625,77.63394165039062,75.69293975830078,25.39544677734375,32.05766296386719,127.73999786376953
2013-11-01,141.9912109375,92.1859130859375,28.23118019104004,24.013233184814453,68.34828186035156,96.17855834960938,77.20336151123047,74.8736343383789,25.217710494995117,32.07276153564453,126.94999694824219
2013-11-04,142.4908905029297,93.2458267211914,28.40972900390625,24.226682662963867,68.36441802978516,96.28947448730469,77.35469055175781,74.94415283203125,25.286741256713867,32.26906204223633,126.80999755859375
2013-11-05,142.03965759277344,92.92359924316406,28.066923141479492,24.143674850463867,68.36441802978516,96.15484619140625,77.0066146850586,74.04867553710938,25.17889976501465,31.619766235351562,126.55999755859375
2013-11-06,142.7648468017578,92.52507781982422,28.35259437561035,24.226682662963867,68.38060760498047,96.36072540283203,77.24120330810547,74.08394622802734,25.191844940185547,31.717910766601562,127.19999694824219
2013-11-07,140.95985412597656,90.96490478515625,27.859811782836914,23.88279151916504,68.39684295654297,96.4558334350586,77.445556640625,74.71141815185547,25.187528610229492,31.14410972595215,126.16000366210938
2013-11-08,142.86158752441406,92.61837005615234,28.03835678100586,24.08438491821289,68.34828186035156,96.00436401367188,76.57525634765625,72.9134750366211,24.937341690063477,31.076156616210938,124.27999877929688
2013-11-11,142.8857421875,92.74553680419922,28.202611923217773,24.001371383666992,68.36441802978516,95.9805908203125,76.53746032714844,72.6384506225586,25.019304275512695,30.9175968170166,123.87000274658203
2013-11-12,142.59555053710938,92.82185363769531,28.088354110717773,23.859073638916016,68.34828186035156,95.8934097290039,76.46932983398438,72.9769287109375,24.88988494873047,30.75149917602539,122.44999694824219
2013-11-13,143.73983764648438,93.7121810913086,28.19547462463379,23.859073638916016,68.34828186035156,96.12313842773438,76.78720092773438,73.2448501586914,25.027921676635742,30.804349899291992,122.8499984741211
2013-11-14,144.4570770263672,93.61891174316406,28.252614974975586,23.953935623168945,68.38874053955078,96.40038299560547,77.157958984375,73.69612121582031,25.088314056396484,31.30265998840332,124.2699966430664
2013-11-15,145.08560180664062,93.97503662109375,28.388303756713867,24.119958877563477,68.38874053955078,96.37662506103516,77.09745788574219,73.84418487548828,25.101255416870117,31.899120330810547,124.31999969482422
2013-11-18,144.57785034179688,93.31364440917969,28.48114585876465,24.108097076416016,68.42110443115234,96.51126098632812,77.3698501586914,74.28838348388672,25.153017044067383,32.18601989746094,122.9000015258789
2013-11-19,144.263671875,92.73707580566406,28.3597354888916,24.108097076416016,68.39684295654297,96.35284423828125,77.08232879638672,73.7243423461914,25.14006996154785,31.98971176147461,122.94999694824219
2013-11-20,143.8123779296875,92.70313262939453,28.02406883239746,23.989511489868164,68.40489959716797,96.26570129394531,76.65850830078125,72.46925354003906,25.019304275512695,31.551809310913086,120.12000274658203
2013-11-21,144.9728240966797,94.3735580444336,28.295459747314453,24.250396728515625,68.43730163574219,96.29740905761719,76.72662353515625,72.58911895751953,24.963218688964844,31.5216064453125,119.94000244140625
2013-11-22,145.69798278808594,94.83990478515625,28.531129837036133,24.262252807617188,68.42110443115234,96.36869049072266,76.94606018066406,73.26602935791016,25.062435150146484,31.748117446899414,119.91999816894531
2013-11-25,145.55300903320312,94.95863342285156,28.5025691986084,24.167388916015625,68.42110443115234,96.42413330078125,77.0066146850586,73.4775161743164,25.045167922973633,31.340404510498047,120.45999908447266
2013-11-26,145.5931854248047,95.66239166259766,28.609695434570312,24.060667037963867,68.42916107177734,96.50334930419922,77.173095703125,73.75255584716797,25.122819900512695,31.446109771728516,119.81999969482422
2013-11-27,145.94778442382812,96.19659423828125,28.759668350219727,24.179244995117188,68.42916107177734,96.44001007080078,76.99903106689453,73.62561798095703,25.062435150146484,31.649961471557617,119.45999908447266
2013-11-29,145.85110473632812,96.24744415283203,28.823951721191406,24.321548461914062,68.43730163574219,96.44001007080078,76.95364379882812,73.64681243896484,25.053808212280273,31.974609375,120.69999694824219
2013-12-02,145.4723663330078,95.28085327148438,28.609695434570312,24.08438491821289,68.39599609375,96.2282943725586,76.6231918334961,73.07390594482422,24.903427124023438,31.30265998840332,117.58000183105469
2013-12-03,144.8438720703125,94.82296752929688,28.245471954345703,23.96579933166504,68.41221618652344,96.31553649902344,76.75956726074219,73.34266662597656,25.02873992919922,31.196964263916016,117.95999908447266
2013-12-04,144.82772827148438,94.56856536865234,28.009790420532227,23.823501586914062,68.39599609375,96.14105987548828,76.41094207763672,72.64253997802734,24.98552894592285,31.159210205078125,119.95999908447266
2013-12-05,144.19114685058594,94.63641357421875,27.866958618164062,23.716772079467773,68.40410614013672,96.01427459716797,76.22148132324219,72.43745422363281,25.011457443237305,30.978002548217773,118.30000305175781
2013-12-06,145.80270385742188,95.37411499023438,28.245471954345703,24.013233184814453,68.37981414794922,95.96673583984375,76.28966522216797,72.78399658203125,25.076276779174805,31.665054321289062,118.55000305175781
2013-12-09,146.17340087890625,95.34866333007812,28.295459747314453,24.060667037963867,68.37981414794922,95.98258972167969,76.38056945800781,72.9537124633789,25.11948585510254,31.710363388061523,119.72000122070312
2013-12-10,145.649658203125,94.48380279541016,28.202611923217773,24.013233184814453,68.40410614013672,96.14910125732422,76.69895935058594,73.47704315185547,25.197269439697266,31.7254638671875,121.81999969482422
2013-12-11,144.0137939453125,92.9321060180664,28.009790420532227,23.776060104370117,68.37981414794922,96.01427459716797,76.40341186523438,72.91128540039062,25.171337127685547,31.023303985595703,120.86000061035156
2013-12-12,143.53843688964844,93.1355972290039,27.7955379486084,23.538890838623047,68.35555267333984,95.83197784423828,76.18357849121094,72.63548278808594,25.050336837768555,30.842098236083984,118.29000091552734
2013-12-13,143.52232360839844,93.44083404541016,27.7955379486084,23.444026947021484,68.3717041015625,95.8161392211914,76.29727172851562,72.98907470703125,25.102203369140625,30.9175968170166,119.37999725341797
2013-12-16,144.41668701171875,94.55160522460938,28.19547462463379,23.76420783996582,68.3717041015625,95.85574340820312,76.25935363769531,72.72037506103516,25.154062271118164,31.12144660949707,119.69000244140625
2013-12-17,143.95742797851562,94.41593170166016,28.009790420532227,23.657472610473633,68.3879623413086,96.00633239746094,76.50186920166016,73.045654296875,25.141088485717773,30.849647521972656,118.6500015258789
2013-12-18,146.4151611328125,95.71326446533203,28.436803817749023,24.097915649414062,68.3879623413086,95.84781646728516,76.21387481689453,72.67793273925781,25.04169464111328,31.463687896728516,117.61000061035156
2013-12-19,146.24591064453125,95.00102996826172,28.508453369140625,24.121912002563477,68.34744262695312,95.57826232910156,75.8955307006836,72.60720825195312,24.933673858642578,30.884706497192383,114.81999969482422
2013-12-20,147.09664916992188,96.60359954833984,28.68756866455078,24.145919799804688,68.32318115234375,95.48316192626953,76.1304702758789,73.72453308105469,24.98984146118164,30.838993072509766,115.94000244140625
2013-12-23,147.8825225830078,97.69908142089844,28.966999053955078,24.421937942504883,68.31501007080078,95.38803100585938,75.88800048828125,73.30733489990234,24.981212615966797,31.067533493041992,115.56999969482422
2013-12-24,148.20654296875,98.07357788085938,29.117456436157227,24.709959030151367,68.29078674316406,95.19776153564453,75.59233093261719,72.72037506103516,24.96824073791504,31.250377655029297,116.0999984741211
2013-12-26,148.96006774902344,98.08209228515625,29.303741455078125,24.7459716796875,68.28349304199219,95.21043395996094,75.52701568603516,72.44013977050781,24.972564697265625,30.983734130859375,116.73999786376953
2013-12-27,148.95191955566406,98.02252197265625,29.404043197631836,24.88997459411621,68.3158950805664,95.20256042480469,75.48149108886719,72.2343521118164,24.893339157104492,31.463687896728516,117.12000274658203
2013-12-30,148.92762756347656,97.96293640136719,29.55449676513672,24.93798065185547,68.33207702636719,95.33744812011719,75.68645477294922,72.73098754882812,25.001571655273438,31.600814819335938,115.38999938964844
2013-12-31,149.6324920654297,98.19274139404297,29.64764404296875,25.057985305786133,68.3158950805664,95.22634887695312,75.34484100341797,72.26982116699219,24.997234344482422,31.84461212158203,116.12000274658203
2014-01-02,148.198486328125,97.12876892089844,28.924009323120117,24.7459716796875,68.34828186035156,95.32157897949219,75.64093017578125,72.48971557617188,24.841386795043945,30.61805534362793,118.0
2014-01-03,148.17416381835938,97.62245178222656,28.845195770263672,24.757966995239258,68.32402801513672,95.25016784667969,75.59537506103516,72.48971557617188,24.780773162841797,30.564720153808594,119.29000091552734
2014-01-06,147.74478149414062,96.83086395263672,28.931171417236328,24.697965621948242,68.33207702636719,95.4008560180664,75.8079605102539,72.79486083984375,24.888999938964844,30.27522850036621,119.5
2014-01-07,148.6521453857422,97.63951110839844,29.217758178710938,24.79396629333496,68.33207702636719,95.480224609375,75.92940521240234,72.97932434082031,24.90632438659668,30.404748916625977,118.81999969482422
2014-01-08,148.68455505371094,97.76716613769531,29.18910789489746,24.7459716796875,68.267333984375,95.12322235107422,75.55741119384766,72.78065490722656,24.815410614013672,30.30569839477539,118.12000274658203
2014-01-09,148.7818603515625,97.7927017211914,29.181934356689453,24.709959030151367,68.28349304199219,95.24221801757812,75.75480651855469,73.20635223388672,24.8067569732666,30.145719528198242,118.45999908447266
2014-01-10,149.18690490722656,98.32896423339844,29.46852684020996,24.925981521606445,68.34828186035156,95.71826171875,76.39251708984375,74.07905578613281,25.049203872680664,30.67899513244629,120.26000213623047
2014-01-13,147.20193481445312,96.98407745361328,29.260753631591797,24.613954544067383,68.36447143554688,95.88478088378906,76.61275482177734,74.447998046875,25.122793197631836,30.313322067260742,121.0199966430664
2014-01-14,148.80612182617188,98.17573547363281,29.64764404296875,24.961984634399414,68.34828186035156,95.63095092773438,76.32420349121094,74.10743713378906,25.044858932495117,30.640913009643555,119.88999938964844
2014-01-15,149.6082000732422,98.90774536132812,29.87691307067871,25.03398895263672,68.32402801513672,95.54365539550781,76.25589752197266,74.02934265136719,24.923635482788086,30.63329315185547,119.66000366210938
2014-01-16,149.41380310058594,99.02690124511719,29.833919525146484,25.045991897583008,68.34017944335938,95.6705551147461,76.46851348876953,74.52603912353516,24.9842529296875,30.46568489074707,119.79000091552734
2014-01-17,148.7818603515625,98.67792510986328,29.504350662231445,25.045991897583008,68.34017944335938,95.7738037109375,76.65068054199219,74.83821868896484,24.910655975341797,30.313322067260742,120.93000030517578
2014-01-21,149.21932983398438,99.26528930664062,29.69063377380371,25.274003982543945,68.33207702636719,95.65477752685547,76.56720733642578,74.89495849609375,24.923635482788086,30.267616271972656,119.69999694824219
2014-01-22,149.31649780273438,99.7674331665039,29.633316040039062,25.394018173217773,68.29972076416016,95.49607849121094,76.35454559326172,74.71049499511719,24.893339157104492,30.67137336730957,119.19000244140625
2014-01-23,148.0931854248047,99.09500122070312,29.626150131225586,25.26200294494629,68.36447143554688,95.86897277832031,76.8708724975586,75.76766204833984,25.17041015625,29.91716766357422,121.79000091552734
2014-01-24,144.93345642089844,96.5669937133789,28.62309455871582,24.433940887451172,68.38874053955078,96.05936431884766,77.18212890625,76.25720977783203,25.153100967407227,29.132474899291992,122.29000091552734
2014-01-27,144.22052001953125,95.15403747558594,28.52277946472168,24.25392723083496,68.38066864013672,95.94830322265625,76.94673919677734,75.72506713867188,25.14010238647461,29.018207550048828,120.95999908447266
2014-01-28,145.07923889160156,96.15843963623047,28.952665328979492,24.421937942504883,68.38066864013672,96.07523345947266,77.06065368652344,75.90958404541016,25.11846160888672,29.201045989990234,120.94999694824219
2014-01-29,143.6857452392578,94.77100372314453,28.508453369140625,24.10991668701172,68.42926025390625,96.27357482910156,77.42512512207031,76.53394317626953,25.144441604614258,28.78203773498535,122.47000122070312
2014-01-30,145.2089080810547,96.1839599609375,28.64458656311035,24.169921875,68.42108917236328,96.23389434814453,77.34916687011719,76.31399536132812,25.07516860961914,29.04867935180664,119.7699966430664
2014-01-31,144.3582305908203,95.46895599365234,28.135889053344727,23.893903732299805,68.4535140991211,96.44810485839844,77.6528549194336,76.8248062133789,25.109811782836914,29.094388961791992,120.08999633789062
2014-02-03,141.10939025878906,92.48130798339844,27.562711715698242,23.365859985351562,68.47213745117188,96.73240661621094,78.07490539550781,77.76089477539062,25.090322494506836,28.271615982055664,121.31999969482422
2014-02-04,142.09783935546875,93.17927551269531,27.88512420654297,23.60587501525879,68.480224609375,96.6212158203125,77.83921813964844,76.9357681274414,25.116300582885742,28.842979431152344,120.98999786376953
2014-02-05,141.91954040527344,92.48130798339844,27.978269577026367,23.677875518798828,68.44788360595703,96.4624252319336,77.55784606933594,76.22447204589844,25.181249618530273,28.736330032348633,121.29000091552734
2014-02-06,143.79107666015625,93.21331787109375,28.62309455871582,24.03791046142578,68.45597076416016,96.36708068847656,77.41333770751953,75.89727783203125,25.189916610717773,29.338172912597656,121.23999786376953
2014-02-07,145.5734405517578,94.26879119873047,29.002819061279297,24.265926361083984,68.47213745117188,96.56562805175781,77.61864471435547,75.96127319335938,25.280851364135742,29.505773544311523,122.16999816894531
2014-02-10,145.8408203125,94.51564025878906,28.873855590820312,24.20592498779297,68.45597076416016,96.54180145263672,77.65666198730469,76.17462921142578,25.250534057617188,29.178190231323242,122.91999816894531
2014-02-11,147.4368896484375,95.3582992553711,29.346731185913086,24.58995246887207,68.43971252441406,96.31947326660156,77.3144302368164,75.73368072509766,25.267858505249023,29.810516357421875,124.36000061035156
2014-02-12,147.50982666015625,95.73283386230469,29.353897094726562,24.781967163085938,68.4073486328125,96.18447875976562,77.13191223144531,75.34239196777344,25.150943756103516,29.818130493164062,124.43000030517578
2014-02-13,148.27137756347656,96.9500503540039,29.64048194885254,24.865966796875,68.44788360595703,96.43065643310547,77.49694061279297,75.76923370361328,25.337154388427734,29.84860610961914,125.48999786376953
2014-02-14,149.08966064453125,97.08621978759766,29.798099517822266,24.985984802246094,68.44788360595703,96.40679931640625,77.44369506835938,75.81192779541016,25.389116287231445,30.214277267456055,127.1500015258789
2014-02-18,149.26795959472656,98.09913635253906,29.891246795654297,25.358015060424805,68.47213745117188,96.57357788085938,77.63386535644531,75.9826431274414,25.48871421813965,29.93239974975586,127.4000015258789
2014-02-19,148.27944946289062,97.0947494506836,29.633316040039062,25.286008834838867,68.44788360595703,96.4624252319336,77.48173522949219,75.66259765625,25.389116287231445,29.726713180541992,126.2699966430664
2014-02-20,149.15444946289062,98.14168548583984,29.790937423706055,25.47801971435547,68.45597076416016,96.3511962890625,77.3980941772461,75.47758483886719,25.345802307128906,29.8333740234375,127.5999984741211
2014-02-21,148.98434448242188,98.44811248779297,29.87691307067871,25.47801971435547,68.46402740478516,96.37505340576172,77.49694061279297,75.87593078613281,25.41509437561035,30.039066314697266,127.58000183105469
2014-02-24,149.81076049804688,99.17160034179688,30.10618782043457,25.63404083251953,68.46402740478516,96.33537292480469,77.42090606689453,75.68385314941406,25.441070556640625,30.039066314697266,128.99000549316406
2014-02-25,149.75401306152344,99.2737808227539,30.09185218811035,25.394018173217773,68.45597076416016,96.49419403076172,77.68706512451172,76.35958862304688,25.510356903076172,29.696239471435547,129.2100067138672
2014-02-26,149.7621307373047,99.8866195678711,29.891246795654297,25.3220157623291,68.48837280273438,96.63709259033203,77.9151840209961,76.76502990722656,25.467060089111328,29.71908950805664,128.11000061035156
2014-02-27,150.54798889160156,100.4313735961914,29.99155044555664,25.502023696899414,68.480224609375,96.66889190673828,78.00650024414062,77.1846923828125,25.575319290161133,30.28285026550293,128.1999969482422
2014-02-28,150.9287872314453,100.03131103515625,30.09902572631836,25.51403045654297,68.480224609375,96.5894546508789,77.93042755126953,77.2273941040039,25.67058563232422,30.077152252197266,127.62000274658203
2014-03-03,149.86741638183594,99.49504852294922,29.21059799194336,25.045991897583008,68.51911163330078,96.83024597167969,78.31588745117188,77.74296569824219,25.646303176879883,29.543880462646484,130.2899932861328
2014-03-04,151.97396850585938,101.99754333496094,29.905574798583984,25.418020248413086,68.46245574951172,96.48054504394531,77.7141342163086,76.57357788085938,25.615930557250977,30.04668617248535,128.67999267578125
2014-03-05,152.1116485595703,101.9379653930664,29.934236526489258,25.370012283325195,68.48673248291016,96.51236724853516,77.79789733886719,76.737548828125,25.646303176879883,30.069534301757812,128.88999938964844
2014-03-06,152.4600372314453,101.92095184326172,30.321123123168945,25.406017303466797,68.44621276855469,96.34546661376953,77.46271514892578,75.98174285888672,25.685325622558594,30.496156692504883,130.1699981689453
2014-03-07,152.5248260498047,101.88691711425781,30.120506286621094,25.22600555419922,68.3976058959961,96.0911636352539,77.12755584716797,75.50398254394531,25.667985916137695,30.107627868652344,129.08999633789062
2014-03-10,152.44383239746094,101.54645538330078,29.977231979370117,24.925981521606445,68.40575408935547,96.1308822631836,77.21134948730469,75.61097717285156,25.676664352416992,29.90192985534668,129.1300048828125
2014-03-11,151.69033813476562,100.49095916748047,29.798099517822266,24.805967330932617,68.40575408935547,96.18653869628906,77.28754425048828,75.81062316894531,25.63330078125,29.566726684570312,129.86000061035156
2014-03-12,151.7309112548828,100.79736328125,29.72646141052246,24.66195297241211,68.43004608154297,96.32160949707031,77.59222412109375,76.33826446533203,25.663652420043945,29.627674102783203,131.75999450683594
2014-03-13,150.0294952392578,99.63125610351562,28.931171417236328,24.265926361083984,68.47052001953125,96.59187316894531,78.04933166503906,77.36506652832031,25.750389099121094,29.094388961791992,132.2100067138672
2014-03-14,149.6082000732422,100.04833221435547,29.002819061279297,24.28993034362793,68.45431518554688,96.59977722167969,78.05691528320312,77.37931060791016,25.8154239654541,29.254379272460938,133.10000610351562
2014-03-17,150.96119689941406,100.49095916748047,29.504350662231445,24.469940185546875,68.43004608154297,96.40113067626953,77.74456787109375,76.80179595947266,25.85879135131836,29.61243438720703,131.63999938964844
2014-03-18,152.0387725830078,101.95496368408203,29.84108543395996,24.577951431274414,68.44621276855469,96.54415893554688,77.93502044677734,77.07980346679688,25.880475997924805,30.023818969726562,130.6199951171875
2014-03-19,151.22854614257812,101.29106903076172,29.41838264465332,24.28993034362793,68.33277893066406,95.90836334228516,77.21134948730469,76.48086547851562,25.5508975982666,29.383888244628906,128.08999633789062
2014-03-20,152.1116485595703,101.42726135253906,29.497188568115234,24.241924285888672,68.34089660644531,95.8765640258789,77.22657775878906,76.34542083740234,25.52054786682129,29.513395309448242,127.86000061035156
2014-03-21,151.52166748046875,100.9591064453125,29.389720916748047,24.20592498779297,68.3489761352539,95.86864471435547,77.37134552001953,77.17253875732422,25.63762092590332,29.696239471435547,128.47000122070312
2014-03-24,150.89512634277344,99.81000518798828,29.396879196166992,24.169921875,68.31658935546875,95.78121185302734,77.40177154541016,77.7215347290039,25.720016479492188,29.98573875427246,126.18000030517578
2014-03-25,151.61117553710938,99.7861328125,29.783775329589844,24.541950225830078,68.32470703125,95.77326202392578,77.3561019897461,77.42925262451172,25.707012176513672,30.32855796813965,126.41000366210938
2014-03-26,150.52076721191406,97.87452697753906,29.80526351928711,24.421937942504883,68.3733139038086,96.04345703125,77.6836929321289,78.0353012084961,25.763391494750977,30.397127151489258,125.41000366210938
2014-03-27,150.20335388183594,97.62704467773438,29.855419158935547,24.517948150634766,68.36520385742188,96.01167297363281,77.75984191894531,78.42750549316406,25.772066116333008,30.79326820373535,124.58999633789062
2014-03-28,150.94390869140625,97.53317260742188,30.16350746154785,24.625959396362305,68.36520385742188,95.83684539794922,77.4855728149414,77.98538970947266,25.72869873046875,31.037071228027344,124.55999755859375
2014-03-31,152.1808624267578,99.28260040283203,30.285306930541992,24.709959030151367,68.40575408935547,95.93217468261719,77.4931869506836,77.79288482666016,25.750389099121094,31.242755889892578,123.61000061035156
2014-04-01,153.18984985351562,100.58829498291016,30.607725143432617,24.79396629333496,68.36599731445312,95.88687133789062,77.33294677734375,77.12801361083984,25.745168685913086,31.608436584472656,123.38999938964844
2014-04-02,153.70260620117188,101.04058837890625,30.557573318481445,24.853971481323242,68.34171295166016,95.63228607177734,76.99713134765625,76.68479919433594,25.614852905273438,31.669384002685547,124.31999969482422
2014-04-03,153.49911499023438,100.01652526855469,30.57189178466797,24.781967163085938,68.3579330444336,95.64021301269531,77.05054473876953,77.02079772949219,25.51061248779297,31.547494888305664,123.91999816894531
2014-04-04,151.68441772460938,97.70384216308594,30.457258224487305,24.697965621948242,68.41459655761719,96.01416015625,77.52374267578125,77.53549194335938,25.680002212524414,31.463687896728516,125.56999969482422
2014-04-07,150.0081329345703,96.27869415283203,30.33546257019043,24.541950225830078,68.42277526855469,96.1175308227539,77.70687103271484,78.00013732910156,25.77557373046875,31.600814819335938,124.91000366210938
2014-04-08,150.6265411376953,96.95289611816406,30.32829475402832,24.7459716796875,68.43081665039062,96.20509338378906,77.8137435913086,78.1860122680664,25.905879974365234,31.966493606567383,126.08999633789062
2014-04-09,152.24591064453125,98.35243225097656,30.73668670654297,25.081993103027344,68.46327209472656,96.36421203613281,77.79085540771484,77.80003356933594,25.984073638916016,32.210289001464844,126.31999969482422
2014-04-10,149.04779052734375,95.54480743408203,30.077526092529297,24.757966995239258,68.50372314453125,96.5391845703125,78.11898803710938,78.52204132080078,26.07964324951172,31.867454528808594,127.01000213623047
2014-04-11,147.70518493652344,94.2220687866211,29.89841651916504,24.541950225830078,68.49567413330078,96.61872100830078,78.27923583984375,79.15825653076172,26.066606521606445,31.867454528808594,126.93000030517578
2014-04-14,148.8688201904297,94.48658752441406,29.9628963470459,24.697965621948242,68.48755645751953,96.49940490722656,78.15713500976562,78.95096588134766,26.027509689331055,31.798891067504883,127.8499984741211
2014-04-15,149.89414978027344,94.85355377197266,29.769451141357422,24.64995574951172,68.48755645751953,96.491455078125,78.2487564086914,79.44425201416016,26.001441955566406,31.318937301635742,125.48999786376953
2014-04-16,151.46469116210938,95.88615417480469,30.19216537475586,24.925981521606445,68.46327209472656,96.33235168457031,78.12667083740234,79.5443115234375,26.010128021240234,31.715089797973633,125.54000091552734
2014-04-17,151.67630004882812,96.36405181884766,30.364124298095703,25.081993103027344,68.44706726074219,95.99823760986328,77.68400573730469,78.67216491699219,25.923259735107422,32.00458908081055,124.75
2014-04-21,152.2052001953125,96.81633758544922,30.421428680419922,25.202001571655273,68.44706726074219,96.08575439453125,77.66874694824219,78.60782623291016,25.888511657714844,31.80651092529297,124.23999786376953
2014-04-22,152.8969268798828,97.81477355957031,30.657873153686523,25.274003982543945,68.41459655761719,95.99028015136719,77.63819122314453,78.87234497070312,25.853761672973633,31.722705841064453,123.77999877929688
2014-04-23,152.5388641357422,97.20037078857422,30.536067962646484,25.2500057220459,68.44706726074219,96.12554931640625,77.83663177490234,79.32272338867188,25.853761672973633,31.49416160583496,123.76000213623047
2014-04-24,152.84808349609375,96.95289611816406,30.536067962646484,25.334014892578125,68.43081665039062,96.09371185302734,77.8137435913086,79.47281646728516,25.853761672973633,31.524642944335938,124.55999755859375
2014-04-25,151.59487915039062,95.24610137939453,30.29963493347168,25.298011779785156,68.43895721435547,96.18917083740234,77.92060852050781,79.58719635009766,25.923259735107422,31.098003387451172,125.43000030517578
2014-04-28,152.07501220703125,94.69142150878906,30.421428680419922,25.3220157623291,68.43895721435547,96.1175308227539,77.80607604980469,79.20117950439453,25.918912887573242,31.250377655029297,124.87999725341797
2014-04-29,152.78298950195312,94.93037414550781,30.672208786010742,25.658039093017578,68.43081665039062,96.17328643798828,77.87480163574219,79.09391021728516,25.897193908691406,31.547494888305664,124.86000061035156
2014-04-30,153.2387237548828,95.56184387207031,30.844160079956055,25.8260498046875,68.4794692993164,96.4039535522461,78.08085632324219,79.42283630371094,26.010128021240234,31.486553192138672,124.22000122070312
2014-05-01,153.25497436523438,95.5277328491211,30.86564826965332,25.898056030273438,68.48023986816406,96.50750732421875,78.3056411743164,80.27485656738281,26.05186653137207,31.524642944335938,123.80000305175781
2014-05-02,153.0352783203125,95.60453033447266,30.729515075683594,25.922056198120117,68.47213745117188,96.45970916748047,78.42033386230469,80.76931762695312,26.10405158996582,31.699857711791992,125.05999755859375
2014-05-05,153.32821655273438,95.48506927490234,30.708024978637695,25.946060180664062,68.48023986816406,96.43579864501953,78.37448120117188,80.28202056884766,26.108400344848633,31.524642944335938,126.22000122070312
2014-05-06,151.99366760253906,93.93189239501953,30.57189178466797,25.982065200805664,68.45597076416016,96.45171356201172,78.46622467041016,80.60447692871094,26.23881721496582,31.669384002685547,125.9800033569336
2014-05-07,152.8887939453125,93.99165344238281,30.715190887451172,26.01806640625,68.48023986816406,96.563232421875,78.52738189697266,80.31785583496094,26.212743759155273,31.836984634399414,124.16999816894531
2014-05-08,152.7259979248047,93.04439544677734,30.79400062561035,26.126073837280273,68.49651336669922,96.6985855102539,78.6114730834961,79.97383880615234,26.225791931152344,31.76080322265625,124.16999816894531
2014-05-09,152.9539031982422,93.89777374267578,30.579065322875977,26.006071090698242,68.52078247070312,96.70655059814453,78.55029296875,79.71586608886719,26.09099578857422,31.70747184753418,124.0999984741211
2014-05-12,154.4430389404297,96.03121185302734,30.87281608581543,26.19808006286621,68.50457000732422,96.57911682128906,78.34388732910156,79.39344787597656,26.060562133789062,32.24075698852539,124.94000244140625
2014-05-13,154.58143615722656,95.0925064086914,30.78683853149414,26.186080932617188,68.52887725830078,96.74640655517578,78.64971923828125,80.08135986328125,26.008390426635742,32.362640380859375,124.5999984741211
2014-05-14,153.84901428222656,93.54788208007812,30.700849533081055,26.126073837280273,68.55319213867188,96.9693603515625,79.00914001464844,80.9484634399414,26.130130767822266,32.5911979675293,125.80999755859375
2014-05-15,152.49818420410156,92.91637420654297,30.414268493652344,26.102073669433594,68.56132507324219,97.11267852783203,79.29202270507812,81.59339904785156,26.138822555541992,32.286468505859375,124.7699966430664
2014-05-16,153.02716064453125,93.50523376464844,30.392776489257812,26.234088897705078,68.56939697265625,97.03306579589844,79.1238021850586,81.36409759521484,26.143169403076172,32.71309280395508,124.5
2014-05-19,153.58863830566406,94.51220703125,30.44293212890625,26.17408561706543,68.58563232421875,97.04891204833984,79.02440643310547,80.76213836669922,26.130130767822266,32.71309280395508,124.58000183105469
2014-05-20,152.62026977539062,93.06997680664062,30.31396484375,25.95806312561035,68.59371948242188,97.20824432373047,79.25377655029297,80.9412841796875,26.0953426361084,32.446449279785156,124.69000244140625
2014-05-21,153.90594482421875,93.54788208007812,30.550397872924805,26.2100830078125,68.59371948242188,97.14457702636719,79.13141632080078,80.44683074951172,26.09099578857422,32.69785690307617,124.38999938964844
2014-05-22,154.2803192138672,94.52072143554688,30.500244140625,26.15007781982422,68.57749938964844,97.04096984863281,79.04731750488281,80.3321533203125,26.038827896118164,32.926414489746094,124.66999816894531
2014-05-23,154.89877319335938,95.5533218383789,30.622047424316406,26.05406379699707,68.56132507324219,97.12864685058594,79.20791625976562,80.76213836669922,26.030126571655273,32.86545944213867,124.51000213623047
2014-05-27,155.85084533691406,96.9272689819336,31.037601470947266,26.126073837280273,68.57749938964844,97.1764144897461,79.2308349609375,81.235107421875,26.056209564208984,32.583580017089844,121.8499984741211
2014-05-28,155.7369384765625,96.42375946044922,30.930133819580078,25.970062255859375,68.59371948242188,97.39937591552734,79.66668701171875,82.23832702636719,26.086654663085938,32.7740364074707,121.19999694824219
2014-05-29,156.5425567626953,96.74806213378906,31.037601470947266,26.114078521728516,68.58563232421875,97.32767486572266,79.56724548339844,81.80123138427734,26.08230972290039,32.86545944213867,120.94000244140625
2014-05-30,156.79483032226562,96.31285095214844,31.102083206176758,26.078073501586914,68.60186767578125,97.24014282226562,79.50616455078125,81.7653579711914,26.047531127929688,32.415977478027344,120.43000030517578
2014-06-02,156.97386169433594,95.79226684570312,31.116411209106445,26.09007453918457,68.55559539794922,97.00337219238281,79.14226531982422,81.15755462646484,25.9587459564209,32.5150146484375,119.69999694824219
2014-06-03,156.8924560546875,95.56184387207031,30.987451553344727,26.04206657409668,68.53936767578125,96.7961196899414,78.74402618408203,80.15889739990234,25.923934936523438,32.69785690307617,120.01000213623047
2014-06-04,157.20980834960938,95.93733978271484,30.9444580078125,25.970062255859375,68.56373596191406,96.80408477783203,78.68279266357422,80.13733673095703,25.906517028808594,32.5150146484375,119.76000213623047
2014-06-05,158.23516845703125,97.95135498046875,31.4101619720459,26.030061721801758,68.57183837890625,96.87581634521484,78.79762268066406,80.17323303222656,26.024019241333008,32.857845306396484,120.66000366210938
2014-06-06,158.9919891357422,98.89006042480469,31.660926818847656,26.22208595275879,68.55559539794922,96.78809356689453,78.73641204833984,80.17323303222656,26.132814407348633,33.185428619384766,120.61000061035156
2014-06-09,159.15469360351562,99.76050567626953,31.58928680419922,26.186080932617188,68.50698852539062,96.66058349609375,78.62144470214844,80.05831146240234,26.080585479736328,33.30732345581055,120.6500015258789
2014-06-10,159.17100524902344,99.56420135498047,31.510469436645508,26.186080932617188,68.4907455444336,96.55696868896484,78.48359680175781,79.76377868652344,26.024019241333008,33.4825439453125,121.38999938964844
2014-06-11,158.61766052246094,99.07779693603516,31.209556579589844,26.126073837280273,68.51510620117188,96.63671112060547,78.59081268310547,79.90740203857422,26.028377532958984,33.36826705932617,121.41000366210938
2014-06-12,157.49464416503906,98.47190856933594,31.202392578125,26.114078521728516,68.53936767578125,96.82801055908203,78.89722442626953,80.61872863769531,26.084943771362305,33.20828628540039,122.63999938964844
2014-06-13,157.97479248046875,98.64257049560547,31.08059310913086,26.138080596923828,68.49890899658203,96.68449401855469,78.74402618408203,80.57559967041016,26.05014419555664,33.22351837158203,122.95999908447266
2014-06-16,158.10496520996094,99.12047576904297,31.087757110595703,26.138080596923828,68.48265075683594,96.65260314941406,78.74402618408203,80.77685546875,26.097999572753906,33.071163177490234,122.41999816894531
2014-06-17,158.5443878173828,99.82023620605469,31.102083206176758,26.162076950073242,68.42591857910156,96.39752960205078,78.41465759277344,80.13733673095703,25.989206314086914,33.078773498535156,122.27999877929688
2014-06-18,159.7080841064453,100.49442291259766,31.4101619720459,26.31809425354004,68.48265075683594,96.68449401855469,78.82830810546875,80.7552261352539,26.150232315063477,33.4444580078125,122.66999816894531
2014-06-19,159.88711547851562,100.57974243164062,31.474647521972656,26.426095962524414,68.47457885742188,96.67650604248047,78.62913513183594,79.72066497802734,26.158935546875,33.253997802734375,126.94000244140625
2014-06-20,160.21170043945312,100.91255187988281,31.345684051513672,26.414098739624023,68.47457885742188,96.65260314941406,78.72102355957031,80.32421875,26.128463745117188,33.185428619384766,126.5
2014-06-23,160.1626739501953,100.71630096435547,31.231048583984375,26.426095962524414,68.47457885742188,96.62873840332031,78.66744995117188,80.07270812988281,26.206798553466797,33.11686706542969,126.8499984741211
2014-06-24,159.19784545898438,99.64104461669922,31.01610565185547,26.126073837280273,68.49890899658203,96.75627136230469,78.98912811279297,80.88457489013672,26.202444076538086,33.10163879394531,126.9800033569336
2014-06-25,159.91732788085938,100.48587799072266,31.013931274414062,26.087038040161133,68.50698852539062,96.86788177490234,79.06572723388672,81.0929183959961,26.276430130004883,33.1714973449707,126.98999786376953
2014-06-26,159.80284118652344,100.31521606445312,30.9335880279541,26.17517852783203,68.52320861816406,96.98737335205078,79.27250671386719,81.48085021972656,26.332992553710938,33.209896087646484,126.7300033569336
2014-06-27,160.11354064941406,100.98937225341797,30.90437126159668,26.250715255737305,68.53936767578125,97.0431900024414,79.27250671386719,81.3587646484375,26.411352157592773,33.286685943603516,126.66000366210938
2014-06-30,160.0318145751953,101.39047241210938,30.90437126159668,26.288484573364258,68.54747009277344,97.09107208251953,79.33378601074219,81.5599365234375,26.463563919067383,33.19453430175781,128.0399932861328
2014-07-01,161.10299682617188,102.4230728149414,31.15996742248535,26.540298461914062,68.5191650390625,96.94183349609375,79.07439422607422,80.8770751953125,26.462688446044922,33.50936508178711,127.69999694824219
2014-07-02,161.2664794921875,102.02812957763672,31.15266227722168,26.66619873046875,68.49482727050781,96.72638702392578,78.75212097167969,80.01266479492188,26.37554168701172,33.70901107788086,127.69999694824219
2014-07-03,162.05958557128906,102.64494323730469,31.357141494750977,26.80469512939453,68.4867172241211,96.59872436523438,78.59095764160156,79.72452545166016,26.33197021484375,33.90864944458008,127.16000366210938
2014-07-07,161.49542236328125,100.88876342773438,30.86055564880371,26.641016006469727,68.470458984375,96.63861083984375,78.78284454345703,80.30799865722656,26.31888771057129,33.8856086730957,127.0199966430664
2014-07-08,160.4569854736328,99.66378021240234,30.39320182800293,26.2633113861084,68.4867172241211,96.79022979736328,79.14349365234375,81.20838165283203,26.349401473999023,33.73203659057617,127.06999969482422
2014-07-09,161.17645263671875,99.79227447509766,30.561159133911133,26.275901794433594,68.49482727050781,96.84607696533203,79.15887451171875,81.2732162475586,26.39297103881836,33.92399215698242,127.83999633789062
2014-07-10,160.53872680664062,98.72998046875,30.064590454101562,26.087038040161133,68.52722930908203,96.98172760009766,79.32760620117188,81.29483795166016,26.3668155670166,33.73971176147461,128.5399932861328
2014-07-11,160.75955200195312,98.60150146484375,30.064590454101562,26.074451446533203,68.54347229003906,97.06153869628906,79.4581298828125,81.8134536743164,26.423465728759766,33.701332092285156,128.77999877929688
2014-07-14,161.56898498535156,99.10694885253906,30.254453659057617,26.187768936157227,68.5353775024414,96.93385314941406,79.2816162109375,81.46047973632812,26.423465728759766,33.96240234375,125.72000122070312
2014-07-15,161.2664794921875,98.1303482055664,29.984256744384766,26.238130569458008,68.50289916992188,96.84607696533203,79.2125244140625,81.29483795166016,26.345035552978516,33.939369201660156,124.52999877929688
2014-07-16,161.86337280273438,97.86476135253906,30.305561065673828,26.4395694732666,68.49482727050781,96.83008575439453,79.32760620117188,81.72706604003906,26.336320877075195,34.023826599121094,124.97000122070312
2014-07-17,160.02365112304688,96.3570556640625,29.750574111938477,26.099632263183594,68.55158996582031,97.1014404296875,79.78807830810547,82.75704956054688,26.40168571472168,33.386497497558594,127.08999633789062
2014-07-18,161.65896606445312,97.85626220703125,30.028078079223633,26.2633113861084,68.49482727050781,96.94183349609375,79.62688446044922,82.49053955078125,26.419111251831055,33.90864944458008,126.12999725341797
2014-07-21,161.3564453125,97.46212005615234,29.787092208862305,26.149999618530273,68.50289916992188,96.91790008544922,79.64995574951172,82.90111541748047,26.40168571472168,34.023826599121094,126.33999633789062
2014-07-22,162.05958557128906,98.2845458984375,29.95505142211914,26.301076889038086,68.50289916992188,97.02964782714844,79.74968719482422,83.07402801513672,26.353748321533203,34.33864974975586,125.73999786376953
2014-07-23,162.4193572998047,98.40447998046875,30.04998207092285,26.326269149780273,68.52722930908203,97.05354309082031,79.74195861816406,82.96595001220703,26.384258270263672,34.369361877441406,125.62000274658203
2014-07-24,162.4275665283203,98.20742797851562,30.305561065673828,26.275901794433594,68.50289916992188,96.79824829101562,79.41970825195312,82.34646606445312,26.345035552978516,34.52292251586914,124.3499984741211
2014-07-25,161.66714477539062,97.31651306152344,29.95505142211914,26.250715255737305,68.510986328125,96.93385314941406,79.7266845703125,83.31893157958984,26.32760238647461,34.38471603393555,125.79000091552734
2014-07-28,161.7325439453125,96.8282470703125,29.88202476501465,26.250715255737305,68.47860717773438,96.87801361083984,79.63456726074219,83.20368194580078,26.305822372436523,34.62275314331055,125.58000183105469
2014-07-29,161.03749084472656,97.09376525878906,29.852821350097656,26.17517852783203,68.49482727050781,96.90990447998047,79.74195861816406,83.50617980957031,26.270967483520508,34.415435791015625,125.19999694824219
2014-07-30,161.06211853027344,97.47925567626953,29.772493362426758,26.099632263183594,68.46236419677734,96.60669708251953,79.18185424804688,82.34646606445312,26.127151489257812,34.246498107910156,124.83000183105469
2014-07-31,157.88137817382812,95.2519760131836,29.064130783081055,25.658971786499023,68.49482727050781,96.63861083984375,79.15887451171875,82.10160064697266,26.101028442382812,33.64757537841797,123.38999938964844
2014-08-01,157.39898681640625,94.81505584716797,28.779346466064453,25.457530975341797,68.58158874511719,97.04521179199219,79.62471008300781,82.73716735839844,26.148948669433594,33.83186721801758,124.37999725341797
2014-08-04,158.53546142578125,95.65457153320312,28.954601287841797,25.64638328552246,68.58158874511719,97.1330795288086,79.6708984375,82.52045440673828,26.20123863220215,34.14667892456055,123.98999786376953
2014-08-05,156.998291015625,95.41472625732422,28.399606704711914,25.4449405670166,68.58158874511719,97.11710357666016,79.70928192138672,82.78768920898438,26.096675872802734,33.624542236328125,123.87000274658203
2014-08-06,157.0474090576172,95.71456909179688,28.399606704711914,25.394580841064453,68.59778594970703,97.15702056884766,79.77845001220703,82.83822631835938,26.17073631286621,33.39418029785156,125.66999816894531
2014-08-07,156.19699096679688,95.2519760131836,27.961456298828125,25.180545806884766,68.6302490234375,97.34871673583984,80.13982391357422,83.61103820800781,26.15331268310547,33.26365280151367,126.18000030517578
2014-08-08,158.0040283203125,96.17716979980469,28.377695083618164,25.167953491210938,68.58966827392578,97.29283905029297,80.07061004638672,83.43050384521484,26.23609733581543,33.563114166259766,126.19000244140625
2014-08-11,158.46192932128906,97.09376525878906,28.392309188842773,25.293859481811523,68.58966827392578,97.30882263183594,80.0322036743164,83.4232177734375,26.23609733581543,33.993106842041016,125.95999908447266
2014-08-12,158.24118041992188,96.42559051513672,28.28276252746582,25.356807708740234,68.58966827392578,97.27684020996094,79.91682434082031,82.88159942626953,26.205595016479492,34.0315055847168,125.98999786376953
2014-08-13,159.31228637695312,97.179443359375,28.458024978637695,25.344223022460938,68.62214660644531,97.4605484008789,80.17828369140625,83.4232177734375,26.2230281829834,34.215789794921875,126.19999694824219
2014-08-14,160.06459045410156,97.32511138916016,28.618684768676758,25.470117568969727,68.63835906982422,97.51653289794922,80.33969116210938,84.09488677978516,26.279678344726562,34.26954650878906,126.30999755859375
2014-08-15,160.0318145751953,97.13663482666016,28.538347244262695,25.533071517944336,68.63835906982422,97.62029266357422,80.6625747680664,85.01210021972656,26.39297103881836,34.17739486694336,125.4800033569336
2014-08-18,161.37278747558594,98.55011749267578,28.779346466064453,25.759693145751953,68.63835906982422,97.51653289794922,80.40892028808594,84.16716003417969,26.305822372436523,34.5075798034668,124.95999908447266
2014-08-19,162.2150115966797,98.89277648925781,28.815855026245117,25.734521865844727,68.63835906982422,97.50054931640625,80.32433319091797,83.90714263916016,26.21431541442871,34.66883087158203,124.68000030517578
2014-08-20,162.64833068847656,98.47299194335938,28.699012756347656,25.658971786499023,68.57350158691406,97.2688980102539,80.08599853515625,83.76990509033203,26.083595275878906,34.5997200012207,124.22000122070312
2014-08-21,163.1226043701172,98.68716430664062,28.983808517456055,25.64638328552246,68.57350158691406,97.32477569580078,80.25513458251953,84.23936462402344,26.109743118286133,34.453819274902344,122.87999725341797
2014-08-22,162.86915588378906,98.69572448730469,28.764732360839844,25.608613967895508,68.55729675292969,97.2448959350586,80.26284790039062,84.70880889892578,26.127151489257812,34.36168670654297,123.19000244140625
2014-08-25,163.6949005126953,99.15833282470703,29.115257263183594,25.86041831970215,68.53289794921875,97.19695281982422,80.32433319091797,85.02653503417969,26.118446350097656,34.61507034301758,122.73999786376953
2014-08-26,163.8012237548828,100.05783081054688,29.327024459838867,25.70934295654297,68.55729675292969,97.2688980102539,80.30896759033203,84.75206756591797,26.096675872802734,34.82240295410156,123.3499984741211
2014-08-27,163.7357940673828,99.80939483642578,29.44388198852539,25.873004913330078,68.57350158691406,97.35668182373047,80.53191375732422,85.47435760498047,26.205595016479492,34.99900817871094,123.31999969482422
2014-08-28,163.64585876464844,99.29541015625,29.15906524658203,25.78487777709961,68.58966827392578,97.45259094238281,80.63957977294922,85.92210388183594,26.244810104370117,34.65346145629883,124.0
2014-08-29,164.11192321777344,99.85222625732422,29.115257263183594,25.86041831970215,68.62214660644531,97.51653289794922,80.64720153808594,85.97986602783203,26.162023544311523,34.5997200012207,123.86000061035156
2014-09-02,164.03013610839844,100.4005126953125,29.19558334350586,25.7219295501709,68.56377410888672,97.20462799072266,80.13201141357422,84.4967041015625,25.960046768188477,34.54596710205078,121.6500015258789
2014-09-03,163.94024658203125,99.7665786743164,29.50229263305664,25.898189544677734,68.57998657226562,97.26864624023438,80.24756622314453,84.96721649169922,26.003665924072266,34.99900817871094,122.1500015258789
2014-09-04,163.703125,99.38106536865234,29.473085403442383,25.68415069580078,68.57185363769531,97.14066314697266,79.96257019042969,83.93212890625,25.79865264892578,34.906864166259766,121.4800033569336
2014-09-05,164.43899536132812,99.69804382324219,29.641040802001953,25.633798599243164,68.5961685180664,97.22058868408203,79.98571014404297,83.77279663085938,25.820446014404297,35.206329345703125,122.05999755859375
2014-09-08,164.01385498046875,99.85222625732422,29.30512046813965,25.09241485595703,68.5556411743164,97.09260559082031,79.90096282958984,83.80903625488281,25.65032196044922,34.791683197021484,120.7300033569336
2014-09-09,162.97537231445312,98.67003631591797,29.239402770996094,25.105003356933594,68.5150375366211,96.9327621459961,79.71614074707031,83.7438735961914,25.580524444580078,34.36168670654297,120.87000274658203
2014-09-10,163.58863830566406,99.2525634765625,29.26860809326172,25.369400024414062,68.523193359375,96.84477996826172,79.51596069335938,83.2154312133789,25.4932861328125,34.215789794921875,120.26000213623047
2014-09-11,163.77671813964844,99.89506530761719,29.12986183166504,25.205730438232422,68.53130340576172,96.82080078125,79.4157943725586,82.94039916992188,25.414766311645508,33.98542785644531,119.47000122070312
2014-09-12,162.82000732421875,98.83280181884766,29.100643157958984,25.21831512451172,68.5150375366211,96.70085144042969,79.11544036865234,82.07173919677734,25.388578414916992,33.624542236328125,118.37999725341797
2014-09-15,162.69737243652344,97.75340270996094,29.071439743041992,25.268678665161133,68.54753112792969,96.80480194091797,79.26174926757812,82.19481658935547,25.397315979003906,33.45560836791992,118.63999938964844
2014-09-16,163.923828125,98.02752685546875,29.14447021484375,25.331628799438477,68.58807373046875,96.8687973022461,79.2386474609375,81.86182403564453,25.436561584472656,33.89329147338867,118.83000183105469
2014-09-17,164.1446990966797,98.2845458984375,29.093339920043945,25.243492126464844,68.5150375366211,96.66089630126953,79.03846740722656,81.65190124511719,25.29698944091797,33.578460693359375,117.54000091552734
2014-09-18,165.01954650878906,98.88420867919922,29.312421798706055,25.48271369934082,68.523193359375,96.58892059326172,78.98450469970703,81.91251373291016,25.29262351989746,33.624542236328125,117.77999877929688
2014-09-19,164.87083435058594,97.63348388671875,29.137165069580078,25.495304107666016,68.5150375366211,96.70890045166016,79.28485870361328,82.95484161376953,25.26645278930664,33.37114715576172,117.08999633789062
2014-09-22,163.59756469726562,96.26283264160156,29.020322799682617,25.356807708740234,68.56377410888672,96.88477325439453,79.45429229736328,83.05622863769531,25.29698944091797,32.86436462402344,116.8499984741211
2014-09-23,162.66104125976562,95.36331939697266,28.61138343811035,24.903562545776367,68.57998657226562,96.95671081542969,79.6237564086914,83.5701675415039,25.301349639892578,32.68006896972656,117.5999984741211
2014-09-24,163.9344024658203,96.22663116455078,28.786640167236328,25.054641723632812,68.5556411743164,96.82877349853516,79.40040588378906,83.10688781738281,25.262081146240234,33.148468017578125,117.05000305175781
2014-09-25,161.28916931152344,94.60309600830078,28.23893928527832,24.689525604248047,68.6042709350586,97.07670593261719,79.78543853759766,84.0913314819336,25.231544494628906,32.42667770385742,117.38999938964844
2014-09-26,162.57064819335938,95.4535140991211,28.428817749023438,24.702116012573242,68.57185363769531,96.90872955322266,79.61604309082031,83.96826171875,25.131214141845703,32.572574615478516,117.05999755859375
2014-09-29,162.27500915527344,95.376220703125,28.100196838378906,24.613975524902344,68.58807373046875,97.04467010498047,79.87017059326172,84.64140319824219,25.105039596557617,31.912220001220703,117.02999877929688
2014-09-30,161.8478240966797,93.93307495117188,28.114809036254883,24.39995574951172,68.57185363769531,97.01274108886719,79.80088806152344,84.16371154785156,25.026527404785156,31.912220001220703,116.20999908447266
2014-10-01,159.6544647216797,92.60159301757812,27.793500900268555,24.110374450683594,68.6448745727539,97.45057678222656,80.47134399414062,85.79574584960938,25.109033584594727,31.259532928466797,116.7699966430664
2014-10-02,159.6791534423828,93.48638153076172,27.406465530395508,23.820802688598633,68.63679504394531,97.33853149414062,80.23217010498047,85.04829406738281,25.165794372558594,31.428462982177734,116.73999786376953
2014-10-03,161.4370880126953,94.1907730102539,27.32613754272461,23.79561424255371,68.57186889648438,97.2425308227539,80.208984375,85.4111328125,24.9081974029541,31.697208404541016,114.61000061035156
2014-10-06,161.2480926513672,93.38329315185547,27.494091033935547,24.085195541381836,68.63679504394531,97.3865737915039,80.34016418457031,85.46194458007812,25.12213706970215,32.11186599731445,116.02999877929688
2014-10-07,158.7590789794922,91.84567260742188,26.86606788635254,23.669715881347656,68.67736053466797,97.68276977539062,80.81080627441406,86.61573028564453,25.18326759338379,31.8277530670166,116.36000061035156
2014-10-08,161.53561401367188,93.60665130615234,27.3918514251709,24.148143768310547,68.75038146972656,98.03504180908203,81.09624481201172,86.63752746582031,25.38409996032715,32.30382537841797,117.47000122070312
2014-10-09,158.33184814453125,91.08116149902344,26.53745460510254,23.41791534423828,68.75038146972656,97.91495513916016,80.9573974609375,86.2601547241211,25.274948120117188,31.797033309936523,117.63999938964844
2014-10-10,156.52455139160156,89.9730453491211,26.143123626708984,23.128334045410156,68.78289794921875,98.04301452636719,81.27369689941406,87.11644744873047,25.218185424804688,31.105968475341797,117.58999633789062
2014-10-13,153.95343017578125,89.61222076416016,26.150423049926758,23.128334045410156,68.80725860595703,98.435302734375,81.69805145263672,87.64623260498047,25.318613052368164,31.42078971862793,118.5199966430664
2014-10-14,154.191650390625,90.6602554321289,26.23805046081543,23.115741729736328,68.84779357910156,98.49937438964844,81.86009979248047,88.21945190429688,25.371007919311523,31.605073928833008,118.58999633789062
2014-10-15,153.14834594726562,91.57080078125,25.967853546142578,22.78839874267578,68.9371566772461,98.93961334228516,82.322998046875,88.91612243652344,25.554378509521484,31.20578384399414,118.98999786376953
2014-10-16,153.01690673828125,92.60159301757812,25.5881290435791,22.687673568725586,68.89649200439453,98.7715072631836,82.0992431640625,88.35008239746094,25.497604370117188,30.921676635742188,119.22000122070312
2014-10-17,154.82415771484375,92.32673645019531,26.23805046081543,23.14091682434082,68.85598754882812,98.57137298583984,81.86009979248047,87.85664367675781,25.419023513793945,31.267213821411133,118.98999786376953
2014-10-20,156.3274383544922,93.40906524658203,26.26725959777832,23.15350914001465,68.89649200439453,98.6834716796875,81.97582244873047,88.17589569091797,25.475778579711914,31.359357833862305,119.80000305175781
2014-10-21,159.4244384765625,94.94671630859375,26.72001838684082,23.518627166748047,68.88026428222656,98.57936096191406,81.75208282470703,87.47201538085938,25.440858840942383,31.48989486694336,120.0199966430664
2014-10-22,158.29075622558594,93.5894775390625,26.340290069580078,23.279415130615234,68.86405181884766,98.55533599853516,81.72892761230469,87.56633758544922,25.32733154296875,31.28257179260254,119.33999633789062
2014-10-23,160.130859375,95.24736785888672,26.79304313659668,23.430503845214844,68.8315658569336,98.32321166992188,81.38943481445312,86.78992462158203,25.288043975830078,31.2748966217041,118.5199966430664
2014-10-24,161.36314392089844,95.41057586669922,26.909883499145508,23.556398391723633,68.84779357910156,98.33118438720703,81.45889282226562,86.87696075439453,25.283679962158203,31.497570037841797,118.3499984741211
2014-10-27,161.14132690429688,95.3590087890625,26.676197052001953,23.468263626098633,68.84779357910156,98.40326690673828,81.54373931884766,87.03662872314453,25.3753719329834,31.25185775756836,118.05999755859375
2014-10-28,162.98965454101562,98.0735092163086,27.194683074951172,23.694889068603516,68.8315658569336,98.28316497802734,81.34317779541016,86.49242401123047,25.41028594970703,31.881500244140625,118.0999984741211
2014-10-29,162.74322509765625,97.84159088134766,26.778446197509766,23.581579208374023,68.74232482910156,97.94696044921875,81.07308197021484,86.68827819824219,25.218185424804688,31.927568435668945,116.41000366210938
2014-10-30,163.78656005859375,98.67485046386719,26.939096450805664,23.65712547302246,68.76667785644531,98.03504180908203,81.15796661376953,86.76084899902344,25.161428451538086,32.2270393371582,115.19000244140625
2014-10-31,165.65945434570312,100.12654876708984,27.311521530151367,23.93410873413086,68.75038146972656,97.94696044921875,81.02680969238281,86.53592681884766,24.96495246887207,32.36525344848633,112.66000366210938
2014-11-03,165.7498779296875,99.95478057861328,26.961002349853516,23.61935043334961,68.74153137207031,97.8644027709961,80.99665832519531,86.53591918945312,24.751373291015625,32.09649658203125,112.1500015258789
2014-11-04,165.17483520507812,99.49089050292969,26.822254180908203,23.644535064697266,68.73334503173828,97.8644027709961,80.98899841308594,86.8050537109375,24.825626373291016,32.12721252441406,112.22000122070312
2014-11-05,166.21804809570312,99.67127990722656,26.99751853942871,23.83338737487793,68.71709442138672,97.87242126464844,81.01213836669922,86.681396484375,24.677133560180664,31.843109130859375,109.79000091552734
2014-11-06,166.88351440429688,100.10078430175781,26.931793212890625,23.745256423950195,68.70086669921875,97.74418640136719,80.76481628417969,86.12132263183594,24.50242805480957,31.451496124267578,109.87999725341797
2014-11-07,167.03955078125,100.25541687011719,26.807655334472656,23.883747100830078,68.74958801269531,98.08883666992188,81.28263092041016,87.11056518554688,24.62909507751465,31.65114402770996,112.97000122070312
2014-11-10,167.56527709960938,100.75365447998047,26.95370101928711,23.959293365478516,68.70086669921875,97.87242126464844,80.9502944946289,86.31037902832031,24.567947387695312,31.735614776611328,110.45999908447266
2014-11-11,167.72958374023438,100.82238006591797,27.143569946289062,24.122962951660156,68.69273376464844,97.8644027709961,80.95806884765625,86.36858367919922,24.6203556060791,31.704891204833984,112.04000091552734
2014-11-12,167.5488739013672,101.27762603759766,26.734628677368164,23.89634132385254,68.71709442138672,97.89645385742188,80.92711639404297,86.2958755493164,24.581045150756836,31.643474578857422,111.5
2014-11-13,167.73779296875,100.41864013671875,26.844161987304688,23.89634132385254,68.73334503173828,97.96060943603516,81.05852508544922,86.49954986572266,24.602880477905273,31.558988571166992,111.66999816894531
2014-11-14,167.7789306640625,100.23823547363281,26.946401596069336,23.845979690551758,68.76586151123047,98.0647964477539,81.22855377197266,86.9215087890625,24.65965461730957,31.82007598876953,114.47000122070312
2014-11-17,167.88565063476562,99.40499114990234,27.048633575439453,23.908926010131836,68.7577133178711,98.01669311523438,81.1358413696289,86.70323181152344,24.581045150756836,31.482219696044922,114.05000305175781
2014-11-18,168.8550567626953,99.98052215576172,27.55251121520996,24.047420501708984,68.74958801269531,98.08883666992188,81.22855377197266,86.94330596923828,24.633464813232422,31.65114402770996,115.05000305175781
2014-11-19,168.5839080810547,98.91533660888672,27.537906646728516,24.034832000732422,68.74153137207031,97.95262145996094,81.01213836669922,86.39043426513672,24.528636932373047,31.635787963867188,113.68000030517578
2014-11-20,168.87969970703125,100.02348327636719,27.37724494934082,23.98447036743164,68.7577133178711,98.04072570800781,81.15898895263672,86.8414306640625,24.594152450561523,31.58203887939453,114.86000061035156
2014-11-21,169.78329467773438,100.14373016357422,27.71316146850586,24.148143768310547,68.7739486694336,98.1448974609375,81.3212890625,87.36518859863281,24.519895553588867,32.58793258666992,115.38999938964844
2014-11-24,170.2597198486328,101.33778381347656,28.144023895263672,24.23628044128418,68.7820816040039,98.20902252197266,81.4140625,87.43795776367188,24.541738510131836,32.319183349609375,115.11000061035156
2014-11-25,170.1365509033203,101.41505432128906,28.304662704467773,24.185909271240234,68.79021453857422,98.31324768066406,81.6150131225586,88.16539001464844,24.655292510986328,32.11186599731445,115.37999725341797
2014-11-26,170.57188415527344,101.75009155273438,28.421506881713867,24.37476921081543,68.79832458496094,98.43343353271484,81.75408935546875,88.40540313720703,24.72517204284668,32.51881790161133,115.16000366210938
2014-11-28,170.21047973632812,100.23823547363281,28.370397567749023,23.959293365478516,68.82268524169922,98.6097640991211,82.07093048095703,89.10374450683594,24.62909507751465,31.866140365600586,112.11000061035156
2014-12-01,169.02749633789062,98.67485046386719,28.31928062438965,23.971885681152344,68.8218994140625,98.56961059570312,81.86965942382812,88.58389282226562,24.694602966308594,31.32095718383789,116.58000183105469
2014-12-02,170.12008666992188,99.8602523803711,28.268157958984375,24.135557174682617,68.78124237060547,98.27277374267578,81.50581359863281,87.72360229492188,24.476211547851562,31.313278198242188,115.13999938964844
2014-12-03,170.77728271484375,100.82238006591797,28.209741592407227,24.148143768310547,68.748779296875,98.2326431274414,81.53678131103516,88.0662612915039,24.38886833190918,31.39775848388672,116.33000183105469
2014-12-04,170.58834838867188,100.34130859375,28.063690185546875,23.98447036743164,68.78935241699219,98.36102294921875,81.8232650756836,88.80261993408203,24.44564437866211,31.451496124267578,115.87999725341797
2014-12-05,170.8676300048828,101.09725189208984,28.326587677001953,24.034832000732422,68.65941619873047,97.9277572631836,81.36649322509766,88.2850341796875,24.22726058959961,31.390066146850586,114.43000030517578
2014-12-08,169.7257843017578,99.83450317382812,28.07098960876465,23.820802688598633,68.65129852294922,98.00797271728516,81.63744354248047,89.364013671875,24.318992614746094,30.92935562133789,115.77999877929688
2014-12-09,169.61074829101562,101.50957489013672,27.83000946044922,23.518627166748047,68.67568969726562,98.20054626464844,81.93929290771484,89.82335662841797,24.476211547851562,30.63756561279297,118.19000244140625
2014-12-10,166.8916473388672,99.35343933105469,27.450275421142578,23.26682472229004,68.73251342773438,98.49736785888672,82.31095886230469,90.47956848144531,24.615989685058594,30.184534072875977,117.95999908447266
2014-12-11,167.73779296875,99.74857330322266,27.3553409576416,23.09056282043457,68.70004272460938,98.31291961669922,82.17162322998047,90.85139465332031,24.51552391052246,29.93113899230957,117.69000244140625
2014-12-12,165.02696228027344,98.53739166259766,26.785741806030273,22.398096084594727,68.7650146484375,98.72211456298828,82.84515380859375,92.08355712890625,24.602880477905273,29.439712524414062,117.41000366210938
2014-12-15,163.893310546875,97.54093933105469,26.252662658691406,22.1085205078125,68.71625518798828,98.44927215576172,82.54322814941406,91.89393615722656,24.581045150756836,29.01738166809082,114.38999938964844
2014-12-16,162.5789337158203,97.40347290039062,26.55206298828125,22.486225128173828,68.75686645507812,98.73812103271484,82.96131896972656,93.03132629394531,24.790687561035156,28.971315383911133,114.94999694824219
2014-12-17,165.76622009277344,100.4100341796875,26.88453483581543,22.781587600708008,68.69188690185547,98.2807846069336,82.38839721679688,92.19290161132812,24.51552391052246,29.637279510498047,114.2699966430664
2014-12-18,169.86544799804688,101.90473175048828,27.44355583190918,23.308115005493164,68.65129852294922,98.0400619506836,81.92388153076172,90.5524673461914,24.458736419677734,30.042316436767578,115.1500015258789
2014-12-19,170.58822631835938,102.13667297363281,27.222881317138672,23.53926658630371,68.60254669189453,98.160400390625,82.22579193115234,91.77005004882812,24.419435501098633,30.252609252929688,114.7699966430664
2014-12-22,171.37290954589844,102.83246612548828,27.406776428222656,23.62915802001953,68.61881256103516,98.12832641601562,82.22579193115234,91.89393615722656,24.432546615600586,30.67322540283203,112.55000305175781
2014-12-23,171.60415649414062,102.9613037109375,27.42148208618164,23.423688888549805,68.54571533203125,97.79135131835938,81.54452514648438,90.0712890625,24.26657485961914,30.392818450927734,112.73999786376953
2014-12-24,171.6207275390625,103.25875854492188,27.620086669921875,23.616317749023438,68.58065795898438,97.79457092285156,81.60350799560547,90.56150817871094,24.32771873474121,30.46291732788086,112.7699966430664
2014-12-26,172.17408752441406,103.93128204345703,27.59065818786621,23.64200210571289,68.5562515258789,97.8026123046875,81.71200561523438,90.89762115478516,24.297143936157227,30.70437240600586,114.83000183105469
2014-12-29,172.40538024902344,104.37100982666016,27.37000274658203,23.436532974243164,68.62129211425781,97.995361328125,81.9910888671875,91.57709503173828,24.317842483520508,30.517440795898438,113.66999816894531
2014-12-30,171.48033142089844,103.75886535644531,27.024288177490234,23.282424926757812,68.64563751220703,98.13190460205078,82.08415222167969,91.82550811767578,24.46316909790039,30.579748153686523,115.19999694824219
2014-12-31,169.77871704101562,103.13804626464844,26.722707748413086,23.154010772705078,68.62129211425781,98.24439239501953,82.17716979980469,92.0008544921875,24.36628532409668,30.603116989135742,113.58000183105469
2015-01-02,169.68780517578125,102.54312133789062,26.75213050842285,22.935693740844727,68.69436645507812,98.46121978759766,82.59590148925781,93.02371978759766,24.260597229003906,30.19808578491211,114.08000183105469
2015-01-05,166.62335205078125,101.17220306396484,25.75177574157715,22.35780906677246,68.69436645507812,98.68620300292969,83.09982299804688,94.4849853515625,24.207752227783203,29.660646438598633,115.80000305175781
2015-01-06,165.0538787841797,99.42191314697266,25.486982345581055,22.10097312927246,68.72689819335938,98.99138641357422,83.6580810546875,96.18738555908203,24.282609939575195,29.536014556884766,117.12000274658203
2015-01-07,167.11065673828125,100.64625549316406,25.707643508911133,22.29360008239746,68.7594223022461,99.0797348022461,83.6426010131836,95.99745178222656,24.216556549072266,30.17472267150879,116.43000030517578
2015-01-08,170.07608032226562,102.35342407226562,26.068063735961914,22.691699981689453,68.75126647949219,98.95929718017578,83.30143737792969,94.72615051269531,24.18132209777832,30.688798904418945,115.94000244140625
2015-01-09,168.71319580078125,101.37052154541016,25.82532501220703,22.588964462280273,68.80821228027344,99.24842071533203,83.71233367919922,95.76358795166016,24.27379608154297,30.58753776550293,117.26000213623047
2015-01-12,167.39157104492188,101.03425598144531,25.898887634277344,22.499069213867188,68.84880828857422,99.46531677246094,84.00697326660156,96.31160736083984,24.339862823486328,30.338294982910156,118.55999755859375
2015-01-13,166.92068481445312,101.11186981201172,26.031288146972656,22.56328010559082,68.88941192626953,99.56169891357422,84.08448028564453,96.31160736083984,24.309045791625977,30.603116989135742,118.16000366210938
2015-01-14,165.91302490234375,100.7066421508789,26.082778930664062,22.35780906677246,68.93001556396484,99.82679748535156,84.47215270996094,97.04214477539062,24.42793846130371,30.431764602661133,117.97000122070312
2015-01-15,164.3931121826172,99.00804901123047,26.01658058166504,22.486230850219727,69.03569030761719,100.38099670410156,85.19326782226562,98.56922149658203,24.41913414001465,30.501861572265625,120.94000244140625
2015-01-16,166.54898071289062,100.6203842163086,26.52411460876465,22.84580421447754,68.97065734863281,99.93118286132812,84.56523895263672,97.31253814697266,24.339862823486328,30.7589054107666,122.5199966430664
2015-01-20,166.90419006347656,100.19790649414062,26.744779586791992,23.0512752532959,68.93815612792969,99.95526123046875,84.7590560913086,98.60572814941406,24.18132209777832,30.7121639251709,124.19999694824219
2015-01-21,167.7467498779297,99.87885284423828,27.009586334228516,23.282424926757812,68.93815612792969,99.73041534423828,84.3558578491211,97.4659194946289,24.229766845703125,31.389806747436523,124.2300033569336
2015-01-22,170.24127197265625,101.91366577148438,27.112550735473633,23.487897872924805,68.91378021240234,99.58580780029297,84.14654541015625,97.11524200439453,23.965543746948242,31.989566802978516,125.2300033569336
2015-01-23,169.30792236328125,101.8447494506836,26.88453483581543,23.372323989868164,68.94632720947266,99.88299560546875,84.6970443725586,98.46688079833984,23.94792938232422,31.748106002807617,124.2300033569336
2015-01-26,169.70437622070312,102.82767486572266,27.436201095581055,23.719058990478516,68.90567779541016,99.73041534423828,84.5031967163086,98.16734313964844,23.925905227661133,31.763683319091797,122.98999786376953
2015-01-27,167.46585083007812,102.33618927001953,27.35528564453125,23.73189926147461,68.94632720947266,99.82679748535156,84.61946105957031,98.3208236694336,24.040401458740234,31.592329025268555,124.4000015258789
2015-01-28,165.3182373046875,100.61178588867188,26.730058670043945,23.436532974243164,68.99508666992188,100.18824005126953,85.27076721191406,99.9281997680664,23.969934463500977,31.249605178833008,123.41999816894531
2015-01-29,166.8463592529297,101.99992370605469,27.45826530456543,23.59063720703125,68.97065734863281,100.04363250732422,84.96839904785156,99.27066040039062,23.877471923828125,31.249605178833008,120.76000213623047
2015-01-30,164.748291015625,99.75816345214844,26.98015594482422,23.16684341430664,69.05193328857422,100.51754760742188,85.71269226074219,101.03145599365234,23.983158111572266,30.392818450927734,123.44999694824219
2015-02-02,166.78855895996094,100.6720962524414,27.311159133911133,23.372323989868164,69.02998352050781,100.46287536621094,85.60554504394531,100.6500015258789,24.049219131469727,30.93804359436035,122.41999816894531
2015-02-03,169.20046997070312,102.47412872314453,28.03200340270996,23.950206756591797,68.9731216430664,100.0527572631836,84.88330078125,98.51959228515625,24.176925659179688,31.5222225189209,121.05000305175781
2015-02-04,168.55618286132812,102.09477996826172,27.45826530456543,23.73189926147461,68.98116302490234,100.10906982421875,85.02306365966797,98.68797302246094,24.062429428100586,31.366443634033203,121.58000183105469
2015-02-05,170.25778198242188,103.4139633178711,27.93637466430664,24.091466903686523,68.95679473876953,99.97228240966797,84.71241760253906,97.60447692871094,24.190143585205078,31.553390502929688,121.79000091552734
2015-02-06,169.78692626953125,103.30188751220703,27.303802490234375,23.83462905883789,68.79427337646484,99.18427276611328,83.76496887207031,95.8766860961914,23.864246368408203,31.015933990478516,118.63999938964844
2015-02-09,169.02706909179688,102.4827651977539,27.075782775878906,23.770418167114258,68.78612518310547,99.13599395751953,83.72614288330078,95.72294616699219,23.829025268554688,30.969202041625977,119.16999816894531
2015-02-10,170.82777404785156,103.13804626464844,27.44355583190918,23.860319137573242,68.7698745727539,99.00737762451172,83.51642608642578,94.96151733398438,23.76296615600586,30.891313552856445,118.47000122070312
2015-02-11,170.92686462402344,102.99148559570312,27.377351760864258,23.744739532470703,68.77799224853516,98.98324584960938,83.48542022705078,95.13727569580078,23.617647171020508,30.665433883666992,117.06999969482422
2015-02-12,172.57061767578125,104.1640853881836,28.09819984436035,24.16851806640625,68.8023910522461,99.09579467773438,83.51642608642578,94.82246398925781,23.881868362426758,31.3197078704834,117.33999633789062
2015-02-13,173.28097534179688,104.78487396240234,28.16440200805664,24.284099578857422,68.8023910522461,98.98324584960938,83.23688507080078,93.8487319946289,23.84663200378418,31.67799949645996,117.9800033569336
2015-02-17,173.5535888671875,105.11253356933594,28.201181411743164,24.271255493164062,68.7698745727539,98.62134552001953,82.64664459228516,92.43577575683594,23.798192977905273,31.60790252685547,116.01000213623047
2015-02-18,173.570068359375,105.22462463378906,28.274730682373047,24.386831283569336,68.8511734008789,98.97516632080078,83.04275512695312,92.98487854003906,23.837833404541016,31.60011100769043,116.33999633789062
2015-02-19,173.44622802734375,105.23323822021484,28.245309829711914,24.361146926879883,68.81050109863281,98.79827880859375,82.83306121826172,92.36994171142578,23.74535369873047,31.46770477294922,115.94000244140625
2015-02-20,174.48699951171875,105.51775360107422,28.694002151489258,24.515254974365234,68.8023910522461,98.72586059570312,82.78641510009766,92.64080047607422,23.75415802001953,31.67799949645996,115.27999877929688
2015-02-23,174.4622039794922,105.62124633789062,28.51010513305664,24.463886260986328,68.83489990234375,98.95909881591797,83.1669692993164,93.70234680175781,23.76296615600586,31.358657836914062,115.43000030517578
2015-02-24,174.9578094482422,105.75918579101562,28.77490997314453,24.63083267211914,68.89175415039062,99.34503936767578,83.7183837890625,94.93225860595703,23.82462501525879,31.81041717529297,115.26000213623047
2015-02-25,174.8091583251953,105.8799057006836,28.70870590209961,24.643672943115234,68.89175415039062,99.38525390625,83.79602813720703,95.3421859741211,23.921512603759766,31.748106002807617,115.69999694824219
2015-02-26,174.6026153564453,106.26787567138672,28.54688835144043,24.553783416748047,68.82676696777344,98.99932861328125,83.29900360107422,94.0390625,23.69691276550293,31.755901336669922,116.06999969482422
2015-02-27,174.00784301757812,105.69020080566406,28.6572208404541,24.528095245361328,68.8511734008789,99.17622375488281,83.59416961669922,94.8297348022461,23.723339080810547,31.732534408569336,116.16000366210938
2015-03-02,175.10650634765625,106.45758056640625,28.738130569458008,24.566619873046875,68.79501342773438,98.84537506103516,82.97180938720703,93.06340789794922,23.60442543029785,31.685791015625,115.68000030517578
2015-03-03,174.3878173828125,105.82817077636719,28.443897247314453,24.335464477539062,68.77877044677734,98.72464752197266,82.79298400878906,92.72598266601562,23.59121322631836,31.444332122802734,115.47000122070312
2015-03-04,173.65274047851562,105.50052642822266,28.304147720336914,24.219884872436523,68.79501342773438,98.8211669921875,82.85516357421875,92.75532531738281,23.467910766601562,31.101621627807617,115.11000061035156
2015-03-05,173.84274291992188,105.81092834472656,28.43655014038086,24.34830665588379,68.81946563720703,98.90174102783203,82.90184783935547,92.63798522949219,23.415063858032227,31.05488395690918,115.0
2015-03-06,171.3976593017578,104.4744644165039,27.951078414916992,23.80894660949707,68.74626922607422,98.34623718261719,82.05400085449219,90.5914306640625,23.089187622070312,30.579748153686523,111.86000061035156
2015-03-09,172.1080780029297,104.93145751953125,28.04671287536621,23.92452621459961,68.77877044677734,98.58776092529297,82.43512725830078,91.42760467529297,23.12881088256836,30.46291732788086,111.97000122070312
2015-03-10,169.31613159179688,103.72440338134766,27.377351760864258,23.26958465576172,68.79501342773438,98.77289581298828,82.78517150878906,92.63062286376953,22.94386100769043,29.785268783569336,111.41999816894531
2015-03-11,168.91961669921875,104.3624038696289,27.57594871520996,23.089797973632812,68.79501342773438,98.82927703857422,82.93294525146484,93.30546569824219,22.833763122558594,30.011150360107422,110.75
2015-03-12,171.06727600097656,106.095458984375,27.81132698059082,23.21822166442871,68.81131744384766,98.90974426269531,83.01072692871094,93.23948669433594,22.974685668945312,30.19808578491211,110.72000122070312
2015-03-13,170.0182342529297,105.71607971191406,27.6274471282959,22.974218368530273,68.81946563720703,98.88560485839844,82.88626861572266,92.95336151123047,22.728071212768555,29.832006454467773,110.87999725341797
2015-03-16,172.289794921875,106.33688354492188,28.105552673339844,23.21822166442871,68.82752990722656,99.01439666748047,83.17413330078125,93.84832763671875,22.8778018951416,30.190303802490234,110.80999755859375
2015-03-17,171.77764892578125,106.62141418457031,27.929012298583984,23.256746292114258,68.81131744384766,99.08685302734375,83.34519958496094,94.6258316040039,22.891006469726562,30.540803909301758,110.20999908447266
2015-03-18,173.84274291992188,107.47500610351562,28.421842575073242,23.937360763549805,68.97393035888672,99.79523468017578,84.30196380615234,96.45238494873047,23.371030807495117,31.288555145263672,112.37000274658203
2015-03-19,173.0497283935547,107.68192291259766,27.951078414916992,23.616317749023438,68.88445281982422,99.4330062866211,83.9052505493164,95.96088409423828,23.115610122680664,30.7589054107666,112.29000091552734
2015-03-20,174.57716369628906,108.6303482055664,28.745485305786133,24.16851806640625,68.93328857421875,99.74695587158203,84.2475357055664,96.46699523925781,23.397443771362305,31.218448638916016,113.56999969482422
2015-03-23,174.2370147705078,108.5355453491211,28.88524627685547,24.207050323486328,68.95767974853516,99.81939697265625,84.35639953613281,96.3496322631836,23.6924991607666,31.31192970275879,114.29000091552734
2015-03-24,173.25804138183594,108.50963592529297,29.002933502197266,23.975889205932617,68.98204040527344,99.98037719726562,84.61305236816406,97.2812271118164,23.639650344848633,31.43654441833496,114.56999969482422
2015-03-25,170.71910095214844,105.91769409179688,28.804332733154297,23.886005401611328,68.96578979492188,99.77113342285156,84.2475357055664,96.45967864990234,23.666080474853516,30.93804359436035,114.7300033569336
2015-03-26,170.3125457763672,105.7879638671875,28.532176971435547,23.603471755981445,68.93328857421875,99.53768157958984,83.77301025390625,94.95588684082031,23.5736026763916,30.64984703063965,115.4800033569336
2015-03-27,170.7025146484375,106.46256256103516,28.694002151489258,23.552106857299805,68.97393035888672,99.70670318603516,84.09973907470703,96.13691711425781,23.59562110900879,30.735532760620117,115.05999755859375
2015-03-30,172.78506469726562,107.9068374633789,28.811681747436523,23.526426315307617,68.96578979492188,99.77113342285156,84.09191131591797,95.6601333618164,23.410661697387695,31.327495574951172,113.75
2015-03-31,171.27500915527344,107.56092071533203,28.377704620361328,23.128326416015625,69.02274322509766,99.95628356933594,84.30973815917969,95.86553192138672,23.393047332763672,31.257387161254883,113.66000366210938
2015-04-01,170.66932678222656,107.60415649414062,28.649866104125977,23.282424926757812,69.05281829833984,100.16741180419922,84.71097564697266,97.12467956542969,23.463499069213867,31.646841049194336,115.5999984741211
2015-04-02,171.28330993652344,107.80306243896484,28.97350311279297,23.398006439208984,69.0447006225586,100.09484100341797,84.46941375732422,96.0956039428711,23.58241081237793,32.12198257446289,115.27999877929688
2015-04-06,172.4365692138672,108.27873229980469,29.24566650390625,23.603471755981445,69.10163879394531,100.29630279541016,84.5785140991211,95.5589599609375,23.648462295532227,32.5348014831543,116.69000244140625
2015-04-07,171.9801788330078,107.58685302734375,29.076486587524414,23.693370819091797,69.05281829833984,100.19965362548828,84.648681640625,96.36019897460938,23.481130599975586,32.37123489379883,116.11000061035156
2015-04-08,172.56109619140625,108.51225280761719,29.002933502197266,23.873159408569336,69.05281829833984,100.16741180419922,84.57071685791016,96.3896255493164,23.48992156982422,33.04888153076172,115.47000122070312
2015-04-09,173.3243408203125,108.1230697631836,28.988229751586914,23.860319137573242,69.02848052978516,99.94986724853516,84.22793579101562,95.13996887207031,23.252119064331055,33.37601089477539,114.66999816894531
2015-04-10,174.2702178955078,108.64196014404297,29.061784744262695,23.92452621459961,69.01215362548828,99.9176025390625,84.20454406738281,95.2796859741211,23.203678131103516,33.399383544921875,115.97000122070312
2015-04-13,173.4820098876953,108.71114349365234,28.90730857849121,23.847471237182617,69.05281829833984,100.05459594726562,84.37598419189453,95.4119644165039,23.164051055908203,33.204654693603516,115.13999938964844
2015-04-14,173.8138427734375,108.6852035522461,29.08384895324707,24.12999725341797,69.0853500366211,100.19965362548828,84.62528991699219,96.08824157714844,23.340198516845703,33.35265350341797,114.44000244140625
2015-04-15,174.59381103515625,109.4462661743164,29.14268684387207,24.322628021240234,69.0853500366211,100.24800109863281,84.67200469970703,96.00736236572266,23.450298309326172,33.58632278442383,115.43000030517578
2015-04-16,174.5440216064453,109.38574981689453,29.076486587524414,24.438203811645508,69.1179428100586,100.38494873046875,84.73432922363281,95.52957916259766,23.59121322631836,33.85114288330078,115.02999877929688
2015-04-17,172.53610229492188,107.61279296875,28.576311111450195,24.194202423095703,69.0853500366211,100.35275268554688,84.90570068359375,96.62478637695312,23.652868270874023,33.259178161621094,115.5999984741211
2015-04-20,174.11257934570312,108.66788482666016,28.62779426574707,24.245569229125977,69.07723999023438,100.32050323486328,84.7499008178711,95.7720947265625,23.49433135986328,33.228023529052734,114.72000122070312
2015-04-21,173.90518188476562,108.55547332763672,28.84846305847168,24.361146926879883,69.0853500366211,100.24800109863281,84.57071685791016,95.3384780883789,23.445890426635742,33.42275619506836,115.37999725341797
2015-04-22,174.75973510742188,108.71978759765625,28.84846305847168,24.451047897338867,69.02848052978516,99.94986724853516,84.07989501953125,93.88298797607422,23.415063858032227,33.781044006347656,113.83000183105469
2015-04-23,175.19949340820312,109.21277618408203,28.914663314819336,24.61799430847168,69.06098175048828,100.09484100341797,84.33697509765625,94.28733825683594,23.533960342407227,34.030277252197266,114.66000366210938
2015-04-24,175.60606384277344,108.84954071044922,29.054424285888672,24.797771453857422,69.0853500366211,100.3285903930664,84.6330337524414,94.87539672851562,23.63525390625,34.15492248535156,113.05000305175781
2015-04-27,174.87591552734375,107.64739227294922,29.429546356201172,24.9005126953125,69.07723999023438,100.21578979492188,84.50061798095703,94.87539672851562,23.70132064819336,34.287322998046875,115.33000183105469
2015-04-28,175.43179321289062,108.24414825439453,29.392776489257812,25.016090393066406,69.0447006225586,99.97396850585938,84.11103820800781,93.56697082519531,23.798192977905273,34.34185791015625,116.33000183105469
2015-04-29,174.70999145507812,107.06795501708984,28.980865478515625,24.93903160095215,69.05281829833984,99.87730407714844,83.79944610595703,92.42028045654297,23.85544776916504,33.91345977783203,115.51000213623047
2015-04-30,172.95933532714844,104.8020248413086,29.010282516479492,24.66935157775879,69.0447006225586,99.85305786132812,83.7760238647461,92.58192443847656,23.85103416442871,33.399383544921875,113.47000122070312
2015-05-01,174.8344268798828,105.48527526855469,29.355998992919922,24.682193756103516,69.0162124633789,99.53520965576172,83.31800842285156,91.3356704711914,23.70132064819336,33.601898193359375,113.08000183105469
2015-05-04,175.332275390625,105.8658218383789,29.22360610961914,24.746410369873047,69.0162124633789,99.51102447509766,83.14634704589844,90.47386932373047,23.586811065673828,33.796630859375,114.0999984741211
2015-05-05,173.3243408203125,104.51666259765625,28.67192840576172,24.34830665588379,68.99993896484375,99.42229461669922,83.00588989257812,90.34867095947266,23.533960342407227,33.4305419921875,114.41999816894531
2015-05-06,172.61077880859375,104.8799057006836,29.010282516479492,24.438203811645508,68.9754867553711,99.22056579589844,82.60015106201172,88.80183410644531,23.622034072875977,33.017723083496094,114.36000061035156
2015-05-07,173.2994842529297,105.27772521972656,28.89995574951172,24.373994827270508,68.95106506347656,99.3335189819336,82.95125579833984,89.99510955810547,23.564800262451172,32.97098159790039,113.41999816894531
2015-05-08,175.58116149902344,106.06471252441406,29.539886474609375,25.234403610229492,69.04876708984375,99.66432189941406,83.27117156982422,90.23814392089844,23.60883140563965,33.3915901184082,113.97000122070312
2015-05-11,174.74314880371094,106.1252670288086,29.22360610961914,25.388504028320312,68.98368072509766,99.22056579589844,82.45191955566406,88.04320526123047,23.450298309326172,33.072242736816406,113.52999877929688
2015-05-12,174.22042846679688,105.93502807617188,29.127971649169922,25.18303871154785,68.99180603027344,99.26092529296875,82.51433563232422,88.27149963378906,23.48992156982422,32.963191986083984,114.5
2015-05-13,174.25363159179688,105.93502807617188,29.297155380249023,25.311450958251953,69.0243148803711,99.26898193359375,82.40511322021484,87.56438446044922,23.613229751586914,33.025508880615234,116.55000305175781
2015-05-14,176.0706329345703,107.05931854248047,29.91501235961914,25.555450439453125,69.0894546508789,99.51909637451172,82.6860122680664,87.80010986328125,23.74535369873047,33.35265350341797,117.18000030517578
2015-05-15,176.2615203857422,106.93822479248047,29.937084197998047,25.478395462036133,69.0894546508789,99.76919555664062,83.27901458740234,89.56053924560547,23.903879165649414,33.609683990478516,117.52999877929688
2015-05-18,176.80911254882812,108.14901733398438,29.71641731262207,25.337133407592773,69.04876708984375,99.4948959350586,82.71720886230469,88.05793762207031,23.648462295532227,33.266963958740234,117.5199966430664
2015-05-19,176.75094604492188,108.0019760131836,29.73113250732422,25.144514083862305,69.00804901123047,99.16411590576172,82.35050964355469,87.27709197998047,23.437082290649414,33.32148742675781,115.88999938964844
2015-05-20,176.6265411376953,108.20088958740234,29.8046817779541,25.298614501953125,69.0324478149414,99.34159851074219,82.52993774414062,87.4244155883789,23.37543296813965,33.29813003540039,116.08000183105469
2015-05-21,177.14097595214844,108.07979583740234,29.892948150634766,25.555450439453125,69.0569076538086,99.5997543334961,83.02146911621094,88.64718627929688,23.40184783935547,33.18129348754883,115.69000244140625
2015-05-22,176.71783447265625,107.61279296875,29.569311141967773,25.298614501953125,69.00804901123047,99.47066497802734,82.83430480957031,88.68402862548828,23.221296310424805,33.290340423583984,115.5999984741211
2015-05-26,174.81781005859375,106.58362579345703,28.789615631103516,24.86198616027832,69.0162124633789,99.62396240234375,83.34918975830078,90.20133209228516,22.987890243530273,32.760677337646484,113.91000366210938
2015-05-27,176.4772186279297,107.88957214355469,29.25301742553711,25.054616928100586,69.0243148803711,99.60780334472656,83.30243682861328,90.40760040283203,22.9967041015625,32.768470764160156,113.88999938964844
2015-05-28,176.27810668945312,107.79443359375,29.25301742553711,25.028934478759766,69.0569076538086,99.72075653076172,83.38043212890625,90.1866226196289,23.0010986328125,32.340065002441406,114.0199966430664
2015-05-29,175.18289184570312,107.14579772949219,28.82640266418457,24.823455810546875,69.0732192993164,99.78533935546875,83.4272232055664,90.38553619384766,23.08037757873535,32.028507232666016,114.0999984741211
2015-06-01,175.53965759277344,107.48307037353516,28.752845764160156,24.566619873046875,69.03003692626953,99.55753326416016,83.05915832519531,89.41402435302734,22.873390197753906,31.903881072998047,114.0
2015-06-02,175.36544799804688,107.69062805175781,29.09855079650879,24.66935157775879,69.02188873291016,99.2909927368164,82.48088073730469,88.16657257080078,23.031930923461914,32.028507232666016,114.45999908447266
2015-06-03,175.83004760742188,108.76304626464844,29.481037139892578,24.682193756103516,68.99747467041016,98.91939544677734,81.7774887084961,86.74927520751953,22.9967041015625,31.864952087402344,113.63999938964844
2015-06-04,174.3448486328125,107.67333984375,29.04706573486328,24.438203811645508,69.00556945800781,99.10517883300781,82.1760482788086,87.878662109375,22.974685668945312,31.38201904296875,112.83999633789062
2015-06-05,174.04623413085938,108.45171356201172,28.532176971435547,24.219884872436523,68.94046020507812,98.7012939453125,81.58214569091797,86.80834197998047,22.684038162231445,31.241823196411133,112.23999786376953
2015-06-08,172.9758758544922,107.95010375976562,28.52482032775879,24.181367874145508,68.98114013671875,98.8628158569336,81.69932556152344,86.71235656738281,22.864587783813477,31.23402976989746,112.56999969482422
2015-06-09,172.9510040283203,107.62145233154297,28.429203033447266,24.052940368652344,68.9486083984375,98.66899871826172,81.43359375,86.02588653564453,22.85137367248535,31.04709815979004,112.81999969482422
2015-06-10,175.0252685546875,108.96194458007812,29.21624183654785,24.656509399414062,68.93231201171875,98.48320770263672,81.12098693847656,85.27295684814453,23.005512237548828,31.498855590820312,113.77999877929688
2015-06-11,175.58950805664062,109.23872375488281,29.297155380249023,24.707883834838867,68.9486083984375,98.81438446044922,81.76187896728516,87.06671905517578,23.027530670166016,31.34307098388672,113.26000213623047
2015-06-12,174.2452850341797,108.91004943847656,28.914663314819336,24.566619873046875,68.93231201171875,98.77399444580078,81.71499633789062,87.06671905517578,22.974685668945312,31.34307098388672,113.2300033569336
2015-06-15,173.4985809326172,108.56413269042969,28.539531707763672,24.42535972595215,68.96489715576172,98.94365692138672,81.91035461425781,87.20699310302734,22.98348617553711,30.992582321166992,113.7300033569336
2015-06-16,174.4444580078125,109.33385467529297,28.52482032775879,24.438203811645508,68.98932647705078,99.09712982177734,82.22293090820312,87.89344024658203,22.965877532958984,31.000354766845703,113.31999969482422
2015-06-17,174.72657775878906,109.16952514648438,28.392423629760742,24.59230613708496,69.03812408447266,99.27481842041016,82.26985931396484,87.21434020996094,23.12441635131836,31.187294006347656,113.8499984741211
2015-06-18,176.54360961914062,110.63108825683594,28.84111213684082,24.8362979888916,69.0544204711914,99.25865173339844,82.20731353759766,86.78620147705078,23.181652069091797,31.47549057006836,115.31999969482422
2015-06-19,175.7598419189453,110.57923126220703,28.679290771484375,24.707883834838867,69.07074737548828,99.50909423828125,82.64498138427734,87.90083312988281,23.199277877807617,31.202877044677734,115.12000274658203
2015-06-22,176.66030883789062,111.34030151367188,29.672283172607422,24.990400314331055,69.02188873291016,99.12133026123047,81.94940948486328,86.10709381103516,23.14642906188965,31.654638290405273,113.63999938964844
2015-06-23,176.78538513183594,111.57379913330078,29.606081008911133,25.003250122070312,69.00556945800781,99.00019836425781,81.69932556152344,85.5903549194336,22.930654525756836,31.966205596923828,112.88999938964844
2015-06-24,175.50143432617188,110.63108825683594,29.33393669128418,24.887672424316406,69.03812408447266,99.14558410644531,81.94155883789062,86.32850646972656,22.926246643066406,31.740318298339844,112.58999633789062
2015-06-25,174.9678192138672,110.570556640625,29.414764404296875,24.87067222595215,69.02188873291016,98.9759292602539,81.73844909667969,86.02588653564453,22.95266342163086,31.631248474121094,112.44000244140625
2015-06-26,174.9344482421875,110.26788330078125,29.571941375732422,24.713756561279297,68.98114013671875,98.81438446044922,81.34764099121094,85.05888366699219,22.829357147216797,31.333065032958984,112.55999755859375
2015-06-29,171.26605224609375,107.48307037353516,28.307031631469727,23.994579315185547,69.09518432617188,99.38789367675781,82.29327392578125,87.31029510498047,23.005512237548828,30.634674072265625,113.06999969482422
2015-06-30,171.62460327148438,107.98469543457031,28.097463607788086,23.86381721496582,69.09518432617188,99.32330322265625,82.06669616699219,86.70504760742188,22.908626556396484,31.089801788330078,112.37000274658203
2015-07-01,173.00022888183594,108.30467987060547,28.321996688842773,23.91611671447754,69.03648376464844,99.05242156982422,81.63768768310547,85.53460693359375,22.754486083984375,31.066259384155273,111.9800033569336
2015-07-02,172.84178161621094,107.50475311279297,28.19476318359375,24.033802032470703,69.14240264892578,99.34351348876953,81.92733001708984,85.81576538085938,22.7676944732666,31.215351104736328,111.76000213623047
2015-07-06,172.349853515625,107.47003936767578,27.304086685180664,23.667673110961914,69.1587142944336,99.68309020996094,82.50648498535156,87.40631103515625,22.772111892700195,30.34433364868164,112.05999755859375
2015-07-07,173.4337921142578,107.59161376953125,27.371450424194336,23.47153663635254,69.15057373046875,99.79633331298828,82.7257080078125,88.22744750976562,22.7676944732666,29.889211654663086,110.76000213623047
2015-07-08,170.52401733398438,105.95014190673828,26.997220993041992,23.0530948638916,69.22386932373047,99.96622467041016,83.05445098876953,88.989501953125,22.930654525756836,28.86125373840332,111.08999633789062
2015-07-09,170.83251953125,106.33226776123047,27.573532104492188,23.3930721282959,69.17500305175781,99.63461303710938,82.47521209716797,87.23619079589844,22.83816146850586,29.418392181396484,111.36000061035156
2015-07-10,172.98350524902344,107.80876159667969,28.995622634887695,24.08610725402832,69.1098403930664,99.29502868652344,81.90383911132812,85.85276794433594,22.8249568939209,30.163854598999023,111.48999786376953
2015-07-13,174.89285278320312,109.02467346191406,28.913291931152344,24.229942321777344,69.07726287841797,99.10900115966797,81.6846923828125,85.58645629882812,22.714866638183594,30.367877960205078,110.98999786376953
2015-07-14,175.6515350341797,109.63263702392578,29.070466995239258,24.517616271972656,69.1098403930664,99.29502868652344,81.94300842285156,85.86751556396484,22.73688507080078,30.422805786132812,110.73999786376953
2015-07-15,175.59315490722656,109.05074310302734,28.958194732666016,24.465312957763672,69.13427734375,99.48905944824219,82.25605010986328,86.77751159667969,22.728071212768555,30.077543258666992,110.16000366210938
2015-07-16,177.0021209716797,109.70211029052734,29.23513412475586,24.609148025512695,69.10169219970703,99.4001235961914,82.22473907470703,87.37671661376953,22.631183624267578,30.45420265197754,109.76000213623047
2015-07-17,177.1522216796875,109.22443389892578,29.152803421020508,24.556848526000977,69.08536529541016,99.33538818359375,82.23259735107422,87.82796478271484,22.64440155029297,30.414966583251953,108.6500015258789
2015-07-20,177.24392700195312,108.63385772705078,29.280040740966797,24.569921493530273,69.04468536376953,99.18177795410156,82.06817626953125,87.45812225341797,22.582740783691406,30.21879005432129,105.69999694824219
2015-07-21,176.54359436035156,108.12142181396484,29.220151901245117,24.413007736206055,69.05281066894531,99.32733917236328,82.29521942138672,87.93156433105469,22.723663330078125,30.226633071899414,105.37000274658203
2015-07-22,176.22677612304688,108.52092742919922,29.070466995239258,24.216867446899414,69.04468536376953,99.31925964355469,82.3969497680664,88.47901916503906,22.679624557495117,29.795045852661133,104.80000305175781
2015-07-23,175.23458862304688,107.32238006591797,29.070466995239258,23.90304183959961,69.05281066894531,99.51329803466797,82.73352813720703,89.58131408691406,22.785320281982422,29.504711151123047,104.33000183105469
2015-07-24,173.4170684814453,105.59404754638672,28.778568267822266,23.576143264770508,69.0690689086914,99.56993865966797,82.81179809570312,89.80323791503906,22.776514053344727,29.080970764160156,105.3499984741211
2015-07-27,172.4082794189453,104.71684265136719,28.516605377197266,23.47153663635254,69.11798095703125,99.81253814697266,83.08573913574219,90.28411865234375,22.904220581054688,28.531679153442383,104.86000061035156
2015-07-28,174.5259552001953,105.61141967773438,28.830957412719727,23.850732803344727,69.10169219970703,99.7236099243164,82.85092163085938,89.62567138671875,22.882200241088867,28.8220272064209,105.0199966430664
2015-07-29,175.72653198242188,105.90670776367188,28.82347297668457,24.033802032470703,69.08536529541016,99.61039733886719,82.73352813720703,89.29277801513672,22.780914306640625,29.104507446289062,105.16999816894531
2015-07-30,175.76820373535156,106.21070098876953,28.703718185424805,24.17763900756836,69.05281066894531,99.61039733886719,82.82746887207031,89.98076629638672,22.73247718811035,28.814176559448242,104.2699966430664
2015-07-31,175.50143432617188,106.79261779785156,28.958194732666016,24.243019104003906,69.1261215209961,99.990478515625,83.312744140625,90.64661407470703,22.860185623168945,29.12805938720703,104.93000030517578
2015-08-03,174.90948486328125,106.26278686523438,29.062986373901367,24.09918785095215,69.14894104003906,100.06733703613281,83.56673431396484,91.6008071899414,22.82054901123047,28.641536712646484,104.0999984741211
2015-08-04,174.56765747070312,106.01093292236328,28.958194732666016,24.203784942626953,69.04299926757812,99.69490051269531,83.1355972290039,90.87413787841797,22.69723892211914,28.743553161621094,104.30999755859375
2015-08-05,175.14292907714844,106.25410461425781,29.197710037231445,24.373777389526367,69.0511474609375,99.50870513916016,82.8141860961914,90.19213104248047,22.569528579711914,28.75139617919922,103.93000030517578
2015-08-06,173.7089080810547,104.82106018066406,29.26508140563965,24.30840301513672,69.0674057006836,99.65441131591797,83.10417938232422,90.99283599853516,22.622377395629883,28.500289916992188,104.38999938964844
2015-08-07,173.37535095214844,104.11758422851562,29.19022560119629,24.243019104003906,69.03485107421875,99.82447052001953,83.4334487915039,92.18648529052734,22.710460662841797,28.484596252441406,104.6500015258789
2015-08-10,175.55982971191406,105.31612396240234,29.556970596313477,24.426082611083984,69.03485107421875,99.68678283691406,83.08853149414062,91.04476928710938,22.7632999420166,28.963254928588867,105.72000122070312
2015-08-11,173.9757080078125,104.41284942626953,29.130342483520508,24.138410568237305,69.1244888305664,100.05116271972656,83.63726806640625,92.49050903320312,22.785320281982422,28.327655792236328,106.26000213623047
2015-08-12,174.1841278076172,104.2131118774414,28.845932006835938,24.046876907348633,69.1244888305664,100.0997085571289,83.60589599609375,91.98631286621094,23.014310836791992,27.888225555419922,107.75
2015-08-13,173.96739196777344,103.86569213867188,28.681270599365234,23.92919158935547,69.0674057006836,99.8568344116211,83.38638305664062,91.6897964477539,22.979089736938477,27.841142654418945,106.86000061035156
2015-08-14,174.60096740722656,104.5344467163086,28.628875732421875,24.033802032470703,69.03485107421875,99.767822265625,83.30018615722656,91.90473175048828,22.957069396972656,27.8803768157959,106.8499984741211
2015-08-17,175.5764923095703,105.63744354248047,28.53156852722168,23.889963150024414,69.07561492919922,99.92157745361328,83.44912719726562,92.31990814208984,22.917434692382812,27.574350357055664,107.12999725341797
2015-08-18,175.06788635253906,104.79502868652344,28.29206657409668,23.824586868286133,69.0674057006836,99.8568344116211,83.31590270996094,91.59337615966797,22.829357147216797,27.276159286499023,107.11000061035156
2015-08-19,173.68380737304688,103.7093734741211,28.08249855041504,23.445383071899414,69.13262939453125,100.22119903564453,83.82540130615234,92.49789428710938,22.970279693603516,26.938743591308594,108.55000305175781
2015-08-20,170.05711364746094,101.08644104003906,27.348995208740234,23.105403900146484,69.10820007324219,100.27779388427734,84.05278778076172,93.43207550048828,23.031930923461914,26.515005111694336,110.44000244140625
2015-08-21,164.93800354003906,99.9052734375,26.914884567260742,22.464675903320312,69.18153381347656,100.51258850097656,84.38983917236328,93.71379089355469,23.243314743041992,25.698911666870117,111.12999725341797
2015-08-24,157.99293518066406,96.00565338134766,26.27867889404297,21.6278076171875,69.21412658691406,100.75553131103516,84.53097534179688,93.68413543701172,23.516355514526367,24.576793670654297,110.52999877929688
2015-08-25,156.13375854492188,95.26738739013672,26.420896530151367,21.706260681152344,69.18153381347656,100.45596313476562,84.06848907470703,92.1790771484375,23.322582244873047,24.890670776367188,109.16000366210938
2015-08-26,162.12826538085938,97.6905517578125,27.034637451171875,21.96778678894043,69.14080810546875,100.19688415527344,83.5510482788086,90.39970397949219,23.045137405395508,25.71461296081543,107.66999816894531
2015-08-27,166.1385498046875,99.43626403808594,27.236726760864258,22.320838928222656,69.14894104003906,100.17259216308594,83.50397491455078,90.45162963867188,22.95266342163086,26.852418899536133,107.7300033569336
2015-08-28,166.1469268798828,100.41771697998047,27.034637451171875,22.42544937133789,69.11634063720703,100.10780334472656,83.51972198486328,90.71851348876953,22.860185623168945,26.507156372070312,108.69999694824219
2015-08-31,164.80458068847656,100.05290985107422,26.95979118347168,22.307762145996094,69.09190368652344,99.94588470458984,83.37860870361328,90.0216064453125,22.816146850585938,26.55423927307129,108.81999969482422
2015-09-01,159.8855438232422,97.18683624267578,26.301137924194336,21.470897674560547,69.11634826660156,100.17694854736328,83.75309753417969,90.6702651977539,23.018718719482422,25.52627944946289,109.19999694824219
2015-09-02,162.92034912109375,98.93255615234375,26.630462646484375,21.876251220703125,69.13264465332031,100.1282730102539,83.525390625,89.89006805419922,22.908626556396484,25.895090103149414,108.62000274658203
2015-09-03,163.03713989257812,98.77622985839844,26.615493774414062,21.889331817626953,69.13264465332031,100.2660903930664,83.72952270507812,90.32847595214844,22.908626556396484,25.997102737426758,107.83999633789062
2015-09-04,160.5692138671875,98.02928161621094,26.069116592407227,21.379364013671875,69.1408462524414,100.3471450805664,83.9886703491211,91.15321350097656,22.8778018951416,25.220245361328125,107.48999786376953
2015-09-08,164.60443115234375,100.27001953125,26.832548141479492,22.137775421142578,69.11634826660156,100.12020111083984,83.61962890625,89.80835723876953,22.94826316833496,26.020641326904297,107.5199966430664
2015-09-09,162.40338134765625,99.11495208740234,26.60801124572754,22.033164978027344,69.10002136230469,100.16883087158203,83.65106201171875,90.23930358886719,22.939449310302734,25.88724136352539,106.12999725341797
2015-09-10,163.28720092773438,99.5665283203125,26.967273712158203,22.229305267333984,69.12450408935547,100.10396575927734,83.46257781982422,89.6300277709961,22.94386100769043,26.154043197631836,106.37999725341797
2015-09-11,164.0292510986328,100.03556060791016,26.899917602539062,22.16392707824707,69.14897155761719,100.25796508789062,83.6824722290039,90.19470977783203,23.05835723876953,26.256052017211914,106.16000366210938
2015-09-14,163.42051696777344,99.57523345947266,26.63795280456543,21.91547966003418,69.13264465332031,100.31471252441406,83.76097869873047,90.33589935302734,23.075963973999023,26.216815948486328,106.22000122070312
2015-09-15,165.46327209472656,100.69563293457031,26.84004020690918,22.085466384887695,69.03482055664062,99.8769760131836,83.1014175415039,88.60469818115234,22.939449310302734,26.467924118041992,105.9000015258789
2015-09-16,166.89724731445312,101.56414794921875,27.146913528442383,22.595436096191406,69.02670288085938,99.86080169677734,83.07786560058594,88.27029418945312,22.987890243530273,27.11137580871582,107.30999755859375
2015-09-17,166.52210998535156,101.91155242919922,27.39389991760254,22.464675903320312,69.18158721923828,100.42005157470703,83.76881408691406,89.34765625,23.190473556518555,27.048603057861328,108.41000366210938
2015-09-18,163.80084228515625,100.50453186035156,26.518190383911133,22.0723876953125,69.21417999267578,100.63079833984375,84.16136932373047,90.72228240966797,23.1728515625,26.546390533447266,109.20999908447266
2015-09-21,164.64724731445312,100.32215118408203,26.41341209411621,22.085466384887695,69.17344665527344,100.37141418457031,83.6824722290039,89.24365234375,22.9967041015625,26.499311447143555,108.52999877929688
2015-09-22,162.51023864746094,98.80224609375,25.59009552001953,21.392436981201172,69.21417999267578,100.63079833984375,84.0986099243164,90.48453521728516,22.95266342163086,26.004945755004883,107.79000091552734
2015-09-23,162.25042724609375,98.5069580078125,25.5152530670166,21.392436981201172,69.18975067138672,100.55786895751953,84.00439453125,90.47708129882812,22.94386100769043,25.58905601501465,108.22000122070312
2015-09-24,161.66380310058594,98.34193420410156,25.425439834594727,21.405513763427734,69.23049926757812,100.65512084960938,84.1299819946289,91.09376525878906,23.0010986328125,25.479202270507812,110.48999786376953
2015-09-25,161.6219024658203,97.04763793945312,25.642486572265625,21.5231990814209,69.19788360595703,100.54166412353516,83.91014099121094,90.30618286132812,22.89540672302246,25.424270629882812,109.80999755859375
2015-09-28,157.565673828125,94.3301010131836,25.193410873413086,20.96092987060547,69.24681091308594,100.79293060302734,84.38906860351562,91.85165405273438,22.961475372314453,24.88282585144043,108.41999816894531
2015-09-29,157.6577911376953,93.6594009399414,25.32065200805664,20.94785499572754,69.27942657470703,100.9631118774414,84.67961883544922,92.11173248291016,23.0010986328125,25.000537872314453,107.9800033569336
2015-09-30,160.59942626953125,95.11400604248047,25.702369689941406,21.431665420532227,69.29573822021484,101.03607940673828,84.69530487060547,91.79220581054688,22.930654525756836,25.722454071044922,106.86000061035156
2015-10-01,161.01846313476562,94.948486328125,25.64997673034668,21.510122299194336,69.29573822021484,101.05476379394531,84.76136779785156,92.1838150024414,23.045137405395508,25.863704681396484,106.7300033569336
2015-10-02,163.4237060546875,96.35954284667969,26.09157371520996,22.085466384887695,69.39360809326172,101.411865234375,85.17024993896484,92.74227142333984,23.09798812866211,26.55423927307129,108.98999786376953
2015-10-05,166.33181762695312,98.65896606445312,26.63795280456543,22.43852424621582,69.34468841552734,101.16026306152344,84.69841003417969,91.48392486572266,23.093584060668945,27.127063751220703,108.7699966430664
2015-10-06,165.76194763183594,97.97959899902344,26.84004020690918,22.477754592895508,69.33647155761719,101.24134826660156,84.8714599609375,91.8785629272461,23.181652069091797,27.079986572265625,109.86000061035156
2015-10-07,167.11959838867188,99.71293640136719,27.101999282836914,22.856952667236328,69.32019805908203,101.07097625732422,84.65913391113281,91.57330322265625,23.181652069091797,27.801910400390625,109.69999694824219
2015-10-08,168.62815856933594,100.61003112792969,27.27414321899414,23.105403900146484,69.30384826660156,100.9330062866211,84.4389419555664,90.80638122558594,23.252119064331055,28.100088119506836,109.13999938964844
2015-10-09,168.72877502441406,100.81037902832031,27.401391983032227,22.987720489501953,69.30384826660156,100.89248657226562,84.48615264892578,91.04473876953125,23.353422164916992,28.202102661132812,110.87000274658203
2015-10-12,168.88795471191406,100.66231536865234,27.304086685180664,22.89618492126465,69.2875747680664,101.08720397949219,84.7692642211914,91.73712158203125,23.371030807495117,27.990238189697266,111.30999755859375
2015-10-13,167.82357788085938,99.28610229492188,27.064577102661133,22.490825653076172,69.31206512451172,101.15213012695312,84.8478775024414,91.89346313476562,23.371030807495117,27.535112380981445,111.86000061035156
2015-10-14,167.01904296875,98.31060028076172,27.199302673339844,22.686973571777344,69.40991973876953,101.5335464477539,85.3117904663086,92.69757080078125,23.622034072875977,27.746984481811523,113.80999755859375
2015-10-15,169.5835418701172,100.66231536865234,27.513660430908203,23.118480682373047,69.36915588378906,101.29007720947266,85.02082824707031,92.24337768554688,23.58241081237793,28.42182159423828,113.29000091552734
2015-10-16,170.3545684814453,100.5316390991211,27.468746185302734,23.066173553466797,69.33647155761719,101.22518920898438,84.95008850097656,92.27317810058594,23.52075958251953,28.445363998413086,112.48999786376953
2015-10-19,170.4383544921875,100.7232894897461,27.431331634521484,22.987720489501953,69.3609619140625,101.23329162597656,84.91075134277344,92.02007293701172,23.42386817932129,28.155025482177734,112.0199966430664
2015-10-20,170.22048950195312,100.58391571044922,27.3265438079834,22.93541717529297,69.32019805908203,101.0385513305664,84.61981964111328,91.45421600341797,23.37543296813965,28.147171020507812,112.7300033569336
2015-10-21,169.16453552246094,99.05097198486328,27.29660415649414,22.791580200195312,69.34468841552734,101.1278076171875,84.91075134277344,92.36251831054688,23.388643264770508,27.739131927490234,111.7300033569336
2015-10-22,172.0222930908203,99.92192840576172,27.603477478027344,23.013870239257812,69.36915588378906,101.24949645996094,84.99722290039062,92.5189437866211,23.243314743041992,28.311967849731445,111.69000244140625
2015-10-23,173.907958984375,100.90618133544922,27.917829513549805,23.144628524780273,69.31206512451172,100.92494201660156,84.5176010131836,91.72966003417969,23.084775924682617,28.476755142211914,111.5
2015-10-26,173.4805450439453,100.21809387207031,27.805557250976562,23.040023803710938,69.31206512451172,101.03041076660156,84.73777770996094,92.3401870727539,23.093584060668945,28.217796325683594,111.43000030517578
2015-10-27,173.14532470703125,99.12065124511719,27.498695373535156,22.80465316772461,69.33647155761719,101.1683578491211,84.95008850097656,92.57101440429688,23.13321304321289,27.896076202392578,111.68000030517578
2015-10-28,175.11477661132812,102.01237487792969,27.648380279541016,23.040023803710938,69.24677276611328,100.7707290649414,84.5097427368164,92.19873809814453,22.970279693603516,27.574350357055664,110.77999877929688
2015-10-29,175.0142822265625,100.92361450195312,27.58101463317871,22.89618492126465,69.1978530883789,100.50293731689453,83.99073028564453,90.73193359375,22.92182731628418,27.31538963317871,109.72000122070312
2015-10-30,174.25997924804688,100.46197509765625,27.58101463317871,22.84387969970703,69.1978530883789,100.55162811279297,84.15584564208984,91.41694641113281,23.027530670166016,27.362476348876953,109.30000305175781
2015-11-02,176.32164001464844,102.5523910522461,27.955259323120117,23.066173553466797,69.15784454345703,100.34610748291016,83.91411590576172,90.99681854248047,23.023136138916016,27.90392303466797,108.58999633789062
2015-11-03,176.83285522460938,103.0837173461914,27.835498809814453,23.066173553466797,69.14966583251953,100.24861907958984,83.69355010986328,90.25065612792969,22.98348617553711,28.272729873657227,106.9800033569336
2015-11-04,176.29647827148438,103.03144073486328,27.558570861816406,23.079246520996094,69.07624053955078,100.05364227294922,83.60694885253906,90.3551254272461,22.7676944732666,28.045169830322266,105.97000122070312
2015-11-05,176.1204833984375,103.10981750488281,27.603477478027344,22.70004653930664,69.07624053955078,100.01297760009766,83.55183410644531,90.11629486083984,22.73247718811035,28.092243194580078,105.63999938964844
2015-11-06,176.02835083007812,103.84148406982422,27.56605339050293,22.451601028442383,69.01095581054688,99.63114166259766,82.98475646972656,88.79560089111328,22.42420196533203,27.699905395507812,104.0999984741211
2015-11-09,174.38565063476562,102.62207794189453,27.154394149780273,22.281614303588867,68.99464416503906,99.54177856445312,82.84300231933594,88.29560089111328,22.384580612182617,27.00936508178711,104.4000015258789
2015-11-10,174.78799438476562,102.92694854736328,27.064577102661133,22.242382049560547,69.02729797363281,99.7286148071289,83.00052642822266,88.55683135986328,22.41098976135254,26.891660690307617,104.18000030517578
2015-11-11,174.1007537841797,102.02980041503906,27.17684555053711,22.36006736755371,69.01095581054688,99.70429229736328,82.96113586425781,88.37028503417969,22.481447219848633,26.946584701538086,103.83000183105469
2015-11-12,171.67034912109375,100.07872009277344,26.84004020690918,21.902402877807617,69.03540802001953,99.7367172241211,83.00839233398438,88.79560089111328,22.525495529174805,26.68763542175293,103.8499984741211
2015-11-13,169.74276733398438,99.35580444335938,26.58556365966797,21.7324161529541,69.09259033203125,99.98050689697266,83.32342529296875,89.302978515625,22.534299850463867,26.31882667541504,103.55999755859375
2015-11-16,172.3240203857422,100.20939636230469,26.832548141479492,22.16392707824707,69.09259033203125,100.04549407958984,83.43373107910156,89.2209243774414,22.459434509277344,26.828876495361328,103.70999908447266
2015-11-17,172.19830322265625,99.82616424560547,26.89242935180664,22.255455017089844,69.06806945800781,100.00487518310547,83.41006469726562,89.37016296386719,22.45063591003418,26.750408172607422,102.33999633789062
2015-11-18,174.93051147460938,101.51592254638672,27.199302673339844,22.503902435302734,69.04358673095703,99.90734100341797,83.37063598632812,89.55671691894531,22.428617477416992,27.040752410888672,102.43000030517578
2015-11-19,174.77960205078125,101.08909606933594,27.334026336669922,22.686973571777344,69.02729797363281,99.99674987792969,83.55183410644531,90.1536636352539,22.622377395629883,27.284013748168945,103.55999755859375
2015-11-20,175.41656494140625,101.74236297607422,27.154394149780273,22.464675903320312,69.02729797363281,99.93988800048828,83.44153594970703,89.8775405883789,22.5387020111084,27.55865478515625,103.08999633789062
2015-11-23,175.21539306640625,102.2475357055664,26.98973274230957,22.281614303588867,69.01914978027344,99.99674987792969,83.55183410644531,90.1536636352539,22.47705078125,27.299699783325195,102.26000213623047
2015-11-24,175.45004272460938,102.9966049194336,26.899917602539062,22.294687271118164,69.01914978027344,100.06175231933594,83.63058471679688,90.14620971679688,22.55632209777832,27.440954208374023,102.94000244140625
2015-11-25,175.42494201660156,103.7979507446289,27.09451675415039,22.451601028442383,69.02729797363281,100.05364227294922,83.6778335571289,90.3551254272461,22.55632209777832,27.229080200195312,102.45999908447266
2015-11-27,175.6260528564453,104.18988800048828,27.3265438079834,22.464675903320312,69.04358673095703,100.13485717773438,83.76445007324219,90.2656021118164,22.494670867919922,26.632701873779297,101.25
2015-11-30,174.89694213867188,103.73697662353516,27.363962173461914,22.464675903320312,69.01914978027344,100.13485717773438,83.79597473144531,90.62371826171875,22.47264862060547,26.671947479248047,101.91999816894531
2015-12-01,176.56472778320312,104.42505645751953,27.446298599243164,22.686973571777344,69.0607681274414,100.39920806884766,84.24165344238281,91.84781646728516,22.595964431762695,26.87596321105957,102.27999877929688
2015-12-02,174.7628631591797,103.30144500732422,27.057092666625977,22.36006736755371,69.00357818603516,100.20399475097656,84.00497436523438,91.87775421142578,22.507884979248047,26.55423927307129,100.69000244140625
2015-12-03,172.31564331054688,101.5594253540039,26.95979118347168,22.085466384887695,69.00357818603516,99.75668334960938,83.12152862548828,89.38020324707031,22.653200149536133,26.405147552490234,101.76000213623047
2015-12-04,175.6763458251953,102.58722686767578,27.27414321899414,22.242382049560547,69.01990509033203,99.89490509033203,83.42916870117188,90.1653823852539,22.631183624267578,26.585628509521484,104.0199966430664
2015-12-07,174.61199951171875,101.04554748535156,27.199302673339844,21.99393653869629,69.01174926757812,100.03321075439453,83.69731903076172,91.04025268554688,22.587156295776367,26.146198272705078,102.66999816894531
2015-12-08,173.43865966796875,100.48812866210938,26.780155181884766,21.588581085205078,69.00357818603516,100.09825134277344,83.74467468261719,91.0850830078125,22.67522430419922,25.85586166381836,102.83999633789062
2015-12-09,172.08938598632812,99.3645248413086,26.675376892089844,21.61473274230957,69.0280990600586,100.22840881347656,83.87086486816406,90.9879150390625,22.84256935119629,25.643983840942383,102.63999938964844
2015-12-10,172.5335693359375,99.69548797607422,26.60053062438965,21.549348831176758,68.98725128173828,100.08198547363281,83.689453125,91.10752868652344,22.785320281982422,25.471349716186523,102.55000305175781
2015-12-11,169.1896514892578,97.47441864013672,26.106544494628906,21.157068252563477,69.06888580322266,100.52935028076172,84.35990905761719,92.54328918457031,22.798534393310547,24.757272720336914,103.11000061035156
2015-12-14,170.04449462890625,96.77762603759766,26.099056243896484,21.091686248779297,68.98725128173828,100.14705657958984,83.73677062988281,91.34684753417969,22.798534393310547,25.157472610473633,101.79000091552734
2015-12-15,171.82957458496094,98.17120361328125,26.361019134521484,21.19629669189453,68.9791488647461,99.9681167602539,83.52384185791016,90.80847930908203,22.65760612487793,25.541975021362305,101.5199966430664
2015-12-16,174.34381103515625,99.66939544677734,26.825069427490234,21.549348831176758,68.9218978881836,99.79728698730469,83.30297088623047,90.61402130126953,22.64440155029297,26.044178009033203,102.75
2015-12-17,171.68711853027344,98.60672760009766,26.55561637878418,21.261676788330078,68.9218978881836,99.93555450439453,83.6500473022461,91.63846588134766,22.55632209777832,25.706756591796875,100.5
2015-12-18,168.62847900390625,97.09988403320312,26.203840255737305,20.9740047454834,69.01174926757812,100.15519714355469,83.94972229003906,92.14697265625,22.70164680480957,25.62044906616211,102.04000091552734
2015-12-21,170.01954650878906,97.83152770996094,26.299104690551758,21.11539649963379,69.00357818603516,100.18771362304688,83.98921966552734,92.12450408935547,22.785320281982422,25.82047462463379,103.1500015258789
2015-12-22,171.5623016357422,98.72869110107422,26.464130401611328,21.262123107910156,68.98725128173828,100.01692199707031,83.75257110595703,91.45901489257812,22.79412269592285,26.027673721313477,102.61000061035156
2015-12-23,173.6868896484375,99.97419738769531,26.884201049804688,21.822357177734375,68.96278381347656,99.89490509033203,83.56326293945312,90.77106475830078,22.7676944732666,26.394256591796875,102.30999755859375
2015-12-24,173.40020751953125,100.16316223144531,26.854188919067383,21.86237144470215,68.98975372314453,99.9503173828125,83.7165298461914,91.29109191894531,22.829357147216797,26.298629760742188,103.05000305175781
2015-12-28,173.0039825439453,99.69953918457031,26.749170303344727,21.755659103393555,68.94886016845703,99.99097442626953,83.73231506347656,91.56084442138672,22.864587783813477,26.115341186523438,102.2699966430664
2015-12-29,174.8502655029297,100.77552032470703,27.00421905517578,21.889047622680664,68.93255615234375,99.72225189208984,83.28993225097656,90.03968811035156,22.772111892700195,26.139249801635742,102.19999694824219
2015-12-30,173.6109619140625,99.76074981689453,26.734174728393555,21.742321014404297,68.94886016845703,99.7466812133789,83.32150268554688,89.94974517822266,22.750089645385742,25.73281478881836,101.41999816894531
2015-12-31,171.87432861328125,98.51860046386719,26.284099578857422,21.52889633178711,68.91620635986328,99.85250091552734,83.41630554199219,90.35443878173828,22.73688507080078,25.65311622619629,101.45999908447266
2016-01-04,169.4715576171875,96.23538208007812,25.856536865234375,21.18209457397461,69.00611114501953,100.05614471435547,83.77179718017578,91.00631713867188,22.73247718811035,24.951824188232422,102.88999938964844
2016-01-05,169.75820922851562,96.44532775878906,25.631494522094727,21.12873649597168,68.96522521972656,100.09685516357422,83.74810028076172,90.6391830444336,22.64440155029297,25.007610321044922,103.18000030517578
2016-01-06,167.61680603027344,94.97566223144531,25.211435317993164,20.74190902709961,69.00611114501953,100.39004516601562,84.25369262695312,91.860595703125,22.692842483520508,24.52945327758789,104.66999816894531
2016-01-07,163.595458984375,92.43878936767578,24.85887908935547,20.168338775634766,69.03060913085938,100.6180648803711,84.4354019165039,92.02545166015625,22.83816146850586,23.772367477416992,106.1500015258789
2016-01-08,161.79966735839844,90.8466796875,24.63384246826172,20.034950256347656,69.07957458496094,100.82166290283203,84.64876556396484,92.43756103515625,22.798534393310547,23.517351150512695,105.68000030517578
2016-01-11,161.9598846435547,90.4530258178711,24.76886749267578,20.08830451965332,69.10411071777344,100.6994857788086,84.38011932373047,91.4260025024414,22.684038162231445,23.509384155273438,104.73999786376953
2016-01-12,163.26663208007812,90.72418212890625,25.106412887573242,20.10164451599121,69.1123046875,100.88681030273438,84.75930786132812,92.74478912353516,22.635597229003906,23.55719757080078,104.20999908447266
2016-01-13,159.19468688964844,87.81117248535156,24.611339569091797,19.76817512512207,69.15311431884766,101.0904312133789,85.09111785888672,93.65900421142578,22.688434600830078,23.310150146484375,104.72000122070312
2016-01-14,161.8081817626953,89.02713012695312,24.8438777923584,20.141658782958984,69.16947174072266,101.06598663330078,84.91728973388672,92.78226470947266,22.662015914916992,23.612979888916016,103.0199966430664
2016-01-15,158.3347930908203,87.58372497558594,23.981239318847656,19.341333389282227,69.2266845703125,101.3429183959961,85.31227111816406,94.22848510742188,22.70164680480957,22.68057632446289,104.08000183105469
2016-01-19,158.5455322265625,86.40274047851562,24.183774948120117,19.421363830566406,69.21849060058594,101.24516296386719,85.20175170898438,93.93622589111328,22.6488037109375,23.01528549194336,103.9800033569336
2016-01-20,156.5137176513672,86.76144409179688,23.696197509765625,19.00786018371582,69.26742553710938,101.51390075683594,85.62042236328125,94.92534637451172,22.67522430419922,22.513219833374023,105.37000274658203
2016-01-21,157.39051818847656,86.56023406982422,23.988740921020508,19.274633407592773,69.25930786132812,101.41619873046875,85.4071273803711,94.28092956542969,22.70164680480957,22.60088348388672,105.48999786376953
2016-01-22,160.61941528320312,88.67720794677734,24.581336975097656,19.848209381103516,69.23482513427734,101.26959991455078,85.21746826171875,93.92127227783203,22.635597229003906,23.373903274536133,105.0
2016-01-25,158.19142150878906,86.70893859863281,24.251285552978516,19.48805046081543,69.23482513427734,101.37545776367188,85.5019760131836,94.43077087402344,22.662015914916992,22.97544288635254,106.08000183105469
2016-01-26,160.3496551513672,88.4410171508789,24.78386878967285,19.954914093017578,69.26742553710938,101.46503448486328,85.56510162353516,94.47576141357422,22.728071212768555,23.310150146484375,107.29000091552734
2016-01-27,158.60452270507812,87.22506713867188,24.558835983276367,19.794851303100586,69.28382873535156,101.53022766113281,85.62832641601562,94.45328521728516,22.754486083984375,23.23045539855957,107.69000244140625
2016-01-28,159.43072509765625,87.20756530761719,24.581336975097656,20.04828453063965,69.28382873535156,101.65234375,85.73896026611328,94.58816528320312,22.85137367248535,23.5970458984375,106.54000091552734
2016-01-29,163.3172149658203,90.0681381225586,24.903886795043945,20.488468170166016,69.36553955078125,101.99437713623047,86.1971435546875,95.3899154663086,22.80293846130371,24.362092971801758,106.94999694824219
2016-02-01,163.2581787109375,89.65696716308594,24.8438777923584,20.515151977539062,69.3287353515625,101.81339263916016,85.9985580444336,95.09784698486328,22.882200241088867,24.13098907470703,108.05000305175781
2016-02-02,160.31593322753906,87.72367095947266,24.13126564025879,19.901559829711914,69.41868591308594,102.22923278808594,86.60771179199219,96.86217498779297,22.904220581054688,23.349994659423828,108.08999633789062
2016-02-03,161.27699279785156,87.83740997314453,24.4913272857666,20.181673049926758,69.43498992919922,102.253662109375,86.51277923583984,96.05886840820312,23.326990127563477,24.01144790649414,109.25
2016-02-04,161.52999877929688,88.17858123779297,24.57383155822754,20.23503303527832,69.45136260986328,102.35152435302734,86.71849822998047,96.52433776855469,23.49433135986328,24.194740295410156,110.56999969482422
2016-02-05,158.4528045654297,85.76416015625,24.183774948120117,19.914897918701172,69.43498992919922,102.3596420288086,86.82928466796875,96.63691711425781,23.397443771362305,23.91581916809082,112.31999969482422
2016-02-08,156.31982421875,84.35576629638672,23.50116729736328,19.39468002319336,69.5167465209961,102.75920104980469,87.47799682617188,98.71651458740234,23.49433135986328,23.58907127380371,113.83000183105469
2016-02-09,156.32823181152344,83.78717041015625,23.313640594482422,19.20794105529785,69.49222564697266,102.7265625,87.49385070800781,98.82168579101562,23.666080474853516,23.262332916259766,113.58000183105469
2016-02-10,156.19338989257812,83.83089447021484,23.4411563873291,19.194602966308594,69.49222564697266,102.848876953125,87.75497436523438,99.69252014160156,23.784992218017578,23.357967376708984,114.45999908447266
2016-02-11,154.16162109375,82.92109680175781,23.066097259521484,18.941164016723633,69.55757904052734,103.01201629638672,88.15841674804688,100.39066314697266,23.811405181884766,22.96746826171875,119.05999755859375
2016-02-12,157.3399658203125,84.49571228027344,23.34364891052246,19.5280704498291,69.47584533691406,102.65321350097656,87.48590087890625,98.72406005859375,23.71451187133789,23.365930557250977,118.36000061035156
2016-02-16,159.99557495117188,86.49900817871094,24.108762741088867,19.808191299438477,69.43498992919922,102.52274322509766,87.22483825683594,97.68048858642578,23.529563903808594,23.883939743041992,114.7699966430664
2016-02-17,162.60906982421875,87.85493469238281,24.348800659179688,20.261709213256836,69.45136260986328,102.37596893310547,87.01123046875,97.07987976074219,23.52075958251953,24.354127883911133,115.4800033569336
2016-02-18,161.9430389404297,87.43500518798828,24.138769149780273,20.154998779296875,69.50856018066406,102.61241912841797,87.41472625732422,98.27361297607422,23.56038475036621,24.210678100585938,118.29000091552734
2016-02-19,161.86715698242188,87.87242126464844,24.101261138916016,20.128320693969727,69.44316101074219,102.52274322509766,87.41472625732422,98.3561019897461,23.674890518188477,24.09910774230957,117.58000183105469
2016-02-22,164.21080017089844,88.85218048095703,24.348800659179688,20.141658782958984,69.45136260986328,102.4983139038086,87.32774353027344,98.3036117553711,23.59562110900879,24.696802139282227,115.48999786376953
2016-02-23,162.136962890625,88.03861999511719,23.981239318847656,19.661462783813477,69.45953369140625,102.5798110961914,87.50175476074219,98.70150756835938,23.58241081237793,24.17082977294922,117.22000122070312
2016-02-24,162.8788299560547,88.88716125488281,23.756208419799805,19.554752349853516,69.47584533691406,102.61241912841797,87.50175476074219,98.50634002685547,23.622034072875977,24.11504364013672,117.61000061035156
2016-02-25,164.85159301757812,89.70069885253906,24.063758850097656,19.901559829711914,69.49222564697266,102.79182434082031,87.7628173828125,98.85916900634766,23.622034072875977,24.194740295410156,117.91999816894531
2016-02-26,164.47219848632812,90.26932525634766,23.996240615844727,19.88822364807129,69.40230560302734,102.51456451416016,87.33556365966797,97.90571594238281,23.428281784057617,23.955663681030273,117.11000061035156
2016-02-29,163.18231201171875,89.8669204711914,23.85372543334961,19.848209381103516,69.44316101074219,102.55535125732422,87.47799682617188,98.33364868164062,23.555984497070312,24.16286277770996,118.63999938964844
2016-03-01,167.0182342529297,91.80020141601562,24.61884117126465,20.355079650878906,69.35075378417969,102.08440399169922,86.79426574707031,96.60208129882812,23.52515411376953,25.02354621887207,117.7699966430664
2016-03-02,167.76856994628906,92.74498748779297,24.656343460083008,20.4617919921875,69.34259033203125,101.99459838867188,86.64372253417969,97.00077819824219,23.51193618774414,25.358253479003906,118.68000030517578
2016-03-03,168.42617797851562,93.71601104736328,24.903886795043945,20.63520050048828,69.36709594726562,102.00279998779297,86.7467041015625,97.35428619384766,23.661678314208984,25.64514923095703,120.7300033569336
2016-03-04,168.97415161132812,94.23209381103516,24.986398696899414,20.768583297729492,69.31803131103516,101.85590362548828,86.45357513427734,96.73004150390625,23.710119247436523,26.155181884765625,120.54000091552734
2016-03-07,169.10903930664062,95.2556381225586,24.956390380859375,20.835281372070312,69.26895141601562,101.70079040527344,86.27930450439453,96.6999282836914,23.73655128479004,26.115341186523438,121.13999938964844
2016-03-08,167.26280212402344,92.95492553710938,24.723854064941406,20.55516242980957,69.31803131103516,102.02728271484375,86.77838897705078,97.76799011230469,23.85103416442871,25.669055938720703,120.58000183105469
2016-03-09,168.0889129638672,93.42727661132812,24.851377487182617,20.661876678466797,69.29348754882812,101.84770965576172,86.43775177001953,97.17375946044922,23.71451187133789,25.828445434570312,119.58000183105469
2016-03-10,168.223876953125,92.6662368774414,24.971399307250977,20.501806259155273,69.28531646728516,101.57833862304688,86.12875366210938,96.77513122558594,23.811405181884766,25.8682861328125,121.5
2016-03-11,170.9384765625,94.65198516845703,25.789020538330078,20.92864990234375,69.21990203857422,101.43959045410156,85.88317108154297,95.79731750488281,23.81581687927246,26.410200119018555,119.41000366210938
2016-03-14,170.71925354003906,94.40707397460938,25.744020462036133,20.848617553710938,69.21990203857422,101.42326354980469,85.9465560913086,96.09818267822266,23.76737403869629,26.250808715820312,117.87000274658203
2016-03-15,170.44105529785156,92.93743896484375,25.616498947143555,20.595178604125977,69.24443054199219,101.43142700195312,85.93069458007812,96.18842315673828,23.710119247436523,25.876262664794922,117.95999908447266
2016-03-16,171.42742919921875,93.5935287475586,25.886539459228516,20.848617553710938,69.38349151611328,101.85590362548828,86.38231658935547,96.47423553466797,24.027191162109375,26.394256591796875,120.58999633789062
2016-03-17,172.51499938964844,95.02814483642578,25.91654396057129,21.27545928955078,69.37529754638672,101.92932891845703,86.47736358642578,96.87290954589844,24.317842483520508,26.97601890563965,120.12999725341797
2016-03-18,173.1929473876953,95.8854751586914,25.99905776977539,21.1954288482666,69.39164733886719,102.14153289794922,86.62787628173828,97.07601928710938,24.33545684814453,27.119464874267578,119.80000305175781
2016-03-21,173.43869018554688,95.65800476074219,25.924049377441406,21.075380325317383,69.38349151611328,101.92117309570312,86.38231658935547,96.33133697509766,24.23858070373535,27.175251007080078,118.95999908447266
2016-03-22,173.34544372558594,95.54427337646484,25.834033966064453,20.82193946838379,69.34259033203125,101.80690002441406,86.2000961303711,96.30879974365234,24.216556549072266,27.111499786376953,119.30999755859375
2016-03-23,172.20147705078125,93.7780532836914,25.631494522094727,20.595178604125977,69.38349151611328,102.05174255371094,86.59614562988281,97.39945983886719,24.11526870727539,26.649282455444336,116.61000061035156
2016-03-24,172.12521362304688,94.05884552001953,25.383960723876953,20.528488159179688,69.35075378417969,101.99459838867188,86.5090560913086,97.43701934814453,24.062429428100586,26.585525512695312,116.33000183105469
2016-03-28,172.22683715820312,94.17288208007812,25.47397232055664,20.67521858215332,69.36709594726562,102.04364013671875,86.63579559326172,97.56488037109375,24.102052688598633,26.673189163208008,116.5999984741211
2016-03-29,173.81997680664062,96.78759765625,25.819026947021484,20.915313720703125,69.49798583984375,102.48438262939453,87.22210693359375,98.58784484863281,24.388307571411133,27.039770126342773,118.76000213623047
2016-03-30,174.5826873779297,96.79637145996094,26.14908218383789,21.088720321655273,69.50616455078125,102.5741195678711,87.10326385498047,97.54986572265625,24.449968338012695,27.318696975708008,117.0999984741211
2016-03-31,174.15895080566406,97.06835174560547,25.796525955200195,20.915313720703125,69.53884887695312,102.8027114868164,87.420166015625,98.24190521240234,24.546852111816406,27.294788360595703,117.63999938964844
2016-04-01,175.3453369140625,97.49830627441406,25.586496353149414,20.715234756469727,69.4987564086914,102.72505187988281,87.39476013183594,98.49811553955078,24.56005859375,27.215099334716797,116.93000030517578
2016-04-04,174.77757263183594,96.68231201171875,25.563995361328125,20.78192138671875,69.54783630371094,102.80672454833984,87.4979248046875,98.55840301513672,24.573272705078125,26.88835906982422,116.1500015258789
2016-04-05,173.0319366455078,95.58554077148438,25.023910522460938,20.368419647216797,69.57242584228516,103.01922607421875,87.84703826904297,99.63628387451172,24.58207130432129,26.36238670349121,117.66000366210938
2016-04-06,174.92160034179688,96.66474914550781,25.308950424194336,20.661876678466797,69.54783630371094,102.92935943603516,87.65663146972656,98.91270446777344,24.6217041015625,26.68115997314453,116.94000244140625
2016-04-07,172.82847595214844,95.35740661621094,24.76886749267578,20.355079650878906,69.58879089355469,103.19087982177734,88.10891723632812,100.13375091552734,24.639328002929688,26.147216796875,118.61000061035156
2016-04-08,173.2946319580078,95.73468017578125,25.263938903808594,20.715234756469727,69.58879089355469,103.1172866821289,87.97401428222656,99.50062561035156,24.740612030029297,26.60146141052246,118.43000030517578
2016-04-11,172.8878173828125,95.43636322021484,25.308950424194336,20.82193946838379,69.58057403564453,103.1172866821289,87.95817565917969,99.37248992919922,24.811073303222656,26.94414710998535,120.02999877929688
2016-04-12,174.49790954589844,96.46294403076172,25.563995361328125,21.155414581298828,69.56419372558594,102.89665222167969,87.60902404785156,98.68656921386719,24.731809616088867,27.358551025390625,120.05000305175781
2016-04-13,176.2605438232422,98.54238891601562,25.991559982299805,21.42218780517578,69.531494140625,102.84767150878906,87.67247009277344,99.0333251953125,24.617305755615234,27.844667434692383,118.7699966430664
2016-04-14,176.26898193359375,98.4195556640625,26.021562576293945,21.3955135345459,69.531494140625,102.72505187988281,87.4661865234375,98.55840301513672,24.546852111816406,27.709197998046875,117.11000061035156
2016-04-15,176.07408142089844,98.66524505615234,25.991559982299805,21.32881736755371,69.58057403564453,102.89665222167969,87.72806549072266,99.40261840820312,24.67013931274414,27.5498046875,117.91999816894531
2016-04-18,177.3113250732422,99.41106414794922,26.26909637451172,21.515562057495117,69.57242584228516,102.84767150878906,87.6407470703125,98.97299194335938,24.696571350097656,27.67732048034668,117.73999786376953
2016-04-19,177.87062072753906,99.49002075195312,26.82418441772461,21.902385711669922,69.54783630371094,102.72505187988281,87.4979248046875,98.66397094726562,24.775850296020508,28.09968376159668,119.58000183105469
2016-04-20,178.0401153564453,99.63916778564453,26.809185028076172,21.835693359375,69.4987564086914,102.4962387084961,87.05357360839844,97.57860565185547,24.652524948120117,27.972179412841797,118.97000122070312
2016-04-21,177.08251953125,99.1390609741211,26.666658401489258,21.675626754760742,69.48238372802734,102.34915161132812,86.91075134277344,96.9981918334961,24.573272705078125,27.69325828552246,119.41999816894531
2016-04-22,177.08251953125,100.12175750732422,26.546646118164062,21.70230484008789,69.48238372802734,102.32461547851562,86.8155517578125,96.74947357177734,24.388307571411133,27.525901794433594,117.88999938964844
2016-04-25,176.77743530273438,99.41106414794922,26.449125289916992,21.622272491455078,69.46600341796875,102.22654724121094,86.72029876708984,96.34998321533203,24.33545684814453,27.350574493408203,118.2300033569336
2016-04-26,177.04013061523438,100.38497161865234,26.59165382385254,21.80901527404785,69.44963836669922,102.13667297363281,86.5378189086914,95.91284942626953,24.39711570739746,27.64543914794922,118.69999694824219
2016-04-27,177.40451049804688,100.7359619140625,26.756675720214844,21.86237144470215,69.4987564086914,102.44720458984375,87.01387786865234,96.87008666992188,24.41913414001465,27.812795639038086,119.04000091552734
2016-04-28,175.7944793701172,99.5865478515625,26.554147720336914,21.782339096069336,69.53971099853516,102.64332580566406,87.31543731689453,97.26956939697266,24.70097541809082,27.525901794433594,121.29000091552734
2016-04-29,174.84536743164062,98.69158172607422,26.456626892089844,21.755659103393555,69.56419372558594,102.65966033935547,87.28369140625,97.51824188232422,24.92116928100586,27.406352996826172,123.6500015258789
2016-05-02,176.23507690429688,99.56898498535156,26.674161911010742,21.875709533691406,69.53885650634766,102.51893615722656,87.03018188476562,96.53644561767578,24.99163246154785,27.334636688232422,123.23999786376953
2016-05-03,174.70127868652344,97.93699645996094,26.134075164794922,21.408849716186523,69.6125259399414,102.84626007080078,87.54668426513672,97.75244140625,24.960800170898438,26.56161880493164,122.95999908447266
2016-05-04,173.72674560546875,97.1297607421875,25.841529846191406,21.075380325317383,69.6043472290039,102.960693359375,87.70561981201172,98.28863525390625,24.903547286987305,26.131277084350586,122.20999908447266
2016-05-05,173.69288635253906,96.74372863769531,25.699005126953125,21.062044143676758,69.62889862060547,103.09974670410156,87.94401550292969,98.9456787109375,24.80666732788086,26.12330436706543,122.06999969482422
2016-05-06,174.3284149169922,97.31404876708984,25.84903335571289,21.11539649963379,69.6125259399414,102.9770736694336,87.7374267578125,98.52275085449219,24.7934627532959,26.16315269470215,123.18000030517578
2016-05-09,174.47251892089844,97.59480285644531,25.804027557373047,20.968671798706055,69.64529418945312,103.14884185791016,87.904296875,98.83242797851562,24.68776512145996,25.828445434570312,120.6500015258789
2016-05-10,176.641845703125,98.57749938964844,26.05907440185547,21.155414581298828,69.66160583496094,103.13249969482422,87.88845825195312,98.83998107910156,24.639328002929688,26.322538375854492,120.9800033569336
2016-05-11,174.98939514160156,97.35791778564453,25.86404037475586,21.10205841064453,69.6370849609375,103.12438201904297,88.02351379394531,99.39887237548828,24.718585968017578,26.258790969848633,122.12000274658203
2016-05-12,175.0402374267578,96.84021759033203,25.76651382446289,21.062044143676758,69.59610748291016,103.00163269042969,87.78511810302734,98.9456787109375,24.64812660217285,26.18705940246582,121.16000366210938
2016-05-13,173.51492309570312,96.19975280761719,25.466476440429688,20.861955642700195,69.6043472290039,103.11615753173828,88.118896484375,99.90491485595703,24.568866729736328,25.71687126159668,121.70999908447266
2016-05-16,175.22666931152344,97.4193115234375,25.714014053344727,21.142074584960938,69.57161712646484,102.91165161132812,87.80098724365234,99.04393005371094,24.529224395751953,26.027673721313477,121.80000305175781
2016-05-17,173.59115600585938,95.87507629394531,25.42896842956543,21.11539649963379,69.54707336425781,102.78895568847656,87.68174743652344,99.21009063720703,24.538036346435547,25.90813636779785,122.22000122070312
2016-05-18,173.6420135498047,96.37520599365234,25.436466217041016,21.34215545654297,69.42424011230469,102.32264709472656,86.97456359863281,97.79772186279297,24.269407272338867,25.65311622619629,120.0999984741211
2016-05-19,173.0403594970703,95.60306549072266,25.263938903808594,21.18209457397461,69.44059753417969,102.37173461914062,87.06202697753906,98.22068786621094,24.264999389648438,25.414039611816406,119.87000274658203
2016-05-20,174.1334991455078,97.208740234375,25.5264835357666,21.27545928955078,69.46517181396484,102.461669921875,87.11759185791016,98.29621887207031,24.269407272338867,25.669055938720703,119.70999908447266
2016-05-23,173.89625549316406,97.09468841552734,25.41396713256836,21.20876693725586,69.45697021484375,102.45352172851562,87.17323303222656,98.51525115966797,24.309045791625977,25.62124252319336,119.37000274658203
2016-05-24,176.150390625,99.09519958496094,25.886539459228516,21.768999099731445,69.40785217285156,102.31446075439453,87.03018188476562,98.07715606689453,24.207752227783203,25.884227752685547,117.30000305175781
2016-05-25,177.34518432617188,99.67427825927734,26.17908477783203,22.03577995300293,69.44876861572266,102.28170776367188,86.9904556274414,97.70709228515625,24.331045150756836,26.195030212402344,116.9800033569336
2016-05-26,177.3960418701172,99.5602035522461,26.381616592407227,21.96908187866211,69.48973846435547,102.55166625976562,87.2606430053711,98.21310424804688,24.401519775390625,26.370357513427734,116.58000183105469
2016-05-27,178.15869140625,100.55168914794922,26.299104690551758,21.889047622680664,69.44876861572266,102.33900451660156,87.09374237060547,98.0696792602539,24.309045791625977,26.36238670349121,115.62000274658203
2016-05-31,177.8197479248047,100.90266418457031,25.49648094177246,21.502225875854492,69.48152160644531,102.43714141845703,87.19710540771484,98.30375671386719,24.25178337097168,26.394256591796875,116.05999755859375
2016-06-01,178.18414306640625,101.58704376220703,26.239093780517578,21.382177352905273,69.4332046508789,102.3798599243164,87.16765594482422,98.70256805419922,24.344268798828125,26.378324508666992,115.94000244140625
2016-06-02,178.72647094726562,102.36793518066406,26.26909637451172,21.47554588317871,69.49053192138672,102.53543853759766,87.43822479248047,99.41401672363281,24.4411563873291,26.593494415283203,115.66999816894531
2016-06-03,178.19259643554688,101.75377655029297,26.359107971191406,21.70230484008789,69.60523223876953,103.14148712158203,88.24991607666016,100.82917785644531,24.859514236450195,26.99993133544922,118.87999725341797
2016-06-06,179.0992889404297,102.85051727294922,26.41912269592285,21.688966751098633,69.58890533447266,103.0186767578125,88.01918029785156,100.07996368408203,24.86832046508789,27.286821365356445,118.91999816894531
2016-06-07,179.37899780273438,103.14884948730469,26.666658401489258,21.80901527404785,69.60523223876953,103.1250991821289,88.14652252197266,100.32213592529297,24.960800170898438,27.533870697021484,118.81999969482422
2016-06-08,179.96368408203125,103.91218566894531,26.71917152404785,21.86237144470215,69.62165832519531,103.14148712158203,88.24991607666016,100.85946655273438,25.057687759399414,27.733102798461914,120.58000183105469
2016-06-09,179.7179412841797,103.24533081054688,26.27659797668457,21.63561248779297,69.6379623413086,103.21511840820312,88.38522338867188,101.51033020019531,24.978416442871094,27.41432762145996,121.25
2016-06-10,178.01463317871094,101.84149932861328,25.35395622253418,20.848617553710938,69.67894744873047,103.419921875,88.69561004638672,102.00228881835938,24.912357330322266,26.721004486083984,121.73999786376953
2016-06-13,176.641845703125,100.7359619140625,24.9263858795166,20.58184242248535,69.69534301757812,103.60829162597656,88.87071228027344,102.45630645751953,24.872724533081055,26.34644889831543,122.63999938964844
2016-06-14,176.29441833496094,100.44640350341797,24.521326065063477,20.10164451599121,69.70352172851562,103.59190368652344,88.84683227539062,102.38068389892578,24.811073303222656,26.258790969848633,122.7699966430664
2016-06-15,176.04869079589844,100.51660919189453,24.656343460083008,20.221694946289062,69.7855224609375,103.87035369873047,89.11739349365234,102.77422332763672,24.912357330322266,26.537704467773438,123.68000030517578
2016-06-16,176.57408142089844,100.5078353881836,24.821374893188477,20.368419647216797,69.74452209472656,103.83759307861328,89.2128677368164,103.27368927001953,25.004846572875977,26.442079544067383,122.37999725341797
2016-06-17,175.91647338867188,100.07789611816406,25.13642120361328,20.808605194091797,69.7527084350586,103.73931121826172,88.9104995727539,102.63043975830078,25.06209373474121,26.5137996673584,123.94999694824219
2016-06-20,177.04940795898438,101.16587829589844,25.691511154174805,21.648950576782227,69.71174621582031,103.45269012451172,88.52852630615234,101.53306579589844,25.106122970581055,26.983985900878906,123.20999908447266
2016-06-21,177.5519561767578,100.97285461425781,25.976552963256836,21.86237144470215,69.66258239746094,103.33802032470703,88.32955169677734,101.06379699707031,25.040067672729492,27.19118881225586,120.83999633789062
2016-06-22,177.26229858398438,100.5780029296875,25.938884735107422,22.023685455322266,69.68717193603516,103.46092224121094,88.5046615600586,101.2303466796875,25.163381576538086,27.2602596282959,120.9000015258789
2016-06-23,179.57073974609375,102.49958038330078,26.846052169799805,22.625200271606445,69.66258239746094,103.16603088378906,88.0828628540039,100.07240295410156,25.17218017578125,27.918874740600586,120.11000061035156
2016-06-24,173.1225128173828,98.60383605957031,23.75552749633789,19.91838264465332,69.82643127441406,103.94407653808594,89.30046844482422,102.75904083251953,24.899150848388672,26.224149703979492,126.0
2016-06-27,170.0219268798828,95.36617279052734,23.248125076293945,19.12547492980957,69.86739349365234,104.36992645263672,90.07244873046875,105.32463073730469,24.943193435668945,25.886810302734375,126.68000030517578
2016-06-28,173.0885009765625,96.84021759033203,23.863161087036133,19.945724487304688,69.89195251464844,104.37812805175781,90.05648040771484,105.54414367675781,25.079708099365234,26.64984130859375,125.31999969482422
2016-06-29,176.0357666015625,99.04255676269531,24.316741943359375,20.465213775634766,69.86739349365234,104.18158721923828,89.6904067993164,104.73430633544922,25.14575958251953,27.32452392578125,125.83999633789062
2016-06-30,178.4377899169922,100.8851089477539,24.80876922607422,21.01204490661621,69.900146484375,104.2962417602539,89.88941192626953,105.12026977539062,25.167781829833984,27.59760856628418,126.47000122070312
2016-07-01,178.8126220703125,101.2448501586914,24.824140548706055,21.01204490661621,69.9247817993164,104.4552993774414,90.12684631347656,106.5798568725586,25.308706283569336,27.862653732299805,128.41000366210938
2016-07-05,177.52638244628906,99.75326538085938,24.032291412353516,20.519899368286133,69.95759582519531,104.66841888427734,90.62097930908203,107.9142837524414,25.22943115234375,27.268291473388672,129.47000122070312
2016-07-06,178.59117126464844,100.47757720947266,23.95541000366211,20.342178344726562,69.9247817993164,104.62745666503906,90.63691711425781,108.08866119384766,25.28227424621582,27.196006774902344,130.22999572753906
2016-07-07,178.4803924560547,100.68931579589844,23.80165672302246,20.23280906677246,69.8919677734375,104.60282897949219,90.51734924316406,108.08101654052734,25.255870819091797,27.123722076416016,129.74000549316406
2016-07-08,181.13807678222656,103.03602600097656,24.316741943359375,20.465213775634766,69.8919677734375,104.62745666503906,90.69269561767578,108.87714385986328,25.383569717407227,27.710046768188477,130.52000427246094
2016-07-11,181.77694702148438,104.2270736694336,24.639631271362305,20.752302169799805,69.81819152832031,104.2667007446289,90.21453857421875,107.92179870605469,25.255870819091797,27.97509765625,129.2899932861328
2016-07-12,183.09722900390625,105.62098693847656,25.08553123474121,21.148754119873047,69.79359436035156,103.99617004394531,89.68057250976562,106.1476058959961,25.106122970581055,28.36866569519043,127.1500015258789
2016-07-13,183.07171630859375,105.20633697509766,25.139345169067383,21.107744216918945,69.80999755859375,104.09451293945312,89.91168975830078,107.39871978759766,25.180986404418945,28.320470809936523,128.32000732421875
2016-07-14,184.09388732910156,105.31220245361328,25.43148422241211,21.285465240478516,69.76903533935547,103.92239379882812,89.53710174560547,105.83680725097656,25.194204330444336,28.7301025390625,127.33000183105469
2016-07-15,183.84683227539062,105.60333251953125,25.285411834716797,21.148754119873047,69.73616790771484,103.7255859375,89.19441986083984,104.92691802978516,25.00043296813965,28.665843963623047,126.83999633789062
2016-07-18,184.34088134765625,105.77977752685547,25.270034790039062,21.271793365478516,69.7771987915039,103.75025939941406,89.17053985595703,104.8283920288086,24.978416442871094,28.92286491394043,127.04000091552734
2016-07-19,184.15354919433594,105.25044250488281,25.08553123474121,21.039386749267578,69.78543090820312,103.89778137207031,89.40961456298828,105.41980743408203,24.872724533081055,28.625682830810547,127.20999908447266
2016-07-20,184.920166015625,105.93859100341797,25.300796508789062,21.217111587524414,69.75263214111328,103.77482604980469,89.22630310058594,104.84358215332031,24.7934627532959,28.77025604248047,125.38999938964844
2016-07-21,184.22161865234375,105.43575286865234,25.239288330078125,21.162425994873047,69.80182647705078,103.95513916015625,89.42559051513672,105.05583953857422,24.837505340576172,28.681907653808594,127.30000305175781
2016-07-22,185.0479278564453,106.22090911865234,25.300796508789062,21.12141227722168,69.7771987915039,103.85678100585938,89.35380554199219,105.23783111572266,24.811073303222656,28.890735626220703,126.3499984741211
2016-07-25,184.5453338623047,106.06208801269531,25.323848724365234,21.148754119873047,69.72805786132812,103.75025939941406,89.28207397460938,105.16204071044922,24.789052963256836,28.601594924926758,125.47000122070312
2016-07-26,184.63050842285156,106.57381439208984,25.439172744750977,21.176095962524414,69.73616790771484,103.77482604980469,89.33786010742188,105.32878875732422,24.877132415771484,28.826486587524414,126.0
2016-07-27,184.4346466064453,106.8737564086914,25.677492141723633,21.312807083129883,69.78543090820312,104.02896881103516,89.72039794921875,106.64046478271484,25.00924301147461,28.92286491394043,128.02999877929688
2016-07-28,184.6475372314453,106.60025787353516,25.715932846069336,21.244449615478516,69.7771987915039,104.09451293945312,89.76824188232422,106.44331359863281,25.048885345458984,28.930898666381836,127.66000366210938
2016-07-29,184.9457244873047,106.81197357177734,26.008079528808594,21.326475143432617,69.86734771728516,104.35688781738281,90.11089324951172,107.33045196533203,25.44962501525879,29.083505630493164,128.97999572753906
2016-08-01,184.7924041748047,106.90021514892578,25.72362518310547,21.094072341918945,69.84357452392578,104.19686126708984,89.798095703125,106.16676330566406,25.33953094482422,29.027284622192383,129.22000122070312
2016-08-02,183.60830688476562,105.40923309326172,25.485301971435547,21.271793365478516,69.81895446777344,104.09017181396484,89.5826416015625,105.072998046875,25.44080924987793,28.818450927734375,130.27000427246094
2016-08-03,184.14500427246094,106.2649917602539,25.400732040405273,21.20343780517578,69.82719421386719,104.18043518066406,89.63050842285156,105.13375854492188,25.321914672851562,28.914833068847656,129.64999389648438
2016-08-04,184.34088134765625,106.362060546875,25.477611541748047,21.285465240478516,69.87640380859375,104.32821655273438,89.84599304199219,105.92372131347656,25.33953094482422,29.07547378540039,129.8699951171875
2016-08-05,185.84861755371094,107.8971176147461,25.692869186401367,21.29913330078125,69.7779769897461,103.85220336914062,89.28731536865234,104.82228088378906,25.251453399658203,29.412813186645508,127.55000305175781
2016-08-08,185.7378387451172,107.84420776367188,25.769746780395508,21.326475143432617,69.75336456298828,103.80294036865234,89.23941040039062,105.01980590820312,25.211822509765625,29.621646881103516,127.44000244140625
2016-08-09,185.84861755371094,107.95890045166016,26.146453857421875,21.353818893432617,69.79438781738281,104.0245361328125,89.55870819091797,106.05284881591797,25.33071517944336,29.822439193725586,127.95999908447266
2016-08-10,185.3886260986328,107.18254852294922,26.300212860107422,21.38115882873535,69.82719421386719,104.17222595214844,89.798095703125,106.46295928955078,25.524484634399414,29.830469131469727,128.55999755859375
2016-08-11,186.2489776611328,107.69422149658203,26.48472023010254,21.572551727294922,69.7615966796875,103.8357162475586,89.36709594726562,105.51354217529297,25.427600860595703,30.216001510620117,127.66999816894531
2016-08-12,186.08712768554688,107.80010223388672,26.50010108947754,21.531536102294922,69.810791015625,104.09017181396484,89.68634033203125,106.40220642089844,25.47164535522461,30.10355567932129,127.4000015258789
2016-08-15,186.62374877929688,108.86761474609375,26.584665298461914,21.558879852294922,69.79438781738281,103.91780090332031,89.42296600341797,105.39959716796875,25.48045539855957,30.41679573059082,127.83999633789062
2016-08-16,185.66123962402344,107.98538970947266,26.553918838500977,21.668245315551758,69.7697982788086,103.77009582519531,89.27134704589844,105.11849975585938,25.63899040222168,30.280254364013672,128.47000122070312
2016-08-17,186.0104522705078,107.66779327392578,26.49241065979004,21.668245315551758,69.7697982788086,103.86856842041016,89.4150161743164,105.74897766113281,25.630172729492188,30.087491989135742,128.5
2016-08-18,186.4278564453125,108.46175384521484,26.63848304748535,21.873310089111328,69.81895446777344,104.00806427001953,89.57463073730469,105.9161148071289,25.828359603881836,30.36860466003418,129.11000061035156
2016-08-19,186.15525817871094,108.46175384521484,26.4078369140625,21.695585250854492,69.75336456298828,103.76187896728516,89.27134704589844,105.36157989501953,25.665414810180664,30.19994354248047,127.97000122070312
2016-08-22,186.14674377441406,108.70882415771484,26.37708854675293,21.70926284790039,69.7615966796875,103.90959930419922,89.47087860107422,106.25032806396484,25.665414810180664,29.798343658447266,127.77999877929688
2016-08-23,186.52154541015625,109.46753692626953,26.515474319458008,21.859642028808594,69.7697982788086,103.91780090332031,89.46289825439453,106.36427307128906,25.68743896484375,29.67786979675293,127.76000213623047
2016-08-24,185.5675048828125,108.57647705078125,26.453975677490234,21.791282653808594,69.75336456298828,103.91780090332031,89.43097686767578,106.11355590820312,25.5993595123291,29.758182525634766,126.33999633789062
2016-08-25,185.43975830078125,108.78820037841797,26.338647842407227,21.722929000854492,69.72876739501953,103.76187896728516,89.28731536865234,105.71102142333984,25.57292938232422,29.782272338867188,126.2300033569336
2016-08-26,185.09046936035156,108.56764221191406,26.23870849609375,21.586223602294922,69.66316986083984,103.46640014648438,88.94415283203125,105.09576416015625,25.36594581604004,29.52526092529297,126.05000305175781
2016-08-29,186.00192260742188,109.13226318359375,26.31558609008789,21.668245315551758,69.70418548583984,103.72084045410156,89.3112564086914,106.5009994506836,25.36594581604004,29.750154495239258,126.30000305175781
2016-08-30,185.69529724121094,109.3351821899414,26.354028701782227,21.59989356994629,69.71234130859375,103.71260833740234,89.30328369140625,106.09078979492188,25.22943115234375,29.669836044311523,125.02999877929688
2016-08-31,185.16712951660156,108.7176284790039,26.300212860107422,21.558879852294922,69.70418548583984,103.60591125488281,89.19955444335938,106.24273681640625,25.158967971801758,29.340524673461914,124.77999877929688
2016-09-01,185.17567443847656,108.79704284667969,26.50779151916504,21.695585250854492,69.73699951171875,103.73165893554688,89.33937072753906,106.35991668701172,25.225027084350586,29.56541633605957,125.29000091552734
2016-09-02,186.0104522705078,109.84689331054688,26.838363647460938,22.146724700927734,69.73699951171875,103.64128875732422,89.10765838623047,105.49244689941406,25.136945724487305,30.047330856323242,126.56999969482422
2016-09-06,186.5726776123047,109.95275115966797,26.984432220458984,22.1877384185791,69.78622436523438,103.98632049560547,89.52320861816406,106.26101684570312,25.498062133789062,30.689884185791016,128.7100067138672
2016-09-07,186.5555877685547,110.64092254638672,27.053627014160156,22.051027297973633,69.78622436523438,103.96170043945312,89.5711669921875,106.18486022949219,25.542112350463867,30.593502044677734,128.27000427246094
2016-09-08,186.12969970703125,110.42032623291016,27.038253784179688,22.023685455322266,69.73699951171875,103.69060516357422,89.1316146850586,104.85321044921875,25.418794631958008,30.513181686401367,127.58999633789062
2016-09-09,181.67471313476562,106.97078704833984,26.4462833404541,21.613563537597656,69.71238708496094,103.47700500488281,88.70804595947266,103.12583923339844,25.18979835510254,29.48509979248047,126.75
2016-09-12,184.28126525878906,108.46175384521484,26.623104095458984,21.750274658203125,69.73699951171875,103.55911254882812,88.78797149658203,103.17906951904297,25.26026153564453,29.685888290405273,126.58999633789062
2016-09-13,181.63211059570312,106.37969970703125,26.123395919799805,21.258121490478516,69.71238708496094,103.41124725341797,88.46029663085938,102.0072021484375,25.06648826599121,28.938928604125977,125.75
2016-09-14,181.5640106201172,106.3973617553711,26.046518325805664,21.285465240478516,69.75337982177734,103.55911254882812,88.66007232666016,102.15937042236328,25.163381576538086,29.027284622192383,126.18000030517578
2016-09-15,183.37831115722656,107.66779327392578,26.231021881103516,21.51786994934082,69.81085968017578,103.68231201171875,88.68405151367188,101.71807861328125,25.1413631439209,29.52526092529297,125.37000274658203
2016-09-16,182.6695098876953,107.50895690917969,25.73130989074707,21.18976593017578,69.7780532836914,103.67414093017578,88.77996826171875,102.53988647460938,25.0224552154541,29.324459075927734,125.05999755859375
2016-09-19,182.70376586914062,108.22358703613281,25.931198120117188,21.353818893432617,69.7615966796875,103.59196472167969,88.62818908691406,102.20503234863281,25.07529067993164,29.557384490966797,125.31999969482422
2016-09-20,182.71226501464844,107.76482391357422,25.977325439453125,21.36748695373535,69.74520874023438,103.64128875732422,88.76400756835938,102.5627212524414,25.14575958251953,29.57344627380371,125.44000244140625
2016-09-21,184.7669677734375,109.32634735107422,26.361717224121094,21.59989356994629,69.7615966796875,103.69060516357422,88.90782928466797,103.39208984375,25.33953094482422,30.400733947753906,127.2699966430664
2016-09-22,185.93130493164062,110.89671325683594,26.76148796081543,21.791282653808594,69.74520874023438,103.77275085449219,89.17158508300781,104.21400451660156,25.432016372680664,30.617597579956055,127.56999969482422
2016-09-23,184.9124298095703,110.11155700683594,26.607730865478516,21.59989356994629,69.78622436523438,103.84662628173828,89.21148681640625,104.11511993408203,25.40118980407715,30.22403907775879,127.6500015258789
2016-09-26,183.41429138183594,109.01810455322266,26.284835815429688,21.38115882873535,69.82725524902344,104.01915740966797,89.46724700927734,104.77708435058594,25.498062133789062,29.782272338867188,127.55000305175781
2016-09-27,184.55294799804688,109.46046447753906,26.246397018432617,21.435840606689453,69.83544921875,104.09315490722656,89.61910247802734,105.54569244384766,25.550914764404297,30.207977294921875,126.62000274658203
2016-09-28,185.46897888183594,110.30088806152344,26.538536071777344,21.681917190551758,69.82725524902344,104.01915740966797,89.57914733886719,105.31732940673828,25.524484634399414,30.481054306030273,126.22000122070312
2016-09-29,183.79104614257812,108.6907730102539,26.054197311401367,21.51786994934082,69.85185241699219,104.10133361816406,89.63510131835938,105.5837631225586,25.48926544189453,29.950956344604492,126.06999969482422
2016-09-30,185.17788696289062,109.88507080078125,26.515474319458008,21.65457534790039,69.79444122314453,103.96170043945312,89.41130828857422,104.64009857177734,25.40118980407715,30.0794620513916,125.63999938964844
2016-10-03,184.7327117919922,109.54002380371094,26.4078369140625,21.64090347290039,69.785400390625,103.83837127685547,89.20326232910156,104.2947998046875,25.357147216796875,30.288297653198242,125.31999969482422
2016-10-04,183.79104614257812,109.0003890991211,26.4462833404541,21.70926284790039,69.72796630859375,103.60801696777344,88.795166015625,103.07505798339844,25.12815284729004,29.950956344604492,120.97000122070312
2016-10-05,184.60426330566406,109.65509033203125,26.576980590820312,21.722929000854492,69.68689727783203,103.5011215209961,88.5950927734375,102.59478759765625,25.040067672729492,30.38466453552246,120.77999877929688
2016-10-06,184.7327117919922,109.54002380371094,26.477035522460938,21.50419807434082,69.68689727783203,103.3119888305664,88.41104125976562,102.02303314208984,24.934370040893555,30.408769607543945,119.66000366210938
2016-10-07,184.09918212890625,108.66423034667969,26.284835815429688,21.258121490478516,69.71148681640625,103.4106674194336,88.53904724121094,102.09164428710938,24.916759490966797,30.27222442626953,119.73999786376953
2016-10-10,185.05809020996094,109.96467590332031,26.392471313476562,21.23078155517578,69.67863464355469,103.2544174194336,88.30696868896484,101.48939514160156,24.84630584716797,30.60153579711914,120.16000366210938
2016-10-11,182.72084045410156,107.95647430419922,26.092641830444336,20.779645919799805,69.67044067382812,103.22975158691406,88.28298950195312,101.26071166992188,24.661333084106445,29.89472198486328,119.55000305175781
2016-10-12,182.9605712890625,107.86800384521484,25.961946487426758,20.779645919799805,69.67044067382812,103.24613952636719,88.28298950195312,101.35984802246094,24.529224395751953,29.838502883911133,119.73999786376953
2016-10-13,182.36126708984375,106.97450256347656,25.846620559692383,20.711284637451172,69.69512176513672,103.41891479492188,88.46705627441406,101.74097442626953,24.643720626831055,29.57344627380371,120.02999877929688
2016-10-14,182.45542907714844,106.54100799560547,25.94657325744629,20.642934799194336,69.67863464355469,103.3119888305664,88.19496154785156,100.31539916992188,24.46757698059082,29.621646881103516,119.36000061035156
2016-10-17,181.82191467285156,106.41716003417969,25.931198120117188,20.492555618286133,69.736083984375,103.44353485107422,88.386962890625,100.95578002929688,24.573272705078125,29.589513778686523,119.68000030517578
2016-10-18,182.9605712890625,107.027587890625,26.192583084106445,20.779645919799805,69.76074981689453,103.5669174194336,88.56306457519531,101.28359985351562,24.599679946899414,30.111589431762695,120.41999816894531
2016-10-19,183.44851684570312,107.478759765625,26.25408363342285,20.84799575805664,69.76074981689453,103.58341979980469,88.60307312011719,101.36747741699219,24.678951263427734,30.296323776245117,121.11000061035156
2016-10-20,183.10606384277344,107.1602783203125,26.307903289794922,20.820653915405273,69.72796630859375,103.5011215209961,88.5230712890625,101.47411346435547,24.564456939697266,30.207977294921875,120.73999786376953
2016-10-21,183.19166564941406,107.10721588134766,26.207962036132812,20.79331398010254,69.74433135986328,103.52581787109375,88.61909484863281,101.6265869140625,24.476381301879883,30.19994354248047,120.83000183105469
2016-10-24,183.97076416015625,107.78839874267578,26.32328224182129,20.68394660949707,69.71969604492188,103.43534851074219,88.49909210205078,101.18447875976562,24.485198974609375,30.328441619873047,120.55999755859375
2016-10-25,183.3543701171875,106.98336791992188,26.277143478393555,20.65660285949707,69.71969604492188,103.43534851074219,88.48301696777344,101.45128631591797,24.494001388549805,30.360576629638672,121.47000122070312
2016-10-26,182.98623657226562,105.9217300415039,26.17720603942871,20.5472354888916,69.69512176513672,103.33665466308594,88.29093170166016,100.76520538330078,24.405920028686523,30.039297103881836,120.79000091552734
2016-10-27,182.49826049804688,104.70977020263672,26.200275421142578,20.5335693359375,69.71148681640625,103.16397857666016,87.9869155883789,99.66741943359375,24.247379302978516,29.782272338867188,121.01000213623047
2016-10-28,181.95892333984375,104.41779327392578,26.307903289794922,20.519899368286133,69.71148681640625,103.26262664794922,88.00289154052734,99.44637298583984,24.309045791625977,29.661808013916016,121.58000183105469
2016-10-31,181.9674530029297,104.83361053466797,26.246397018432617,20.506227493286133,69.76074981689453,103.3119888305664,88.07488250732422,100.05621337890625,24.33545684814453,29.830469131469727,121.94000244140625
2016-11-01,180.64898681640625,103.55081939697266,26.10801887512207,20.4378719329834,69.7615737915039,103.39842224121094,88.07809448242188,100.06382751464844,24.432342529296875,29.589513778686523,122.7300033569336
2016-11-02,179.56175231933594,102.23265838623047,25.900440216064453,20.32850456237793,69.80267333984375,103.56306457519531,88.34259796142578,100.49923706054688,24.538036346435547,29.236106872558594,123.63999938964844
2016-11-03,178.73988342285156,101.73725891113281,25.85431480407715,20.342178344726562,69.81085968017578,103.57952880859375,88.28641510009766,99.7278060913086,24.599679946899414,29.155790328979492,124.30000305175781
2016-11-04,178.54302978515625,102.39192199707031,25.608304977416992,20.137113571166992,69.83554077148438,103.75244140625,88.55888366699219,100.62142944335938,24.661333084106445,28.858610153198242,124.38999938964844
2016-11-07,182.48110961914062,104.89552307128906,26.008079528808594,20.4378719329834,69.81085968017578,103.48896789550781,88.19031524658203,99.76599884033203,24.5028018951416,29.90275764465332,122.1500015258789
2016-11-08,183.30299377441406,105.16976928710938,26.131080627441406,20.513063430786133,69.73697662353516,103.2502670288086,87.87773132324219,99.36113739013672,24.449968338012695,30.095523834228516,121.63999938964844
2016-11-09,185.246337890625,108.40765380859375,26.0695743560791,20.772808074951172,69.64654541015625,102.55038452148438,86.5394515991211,95.14506530761719,24.194541931152344,29.115629196166992,121.55999755859375
2016-11-10,185.7086944580078,110.14163970947266,25.900440216064453,20.772808074951172,69.62190246582031,102.28697204589844,86.01860046386719,93.7397232055664,23.82462501525879,28.28834342956543,119.75
2016-11-11,185.28065490722656,112.67178344726562,25.608304977416992,20.5745792388916,69.62190246582031,102.11406707763672,85.84228515625,93.21268463134766,23.68368911743164,27.750213623046875,117.0999984741211
2016-11-14,185.42617797851562,114.25533294677734,25.369979858398438,20.478885650634766,69.51505279541016,101.768310546875,85.34545135498047,92.6551513671875,23.428281784057617,27.54941177368164,116.11000061035156
2016-11-15,186.87301635742188,114.60921478271484,25.554494857788086,20.58824920654297,69.53974914550781,101.71887969970703,85.34545135498047,93.1133804321289,23.47232437133789,28.10361099243164,117.12000274658203
2016-11-16,186.52198791503906,114.60035705566406,25.193161010742188,20.376354217529297,69.53154754638672,101.71887969970703,85.42560577392578,93.95360565185547,23.393047332763672,27.87068748474121,116.7699966430664
2016-11-17,187.48085021972656,115.27272033691406,25.270034790039062,20.506227493286133,69.52328491210938,101.51306915283203,85.04898834228516,92.57110595703125,23.252119064331055,27.910850524902344,116.16999816894531
2016-11-18,187.06130981445312,115.88314819335938,24.9778995513916,20.28749656677246,69.4822006225586,101.26607513427734,84.67231750488281,92.30379486083984,23.067167282104492,27.782333374023438,115.1500015258789
2016-11-21,188.47393798828125,116.42277526855469,25.216224670410156,20.5609073638916,69.47402954101562,101.28251647949219,84.74444580078125,92.53294372558594,23.137630462646484,28.055421829223633,115.58000183105469
2016-11-22,188.84210205078125,117.48440551757812,25.30847930908203,20.62242889404297,69.45753479003906,101.3813247680664,84.82457733154297,92.50235748291016,23.164051055908203,28.481109619140625,115.54000091552734
2016-11-23,188.94479370117188,118.21869659423828,25.03940200805664,20.615591049194336,69.4164810180664,101.07666015625,84.52005767822266,92.14344787597656,22.970279693603516,28.17589569091797,113.25
2016-11-25,189.64682006835938,118.6079330444336,25.193161010742188,20.704452514648438,69.40828704833984,101.0931625366211,84.44793701171875,92.28086853027344,22.970279693603516,28.312440872192383,112.61000061035156
2016-11-28,188.75643920898438,117.06863403320312,24.916397094726562,20.44470977783203,69.44934844970703,101.29900360107422,84.83255767822266,92.96063995361328,23.111204147338867,28.424888610839844,113.80000305175781
2016-11-29,189.12460327148438,117.00666046142578,25.208538055419922,20.5404052734375,69.45753479003906,101.3648681640625,84.92073822021484,93.35015106201172,23.199277877807617,28.46504783630371,113.2699966430664
2016-11-30,188.67083740234375,116.43165588378906,25.20084571838379,20.5472354888916,69.43289947509766,101.05201721191406,84.3517837524414,91.83785247802734,22.94386100769043,28.51323699951172,111.75
2016-12-01,187.97740173339844,115.8654556274414,25.093219757080078,20.5745792388916,69.39997863769531,100.87149047851562,84.02992248535156,90.86817169189453,23.031930923461914,28.17589569091797,111.54000091552734
2016-12-02,188.0716094970703,115.80350494384766,25.131656646728516,20.745468139648438,69.47402954101562,101.17646789550781,84.40711212158203,91.53401184082031,23.14642906188965,28.208026885986328,112.13999938964844
2016-12-05,189.20164489746094,117.79400634765625,25.685182571411133,20.89584732055664,69.47402954101562,101.10226440429688,84.37505340576172,91.43456268310547,23.190473556518555,28.44095802307129,111.54000091552734
2016-12-06,189.80093383789062,119.06794738769531,26.008079528808594,20.964204788208008,69.45760345458984,101.18468475341797,84.40711212158203,91.36563110351562,23.120006561279297,28.593555450439453,111.43000030517578
2016-12-07,192.28367614746094,120.22686004638672,26.477035522460938,21.25128746032715,69.48223876953125,101.37425994873047,84.68798828125,92.14630126953125,23.23451805114746,29.07547378540039,111.83000183105469
2016-12-08,192.75450134277344,122.12003326416016,26.31558609008789,21.21027183532715,69.47402954101562,101.21765899658203,84.36700439453125,91.05953216552734,23.005512237548828,29.20398712158203,111.56999969482422
2016-12-09,193.91880798339844,122.35893249511719,26.330965042114258,21.312807083129883,69.46578979492188,100.96218872070312,83.93365478515625,89.92683410644531,22.829357147216797,29.051374435424805,110.4000015258789
2016-12-12,193.69627380371094,121.06732177734375,26.384782791137695,21.22394561767578,69.44110870361328,100.97866821289062,83.94969177246094,90.0952377319336,23.005512237548828,28.858610153198242,110.81999969482422
2016-12-13,194.9889678955078,121.0761947631836,26.646167755126953,21.422170639038086,69.43290710449219,100.95393371582031,83.99787902832031,90.4166259765625,23.023136138916016,29.179887771606445,110.44999694824219
2016-12-14,193.37950134277344,119.56336975097656,26.22334098815918,21.176095962524414,69.3013687133789,100.36876678466797,83.29969024658203,89.40640258789062,22.776514053344727,28.312440872192383,108.83000183105469
2016-12-15,194.1757049560547,120.45691680908203,26.25408363342285,21.141921997070312,69.26848602294922,100.1545639038086,83.06695556640625,89.85796356201172,22.591554641723633,28.360633850097656,107.33999633789062
2016-12-16,193.79592895507812,120.23572540283203,26.354028701782227,21.217111587524414,69.3013687133789,100.26984405517578,83.17129516601562,89.65129089355469,22.54751968383789,28.23212242126465,108.05000305175781
2016-12-19,194.2178497314453,121.02312469482422,26.269458770751953,21.087238311767578,69.334228515625,100.54181671142578,83.55652618408203,90.61563873291016,22.56511878967285,28.039363861083984,108.58999633789062
2016-12-20,194.96710205078125,122.04932403564453,26.4078369140625,21.12141227722168,69.34245300292969,100.45944213867188,83.37992858886719,90.16404724121094,22.5387020111084,28.135740280151367,107.79000091552734
2016-12-21,194.42459106445312,121.25312805175781,26.541709899902344,21.11587142944336,69.3753433227539,100.52533721923828,83.51637268066406,90.56207275390625,22.64440155029297,28.01875877380371,107.8499984741211
2016-12-22,194.08868408203125,120.20755004882812,26.47981071472168,21.039634704589844,69.39262390136719,100.51295471191406,83.48017883300781,90.40011596679688,22.582740783691406,27.685684204101562,107.58999633789062
2016-12-23,194.3729248046875,120.84712219238281,26.580394744873047,21.074289321899414,69.39262390136719,100.603759765625,83.56060028076172,90.58434295654297,22.64440155029297,27.848159790039062,107.93000030517578
2016-12-27,194.85513305664062,121.38899230957031,26.61135482788086,21.09507942199707,69.3597412109375,100.47173309326172,83.43999481201172,90.2927017211914,22.688434600830078,27.970016479492188,108.55999755859375
2016-12-28,193.24476623535156,120.14539337158203,26.40243148803711,21.011917114257812,69.3843994140625,100.68624114990234,83.74542236328125,90.95262908935547,22.688434600830078,28.181230545043945,108.86000061035156
2016-12-29,193.2017059326172,120.25193786621094,26.61135482788086,21.129730224609375,69.4584732055664,100.92549133300781,84.00264739990234,91.27490997314453,22.83816146850586,28.6442813873291,110.29000091552734
2016-12-30,192.4955291748047,119.79009246826172,26.773860931396484,21.268329620361328,69.48313903808594,101.07398223876953,84.25180053710938,91.41304779052734,22.882200241088867,28.441186904907227,109.61000061035156
2017-01-03,193.9681396484375,120.38524627685547,26.835758209228516,21.351491928100586,69.42552947998047,101.04924774169922,84.21163940429688,91.80438995361328,22.600358963012695,28.78239631652832,110.47000122070312
2017-01-04,195.1220703125,122.39282989501953,27.006000518798828,21.559396743774414,69.4419937133789,101.11526489257812,84.30805969238281,92.15737915039062,22.670820236206055,29.00173568725586,110.86000061035156
2017-01-05,194.96710205078125,120.98039245605469,27.23040771484375,21.704927444458008,69.49134063720703,101.4205322265625,84.85465240478516,93.59996795654297,22.926246643066406,29.31855583190918,112.58000183105469
2017-01-06,195.6646270751953,120.53626251220703,27.183975219726562,21.566322326660156,69.43377685546875,101.14000701904297,84.46887969970703,92.74052429199219,22.7676944732666,29.196699142456055,111.75
2017-01-09,195.01882934570312,119.74565887451172,27.106592178344727,21.39307403564453,69.49134063720703,101.33800506591797,84.79033660888672,93.48487091064453,22.80293846130371,29.172330856323242,112.66999816894531
2017-01-10,195.01882934570312,120.89155578613281,27.06016731262207,21.462373733520508,69.46668243408203,101.35453033447266,84.75019836425781,93.42346954345703,22.82054901123047,29.342926025390625,113.1500015258789
2017-01-11,195.56993103027344,121.10474395751953,27.214929580688477,21.621763229370117,69.49962615966797,101.35453033447266,84.84664916992188,93.73804473876953,22.855783462524414,29.692251205444336,113.5
2017-01-12,195.0790557861328,120.17200469970703,27.23815155029297,21.663345336914062,69.52429962158203,101.45353698730469,84.89485168457031,93.53087615966797,22.979089736938477,29.82222557067871,113.91000366210938
2017-01-13,195.52684020996094,121.0426025390625,27.36195182800293,21.71185874938965,69.49134063720703,101.29676818847656,84.7099838256836,93.0858383178711,23.05835723876953,29.797861099243164,114.20999908447266
2017-01-17,194.8379364013672,119.39918518066406,27.36195182800293,21.739574432373047,69.54072570800781,101.64330291748047,85.13599395751953,94.0604019165039,23.23451805114746,29.78160858154297,115.8499984741211
2017-01-18,195.26853942871094,119.79009246826172,27.253620147705078,21.642553329467773,69.47489166259766,101.19776916503906,84.53315734863281,92.85562133789062,22.961475372314453,29.61913299560547,114.87000274658203
2017-01-19,194.545166015625,118.81285858154297,27.23040771484375,21.580184936523438,69.45021057128906,101.04102325439453,84.21163940429688,92.21871948242188,22.926246643066406,29.529767990112305,114.7699966430664
2017-01-20,195.25994873046875,119.42583465576172,27.408382415771484,21.600975036621094,69.49134063720703,101.1565170288086,84.25180053710938,92.03459167480469,22.94386100769043,29.586637496948242,115.05000305175781
2017-01-23,194.75177001953125,118.92837524414062,27.45480728149414,21.795015335083008,69.55717468261719,101.46997833251953,84.69390106201172,92.95535278320312,23.164051055908203,30.02531623840332,115.79000091552734
2017-01-24,196.00048828125,120.7494125366211,27.516712188720703,21.795015335083008,69.51602172851562,101.2555160522461,84.37236785888672,92.31847381591797,23.111204147338867,30.212169647216797,115.2699966430664
2017-01-25,197.69696044921875,121.88648986816406,27.833982467651367,22.01677703857422,69.49962615966797,101.00801086425781,83.95442962646484,91.15980529785156,23.111204147338867,30.54524040222168,114.31999969482422
2017-01-26,197.49034118652344,121.39791107177734,27.555408477783203,21.919757843017578,69.50785064697266,101.09878540039062,84.06695556640625,91.46673583984375,22.95266342163086,30.415258407592773,113.26000213623047
2017-01-27,197.18031311035156,120.98039245605469,27.578622817993164,21.885103225708008,69.54072570800781,101.1482925415039,84.17144775390625,91.7967300415039,22.94386100769043,30.439634323120117,113.48999786376953
2017-01-30,195.9574432373047,119.29257202148438,27.30778694152832,21.663345336914062,69.54072570800781,101.17298126220703,84.1473617553711,91.52043151855469,22.987890243530273,30.277158737182617,113.97000122070312
2017-01-31,195.940185546875,120.12757110595703,27.346477508544922,21.795015335083008,69.55717468261719,101.37102508544922,84.43670654296875,92.15737915039062,23.21689224243164,30.33402442932129,115.55000305175781
2017-02-01,196.01768493652344,120.05653381347656,27.392911911010742,21.898967742919922,69.53328704833984,101.23966217041016,84.27484130859375,91.5875015258789,23.181652069091797,30.35027313232422,115.19999694824219
2017-02-02,196.1468963623047,119.75452423095703,27.462549209594727,21.80887794494629,69.55799102783203,101.28096771240234,84.3071060180664,91.54910278320312,23.21689224243164,30.480253219604492,115.83999633789062
2017-02-03,197.49891662597656,121.58443450927734,27.609575271606445,21.82966423034668,69.53328704833984,101.32225799560547,84.3714828491211,91.5106430053711,23.1728515625,30.66710090637207,116.12999725341797
2017-02-06,197.14585876464844,120.66948699951172,27.222671508789062,21.739574432373047,69.60741424560547,101.6279067993164,84.77396392822266,92.0643081665039,23.260927200317383,30.593978881835938,117.69999694824219
2017-02-07,197.1544647216797,120.1364974975586,27.12980842590332,21.82966423034668,69.59091186523438,101.66921997070312,84.92694091796875,92.74103546142578,23.111204147338867,30.439634323120117,117.45999908447266
2017-02-08,197.4127960205078,119.92329406738281,27.13754653930664,21.89203643798828,69.6567611694336,101.90045928955078,85.27307891845703,94.00218963623047,23.208087921142578,30.6264705657959,118.19000244140625
2017-02-09,198.58399963378906,121.61109161376953,27.315528869628906,21.99598503112793,69.59915161132812,101.59486389160156,84.76594543457031,92.91790771484375,23.102388381958008,30.76457977294922,117.29000091552734
2017-02-10,199.36767578125,122.53495788574219,27.26136016845703,22.058361053466797,69.59091186523438,101.54532623291016,84.70957946777344,92.86405181884766,23.111204147338867,31.048904418945312,117.5999984741211
2017-02-13,200.4527130126953,122.85475158691406,27.400644302368164,22.176170349121094,69.57447814941406,101.45442962646484,84.58078002929688,92.57183837890625,23.023136138916016,31.146394729614258,116.80000305175781
2017-02-14,201.25357055664062,123.26342010498047,27.462549209594727,22.120729446411133,69.52509307861328,101.16537475585938,84.27484130859375,91.90281677246094,22.9967041015625,31.178895950317383,116.93000030517578
2017-02-15,202.3042449951172,124.00070190429688,27.547666549682617,22.176170349121094,69.50039672851562,101.06627655029297,84.1138916015625,91.4798812866211,23.005512237548828,31.43073081970215,117.44999694824219
2017-02-16,202.13197326660156,123.65425109863281,27.733381271362305,22.203886032104492,69.53328704833984,101.3470458984375,84.45196533203125,91.97970581054688,23.14642906188965,31.316993713378906,118.08000183105469
2017-02-17,202.4505615234375,123.57431030273438,27.539926528930664,22.14151954650879,69.58271789550781,101.52051544189453,84.67737579345703,92.5257339477539,23.05835723876953,31.187023162841797,117.68000030517578
2017-02-21,203.65618896484375,124.54255676269531,27.539926528930664,22.196956634521484,69.59091186523438,101.47097778320312,84.63711547851562,92.36426544189453,23.04074478149414,31.528215408325195,117.75
2017-02-22,203.4753875732422,123.99180603027344,27.570886611938477,22.210819244384766,69.60741424560547,101.56181335449219,84.77396392822266,92.51798248291016,23.075963973999023,31.62569808959961,117.91000366210938
2017-02-23,203.6131591796875,123.25447082519531,27.532188415527344,22.349416732788086,69.64031982421875,101.72696685791016,84.99940490722656,92.79485321044922,23.199277877807617,31.633819580078125,118.94000244140625
2017-02-24,203.87149047851562,123.1656723022461,27.292308807373047,22.162309646606445,69.67330932617188,101.97480773925781,85.39383697509766,93.82530212402344,23.269744873046875,31.260122299194336,119.69999694824219
2017-02-27,204.1901397705078,124.3648910522461,27.408382415771484,22.162309646606445,69.61565399169922,101.72696685791016,85.087890625,93.2716293334961,23.243314743041992,31.162647247314453,119.12000274658203
2017-02-28,203.6390380859375,122.44615936279297,27.400644302368164,22.11379623413086,69.58271789550781,101.63613891601562,85.04767608642578,93.6176986694336,23.287349700927734,30.8620662689209,119.2300033569336
2017-03-01,206.4894256591797,124.6846923828125,27.818506240844727,22.217750549316406,69.5283432006836,101.18305206298828,84.45521545410156,92.04900360107422,23.05835723876953,31.341373443603516,119.05999755859375
2017-03-02,205.18910217285156,123.25447082519531,27.656007766723633,22.169239044189453,69.45419311523438,101.01769256591797,84.2133560180664,91.71769714355469,22.908626556396484,30.78895378112793,117.58000183105469
2017-03-03,205.3183135986328,123.1656723022461,28.04290771484375,22.196956634521484,69.4706802368164,101.10034942626953,84.29393005371094,91.95651245117188,23.014310836791992,31.024539947509766,117.51000213623047
2017-03-06,204.70681762695312,122.32174682617188,27.94231605529785,22.05142593383789,69.48714447021484,101.11690521240234,84.27787780761719,91.51736450195312,23.014310836791992,31.040781021118164,116.72000122070312
2017-03-07,204.09536743164062,121.52229309082031,27.77981185913086,21.898967742919922,69.46244049072266,100.98458099365234,84.15694427490234,91.23995208740234,22.987890243530273,31.07328224182129,115.77999877929688
2017-03-08,203.7165069580078,120.7227783203125,27.70242691040039,21.795015335083008,69.40475463867188,100.81922912597656,83.87481689453125,90.74684143066406,22.873390197753906,30.780818939208984,115.05999755859375
2017-03-09,203.974853515625,120.2430648803711,28.04290771484375,21.82966423034668,69.39649963378906,100.6290283203125,83.64104461669922,90.02261352539062,22.758895874023438,30.53712272644043,114.47000122070312
2017-03-10,204.68960571289062,120.7761001586914,28.360166549682617,21.94054412841797,69.43775177001953,100.78617095947266,83.81838989257812,90.33853149414062,22.89981460571289,30.878307342529297,114.72000122070312
2017-03-13,204.7930145263672,121.06034088134766,28.398855209350586,22.169239044189453,69.40475463867188,100.66207885742188,83.60881805419922,89.76836395263672,22.882200241088867,31.308881759643555,114.73999786376953
2017-03-14,204.00929260253906,120.48296356201172,28.12028694152832,21.975200653076172,69.39649963378906,100.71173858642578,83.69746398925781,90.19979858398438,22.83816146850586,31.130155563354492,114.12000274658203
2017-03-15,205.7747039794922,122.34835815429688,28.491718292236328,22.321699142456055,69.5283432006836,101.24092102050781,84.43104553222656,91.30162048339844,23.190473556518555,31.942533493041992,116.25
2017-03-16,205.3699188232422,122.50835418701172,28.85541343688965,22.536535263061523,69.47886657714844,101.05899047851562,84.19722747802734,90.83930969238281,23.1728515625,32.13749694824219,116.7300033569336
2017-03-17,205.0092315673828,122.99690246582031,28.824451446533203,22.6335506439209,69.51182556152344,101.21610260009766,84.42292022705078,91.40949249267578,23.29616355895996,32.08063507080078,116.98999786376953
2017-03-20,204.78439331054688,122.46385192871094,28.762550354003906,22.56424903869629,69.55307006835938,101.35664367675781,84.62447357177734,91.80242156982422,23.29616355895996,32.454322814941406,117.51000213623047
2017-03-21,202.15509033203125,119.00831604003906,28.71611976623535,22.536535263061523,69.58602905273438,101.56338500976562,84.9066162109375,92.56517791748047,23.40184783935547,32.09687423706055,118.54000091552734
2017-03-22,202.6307830810547,119.03499603271484,28.754810333251953,22.522666931152344,69.60246276855469,101.63786315917969,85.06783294677734,92.93501281738281,23.516355514526367,32.251224517822266,118.83000183105469
2017-03-23,202.4145050048828,119.72785186767578,28.870885848999023,22.55731964111328,69.60246276855469,101.59650421142578,84.97915649414062,92.80404663085938,23.481130599975586,32.259342193603516,118.66999816894531
2017-03-24,202.26747131347656,119.81427764892578,28.971485137939453,22.501882553100586,69.60246276855469,101.60474395751953,85.02754211425781,93.13533782958984,23.516355514526367,32.34059143066406,118.86000061035156
2017-03-27,202.05990600585938,120.03701782226562,29.118505477905273,22.54345703125,69.6271743774414,101.73703002929688,85.23712158203125,93.55915832519531,23.622034072875977,32.251224517822266,119.52999877929688
2017-03-28,203.5302734375,120.972412109375,29.242311477661133,22.522666931152344,69.5942611694336,101.53031921386719,84.94692993164062,92.93501281738281,23.533960342407227,32.34059143066406,119.04000091552734
2017-03-29,203.7205352783203,121.36441040039062,29.149456024169922,22.550392150878906,69.63542175292969,101.71224975585938,85.18878173828125,93.48977661132812,23.586811065673828,32.3974609375,119.33000183105469
2017-03-30,204.3692626953125,122.28199768066406,29.017906188964844,22.550392150878906,69.61894226074219,101.5799331665039,84.94692993164062,92.73469543457031,23.393047332763672,32.22685241699219,118.47000122070312
2017-03-31,203.8935546875,122.47802734375,29.095294952392578,22.55731964111328,69.6271743774414,101.74530792236328,85.11617279052734,93.00437927246094,23.463499069213867,31.999393463134766,118.72000122070312
2017-04-03,203.53892517089844,121.18619537353516,29.017906188964844,22.41872215270996,69.69149780273438,102.0135726928711,85.53517150878906,93.94249725341797,23.533960342407227,32.17811584472656,119.3499984741211
2017-04-04,203.66867065429688,121.04366302490234,29.072072982788086,22.453369140625,69.66675567626953,101.93904113769531,85.41410827636719,93.432861328125,23.507553100585938,32.19436264038086,119.62000274658203
2017-04-05,203.06324768066406,119.67173767089844,28.86314582824707,22.384069442749023,69.66675567626953,102.1459732055664,85.5755615234375,93.71862030029297,23.54277229309082,32.09687423706055,119.62000274658203
2017-04-06,203.6340789794922,120.78534698486328,28.98695182800293,22.391000747680664,69.68324279785156,102.05491638183594,85.51904296875,93.57960510253906,23.463499069213867,32.04000473022461,119.18000030517578
2017-04-07,203.42645263671875,120.73188018798828,28.932783126831055,22.384069442749023,69.59259796142578,101.79827880859375,85.2607192993164,93.20124053955078,23.37543296813965,31.983144760131836,119.45999908447266
2017-04-10,203.5475616455078,120.99916076660156,28.785768508911133,22.4256534576416,69.62551879882812,101.9224853515625,85.41410827636719,93.6336669921875,23.445890426635742,31.853168487548828,119.45999908447266
2017-04-11,203.30545043945312,121.9613037109375,28.84766960144043,22.68899154663086,69.69149780273438,102.20391845703125,85.8097152709961,94.52156829833984,23.507553100585938,31.780046463012695,121.19000244140625
2017-04-12,202.4145050048828,120.30422973632812,28.824451446533203,22.619693756103516,69.74092864990234,102.39432525634766,86.07613372802734,95.03887939453125,23.630857467651367,31.93440818786621,122.0199966430664
2017-04-13,201.09986877441406,119.12831115722656,28.607791900634766,22.467227935791016,69.77392578125,102.57647705078125,86.33444213867188,95.33229064941406,23.622034072875977,31.796295166015625,122.5999984741211
2017-04-17,202.88165283203125,120.5269775390625,28.785768508911133,22.64048194885254,69.76570129394531,102.51019287109375,86.19718933105469,95.03887939453125,23.710119247436523,32.12937545776367,122.23999786376953
2017-04-18,202.27610778808594,120.55369567871094,28.631004333496094,22.550392150878906,69.82339477539062,102.85789489746094,86.68966674804688,96.28199768066406,23.86864471435547,31.723176956176758,122.81999969482422
2017-04-19,201.90423583984375,120.972412109375,28.638742446899414,22.377140045166016,69.79041290283203,102.67579650878906,86.463623046875,95.75695037841797,23.81581687927246,31.528215408325195,121.7300033569336
2017-04-20,203.5475616455078,122.51363372802734,28.925052642822266,22.453369140625,69.78215789794922,102.56818389892578,86.2698745727539,95.38632202148438,23.73655128479004,31.91815757751465,121.95999908447266
2017-04-21,202.89891052246094,122.23747253417969,28.932783126831055,22.43257713317871,69.81512451171875,102.64266967773438,86.31024169921875,95.38632202148438,23.75415802001953,31.91815757751465,122.30999755859375
2017-04-24,205.13037109375,123.76087951660156,30.426246643066406,22.869173049926758,69.74092864990234,102.48538208007812,86.13265991210938,94.91535949707031,23.877471923828125,32.37307357788086,121.4800033569336
2017-04-25,206.32388305664062,124.96356964111328,30.64291763305664,22.97312355041504,69.67498779296875,102.1791000366211,85.68858337402344,93.77261352539062,23.81581687927246,32.65741729736328,120.25
2017-04-26,206.19418334960938,125.60499572753906,30.441720962524414,22.938472747802734,69.6997299194336,102.32811737060547,85.91463470458984,94.28995513916016,23.710119247436523,32.53555679321289,120.83999633789062
2017-04-27,206.3671875,125.56938934326172,30.395294189453125,23.01470375061035,69.7244644165039,102.39432525634766,85.9711685180664,94.25909423828125,23.75415802001953,32.494937896728516,120.38999938964844
2017-04-28,205.91741943359375,123.88560485839844,30.364334106445312,22.938472747802734,69.75743865966797,102.419189453125,86.05990600585938,94.46751403808594,23.798192977905273,32.54368209838867,120.7699966430664
2017-05-01,206.43638610839844,124.59828186035156,30.557796478271484,22.959266662597656,69.7095718383789,102.34293365478516,85.87398529052734,93.68217468261719,23.798192977905273,32.73052215576172,119.66999816894531
2017-05-02,206.5142059326172,123.96578979492188,30.78219985961914,23.125585556030273,69.73429870605469,102.47554016113281,86.05188751220703,94.1618881225586,23.771774291992188,32.96611785888672,119.6500015258789
2017-05-03,206.26336669921875,123.19960021972656,30.68934440612793,22.9661922454834,69.68485260009766,102.29315948486328,85.87398529052734,94.22380828857422,23.710119247436523,32.74678039550781,117.9800033569336
2017-05-04,206.5055389404297,123.03036499023438,31.378032684326172,23.063215255737305,69.67658996582031,102.1771469116211,85.67997741699219,93.75957489013672,23.771774291992188,32.3812141418457,116.79000091552734
2017-05-05,207.31858825683594,123.82320404052734,31.88100242614746,23.361207962036133,69.70133209228516,102.20201110839844,85.69615173339844,93.84467315673828,23.807003021240234,32.6492919921875,117.01000213623047
2017-05-08,207.28399658203125,123.3065414428711,31.37030601501465,23.264184951782227,69.66838073730469,102.06112670898438,85.48592376708984,93.33403015136719,23.666080474853516,32.641170501708984,116.75
2017-05-09,207.09368896484375,123.25305938720703,31.24648094177246,23.38892936706543,69.63532257080078,102.01140594482422,85.3888931274414,93.3262939453125,23.48992156982422,33.05546569824219,116.05000305175781
2017-05-10,207.4656219482422,124.01922607421875,31.269699096679688,23.534460067749023,69.6518783569336,101.96992492675781,85.35652160644531,93.21798706054688,23.47232437133789,33.27482223510742,116.04000091552734
2017-05-11,207.0417938232422,123.15508270263672,31.145885467529297,23.49980354309082,69.66009521484375,102.06112670898438,85.42119598388672,93.21798706054688,23.463499069213867,33.34791564941406,116.5
2017-05-12,206.69586181640625,122.50469970703125,31.439945220947266,23.610687255859375,69.74259948730469,102.3677749633789,85.85783386230469,93.92205810546875,23.65727424621582,33.48603439331055,116.83000183105469
2017-05-15,207.8375244140625,123.45796203613281,31.664337158203125,23.742359161376953,69.73429870605469,102.32632446289062,85.80125427246094,93.66674041748047,23.68368911743164,33.82722854614258,117.13999938964844
2017-05-16,207.64723205566406,123.50250244140625,31.966121673583984,23.971054077148438,69.73429870605469,102.38432312011719,85.91439819335938,94.0149154663086,23.82462501525879,33.85972595214844,117.6500015258789
2017-05-17,203.9627227783203,120.17066192626953,31.46315574645996,23.818588256835938,69.80857849121094,102.8319091796875,86.60164642333984,95.38438415527344,24.05362319946289,33.28293991088867,119.79000091552734
2017-05-18,204.78439331054688,120.60716247558594,31.455413818359375,23.894821166992188,69.77561950683594,102.74071502685547,86.577392578125,95.49270629882812,24.03600311279297,32.73052215576172,118.80999755859375
2017-05-19,206.11634826660156,121.18619537353516,31.8964900970459,24.137374877929688,69.79212188720703,102.74071502685547,86.55316162109375,95.71707916259766,24.185726165771484,33.429168701171875,119.4000015258789
2017-05-22,207.1628875732422,122.00584411621094,31.95065689086914,24.144304275512695,69.76736450195312,102.69932556152344,86.45616149902344,95.45401763916016,24.212160110473633,33.4616584777832,119.9000015258789
2017-05-23,207.62127685546875,122.40673828125,31.94291114807129,24.068073272705078,69.74259948730469,102.5086441040039,86.2297592163086,94.81180572509766,24.141695022583008,33.49415588378906,119.13999938964844
2017-05-24,208.10562133789062,122.48689270019531,32.035770416259766,24.095796585083008,69.78384399414062,102.71588897705078,86.4076156616211,95.3456802368164,24.20335578918457,33.62413024902344,119.61000061035156
2017-05-25,209.1002655029297,122.56709289550781,32.00481033325195,24.075002670288086,69.78384399414062,102.70759582519531,86.45616149902344,95.37667846679688,24.20335578918457,33.78661346435547,119.4800033569336
2017-05-26,209.05703735351562,122.53141784667969,31.888744354248047,23.894821166992188,69.77561950683594,102.74071502685547,86.51272583007812,95.53913116455078,24.194541931152344,33.908470153808594,120.54000091552734
2017-05-30,208.8754119873047,121.5693130493164,31.77267837524414,23.936399459838867,69.80036163330078,102.86505126953125,86.73103332519531,96.01107788085938,24.25619888305664,33.7297477722168,120.13999938964844
2017-05-31,208.82350158691406,121.444580078125,31.86553382873535,23.984912872314453,69.80857849121094,102.86505126953125,86.77146911621094,96.2509765625,24.25619888305664,33.46978759765625,120.62000274658203
2017-06-01,210.48411560058594,123.78756713867188,32.11315155029297,24.151235580444336,69.7953872680664,102.85179138183594,86.72613525390625,96.26103210449219,24.25619888305664,33.75411605834961,120.72000122070312
2017-06-02,211.18470764160156,124.58937072753906,32.461360931396484,24.1165771484375,69.84494018554688,103.08414459228516,87.10669708251953,97.40081787109375,24.42353057861328,33.924720764160156,121.61000061035156
2017-06-05,211.029052734375,123.8143081665039,32.22148513793945,24.075002670288086,69.78707122802734,102.95140075683594,86.9609375,96.79602813720703,24.388307571411133,33.88409423828125,121.7300033569336
2017-06-06,210.35438537597656,123.69851684570312,32.051239013671875,24.012630462646484,69.81187438964844,103.15057373046875,87.23634338378906,97.32329559326172,24.520427703857422,33.90034103393555,123.0999984741211
2017-06-07,210.74363708496094,123.8143081665039,32.120887756347656,24.026487350463867,69.78707122802734,103.00114440917969,87.07433319091797,96.85807800292969,24.41474151611328,33.85972595214844,122.44999694824219
2017-06-08,210.84739685058594,125.50700378417969,32.06672286987305,23.936399459838867,69.77056884765625,102.90989685058594,86.9366455078125,96.60218048095703,24.39711570739746,34.06282043457031,121.6500015258789
2017-06-09,210.52737426757812,126.15736389160156,32.051239013671875,23.693851470947266,69.74583435058594,102.85179138183594,86.85568237304688,96.45487976074219,24.300230026245117,33.802852630615234,120.54000091552734
2017-06-12,210.48411560058594,125.9524154663086,31.803627014160156,23.582969665527344,69.73760223388672,102.843505859375,86.83946228027344,96.42389678955078,24.370698928833008,33.62413024902344,120.36000061035156
2017-06-13,211.5133819580078,126.59385681152344,32.06672286987305,23.72157096862793,69.73760223388672,102.86006927490234,86.87187194824219,96.43936920166016,24.39711570739746,33.78661346435547,120.4800033569336
2017-06-14,211.2452392578125,125.84554290771484,32.04351043701172,23.659194946289062,69.77056884765625,103.10076141357422,87.32532501220703,97.92806243896484,24.5028018951416,33.77849197387695,119.81999969482422
2017-06-15,210.8387908935547,125.2041244506836,31.586956024169922,23.465158462524414,69.74583435058594,102.95140075683594,87.17149353027344,97.77300262451172,24.33545684814453,33.429168701171875,119.31999969482422
2017-06-16,210.88482666015625,124.89225006103516,31.91971206665039,23.72157096862793,69.77886199951172,103.02603912353516,87.22002410888672,97.96678161621094,24.39711570739746,33.48603439331055,119.33999633789062
2017-06-19,212.6404266357422,125.81877136230469,32.120887756347656,23.763151168823242,69.73760223388672,102.85179138183594,86.97714233398438,97.82726287841797,24.247379302978516,33.819114685058594,118.43000030517578
2017-06-20,211.2063751220703,124.5448226928711,31.749954223632812,23.37359046936035,69.74583435058594,102.95140075683594,87.19575500488281,98.70340728759766,24.212160110473633,33.44532012939453,118.18000030517578
2017-06-21,211.1542205810547,124.23302459716797,31.78924560546875,23.352344512939453,69.75409698486328,102.97633361816406,87.18762969970703,98.90502166748047,24.264999389648438,33.51877212524414,118.5199966430664
2017-06-22,211.05860900878906,124.7051773071289,31.702800750732422,23.33109474182129,69.7623291015625,103.02603912353516,87.26864624023438,99.12210083007812,24.32665252685547,33.690155029296875,118.91999816894531
2017-06-23,211.31069946289062,125.53370666503906,31.742090225219727,23.401920318603516,69.80364227294922,103.0509262084961,87.29297637939453,99.07563018798828,24.344268798828125,33.86971664428711,119.43000030517578
2017-06-26,211.44973754882812,125.68513488769531,31.852113723754883,23.479829788208008,69.80364227294922,103.09246826171875,87.36580657958984,99.44780731201172,24.291423797607422,34.196170806884766,118.36000061035156
2017-06-27,209.7462615966797,124.58049011230469,31.91498565673828,23.493999481201172,69.7623291015625,102.82691955566406,86.9366455078125,98.38553619384766,24.309045791625977,33.796260833740234,118.80999755859375
2017-06-28,211.62355041503906,126.48698425292969,32.245059967041016,23.70648765563965,69.7953872680664,102.88501739501953,86.85568237304688,98.05988311767578,24.405920028686523,34.05741500854492,118.9000015258789
2017-06-29,209.763671875,125.73863220214844,31.742090225219727,23.59316062927246,69.75409698486328,102.69416046142578,86.5317611694336,97.2380142211914,24.388307571411133,33.624874114990234,118.31999969482422
2017-06-30,210.15476989746094,125.54261016845703,31.69493865966797,23.60732650756836,69.75409698486328,102.54475402832031,86.32931518554688,97.01314544677734,24.33545684814453,33.77993392944336,118.0199966430664
2017-07-03,210.51109313964844,126.59385681152344,31.726375579833984,23.60732650756836,69.70204162597656,102.34700775146484,86.01222229003906,96.70079040527344,24.194541931152344,33.97580337524414,116.08999633789062
2017-07-05,210.99774169921875,126.1395034790039,31.7578125,23.614408493041992,69.72681427001953,102.39686584472656,86.07710266113281,96.72410583496094,24.176925659179688,33.91051483154297,116.5199966430664
2017-07-06,209.0683135986328,124.4923095703125,31.679227828979492,23.508167266845703,69.74331665039062,102.32207489013672,85.91492462158203,95.923828125,24.11526870727539,33.502445220947266,116.47000122070312
2017-07-07,210.4241943359375,125.70023345947266,31.773527145385742,23.508167266845703,69.73509216308594,102.28052520751953,85.77706909179688,95.34890747070312,24.05362319946289,33.5677375793457,115.27999877929688
2017-07-10,210.65016174316406,125.15442657470703,31.87569236755371,23.493999481201172,69.76815795898438,102.38856506347656,85.89056396484375,95.48876953125,24.05362319946289,33.886024475097656,115.47000122070312
2017-07-11,210.4936981201172,125.5212173461914,32.04859161376953,23.401920318603516,69.79296112060547,102.48821258544922,86.00413513183594,95.6518783569336,24.141695022583008,34.16351318359375,115.62000274658203
2017-07-12,212.07550048828125,126.48756408691406,32.2529182434082,23.663991928100586,69.82598876953125,102.67106628417969,86.25554656982422,96.31233215332031,24.25619888305664,34.8245849609375,116.02999877929688
2017-07-13,212.43186950683594,126.59494018554688,32.37865447998047,23.79856300354004,69.79296112060547,102.5962905883789,86.16633605957031,95.70629119873047,24.27379608154297,34.995975494384766,115.81999969482422
2017-07-14,213.42263793945312,126.80961608886719,32.59084701538086,24.01105499267578,69.82598876953125,102.72087097167969,86.28797149658203,95.8228759765625,24.361879348754883,35.43669128417969,116.7699966430664
2017-07-17,213.3966064453125,127.10494995117188,32.50440216064453,23.933137893676758,69.83425903320312,102.754150390625,86.39338684082031,96.08702087402344,24.39711570739746,35.273460388183594,117.29000091552734
2017-07-18,213.5095672607422,126.77389526367188,32.457252502441406,23.933137893676758,69.8507308959961,102.94522857666016,86.70967864990234,96.92607879638672,24.643720626831055,35.37956619262695,118.11000061035156
2017-07-19,214.66554260253906,128.03546142578125,32.551551818847656,24.003971099853516,69.8507308959961,102.92860412597656,86.70967864990234,96.96495056152344,24.590885162353516,35.67336654663086,118.08000183105469
2017-07-20,214.76109313964844,128.12490844726562,32.740169525146484,24.110212326049805,69.8507308959961,102.92860412597656,86.73399353027344,97.24465942382812,24.714187622070312,35.6325569152832,118.23999786376953
2017-07-21,214.56991577148438,127.5433120727539,32.48868942260742,24.032302856445312,69.8838119506836,103.05323791503906,86.88809204101562,97.65647888183594,24.7934627532959,35.60808563232422,119.26000213623047
2017-07-24,214.51780700683594,127.72225952148438,32.4022331237793,23.897724151611328,69.85902404785156,102.95355224609375,86.83130645751953,97.27574920654297,24.80226707458496,35.71417999267578,119.30999755859375
2017-07-25,215.03924560546875,128.88546752929688,32.48868942260742,24.046470642089844,69.81771850585938,102.66273498535156,86.34476470947266,96.00928497314453,24.678951263427734,35.62439727783203,118.91999816894531
2017-07-26,215.0478973388672,128.16964721679688,32.76374816894531,24.18812370300293,69.86727142333984,102.92029571533203,86.62049865722656,96.1646957397461,24.84630584716797,35.918212890625,119.87999725341797
2017-07-27,214.84803771972656,127.35541534423828,32.685157775878906,24.08188247680664,69.8507308959961,102.84554290771484,86.48260498046875,95.69075775146484,24.80226707458496,35.72233581542969,119.79000091552734
2017-07-28,214.59596252441406,127.01547241210938,32.716590881347656,24.053550720214844,69.8920669555664,102.96186065673828,86.62861633300781,96.2579574584961,24.92557144165039,35.706016540527344,120.69000244140625
2017-07-31,214.4743194580078,126.61282348632812,32.716590881347656,24.166879653930664,69.8838119506836,102.92860412597656,86.65292358398438,96.37448120117188,25.048885345458984,35.74681854248047,120.75
2017-08-01,214.95233154296875,126.85440826416016,32.94450759887695,24.329782485961914,69.90941619873047,103.10416412353516,86.8681640625,97.05109405517578,25.06648826599121,35.8529167175293,120.6500015258789
2017-08-02,215.05657958984375,125.46754455566406,32.9759407043457,24.351032257080078,69.87635803222656,103.02093505859375,86.78694152832031,97.10559844970703,25.048885345458984,35.885562896728516,120.4000015258789
2017-08-03,214.639404296875,124.84124755859375,33.05453109741211,24.358116149902344,69.90116119384766,103.17903137207031,87.08747863769531,98.11011505126953,25.14575958251953,35.73866271972656,120.58999633789062
2017-08-04,215.030517578125,125.4497299194336,33.20384216308594,24.351032257080078,69.87635803222656,103.06254577636719,86.85191345214844,97.27694702148438,24.916759490966797,35.869239807128906,119.6500015258789
2017-08-07,215.4303436279297,125.65550231933594,33.21169662475586,24.386444091796875,69.90116119384766,103.08753204345703,86.90062713623047,97.38594055175781,24.978416442871094,36.11408233642578,119.51000213623047
2017-08-08,214.90020751953125,125.26179504394531,33.03096008300781,24.237707138061523,69.90116119384766,103.029296875,86.82752990722656,97.0355224609375,24.934370040893555,36.12225341796875,119.86000061035156
2017-08-09,214.89151000976562,124.17921447753906,32.89734649658203,24.258956909179688,69.89292907714844,103.12076568603516,86.9330825805664,97.56501007080078,24.95199966430664,35.79579162597656,121.30999755859375
2017-08-10,211.85821533203125,121.92444610595703,32.4022331237793,23.812728881835938,69.91771697998047,103.31211853027344,87.25800323486328,98.39823150634766,25.01364517211914,34.94700622558594,122.20999908447266
2017-08-11,212.17111206054688,122.10338592529297,32.37865447998047,23.69940185546875,70.00868225097656,103.46189880371094,87.35547637939453,98.44489288330078,25.12815284729004,35.02862548828125,122.79000091552734
2017-08-14,214.2744140625,123.95549011230469,32.7323112487793,23.805646896362305,69.95079803466797,103.30380249023438,87.14429473876953,97.93880462646484,25.057687759399414,35.38772201538086,121.91999816894531
2017-08-15,214.24832153320312,122.93550872802734,32.7323112487793,23.727731704711914,69.91771697998047,103.11248779296875,86.88441467285156,97.52607727050781,24.90795135498047,35.428531646728516,120.9800033569336
2017-08-16,214.62200927734375,122.97129821777344,32.92093276977539,23.855224609375,69.95906829833984,103.24555206298828,87.04682159423828,97.88429260253906,24.978416442871094,35.79579162597656,121.87000274658203
2017-08-17,211.27589416503906,120.72550201416016,32.496543884277344,23.571910858154297,69.97557830810547,103.42025756835938,87.35547637939453,98.61620330810547,24.987228393554688,35.3387565612793,122.48999786376953
2017-08-18,210.94566345214844,120.71659088134766,32.606571197509766,23.508167266845703,69.96735382080078,103.42025756835938,87.37174987792969,98.59285736083984,25.07529067993164,35.64072799682617,122.30000305175781
2017-08-21,211.11077880859375,120.63603973388672,32.575130462646484,23.56483268737793,69.98387908935547,103.44525909423828,87.42859649658203,98.83424377441406,25.14575958251953,35.77131652832031,122.76000213623047
2017-08-22,213.31837463378906,121.94232177734375,32.795188903808594,23.635658264160156,69.97557830810547,103.32875061035156,87.25800323486328,98.45266723632812,25.01364517211914,36.17121505737305,122.20999908447266
2017-08-23,212.55355834960938,121.7454605102539,32.803043365478516,23.656909942626953,70.04174041748047,103.53678131103516,87.55854797363281,99.12234497070312,25.08411407470703,36.34260559082031,122.66999816894531
2017-08-24,212.05813598632812,122.12133026123047,32.7087287902832,23.663991928100586,69.97557830810547,103.39533233642578,87.42044067382812,98.7563705444336,25.048885345458984,36.45685577392578,122.29000091552734
2017-08-25,212.55355834960938,122.47024536132812,32.999507904052734,23.784399032592773,70.00041961669922,103.478515625,87.56669616699219,99.13793182373047,25.207429885864258,36.66905975341797,122.73999786376953
2017-08-28,212.56224060058594,122.98918151855469,32.999507904052734,23.819812774658203,69.97557830810547,103.5450668334961,87.64789581298828,99.07563018798828,25.295482635498047,36.538475036621094,124.69000244140625
2017-08-29,212.8055877685547,123.01602172851562,32.771602630615234,23.763147354125977,70.00868225097656,103.68650817871094,87.85096740722656,99.39484405517578,25.295482635498047,36.47319030761719,124.41999816894531
2017-08-30,213.8137664794922,123.80337524414062,32.685157775878906,23.784399032592773,70.02519989013672,103.62828826904297,87.77787780761719,99.36370849609375,25.110532760620117,36.530311584472656,124.36000061035156
2017-08-31,215.10009765625,125.02019500732422,32.873775482177734,23.968555450439453,70.02519989013672,103.71147918701172,87.9159164428711,99.65957641601562,25.233840942382812,36.58744430541992,125.81999969482422
2017-09-01,215.4042510986328,125.72706604003906,32.952354431152344,24.074800491333008,70.01026153564453,103.53738403320312,87.65726470947266,98.89730072021484,25.12452507019043,36.85676574707031,126.05999755859375
2017-09-05,213.8572235107422,124.51911163330078,32.716590881347656,23.88355827331543,70.0765609741211,103.97054290771484,88.26736450195312,100.465576171875,25.32727813720703,36.37525177001953,127.45999908447266
2017-09-06,214.5872344970703,124.77863311767578,33.078094482421875,23.975635528564453,70.06826782226562,103.7289810180664,88.05585479736328,99.8492660522461,25.353731155395508,36.611934661865234,126.80999755859375
2017-09-07,214.56117248535156,124.46549224853516,33.34531021118164,24.18812370300293,70.10963439941406,104.0871810913086,88.43817138671875,100.87132263183594,25.538848876953125,36.88125228881836,128.1300048828125
2017-09-08,214.30914306640625,124.56390380859375,33.337440490722656,24.25187110900879,70.09305572509766,104.0288314819336,88.37310028076172,100.65293884277344,25.574121475219727,36.636417388916016,127.97000122070312
2017-09-11,216.5950164794922,125.87017059326172,33.67537307739258,24.407695770263672,70.02684020996094,103.76232147216797,87.86876678466797,99.45127868652344,25.388986587524414,37.126094818115234,126.19000244140625
2017-09-12,217.32501220703125,126.6396484375,33.816837310791016,24.52810287475586,69.99378204345703,103.54569244384766,87.65726470947266,98.92849731445312,25.265573501586914,37.085289001464844,126.55999755859375
2017-09-13,217.42935180664062,127.01547241210938,33.61251449584961,24.336864471435547,69.97722625732422,103.43743133544922,87.47831726074219,98.53840637207031,25.133346557617188,36.88942337036133,125.61000061035156
2017-09-14,217.35977172851562,126.89913177490234,33.67537307739258,24.443105697631836,69.98551940917969,103.43743133544922,87.4945297241211,98.94410705566406,25.16860008239746,36.98735809326172,126.16000366210938
2017-09-15,217.65243530273438,127.41808319091797,33.77753829956055,24.457271575927734,69.97722625732422,103.36245727539062,87.600341796875,98.98316192626953,25.203859329223633,37.20771408081055,125.52999877929688
2017-09-18,218.1153564453125,128.28599548339844,33.856136322021484,24.464357376098633,69.93585968017578,103.27082061767578,87.25863647460938,98.41354370117188,25.115705490112305,37.338294982910156,124.36000061035156
2017-09-19,218.33370971679688,128.28599548339844,34.02116775512695,24.59185218811035,69.94410705566406,103.22084045410156,87.16102600097656,98.17163848876953,25.16860008239746,37.4199104309082,124.62000274658203
2017-09-20,218.41233825683594,128.697509765625,33.856136322021484,24.556432723999023,69.88619995117188,103.01255798339844,86.99021911621094,98.24188232421875,25.00110626220703,37.248512268066406,123.62000274658203
2017-09-21,217.82711791992188,128.56332397460938,33.87971115112305,24.584768295288086,69.8696517944336,103.00422668457031,86.87630462646484,98.18724060058594,24.992292404174805,37.248512268066406,122.68000030517578
2017-09-22,217.8707733154297,129.1090545654297,33.950443267822266,24.676847457885742,69.88619995117188,103.11254119873047,87.03091430664062,98.46814727783203,25.080440521240234,37.036319732666016,123.23999786376953
2017-09-25,217.42535400390625,129.28805541992188,33.58106994628906,24.52810287475586,69.92754364013672,103.26245880126953,87.29121398925781,99.08460998535156,25.04518699645996,36.407894134521484,124.52999877929688
2017-09-26,217.5563507080078,129.69970703125,33.45533752441406,24.457271575927734,69.91104125976562,103.1875,87.21803283691406,98.90510559082031,24.921768188476562,36.309959411621094,123.13999938964844
2017-09-27,218.40357971191406,132.23793029785156,33.58106994628906,24.47852325439453,69.90271759033203,102.9792709350586,86.77058410644531,97.41480255126953,24.736635208129883,36.17937469482422,121.9800033569336
2017-09-28,218.66563415527344,132.5877227783203,33.71467971801758,24.556432723999023,69.91104125976562,103.03752899169922,86.75435638427734,97.1260986328125,24.763080596923828,36.15489959716797,122.20999908447266
2017-09-29,219.43423461914062,132.90164184570312,34.04475402832031,24.683929443359375,69.89443969726562,102.88762664794922,86.6485595703125,97.3445816040039,24.763080596923828,36.57112503051758,121.58000183105469
2017-10-02,220.38629150390625,134.533935546875,33.94258117675781,24.62017822265625,69.9466323852539,102.82756042480469,86.54999542236328,97.16632843017578,24.66337013244629,36.579288482666016,120.7699966430664
2017-10-03,220.85792541503906,134.8299102783203,34.04475402832031,24.683929443359375,69.90522003173828,102.96096801757812,86.67222595214844,97.26017761230469,24.66337013244629,37.15873718261719,120.83000183105469
2017-10-04,221.11996459960938,134.3994598388672,33.87185287475586,24.705177307128906,70.03781127929688,102.90262603759766,86.64778137207031,97.26797485351562,24.707477569580078,37.15058517456055,121.16999816894531
2017-10-05,222.4301300048828,134.76718139648438,33.934722900390625,24.584768295288086,69.88868713378906,102.8525619506836,86.55816650390625,96.90055084228516,24.58395767211914,37.428062438964844,120.5199966430664
2017-10-06,222.17684936523438,134.5788116455078,33.934722900390625,24.549352645874023,69.86377716064453,102.7774658203125,86.4522476196289,96.62686157226562,24.628067016601562,37.240352630615234,121.08999633789062
2017-10-09,221.80996704101562,134.0227508544922,33.91900634765625,24.598934173583984,69.86377716064453,102.84424591064453,86.54999542236328,96.93179321289062,24.645729064941406,37.21586990356445,122.08000183105469
2017-10-10,222.3951873779297,134.40843200683594,34.225502014160156,24.903501510620117,69.88038635253906,102.86093139648438,86.58258819580078,97.08815002441406,24.760433197021484,37.5831298828125,122.4000015258789
2017-10-11,222.74456787109375,134.30979919433594,34.374820709228516,24.903501510620117,69.87207794189453,102.8859634399414,86.68033599853516,97.2757797241211,24.813383102416992,37.75452423095703,122.79000091552734
2017-10-12,222.4126434326172,134.21109008789062,34.27265167236328,24.960163116455078,69.86377716064453,102.91932678222656,86.76180267333984,97.69019317626953,24.822202682495117,37.73820877075195,122.88999938964844
2017-10-13,222.68344116210938,133.96900939941406,34.26479721069336,25.038068771362305,69.90522003173828,103.09445190429688,87.05506896972656,98.3938217163086,24.919279098510742,38.08097457885742,123.81999969482422
2017-10-16,222.98037719726562,133.8523712158203,34.201927185058594,24.95308494567871,69.8389892578125,102.92762756347656,86.90849304199219,98.323486328125,24.875158309936523,38.056488037109375,122.97000122070312
2017-10-17,223.13758850097656,133.46669006347656,34.1547737121582,24.832670211791992,69.84725189208984,102.87754821777344,86.8758773803711,98.44854736328125,24.8663330078125,37.860618591308594,122.12999725341797
2017-10-18,223.3560028076172,134.10350036621094,34.31980895996094,24.868085861206055,69.8223876953125,102.75247955322266,86.65593719482422,97.79961395263672,24.822202682495117,37.95039749145508,121.66999816894531
2017-10-19,223.4171142578125,133.89712524414062,34.288368225097656,24.7547550201416,69.86377716064453,102.84424591064453,86.7455062866211,97.97163391113281,24.8663330078125,37.61577606201172,122.38999938964844
2017-10-20,224.5700225830078,134.51605224609375,34.09975814819336,24.776004791259766,69.8223876953125,102.60237121582031,86.3870620727539,96.93179321289062,24.672189712524414,37.75452423095703,121.61000061035156
2017-10-23,223.69654846191406,133.51153564453125,33.99759292602539,24.71225929260254,69.8223876953125,102.6857681274414,86.4685287475586,97.10380554199219,24.672189712524414,37.452552795410156,121.80000305175781
2017-10-24,224.08963012695312,133.7895965576172,34.18621063232422,24.648508071899414,69.8058090209961,102.56063079833984,86.20784759521484,96.50177001953125,24.63689613342285,37.452552795410156,121.33000183105469
2017-10-25,222.98037719726562,133.1438446044922,34.1547737121582,24.662675857543945,69.78925323486328,102.50224304199219,86.0693588256836,96.04049682617188,24.645729064941406,37.370933532714844,121.3499984741211
2017-10-26,223.26858520507812,133.42185974121094,34.131195068359375,24.542266845703125,69.78925323486328,102.41883850097656,85.95525360107422,95.71992492675781,24.469226837158203,37.11793518066406,120.33000183105469
2017-10-27,225.09410095214844,134.34559631347656,34.06046676635742,24.563512802124023,69.8389892578125,102.61064910888672,86.23226165771484,96.35321807861328,24.460420608520508,37.65658950805664,120.9000015258789
2017-10-30,224.25564575195312,132.92860412597656,34.26479721069336,24.64143180847168,69.87207794189453,102.78585052490234,86.5418472290039,97.2757797241211,24.566301345825195,37.4199104309082,121.12999725341797
2017-10-31,224.60501098632812,133.8702392578125,34.4455451965332,24.832670211791992,69.83067321777344,102.69410705566406,86.48483276367188,97.30703735351562,24.575136184692383,37.770843505859375,120.66999816894531
2017-11-01,224.9019775390625,132.9822998046875,34.53199768066406,24.69809341430664,69.82073974609375,102.70661926269531,86.53706359863281,97.74034118652344,24.527427673339844,37.96671676635742,121.11000061035156
2017-11-02,224.98934936523438,133.37701416015625,34.66560363769531,24.676847457885742,69.83728790283203,102.78177642822266,86.65129089355469,98.17124938964844,24.571598052978516,38.015689849853516,121.19000244140625
2017-11-03,225.74049377441406,133.2873077392578,34.45341491699219,24.683929443359375,69.79584503173828,102.84024810791016,86.79000854492188,98.43765258789062,24.553937911987305,37.81981658935547,120.62000274658203
2017-11-06,226.08982849121094,133.43978881835938,34.42197799682617,24.839752197265625,69.83728790283203,102.89875030517578,86.89603424072266,98.80590057373047,24.6069278717041,38.24420166015625,121.6500015258789
2017-11-07,225.93258666992188,131.8433074951172,34.131195068359375,24.65559196472168,69.80413818359375,102.86532592773438,86.9286880493164,99.22112274169922,24.53626823425293,37.999366760253906,121.20999908447266
2017-11-08,226.31692504882812,132.02264404296875,34.19406509399414,24.64143180847168,69.79584503173828,102.79011535644531,86.8226318359375,99.00173950195312,24.624589920043945,38.17891311645508,121.62999725341797
2017-11-09,225.49591064453125,131.55630493164062,33.934722900390625,24.584768295288086,69.78752899169922,102.79851531982422,86.79000854492188,98.71968841552734,24.6069278717041,37.942230224609375,122.12999725341797
2017-11-10,225.426025390625,131.45765686035156,33.84827423095703,24.535184860229492,69.76268005371094,102.58966827392578,86.34940338134766,97.23108673095703,24.668760299682617,37.77900314331055,121.12999725341797
2017-11-13,225.63560485839844,131.49351501464844,33.7225341796875,24.351032257080078,69.75439453125,102.50617980957031,86.3085708618164,97.43476104736328,24.624589920043945,37.6973876953125,121.30999755859375
2017-11-14,225.11160278320312,131.13478088378906,33.87185287475586,24.372278213500977,69.77098846435547,102.57299041748047,86.43098449707031,98.09290313720703,24.7305850982666,37.44439697265625,121.55999755859375
2017-11-15,223.98487854003906,130.61459350585938,33.71467971801758,24.25187110900879,69.7461166381836,102.70661926269531,86.74102783203125,99.158447265625,24.7835750579834,37.248512268066406,121.41000366210938
2017-11-16,225.88894653320312,132.53392028808594,33.966156005859375,24.372278213500977,69.75439453125,102.58135223388672,86.52070617675781,98.29661560058594,24.836565017700195,38.02384567260742,121.4000015258789
2017-11-17,225.2251434326172,133.1438446044922,33.793270111083984,24.393529891967773,69.71292114257812,102.63143920898438,86.63494873046875,99.02523803710938,24.94256019592285,38.21156311035156,122.86000061035156
2017-11-20,225.60940551757812,134.1124267578125,33.769683837890625,24.436023712158203,69.68805694580078,102.48942565917969,86.49623107910156,98.98605346679688,24.854223251342773,38.40743637084961,121.30999755859375
2017-11-21,227.0855712890625,135.5115966796875,33.966156005859375,24.52810287475586,69.67147827148438,102.4059829711914,86.51258087158203,99.2994384765625,24.960214614868164,38.92159652709961,121.51000213623047
2017-11-22,226.88465881347656,135.33224487304688,33.95829772949219,24.71225929260254,69.72952270507812,102.67321014404297,86.79000854492188,99.62071228027344,25.06620979309082,39.019535064697266,122.62999725341797
2017-11-24,227.40872192382812,135.38604736328125,34.4455451965332,24.761838912963867,69.72952270507812,102.60640716552734,86.71656036376953,99.3465347290039,25.092708587646484,38.93791580200195,122.31999969482422
2017-11-27,227.2952117919922,134.97352600097656,34.249080657958984,24.62017822265625,69.72952270507812,102.66484832763672,86.77367401123047,99.20545959472656,25.198692321777344,38.36662292480469,122.83000183105469
2017-11-28,229.60101318359375,137.0990753173828,34.374820709228516,24.868085861206055,69.73780059814453,102.64816284179688,86.79000854492188,99.33865356445312,25.11920928955078,38.65227508544922,122.80999755859375
2017-11-29,229.4612579345703,137.55653381347656,34.29623794555664,24.811420440673828,69.72122955322266,102.49784088134766,86.51258087158203,98.35926818847656,25.057388305664062,38.040164947509766,122.04000091552734
2017-11-30,231.47021484375,137.80763244628906,34.35910415649414,24.804338455200195,69.67976379394531,102.31407165527344,86.24327850341797,98.03021240234375,25.092708587646484,37.623939514160156,121.0999984741211
2017-12-01,230.9898223876953,137.2426300048828,34.12333679199219,24.740589141845703,69.69554901123047,102.46543884277344,86.56197357177734,99.35308837890625,25.240346908569336,37.411746978759766,121.58999633789062
2017-12-04,230.7104034423828,136.73138427734375,34.1783447265625,24.662675857543945,69.654052734375,102.39017486572266,86.5211410522461,99.40023040771484,25.151939392089844,37.48519515991211,121.18000030517578
2017-12-05,229.88063049316406,135.3680877685547,34.09975814819336,24.62017822265625,69.64573669433594,102.39852905273438,86.5865478515625,99.89485168457031,25.090055465698242,37.460716247558594,120.31999969482422
2017-12-06,229.92420959472656,134.73130798339844,34.036888122558594,24.584768295288086,69.6789321899414,102.51560974121094,86.76628875732422,100.240234375,25.045854568481445,36.95470428466797,120.06999969482422
2017-12-07,230.6492156982422,135.6730499267578,34.17048645019531,24.648508071899414,69.68728637695312,102.42362976074219,86.61100006103516,99.45515441894531,25.001651763916016,37.06080627441406,118.48999786376953
2017-12-08,231.90695190429688,135.79859924316406,34.35124206542969,24.825586318969727,69.68728637695312,102.43199157714844,86.54564666748047,99.46302795410156,24.93092155456543,37.49335479736328,118.4800033569336
2017-12-11,232.60568237304688,135.74481201171875,34.32767105102539,24.91058349609375,69.654052734375,102.35670471191406,86.48849487304688,99.2588882446289,24.939762115478516,37.681060791015625,118.01000213623047
2017-12-12,233.01620483398438,135.32327270507812,34.2805061340332,24.981407165527344,69.654052734375,102.31489562988281,86.4149169921875,99.21965026855469,24.89555549621582,37.428062438964844,118.1500015258789
2017-12-13,232.99000549316406,136.13043212890625,34.225502014160156,25.123064041137695,69.7287368774414,102.56580352783203,86.76628875732422,99.96549224853516,25.0546932220459,37.8769416809082,119.16999816894531
2017-12-14,232.03797912597656,134.6236572265625,33.934722900390625,25.059322357177734,69.70384216308594,102.48214721679688,86.73359680175781,100.38941192626953,25.0546932220459,37.59945297241211,118.93000030517578
2017-12-15,233.97023010253906,136.5430450439453,33.974021911621094,25.016815185546875,69.67064666748047,102.41527557373047,86.71725463867188,100.76626586914062,25.001651763916016,37.681060791015625,119.18000030517578
2017-12-18,235.45388793945312,138.39064025878906,34.43769073486328,25.29305648803711,69.67064666748047,102.37347412109375,86.5211410522461,99.8476791381836,25.0546932220459,38.10545349121094,119.7300033569336
2017-12-19,234.54965209960938,137.29641723632812,34.45426559448242,25.250484466552734,69.63743591308594,102.13092041015625,86.12889099121094,98.55233001708984,25.00513458251953,37.90412902832031,119.81999969482422
2017-12-20,234.42672729492188,137.56552124023438,34.27272415161133,25.243263244628906,69.64573669433594,102.0472640991211,85.87557220458984,97.46104431152344,24.97859764099121,37.95383834838867,120.13999938964844
2017-12-21,234.9095916748047,138.16778564453125,34.3437614440918,25.40924072265625,69.6407470703125,102.02133178710938,85.93618774414062,98.0290298461914,24.916671752929688,38.202392578125,120.30999755859375
2017-12-22,234.84817504882812,137.9156951904297,34.32796859741211,25.495840072631836,69.61585998535156,102.03805541992188,85.96888732910156,98.16283416748047,24.969755172729492,38.52552032470703,120.94000244140625
2017-12-26,234.56719970703125,137.9967498779297,34.3200798034668,25.488616943359375,69.60752868652344,102.04645538330078,86.00161743164062,98.45389556884766,24.969755172729492,38.492366790771484,121.7699966430664
2017-12-27,234.68133544921875,137.8616943359375,34.32796859741211,25.58965301513672,69.6407470703125,102.28092956542969,86.36996459960938,99.73631286621094,25.075925827026367,38.591793060302734,122.2300033569336
2017-12-28,235.16419982910156,138.40188598632812,34.3200798034668,25.697904586791992,69.64907836914062,102.22235107421875,86.26353454589844,99.64974975585938,25.06709098815918,38.85691833496094,122.8499984741211
2017-12-29,234.2775421142578,137.25851440429688,34.24114990234375,25.849451065063477,69.6656494140625,102.30606842041016,86.40267944335938,99.80709075927734,25.155555725097656,39.0391845703125,123.6500015258789
2018-01-02,235.95428466796875,138.554931640625,34.41480255126953,26.08759880065918,69.6407470703125,102.1636962890625,86.1162109375,98.72926330566406,25.2971248626709,39.776554107666016,125.1500015258789
2018-01-03,237.4467010498047,138.69894409179688,34.596343994140625,26.044294357299805,69.6407470703125,102.18885040283203,86.20626068115234,99.20132446289062,25.19094467163086,40.15766906738281,124.81999969482422
2018-01-04,238.44749450683594,139.06813049316406,35.17256546020508,26.145320892333984,69.60752868652344,102.08834075927734,86.16531372070312,99.1855697631836,25.26173973083496,40.35651397705078,125.45999908447266
2018-01-05,240.03651428222656,139.35618591308594,35.519859313964844,26.26078987121582,69.60752868652344,102.02970123291016,86.05891418457031,98.90237426757812,25.24403953552246,40.70448303222656,125.33000183105469
2018-01-08,240.4755096435547,139.5722198486328,35.369895935058594,26.231922149658203,69.60752868652344,102.02133178710938,86.01798248291016,98.83940887451172,25.208642959594727,40.70448303222656,125.30999755859375
2018-01-09,241.0198211669922,139.3831787109375,35.472503662109375,26.25357437133789,69.58261108398438,101.81198120117188,85.60877227783203,97.51769256591797,25.12901496887207,40.63820266723633,124.7300033569336
2018-01-10,240.65109252929688,139.40122985839844,35.322532653808594,26.224702835083008,69.60752868652344,101.8203353881836,85.58425903320312,97.399658203125,25.27058219909668,40.38136672973633,125.02999877929688
2018-01-11,242.4069061279297,141.79595947265625,35.567230224609375,26.39068603515625,69.58261108398438,101.85380554199219,85.64148712158203,97.80091094970703,25.305986404418945,40.629920959472656,125.44000244140625
2018-01-12,243.9871826171875,142.3901824951172,36.080291748046875,26.780376434326172,69.57429504394531,101.79519653320312,85.58425903320312,97.96614074707031,25.482946395874023,41.01931381225586,126.95999908447266
2018-01-16,243.15306091308594,140.57156372070312,36.159217834472656,26.744295120239258,69.56602478027344,101.78680419921875,85.6251220703125,98.37521362304688,25.571428298950195,40.86190414428711,127.16999816894531
2018-01-17,245.47085571289062,141.9039764404297,36.301300048828125,26.874191284179688,69.54104614257812,101.62771606445312,85.4368667602539,98.24151611328125,25.56258201599121,41.40042495727539,126.13999938964844
2018-01-18,245.0581512451172,140.9316864013672,36.36445236206055,26.874191284179688,69.52445220947266,101.51886749267578,85.16680908203125,97.32884216308594,25.544879913330078,41.45013427734375,125.86000061035156
2018-01-19,246.173095703125,142.78631591796875,36.61705017089844,26.9102783203125,69.54932403564453,101.38483428955078,84.94583892822266,96.81745147705078,25.571428298950195,41.789825439453125,126.41999816894531
2018-01-22,248.17471313476562,143.55154418945312,36.87751388549805,27.14119529724121,69.51612854003906,101.34298706054688,84.9130859375,96.91188049316406,25.60682487487793,42.030094146728516,126.6500015258789
2018-01-23,248.701416015625,144.0106658935547,36.956451416015625,27.17007064819336,69.55768585205078,101.53561401367188,85.15864562988281,97.32884216308594,25.6599178314209,42.22893524169922,127.27999877929688
2018-01-24,248.60482788085938,143.119384765625,36.96434020996094,27.292743682861328,69.54104614257812,101.44348907470703,84.99493408203125,96.80172729492188,25.88997459411621,42.58518981933594,128.8300018310547
2018-01-25,248.71022033691406,143.1733856201172,36.87751388549805,27.112337112426758,69.52445220947266,101.53561401367188,85.18318176269531,97.59635925292969,25.92535972595215,42.56033706665039,127.97000122070312
2018-01-26,251.58966064453125,143.6865234375,37.18534851074219,27.33604621887207,69.4829330444336,101.31781768798828,84.9294662475586,97.23446655273438,25.943056106567383,43.148582458496094,128.07000732421875
2018-01-29,249.9217987060547,142.87631225585938,36.83015060424805,27.047382354736328,69.45797729492188,101.20063018798828,84.71670532226562,96.55785369873047,25.881118774414062,42.494056701660156,127.3499984741211
2018-01-30,247.3583221435547,141.5078887939453,36.56968307495117,26.9174861907959,69.46630096435547,101.13361358642578,84.52027893066406,95.99137115478516,25.774940490722656,41.91409683227539,126.80000305175781
2018-01-31,247.48117065429688,140.7696533203125,36.640716552734375,26.816455841064453,69.46630096435547,101.05821228027344,84.5447998046875,96.55785369873047,25.88997459411621,42.27863693237305,127.6500015258789
2018-02-01,247.20028686523438,141.21075439453125,36.73543167114258,26.816455841064453,69.4380111694336,101.07166290283203,84.10868835449219,95.15846252441406,25.944868087768555,41.706966400146484,128.07000732421875
2018-02-02,241.81869506835938,138.4918975830078,35.811912536621094,26.174196243286133,69.44631958007812,100.75296020507812,83.7971420288086,94.27548217773438,25.7589168548584,40.63820266723633,126.38999938964844
2018-02-05,231.7052001953125,133.17115783691406,34.335872650146484,24.92574119567871,69.57109069824219,101.247802734375,84.48580169677734,95.16634368896484,25.7589168548584,39.21317672729492,126.70999908447266
2018-02-06,236.2703857421875,134.76470947265625,35.298858642578125,25.474191665649414,69.52116394042969,100.95426177978516,84.11688232421875,94.57506561279297,25.776622772216797,40.489070892333984,125.37999725341797
2018-02-07,234.98855590820312,134.8997344970703,34.651607513427734,25.214397430419922,69.4712905883789,100.8200454711914,83.8709716796875,93.6762924194336,25.572959899902344,39.21317672729492,124.79000091552734
2018-02-08,226.1744384765625,130.93844604492188,33.67283248901367,24.745330810546875,69.47956848144531,100.95426177978516,83.94474029541016,93.57382202148438,25.51983642578125,37.85442352294922,124.9800033569336
2018-02-09,229.57192993164062,132.13584899902344,33.81491470336914,24.738109588623047,69.53778839111328,100.97100067138672,83.7971420288086,92.98246765136719,25.448993682861328,38.459228515625,124.7699966430664
2018-02-12,232.94305419921875,133.38726806640625,34.3437614440918,25.019548416137695,69.50454711914062,100.87876892089844,83.7726058959961,93.39251708984375,25.599529266357422,39.06403732299805,125.37000274658203
2018-02-13,233.5225067138672,133.67532348632812,34.24903869628906,25.062849044799805,69.50454711914062,100.97100067138672,83.91194915771484,93.81029510498047,25.714643478393555,39.362300872802734,126.08000183105469
2018-02-14,236.6741943359375,136.07911682128906,34.91208267211914,25.488616943359375,69.40473175048828,100.54329681396484,83.4036636352539,92.76963806152344,25.909446716308594,40.34822463989258,128.22999572753906
2018-02-15,239.69419860839844,137.56459045410156,35.10151672363281,25.72676658630371,69.37980651855469,100.56005859375,83.42828369140625,93.08500671386719,26.015695571899414,41.176734924316406,128.3800048828125
2018-02-16,239.76437377929688,138.05072021484375,35.17256546020508,25.705120086669922,69.39641571044922,100.68583679199219,83.62504577636719,93.58956146240234,25.90059471130371,41.04417419433594,127.95999908447266
2018-02-20,238.2631072998047,136.91636657714844,34.80157470703125,25.430896759033203,69.3880844116211,100.61876678466797,83.53484344482422,93.17964172363281,25.723487854003906,40.48078155517578,126.23999786376953
2018-02-21,237.0780487060547,137.06044006347656,34.65950012207031,25.35873031616211,69.39641571044922,100.46783447265625,83.2889175415039,92.03645324707031,25.60838508605957,40.447654724121094,125.66000366210938
2018-02-22,237.38526916503906,136.8443145751953,34.833160400390625,25.40924072265625,69.40473175048828,100.59363555908203,83.4036636352539,92.31238555908203,25.78547477722168,40.47249984741211,126.30000305175781
2018-02-23,241.16896057128906,138.62693786621094,35.062049865722656,25.625734329223633,69.42138671875,100.75296020507812,83.72338104248047,93.1323013305664,25.812047958374023,41.19330978393555,126.13999938964844
2018-02-26,243.9695281982422,139.5362548828125,35.2830696105957,25.784503936767578,69.42964935302734,100.8200454711914,83.82176971435547,93.16382598876953,25.838594436645508,41.57441711425781,126.44999694824219
2018-02-27,240.92320251464844,137.52854919433594,34.667381286621094,25.394805908203125,69.37980651855469,100.61036682128906,83.55943298339844,93.02983093261719,25.60838508605957,40.36479568481445,125.12999725341797
2018-02-28,238.48268127441406,135.35888671875,34.446380615234375,25.019548416137695,69.39641571044922,100.68583679199219,83.75619506835938,93.62109375,25.696928024291992,39.78484344482422,125.0
2018-03-01,235.0149383544922,134.99874877929688,34.05171203613281,24.745330810546875,69.49299621582031,100.99072265625,84.1166000366211,94.26020050048828,25.771373748779297,39.71027755737305,124.72000122070312
2018-03-02,236.22647094726562,137.1594696044922,34.106964111328125,24.803056716918945,69.45967864990234,100.78919219970703,83.80463409423828,93.49390411376953,25.797964096069336,39.875980377197266,125.38999938964844
2018-03-05,238.9567413330078,138.38388061523438,34.312191009521484,24.96904182434082,69.45967864990234,100.75558471679688,83.69792938232422,93.2411117553711,25.76250457763672,39.933963775634766,125.18000030517578
2018-03-06,239.56248474121094,139.8783416748047,34.54898452758789,25.091716766357422,69.44307708740234,100.72197723388672,83.68966674804688,93.32801818847656,25.86885643005371,40.306800842285156,126.52999877929688
2018-03-07,239.47463989257812,141.1117401123047,34.730533599853516,25.08449935913086,69.44307708740234,100.72197723388672,83.68966674804688,93.22532653808594,25.904308319091797,40.34822463989258,125.72000122070312
2018-03-08,240.6334991455078,140.82363891601562,34.74632263183594,25.127798080444336,69.45967864990234,100.83956146240234,83.86209869384766,93.76253509521484,25.824541091918945,40.35651397705078,125.41999816894531
2018-03-09,244.8211212158203,143.07431030273438,34.8805046081543,25.308210372924805,69.42637634277344,100.7387466430664,83.68148803710938,93.14632415771484,25.842267990112305,41.21815490722656,125.54000091552734
2018-03-12,244.51388549804688,143.32647705078125,34.96733474731445,25.272132873535156,69.45967864990234,100.83956146240234,83.87850952148438,93.68354797363281,25.93975257873535,41.31757736206055,125.54000091552734
2018-03-13,242.9336395263672,142.66024780273438,34.63581848144531,25.062849044799805,69.47633361816406,100.89836120605469,84.01811981201172,94.15750885009766,25.966341018676758,40.94474792480469,125.77999877929688
2018-03-14,241.6869659423828,141.98504638671875,34.738426208496094,25.120586395263672,69.468017578125,100.98233032226562,84.18230438232422,94.98699951171875,26.02838134765625,41.01103210449219,125.69999694824219
2018-03-15,241.4236602783203,141.27378845214844,34.730533599853516,25.09893035888672,69.47633361816406,100.9655532836914,84.14946746826172,94.98699951171875,25.984071731567383,40.86190414428711,124.9000015258789
2018-03-16,241.68544006347656,142.06602478027344,34.76211929321289,25.15667152404785,69.44307708740234,100.88152313232422,84.05091857910156,94.64727020263672,25.895444869995117,40.770755767822266,124.5999984741211
2018-03-19,238.41537475585938,140.6975555419922,34.596343994140625,24.99068832397461,69.44307708740234,100.83956146240234,83.96881103515625,94.34712219238281,25.984071731567383,40.331661224365234,124.87000274658203
2018-03-20,238.82081604003906,140.6615753173828,34.54898452758789,24.954607009887695,69.41808319091797,100.68840026855469,83.80463409423828,93.96788787841797,25.86885643005371,40.779048919677734,124.30999755859375
2018-03-21,238.36244201660156,141.48085021972656,34.54109573364258,25.02676773071289,69.468017578125,100.77235412597656,83.86209869384766,94.07061004638672,26.054962158203125,41.01931381225586,126.4800033569336
2018-03-22,232.4041290283203,138.37855529785156,33.79912185668945,24.572134017944336,69.50131225585938,100.97393035888672,84.20695495605469,95.00279235839844,26.01951789855957,39.65229034423828,125.9800033569336
2018-03-23,227.45042419433594,135.40066528320312,33.46760940551758,24.478317260742188,69.5179443359375,101.08309173583984,84.3218765258789,94.9316635131836,26.13472557067871,38.8486328125,127.61000061035156
2018-03-26,233.67333984375,138.36044311523438,34.14643096923828,24.983470916748047,69.48468017578125,100.92354583740234,84.09201049804688,94.56829071044922,26.241071701049805,40.10795974731445,128.27999877929688
2018-03-27,229.69810485839844,135.68043518066406,33.743873596191406,24.788625717163086,69.53463745117188,101.22584533691406,84.56820678710938,95.57942962646484,26.241071701049805,39.378875732421875,127.48999786376953
2018-03-28,229.0194549560547,135.6352996826172,33.89384078979492,24.96904182434082,69.54295349121094,101.18385314941406,84.55178833007812,95.8322525024414,26.054962158203125,39.180030822753906,125.7300033569336
2018-03-29,231.94573974609375,137.0069122314453,34.217472076416016,25.077281951904297,69.56792449951172,101.29307556152344,84.72417449951172,96.29835510253906,26.152450561523438,40.00025177001953,125.79000091552734
2018-04-02,226.93923950195312,133.6681671142578,33.743873596191406,24.81027603149414,69.58792114257812,101.36705780029297,84.8105697631836,96.48831176757812,26.218080520629883,39.27944564819336,127.26000213623047
2018-04-03,229.847900390625,135.5811309814453,34.02803039550781,25.01233673095703,69.55455780029297,101.1820297241211,84.53914642333984,95.74413299560547,26.093914031982422,39.668846130371094,126.30000305175781
2018-04-04,232.30709838867188,137.30470275878906,34.12275695800781,25.279342651367188,69.51292419433594,101.13996887207031,84.48980712890625,95.54624938964844,26.120513916015625,39.685420989990234,126.44999694824219
2018-04-05,234.1405029296875,138.44171142578125,34.446380615234375,25.524700164794922,69.52957916259766,101.02222442626953,84.27596282958984,94.833740234375,25.978609085083008,39.78484344482422,125.80000305175781
2018-04-06,228.9224853515625,135.68043518066406,34.335872650146484,25.45254135131836,69.58792114257812,101.2829360961914,84.64611053466797,95.87084197998047,26.049562454223633,39.00604248046875,126.38999938964844
2018-04-09,230.05067443847656,135.84283447265625,34.61213684082031,25.63295555114746,69.57957458496094,101.2745361328125,84.66249084472656,96.02921295166016,26.120513916015625,39.04747772216797,126.81999969482422
2018-04-10,233.70855712890625,138.4056396484375,35.022586822509766,26.022642135620117,69.54627227783203,101.13996887207031,84.5145034790039,95.85497283935547,26.13824462890625,39.80970001220703,127.12000274658203
2018-04-11,232.48342895507812,138.703369140625,34.81736373901367,25.979345321655273,69.54627227783203,101.16521453857422,84.59672546386719,96.1954345703125,26.15599250793457,39.826263427734375,128.11000061035156
2018-04-12,234.3960723876953,139.6508331298828,35.00680160522461,26.159757614135742,69.50457763671875,100.96334838867188,84.29241943359375,95.4908218383789,26.06730079650879,39.80970001220703,126.62000274658203
2018-04-13,233.70855712890625,138.91990661621094,35.093624114990234,26.18140983581543,69.48792266845703,100.9549560546875,84.36646270751953,95.71249389648438,26.093914031982422,39.412017822265625,127.44999694824219
2018-04-16,235.6300506591797,140.20126342773438,35.188350677490234,26.116455078125,69.47956848144531,100.92971801757812,84.3253173828125,95.74413299560547,26.147123336791992,39.461727142333984,127.62999725341797
2018-04-17,238.1509246826172,141.7262725830078,35.496185302734375,26.166975021362305,69.47956848144531,100.94658660888672,84.37466430664062,96.00540161132812,26.15599250793457,39.54457473754883,127.75
2018-04-18,238.32720947265625,142.10531616210938,35.64616012573242,26.347383499145508,69.42119598388672,100.7110595703125,84.0457534790039,95.237548828125,26.120513916015625,39.88426208496094,127.8499984741211
2018-04-19,237.00502014160156,141.12168884277344,35.51197814941406,26.246355056762695,69.42119598388672,100.61012268066406,83.81539916992188,94.46165466308594,26.00522232055664,39.65229034423828,127.5999984741211
2018-04-20,234.99537658691406,140.3636932373047,35.35411071777344,26.174196243286133,69.3962173461914,100.41669464111328,83.53577423095703,93.78084564208984,25.810091018676758,39.15517807006836,126.62999725341797
2018-04-23,234.96014404296875,140.1561737060547,35.26728057861328,26.159757614135742,69.38786315917969,100.3493881225586,83.4535140991211,93.80459594726562,25.59721565246582,38.84034729003906,125.62000274658203
2018-04-24,231.79591369628906,139.35308837890625,35.093624114990234,26.109241485595703,69.40457153320312,100.3157730102539,83.3548583984375,93.37711334228516,25.588354110717773,38.65807342529297,126.2300033569336
2018-04-25,232.3688201904297,139.14552307128906,34.96733474731445,26.044294357299805,69.3962173461914,100.26531219482422,83.17391204833984,92.75167846679688,25.44645118713379,38.35981369018555,125.41000366210938
2018-04-26,234.73098754882812,139.7862091064453,35.077842712402344,26.246355056762695,69.41288757324219,100.38309478759766,83.4123764038086,93.40084075927734,25.45530891418457,38.914913177490234,124.97000122070312
2018-04-27,234.95130920410156,139.5876922607422,35.188350677490234,26.224702835083008,69.42955017089844,100.46713256835938,83.55221557617188,94.12124633789062,25.52625274658203,39.15517807006836,125.5
2018-04-30,233.1444854736328,138.35142517089844,34.99101638793945,26.159757614135742,69.40457153320312,100.51761627197266,83.64266204833984,94.28749084472656,25.419828414916992,38.87348175048828,124.58999633789062
2018-05-01,233.55874633789062,139.02821350097656,34.888397216796875,26.029857635498047,69.37370300292969,100.39215087890625,83.5116958618164,93.94792175292969,25.233442306518555,38.68293380737305,123.70999908447266
2018-05-02,231.98976135253906,139.5515594482422,34.9752311706543,25.89275360107422,69.39873504638672,100.45952606201172,83.5281753540039,93.84475708007812,25.12693214416504,38.376380920410156,123.6500015258789
2018-05-03,231.47854614257812,138.79356384277344,35.062049865722656,25.96491241455078,69.44879913330078,100.61114501953125,83.74237823486328,94.26529693603516,25.27782440185547,38.29353332519531,124.27999877929688
2018-05-04,234.47540283203125,140.5261688232422,35.156768798828125,26.029857635498047,69.42379760742188,100.61114501953125,83.75064849853516,94.40808868408203,25.242319107055664,38.46751403808594,124.54000091552734
2018-05-07,235.26866149902344,141.7173309326172,35.1409797668457,26.05150604248047,69.42379760742188,100.5774154663086,83.70943450927734,94.25738525390625,25.224567413330078,38.24382019042969,124.56999969482422
2018-05-08,235.26866149902344,142.42112731933594,35.062049865722656,26.037076950073242,69.43209838867188,100.50157165527344,83.56932067871094,94.17011260986328,25.082555770874023,38.459228515625,124.58999633789062
2018-05-09,237.5427703857422,143.18814086914062,35.093624114990234,26.44841766357422,69.39873504638672,100.38368225097656,83.37983703613281,93.60676574707031,25.064809799194336,38.533790588378906,124.33000183105469
2018-05-10,239.76393127441406,143.95516967773438,35.369895935058594,26.49893569946289,69.39873504638672,100.45108795166016,83.5528564453125,94.36050415039062,25.171314239501953,39.33743667602539,125.18000030517578
2018-05-11,240.4955291748047,144.23487854003906,35.39357376098633,26.535017013549805,69.39873504638672,100.4342269897461,83.56110382080078,94.5985107421875,25.206817626953125,39.27116394042969,125.0
2018-05-14,240.61009216308594,143.6844482421875,35.401466369628906,26.585529327392578,69.39873504638672,100.3752670288086,83.37983703613281,94.0986557006836,25.144689559936523,39.32088088989258,124.48999786376953
2018-05-15,238.95303344726562,143.71153259277344,35.1409797668457,26.513364791870117,69.35700988769531,100.07201385498047,82.91840362548828,93.02757263183594,24.905044555664062,38.50893783569336,122.4800033569336
2018-05-16,239.95785522460938,145.20938110351562,35.03837585449219,26.614397048950195,69.35700988769531,99.9709243774414,82.74534606933594,92.6705093383789,24.88728904724121,39.08890151977539,122.29000091552734
2018-05-17,239.7550506591797,145.877197265625,35.12520217895508,26.758724212646484,69.37370300292969,100.01304626464844,82.6959457397461,92.2024154663086,24.79853630065918,38.492366790771484,122.36000061035156
2018-05-18,239.15573120117188,146.06668090820312,34.96733474731445,26.657695770263672,69.40706634521484,100.2068099975586,83.01729583740234,92.99580383300781,24.780776977539062,38.16925048828125,122.41000366210938
2018-05-21,240.95384216308594,147.03225708007812,35.204139709472656,26.866968154907227,69.40706634521484,100.2320556640625,83.07498931884766,93.04345703125,24.807418823242188,38.40122985839844,122.4800033569336
2018-05-22,240.28392028808594,145.96739196777344,35.227813720703125,26.88861846923828,69.40706634521484,100.2236557006836,83.0420150756836,92.90059661865234,24.816280364990234,38.533790588378906,122.41000366210938
2018-05-23,240.94503784179688,146.15696716308594,34.698970794677734,26.52779769897461,69.46546936035156,100.47633361816406,83.42101287841797,93.57500457763672,24.79853630065918,38.51722717285156,122.54000091552734
2018-05-24,240.45138549804688,146.2110595703125,34.596343994140625,26.369035720825195,69.50717163085938,100.61949920654297,83.63526153564453,94.32084655761719,24.940549850463867,38.31010818481445,123.58999633789062
2018-05-25,239.87847900390625,145.9494171142578,34.28061294555664,26.130889892578125,69.56562042236328,100.8975601196289,83.96485900878906,94.90796661376953,24.905044555664062,38.46751403808594,123.20999908447266
2018-05-29,237.1197052001953,145.75088500976562,33.11240005493164,25.690685272216797,69.76590728759766,101.56301879882812,84.87123107910156,96.98673248291016,24.763038635253906,37.57273483276367,123.19000244140625
2018-05-30,240.28392028808594,148.0609130859375,33.81491470336914,26.09480857849121,69.68242645263672,101.26815795898438,84.50872039794922,96.33609008789062,24.86065673828125,37.87099075317383,123.37000274658203
2018-05-31,238.81199645996094,146.8788299560547,33.73597717285156,26.000993728637695,69.64909362792969,101.25968933105469,84.46748352050781,96.17740631103516,24.905044555664062,37.85442352294922,123.0999984741211
2018-06-01,241.15652465820312,147.8444061279297,33.95698928833008,26.174196243286133,69.59558868408203,100.98635864257812,84.15541076660156,95.66925048828125,24.83664321899414,38.38467025756836,122.48999786376953
2018-06-04,242.30247497558594,148.6294403076172,34.13064956665039,26.159757614135742,69.53707885742188,100.7500991821289,83.85818481445312,94.97738647460938,24.88105583190918,38.77406311035156,122.37000274658203
2018-06-05,242.47874450683594,149.5498504638672,34.09907150268555,26.145320892333984,69.57887268066406,100.93574523925781,84.07286071777344,95.20003509521484,24.89882469177246,38.475791931152344,122.8499984741211
2018-06-06,244.5059356689453,150.6326904296875,34.501625061035156,26.39068603515625,69.55381774902344,100.71631622314453,83.73433685302734,94.42864227294922,24.863283157348633,39.05575942993164,122.91999816894531
2018-06-07,244.47950744628906,149.8115692138672,34.19379425048828,26.25357437133789,69.62065124511719,100.95262145996094,84.08936309814453,95.34319305419922,24.854408264160156,38.459228515625,122.86000061035156
2018-06-08,245.2023468017578,150.2627716064453,34.24903869628906,26.28965950012207,69.60395050048828,100.86822509765625,83.97373962402344,95.0569076538086,24.8277645111084,38.38467025756836,123.01000213623047
2018-06-11,245.52835083007812,150.48831176757812,34.61213684082031,26.433979034423828,69.57887268066406,100.80072021484375,83.89122772216797,94.88199615478516,24.8277645111084,38.38467025756836,123.2300033569336
2018-06-12,245.84580993652344,151.17410278320312,34.383235931396484,26.246355056762695,69.5454330444336,100.7500991821289,83.84170532226562,94.90579986572266,24.756696701049805,38.285247802734375,122.81999969482422
2018-06-13,245.06118774414062,150.57855224609375,34.51741409301758,26.217491149902344,69.51200103759766,100.64884948730469,83.74260711669922,94.85809326171875,24.801124572753906,38.028419494628906,123.19000244140625
2018-06-14,245.6782989501953,151.38168334960938,34.470054626464844,26.296873092651367,69.53707885742188,100.78384399414062,84.00682830810547,95.64537048339844,24.650100708007812,37.77157974243164,123.37999725341797
2018-06-15,245.3648681640625,151.42678833007812,34.3674430847168,25.950481414794922,69.57052612304688,100.817626953125,84.07286071777344,95.73286437988281,24.650100708007812,37.47330856323242,121.33999633789062
2018-06-18,244.8601837158203,152.13963317871094,33.988563537597656,25.820581436157227,69.58722686767578,100.85980224609375,84.11414337158203,95.64537048339844,24.63233757019043,37.017635345458984,121.11000061035156
2018-06-19,243.92166137695312,152.14866638183594,33.69423294067383,25.647727966308594,69.61226654052734,101.00321197509766,84.33704376220703,96.20205688476562,24.63233757019043,36.6090087890625,120.80000305175781
2018-06-20,244.33778381347656,153.37586975097656,33.597198486328125,25.662504196166992,69.57887268066406,100.85133361816406,84.06462860107422,95.35913848876953,24.614580154418945,36.76746368408203,120.26000213623047
2018-06-21,242.80606079101562,151.94114685058594,33.24950408935547,25.492599487304688,69.62065124511719,100.98635864257812,84.28750610351562,95.86011505126953,24.623451232910156,36.25042724609375,120.05000305175781
2018-06-22,243.24880981445312,151.43582153320312,33.605289459228516,25.91366195678711,69.62905883789062,101.0201416015625,84.30404663085938,95.85216522216797,24.738924026489258,36.62568283081055,120.33999633789062
2018-06-25,239.9375,148.96331787109375,33.19290542602539,25.38179588317871,69.6540756225586,101.1129379272461,84.41963195800781,96.06687927246094,24.685646057128906,36.13368606567383,119.88999938964844
2018-06-26,240.4687042236328,149.82960510253906,33.09587478637695,25.470436096191406,69.6540756225586,101.14665985107422,84.4609146118164,96.20205688476562,24.641225814819336,35.991912841796875,119.26000213623047
2018-06-27,238.47659301757812,147.42929077148438,32.77243423461914,25.30792236328125,69.69589233398438,101.36605072021484,84.78287506103516,97.10865020751953,24.56127166748047,35.29975891113281,118.58000183105469
2018-06-28,239.84014892578125,147.8804168701172,32.788604736328125,25.485210418701172,69.69589233398438,101.28173065185547,84.70033264160156,97.13249206542969,24.525741577148438,35.599971771240234,118.22000122070312
2018-06-29,240.18539428710938,147.78118896484375,33.16056442260742,25.692045211791992,69.67915344238281,101.25638580322266,84.63426208496094,96.79851531982422,24.650100708007812,36.13368606567383,118.6500015258789
2018-07-02,240.69886779785156,148.80087280273438,32.99074935913086,25.389179229736328,69.67076110839844,101.16593933105469,84.57640075683594,96.72274017333984,24.615428924560547,35.77509689331055,117.45999908447266
2018-07-03,239.8489532470703,149.39405822753906,33.1120491027832,25.470436096191406,69.69595336914062,101.30960845947266,84.79141998291016,97.24087524414062,24.71323013305664,35.80010986328125,118.6500015258789
2018-07-05,241.8056182861328,151.09666442871094,33.70232391357422,25.743757247924805,69.68754577636719,101.28427124023438,84.79972839355469,97.51981353759766,24.775447845458984,35.708377838134766,119.05000305175781
2018-07-06,243.85076904296875,152.37362670898438,33.90446472167969,25.817626953125,69.70429229736328,101.36878967285156,84.87413024902344,97.83866119384766,24.855449676513672,36.20038986206055,118.86000061035156
2018-07-09,246.0465087890625,153.33355712890625,34.098533630371094,26.03923988342285,69.66242980957031,101.23355865478516,84.65909576416016,97.2089614868164,24.87322998046875,36.85084533691406,119.1500015258789
2018-07-10,246.9320526123047,152.6362762451172,34.1955680847168,26.076171875,69.65404510498047,101.15747833251953,84.59291076660156,97.20098876953125,24.855449676513672,36.76746368408203,118.93000030517578
2018-07-11,245.1258087158203,151.34120178222656,33.58911895751953,25.573856353759766,69.67913818359375,101.27580261230469,84.76663970947266,97.57563781738281,24.71323013305664,36.050289154052734,117.63999938964844
2018-07-12,247.34805297851562,152.0747528076172,33.84786605834961,25.86195182800293,69.67076110839844,101.2504653930664,84.73356628417969,97.5676498413086,24.71323013305664,36.54230880737305,118.12999725341797
2018-07-13,247.5428466796875,151.62191772460938,33.92873001098633,25.891494750976562,69.68754577636719,101.3772201538086,84.87413024902344,97.81475067138672,24.731002807617188,36.56731033325195,117.61000061035156
2018-07-16,247.3214874267578,151.03326416015625,33.9934196472168,25.728984832763672,69.67076110839844,101.2504653930664,84.73356628417969,97.40825653076172,24.757667541503906,36.36717224121094,117.55000305175781
2018-07-17,248.32205200195312,151.70346069335938,34.07427215576172,25.603403091430664,69.66242980957031,101.2166519165039,84.68390655517578,97.22489166259766,24.71323013305664,36.634029388427734,116.27999877929688
2018-07-18,248.84445190429688,152.12913513183594,34.0904426574707,25.5886287689209,69.65404510498047,101.18283081054688,84.61776733398438,96.83438873291016,24.642101287841797,36.59232711791992,116.30999755859375
2018-07-19,247.9058380126953,153.206787109375,33.94490051269531,25.477832794189453,69.68754577636719,101.3772201538086,84.849365234375,97.44808959960938,24.5976505279541,36.14201736450195,115.80999755859375
2018-07-20,247.62254333496094,152.5819091796875,34.025760650634766,25.699438095092773,69.68754577636719,101.24199676513672,84.55157470703125,96.25249481201172,24.73988914489746,36.65904998779297,116.55999755859375
2018-07-23,248.08291625976562,152.77210998535156,33.97724533081055,25.596017837524414,69.64569854736328,100.99686431884766,84.13797760009766,95.06488037109375,24.659879684448242,36.41720962524414,116.0
2018-07-24,249.33126831054688,151.14195251464844,34.1308708190918,25.84718132019043,69.65404510498047,101.00533294677734,84.19590759277344,95.39171600341797,24.67765235900879,36.950923919677734,116.04000091552734
2018-07-25,251.4562530517578,151.6943817138672,34.438148498535156,25.884113311767578,69.62895202636719,100.9546127319336,84.13797760009766,95.24021911621094,24.78434181213379,37.55134201049805,116.68000030517578
2018-07-26,250.86302185058594,152.50946044921875,34.17938995361328,25.640338897705078,69.62895202636719,100.85321044921875,84.04700469970703,95.05699157714844,24.67765235900879,37.13438034057617,115.7699966430664
2018-07-27,249.16310119628906,149.6657257080078,34.2925910949707,25.692045211791992,69.63727569580078,100.9546127319336,84.1793212890625,95.21636199951172,24.704336166381836,37.26780319213867,115.83000183105469
2018-07-30,247.86163330078125,148.70579528808594,34.3572883605957,25.751150131225586,69.63727569580078,100.92085266113281,84.07181549072266,94.88955688476562,24.6954402923584,37.209442138671875,115.6500015258789
2018-07-31,249.08335876464844,150.2182159423828,34.42197799682617,25.935823440551758,69.63727569580078,100.97154235839844,84.18760681152344,95.40760803222656,24.722110748291016,37.409576416015625,115.98999786376953
2018-08-01,248.66722106933594,150.1185760498047,34.21982192993164,25.610788345336914,69.64400482177734,100.84536743164062,83.98867797851562,94.6303482055664,24.60287094116211,37.07600784301758,115.13999938964844
2018-08-02,250.0219268798828,151.21441650390625,33.90446472167969,25.330087661743164,69.68598175048828,100.97239685058594,84.0881118774414,94.76615905761719,24.522785186767578,36.5839958190918,114.5199966430664
2018-08-03,251.09324645996094,150.68914794921875,33.94490051269531,25.477832794189453,69.69434356689453,101.15021514892578,84.30363464355469,95.23748779296875,24.531702041625977,36.867523193359375,114.91999816894531
2018-08-06,252.01406860351562,151.53138732910156,33.791259765625,25.293148040771484,69.71110534667969,101.18406677246094,84.34507751464844,95.29338073730469,24.513898849487305,36.5839958190918,114.33000183105469
2018-08-07,252.8463134765625,151.89366149902344,34.07427215576172,25.492599487304688,69.68598175048828,101.03166961669922,84.17107391357422,94.79813385009766,24.567283630371094,36.95924758911133,114.58999633789062
2018-08-08,252.7399444580078,151.75778198242188,33.98533630371094,25.5443115234375,69.69434356689453,101.09091186523438,84.24562072753906,94.89397430419922,24.5850772857666,36.909217834472656,114.91000366210938
2018-08-09,252.39471435546875,152.147216796875,33.82361602783203,25.492599487304688,69.73624420166016,101.2348403930664,84.47766876220703,95.69279479980469,24.487211227416992,36.80081558227539,114.73999786376953
2018-08-10,250.70359802246094,151.7215576171875,32.853302001953125,25.093706130981445,69.80330657958984,101.49730682373047,84.84234619140625,96.38780212402344,24.389320373535156,36.01692581176758,114.69000244140625
2018-08-13,249.76516723632812,150.83404541015625,32.7481803894043,25.012447357177734,69.78655242919922,101.51424407958984,84.81751251220703,96.18811798095703,24.309247970581055,35.424842834472656,112.95999908447266
2018-08-14,251.3588104248047,152.32839965820312,32.74010467529297,24.90163803100586,69.78655242919922,101.4295883178711,84.73458862304688,95.972412109375,24.23805809020996,35.64167022705078,113.06999969482422
2018-08-15,249.48179626464844,150.41746520996094,32.09321594238281,24.451030731201172,69.82011413574219,101.59044647216797,84.94180297851562,96.53157806396484,24.229164123535156,34.615943908691406,111.19000244140625
2018-08-16,251.50054931640625,151.8121337890625,32.34387969970703,24.643091201782227,69.80330657958984,101.55660247802734,84.91692352294922,96.52362060546875,24.255863189697266,34.832767486572266,111.0999984741211
2018-08-17,252.38587951660156,152.46420288085938,32.554115295410156,24.75389289855957,69.82854461669922,101.55660247802734,84.95010375976562,96.64344787597656,24.37153434753418,35.199684143066406,112.12999725341797
2018-08-20,252.926025390625,152.8898468017578,32.79669189453125,24.93118667602539,69.87039947509766,101.76823425292969,85.21528625488281,97.29049682617188,24.47829818725586,35.35813903808594,112.69000244140625
2018-08-21,253.51918029785156,154.64678955078125,33.28185272216797,25.012447357177734,69.85365295410156,101.67510223388672,85.0992660522461,96.96300506591797,24.5850772857666,35.80845260620117,113.0199966430664
2018-08-22,253.36868286132812,155.02711486816406,33.42740249633789,25.13063621520996,69.87039947509766,101.77669525146484,85.25674438476562,97.34639739990234,24.638465881347656,36.09197998046875,113.2699966430664
2018-08-23,253.0321502685547,154.5562286376953,33.225250244140625,24.82776641845703,69.86203002929688,101.74283599853516,85.24847412109375,97.49819946289062,24.513898849487305,35.50823974609375,112.19999694824219
2018-08-24,254.5550079345703,155.3984375,33.58102798461914,24.990285873413086,69.87039947509766,101.72593688964844,85.27332305908203,97.68993377685547,24.5850772857666,36.167030334472656,114.16000366210938
2018-08-27,256.5648193359375,155.62486267089844,34.050018310546875,25.30792236328125,69.84526062011719,101.62435150146484,85.08272552490234,97.13072204589844,24.69186019897461,36.684059143066406,114.58999633789062
2018-08-28,256.6888732910156,155.76976013183594,34.058109283447266,25.182342529296875,69.82011413574219,101.48038482666016,84.8921127319336,96.5475845336914,24.709653854370117,36.55064010620117,113.68000030517578
2018-08-29,258.0700378417969,156.2225799560547,34.17129898071289,25.344860076904297,69.81175994873047,101.4295883178711,84.86724853515625,96.67537689208984,24.67405891418457,36.77579116821289,114.19999694824219
2018-08-30,257.0252380371094,156.09579467773438,33.77509689331055,25.086313247680664,69.86203002929688,101.58200073242188,85.02468872070312,96.8830795288086,24.656261444091797,35.81678771972656,113.63999938964844
2018-08-31,257.0341796875,156.6935272216797,33.33037185668945,24.798213958740234,69.8788070678711,101.65817260742188,85.04125213623047,96.65945434570312,24.567283630371094,36.000247955322266,113.51000213623047
2018-09-04,256.5913391113281,155.99618530273438,33.03118133544922,24.62832260131836,69.86280822753906,101.55980682373047,84.84693145751953,96.10060119628906,24.473777770996094,35.29975891113281,112.93000030517578
2018-09-05,255.9008331298828,155.57958984375,32.70774841308594,24.55445098876953,69.86280822753906,101.55128479003906,84.83865356445312,95.84435272216797,24.518308639526367,34.791072845458984,113.31999969482422
2018-09-06,255.130615234375,154.529052734375,32.54602813720703,24.391935348510742,69.88802337646484,101.67850494384766,85.01302337646484,96.1966323852539,24.55393409729004,34.824424743652344,113.54000091552734
2018-09-07,254.63475036621094,154.44754028320312,32.246849060058594,24.222034454345703,69.81246185302734,101.3647689819336,84.63103485107422,95.37999725341797,24.438148498535156,34.6493034362793,113.2300033569336
2018-09-10,255.077392578125,154.6377716064453,32.6107177734375,24.391935348510742,69.82083892822266,101.38172912597656,84.68083190917969,95.73226928710938,24.491573333740234,34.307395935058594,113.1500015258789
2018-09-11,255.91848754882812,154.8913116455078,32.65114212036133,24.384544372558594,69.77886962890625,101.16964721679688,84.37356567382812,95.00370025634766,24.438148498535156,34.3824577331543,113.22000122070312
2018-09-12,255.9805145263672,154.5199737548828,32.70774841308594,24.50274085998535,69.77886962890625,101.22052764892578,84.47322845458984,95.22784423828125,24.509397506713867,34.55757141113281,114.16999816894531
2018-09-13,257.4944763183594,154.5562286376953,33.0473518371582,24.583993911743164,69.7872543334961,101.20364379882812,84.4649429321289,95.37201690673828,24.562835693359375,35.024566650390625,113.76000213623047
2018-09-14,257.5386657714844,155.208251953125,32.950321197509766,24.583993911743164,69.7620620727539,101.06792449951172,84.30714416503906,94.9156265258789,24.46487808227539,34.991207122802734,113.0199966430664
2018-09-17,256.17535400390625,153.56004333496094,33.00692367553711,24.613544464111328,69.74524688720703,101.11032104492188,84.3237533569336,94.9156265258789,24.536117553710938,34.67431640625,113.61000061035156
2018-09-18,257.5653076171875,154.20297241210938,33.225250244140625,24.724349975585938,69.73684692382812,100.90679931640625,83.97496032714844,93.92280578613281,24.491573333740234,35.00788497924805,113.44000244140625
2018-09-19,257.83978271484375,153.6414794921875,33.33037185668945,24.84992790222168,69.72005462646484,100.83042907714844,83.8337631225586,93.36238098144531,24.518308639526367,35.49155807495117,113.87999725341797
2018-09-20,259.9293212890625,155.06336975097656,33.94490051269531,25.248825073242188,69.74524688720703,100.85591125488281,83.84209442138672,93.79474639892578,24.651893615722656,35.883506774902344,114.2699966430664
2018-09-21,259.6918029785156,154.3207244873047,33.94490051269531,25.226665496826172,69.72846221923828,100.87287139892578,83.87528228759766,93.75468444824219,24.58955192565918,36.050289154052734,113.48999786376953
2018-09-24,258.8291320800781,153.750244140625,33.791259765625,25.189733505249023,69.72846221923828,100.83889770507812,83.78396606445312,93.51448059082031,24.518308639526367,35.64167022705078,113.47000122070312
2018-09-25,258.5890197753906,153.98570251464844,33.88829803466797,25.426116943359375,69.73684692382812,100.78804779052734,83.70088195800781,93.41844940185547,24.52720069885254,35.7834358215332,113.6500015258789
2018-09-26,257.8152160644531,152.57821655273438,33.864044189453125,25.426116943359375,69.74524688720703,100.95765686035156,83.97496032714844,94.07495880126953,24.545019149780273,35.858482360839844,113.05000305175781
2018-09-27,258.5356750488281,152.5872802734375,33.68614959716797,25.448278427124023,69.74524688720703,100.94918060302734,83.97496032714844,94.13899993896484,24.41143035888672,36.03361129760742,112.05000305175781
2018-09-28,258.56231689453125,153.0503692626953,33.16056442260742,25.20450782775879,69.77886962890625,100.98308563232422,84.01647186279297,93.89082336425781,24.384708404541016,35.79176712036133,112.76000213623047
2018-10-01,259.4606018066406,151.03453063964844,33.16056442260742,25.182342529296875,69.7594985961914,100.88877868652344,83.80345153808594,93.20154571533203,24.310718536376953,35.80010986328125,112.56999969482422
2018-10-02,259.30938720703125,149.40000915527344,32.94224166870117,25.049379348754883,69.78471374511719,101.01622772216797,84.01980590820312,93.77125549316406,24.266141891479492,35.349796295166016,113.87000274658203
2018-10-03,259.4516296386719,150.70762634277344,33.0473518371582,25.152799606323242,69.7510986328125,100.66792297363281,83.39572143554688,92.142333984375,24.09677505493164,35.05792236328125,113.41999816894531
2018-10-04,257.4239196777344,148.59190368652344,32.62688446044922,24.93118667602539,69.7342529296875,100.56598663330078,83.17937469482422,91.49237060546875,24.06110191345215,34.18231201171875,113.4800033569336
2018-10-05,255.9830322265625,147.24798583984375,32.351959228515625,24.76866912841797,69.72586822509766,100.47248840332031,82.97966766357422,90.70599365234375,24.02544403076172,34.05722427368164,113.80000305175781
2018-10-08,255.9830322265625,146.9392547607422,32.06087875366211,24.55445098876953,69.70907592773438,100.5149917602539,83.012939453125,90.40107727050781,24.04327392578125,34.10726547241211,112.54000091552734
2018-10-09,255.60951232910156,146.36720275878906,31.99618148803711,24.55445098876953,69.7342529296875,100.56598663330078,83.17106628417969,91.31585693359375,24.052183151245117,33.98216247558594,112.5999984741211
2018-10-10,247.51612854003906,142.16294860839844,31.260358810424805,24.199871063232422,69.7510986328125,100.65095520019531,83.21263885498047,91.06705474853516,24.078937530517578,32.97312545776367,112.87999725341797
2018-10-11,242.064208984375,139.44793701171875,30.985431671142578,23.823131561279297,69.7763671875,100.82080841064453,83.55381774902344,92.17442321777344,24.20374298095703,32.63955307006836,115.77999877929688
2018-10-12,245.42608642578125,139.47518920898438,31.025863647460938,23.874839782714844,69.7763671875,100.7613525390625,83.45398712158203,91.85343933105469,24.194822311401367,33.59856414794922,115.2300033569336
2018-10-15,244.04750061035156,139.9927215576172,31.074386596679688,23.874839782714844,69.80158996582031,100.78683471679688,83.50387573242188,91.81333923339844,24.248308181762695,33.239986419677734,116.0
2018-10-16,249.38381958007812,144.0516357421875,31.68891143798828,24.125999450683594,69.7763671875,100.78683471679688,83.49555969238281,92.02195739746094,24.28398323059082,34.07389831542969,115.80000305175781
2018-10-17,249.42832946777344,143.43421936035156,31.333131790161133,23.963483810424805,69.7763671875,100.61695098876953,83.25423431396484,91.4763412475586,24.194822311401367,33.65694046020508,115.79000091552734
2018-10-18,245.8263397216797,140.7464141845703,30.710514068603516,23.594135284423828,69.81842041015625,100.75283813476562,83.40403747558594,91.4442138671875,24.141338348388672,32.772987365722656,115.91999816894531
2018-10-19,245.69288635253906,139.2572021484375,30.90458106994629,23.800975799560547,69.7763671875,100.68489074707031,83.3041763305664,91.24363708496094,24.1680850982666,33.081539154052734,116.01000213623047
2018-10-22,244.59007263183594,138.95758056640625,30.645822525024414,23.66061782836914,69.7594985961914,100.67642974853516,83.32084655761719,91.12327575683594,24.105674743652344,33.440120697021484,115.70999908447266
2018-10-23,243.3448944091797,137.71360778808594,30.411331176757812,23.557199478149414,69.80158996582031,100.8463134765625,83.53717041015625,91.41211700439453,24.15915870666504,33.07320022583008,116.38999938964844
2018-10-24,235.97193908691406,132.5286407470703,29.46527099609375,23.003175735473633,69.91097259521484,101.19464874267578,83.98653411865234,92.1021728515625,24.114585876464844,32.00579071044922,116.66000366210938
2018-10-25,240.2053985595703,135.39805603027344,29.950428009033203,23.19523811340332,69.88568878173828,101.02474975585938,83.78682708740234,91.71703338623047,24.09677505493164,32.62288284301758,116.4000015258789
2018-10-26,235.9807891845703,133.91790771484375,29.829147338867188,23.047496795654297,69.92778778076172,101.33907318115234,84.16130828857422,92.27072143554688,24.1859073638916,32.24761962890625,116.7699966430664
2018-10-29,234.67335510253906,133.1824188232422,29.845312118530273,23.062267303466797,69.95298767089844,101.33058166503906,84.15296936035156,92.06208038330078,24.09677505493164,31.688888549804688,116.30999755859375
2018-10-30,238.15093994140625,135.96102905273438,30.047460556030273,23.246946334838867,69.9193344116211,101.18614196777344,83.96986389160156,91.60472869873047,24.04327392578125,32.30598831176758,115.80000305175781
2018-10-31,240.6945343017578,136.23345947265625,30.217267990112305,23.498104095458984,69.88568878173828,101.05023956298828,83.76185607910156,91.13934326171875,23.980876922607422,32.6562385559082,115.1500015258789
2018-11-01,243.25604248046875,139.37530517578125,30.694337844848633,23.963483810424805,69.9244613647461,101.14302062988281,83.83356475830078,91.22374725341797,24.17382049560547,33.82372283935547,116.62999725341797
2018-11-02,241.815185546875,139.83837890625,30.82370948791504,23.830516815185547,69.8401870727539,100.83658599853516,83.36656951904297,90.08958435058594,24.138093948364258,34.04054260253906,116.6500015258789
2018-11-05,243.1492462158203,139.7294158935547,30.742856979370117,23.963483810424805,69.86544036865234,100.8706283569336,83.41658782958984,90.44355010986328,24.155961990356445,34.13227462768555,116.37000274658203
2018-11-06,244.68785095214844,140.4195098876953,30.856056213378906,23.948711395263672,69.8486099243164,100.78551483154297,83.32487487792969,90.3872299194336,24.182769775390625,34.07389831542969,116.04000091552734
2018-11-07,249.92630004882812,142.93478393554688,31.252273559570312,24.30329132080078,69.82330322265625,100.73444366455078,83.32487487792969,90.50785064697266,24.209558486938477,34.716026306152344,116.02999877929688
2018-11-08,249.47280883789062,142.55345153808594,30.77520179748535,24.111225128173828,69.81490325927734,100.61529541015625,83.20809936523438,90.49983978271484,24.075565338134766,33.81538391113281,115.77999877929688
2018-11-09,247.03582763671875,139.91098022460938,30.694337844848633,23.91916847229004,69.8486099243164,100.86212158203125,83.53333282470703,91.17552947998047,24.04875373840332,33.1899528503418,114.4800033569336
2018-11-12,242.41998291015625,137.14151000976562,30.00703239440918,23.48333168029785,69.89918518066406,101.06637573242188,83.78358459472656,91.77073669433594,23.905839920043945,32.72295379638672,113.66000366210938
2018-11-13,241.96632385253906,136.70565795898438,30.265790939331055,23.631072998046875,69.9075927734375,101.11749267578125,83.85025024414062,91.71443176269531,23.95942497253418,33.09821701049805,113.69999694824219
2018-11-14,240.31214904785156,135.70677185058594,30.451759338378906,23.682783126831055,69.9581527709961,101.29620361328125,84.0253677368164,91.77073669433594,24.021968841552734,33.29835510253906,114.63999938964844
2018-11-15,242.82017517089844,137.64089965820312,30.51645851135254,23.54242706298828,69.99186706542969,101.37276458740234,84.08374786376953,91.73052215576172,24.04875373840332,34.04054260253906,114.7699966430664
2018-11-16,243.45164489746094,137.9678497314453,30.5245418548584,23.424236297607422,70.04244232177734,101.57707977294922,84.34229278564453,92.26142120361328,24.182769775390625,34.10726547241211,115.62000274658203
2018-11-19,239.33380126953125,135.1710205078125,30.201101303100586,23.34297752380371,70.10144805908203,101.68775939941406,84.4673843383789,92.5187759399414,24.191699981689453,33.64860534667969,115.66999816894531
2018-11-20,234.90463256835938,132.56497192382812,29.570390701293945,23.01055908203125,70.08454895019531,101.64519500732422,84.45066833496094,92.55096435546875,24.102359771728516,32.923091888427734,115.66999816894531
2018-11-21,235.70504760742188,134.41737365722656,29.950428009033203,23.39468765258789,70.08454895019531,101.60263061523438,84.4339599609375,92.5187759399414,24.155961990356445,33.5318603515625,115.86000061035156
2018-11-23,234.13082885742188,134.29022216796875,29.707855224609375,23.10659408569336,70.06769561767578,101.65369415283203,84.48403930664062,92.61531066894531,24.102359771728516,33.139915466308594,115.7699966430664
2018-11-26,237.91073608398438,136.03372192382812,30.176834106445312,23.48333168029785,70.07614135742188,101.59412384033203,84.41729736328125,92.40617370605469,24.111297607421875,33.54853057861328,115.63999938964844
2018-11-27,238.71124267578125,134.90768432617188,30.03129005432129,23.298654556274414,70.08454895019531,101.628173828125,84.50070190429688,92.5107421875,24.039836883544922,33.78202438354492,114.94999694824219
2018-11-28,244.20767211914062,138.24024963378906,30.451759338378906,23.601524353027344,70.10984802246094,101.67919158935547,84.49238586425781,92.0602798461914,24.138093948364258,34.59092330932617,115.37999725341797
2018-11-29,243.67398071289062,137.867919921875,30.330467224121094,23.402076721191406,70.126708984375,101.80687713623047,84.70922088623047,92.42227172851562,24.245296478271484,34.29072189331055,115.73999786376953
2018-11-30,245.15933227539062,138.58526611328125,30.112146377563477,23.21739959716797,70.15196990966797,101.8835220336914,84.87593078613281,92.76811981201172,24.209558486938477,34.257362365722656,115.54000091552734
2018-12-03,248.40548706054688,139.91098022460938,30.492189407348633,23.439008712768555,70.09455871582031,101.94490051269531,85.06150817871094,93.42687225341797,24.260528564453125,34.94950866699219,116.41000366210938
2018-12-04,240.3565673828125,133.95428466796875,29.69169044494629,22.936689376831055,70.14523315429688,102.12394714355469,85.45423126220703,94.99093627929688,24.33207893371582,34.20732879638672,117.12000274658203
2018-12-06,239.99188232421875,133.66368103027344,29.3439884185791,22.567340850830078,70.21277618408203,102.30298614501953,85.67147064208984,95.28925323486328,24.40361785888672,33.89043426513672,117.13999938964844
2018-12-07,234.41549682617188,130.77613830566406,28.988201141357422,22.382665634155273,70.28874206542969,102.5673599243164,85.92218780517578,95.46664428710938,24.43938446044922,33.25666427612305,118.08999633789062
2018-12-10,234.86016845703125,130.39474487304688,28.794139862060547,22.116731643676758,70.28874206542969,102.58439636230469,85.97235107421875,95.86166381835938,24.349956512451172,32.90641403198242,117.68000030517578
2018-12-11,234.91355895996094,130.25852966308594,28.891170501708984,22.183216094970703,70.22119903564453,102.42239379882812,85.75505828857422,95.8455581665039,24.31418800354004,33.156585693359375,117.54000091552734
2018-12-12,236.0964813232422,131.50257873535156,29.43293571472168,22.567340850830078,70.21277618408203,102.2774429321289,85.5211181640625,95.41830444335938,24.341014862060547,33.69864273071289,117.79000091552734
2018-12-13,236.016357421875,129.64108276367188,29.38441276550293,22.559959411621094,70.28028106689453,102.34559631347656,85.57122802734375,95.1924819946289,24.305255889892578,33.69029998779297,117.52999877929688
2018-12-14,231.65838623046875,127.6796646118164,28.947765350341797,22.257083892822266,70.32244873046875,102.47354888916016,85.70494842529297,95.52304077148438,24.260528564453125,33.2149658203125,117.05999755859375
2018-12-17,227.1136016845703,124.83619689941406,28.72136878967285,22.050249099731445,70.3899917602539,102.66967010498047,85.95565795898438,96.07936096191406,24.323131561279297,32.90641403198242,117.87000274658203
2018-12-18,226.86459350585938,124.68133544921875,28.78803062438965,22.002696990966797,70.43143463134766,102.82855224609375,86.16748046875,96.65476989746094,24.41255760192871,33.12986755371094,118.1500015258789
2018-12-19,223.46713256835938,122.08475494384766,28.560392379760742,21.91967010498047,70.44834899902344,102.9395980834961,86.468994140625,97.931640625,24.43672752380371,32.57968521118164,117.43000030517578
2018-12-20,219.82960510253906,120.07128143310547,28.40591812133789,21.934762954711914,70.4399185180664,102.89688110351562,86.36009979248047,97.57606506347656,24.606792449951172,32.8336181640625,119.23999786376953
2018-12-21,215.32534790039062,116.95536041259766,28.007558822631836,21.75360679626465,70.49058532714844,102.97372436523438,86.43544006347656,97.55992889404297,24.418825149536133,32.605079650878906,118.72000122070312
2018-12-24,209.63580322265625,114.6867904663086,27.519763946533203,21.55735969543457,70.54975891113281,103.19581604003906,86.65320587158203,98.04479217529297,24.535184860229492,32.300357818603516,120.0199966430664
2018-12-26,220.22760009765625,120.19880676269531,28.275842666625977,22.093276977539062,70.48212432861328,102.91397857666016,86.24284362792969,96.99422454833984,24.490428924560547,32.94365692138672,119.66000366210938
2018-12-27,221.91836547851562,120.69989013671875,28.267715454101562,21.889474868774414,70.5582275390625,103.16168212890625,86.46057891845703,97.0103530883789,24.57994270324707,32.901336669921875,120.56999969482422
2018-12-28,221.63211059570312,121.04613494873047,28.373403549194336,22.176301956176758,70.65966796875,103.52899169921875,86.92951965332031,97.82659149169922,24.642606735229492,33.21452331542969,121.05999755859375
2018-12-31,223.57337951660156,121.99364471435547,28.50348472595215,22.15365982055664,70.68502044677734,103.69984436035156,87.25605773925781,98.19834899902344,24.714216232299805,33.062164306640625,121.25
2019-01-02,223.80593872070312,122.6860580444336,28.365272521972656,22.13856315612793,70.6934814453125,103.84503173828125,87.44032287597656,98.71556091308594,24.70526695251465,33.14680099487305,121.33000183105469
2019-01-03,218.46534729003906,120.49034881591797,28.040081024169922,22.002696990966797,70.83720397949219,104.43446350097656,88.13536071777344,99.83890533447266,24.81266975402832,32.54583740234375,122.43000030517578
2019-01-04,225.78297424316406,124.9910888671875,28.90997314453125,22.614089965820312,70.68502044677734,103.8536148071289,87.423583984375,98.68321228027344,24.79477882385254,33.595420837402344,121.44000244140625
2019-01-07,227.56321716308594,127.1777114868164,29.048189163208008,22.614089965820312,70.63431549072266,103.6485595703125,87.18072509765625,98.39225006103516,24.839521408081055,33.671600341796875,121.86000061035156
2019-01-08,229.7012176513672,129.12744140625,29.251434326171875,22.749958038330078,70.59203338623047,103.46064758300781,86.96305847167969,98.13371276855469,24.767921447753906,33.7985725402832,121.52999877929688
2019-01-09,230.77474975585938,130.193359375,29.66606330871582,22.96885108947754,70.62584686279297,103.54605865478516,87.0132827758789,97.9801254272461,24.97380256652832,34.39954376220703,122.30999755859375
2019-01-10,231.5887908935547,130.8675537109375,29.64980125427246,23.066978454589844,70.63431549072266,103.52899169921875,86.97142028808594,97.34976196289062,24.929040908813477,34.64501190185547,121.58999633789062
2019-01-11,231.67831420898438,130.9040069580078,29.414037704467773,23.074520111083984,70.67655181884766,103.71691131591797,87.23099517822266,97.72959899902344,24.866382598876953,34.47572326660156,121.80000305175781
2019-01-14,230.26480102539062,129.60121154785156,29.31647491455078,22.92356300354004,70.67655181884766,103.69984436035156,87.18072509765625,97.36592102050781,24.893238067626953,34.18792724609375,122.08999633789062
2019-01-15,232.9038543701172,130.6944580078125,29.31647491455078,23.036785125732422,70.70195770263672,103.6571273803711,87.09697723388672,97.0103530883789,24.839521408081055,34.424930572509766,121.87999725341797
2019-01-16,233.46743774414062,131.66934204101562,29.37338638305664,22.96885108947754,70.68502044677734,103.62297821044922,87.04676818847656,97.10733795166016,24.821622848510742,34.8481559753418,122.2699966430664
2019-01-17,235.23870849609375,132.86280822753906,29.43842315673828,23.157554626464844,70.67655181884766,103.50334930419922,86.88764953613281,97.13158416748047,24.785816192626953,35.000518798828125,122.11000061035156
2019-01-18,238.3697052001953,134.2294464111328,29.853055953979492,23.3689022064209,70.61740112304688,103.28982543945312,86.6113052368164,96.62248992919922,24.696304321289062,35.16981506347656,121.0199966430664
2019-01-22,235.1492156982422,132.10662841796875,29.454683303833008,23.097171783447266,70.67655181884766,103.50334930419922,86.91277313232422,97.27708435058594,24.696304321289062,34.56037139892578,121.44999694824219
2019-01-23,235.64125061035156,131.7422332763672,29.682321548461914,23.263225555419922,70.65966796875,103.46064758300781,86.87094116210938,97.23664855957031,24.776870727539062,34.91587448120117,121.27999877929688
2019-01-24,235.76644897460938,132.53485107421875,29.73923110961914,23.165102005004883,70.71885681152344,103.6571273803711,87.14726257324219,97.87506866455078,24.750019073486328,35.254451751708984,121.08999633789062
2019-01-25,237.7613525390625,134.23855590820312,30.202634811401367,23.323610305786133,70.66810607910156,103.50334930419922,86.94623565673828,97.40636444091797,24.911134719848633,35.72000503540039,122.86000061035156
2019-01-28,235.95436096191406,133.51881408691406,30.121334075927734,23.157554626464844,70.67655181884766,103.52043151855469,86.97142028808594,97.30941009521484,24.93799591064453,35.34756088256836,123.29000091552734
2019-01-29,235.64125061035156,133.19996643066406,30.202634811401367,23.31606101989746,70.71037292480469,103.7340087890625,87.22261810302734,97.80235290527344,24.929040908813477,35.40681838989258,123.9800033569336
2019-01-30,239.3716583251953,134.6576690673828,30.50344467163086,23.625534057617188,70.80337524414062,103.94755554199219,87.423583984375,97.72959899902344,25.054357528686523,36.17708206176758,124.69000244140625
2019-01-31,241.4739227294922,135.8056182861328,30.3652400970459,23.768953323364258,70.86254119873047,104.23794555664062,87.82555389404297,98.57007598876953,25.063304901123047,36.48179626464844,124.75
2019-02-01,241.59027099609375,135.91497802734375,30.38962745666504,23.851978302001953,70.77952575683594,103.86993408203125,87.35562133789062,97.97474670410156,25.060611724853516,36.19400405883789,124.5
2019-02-04,243.28990173339844,137.53668212890625,30.47092628479004,23.919912338256836,70.77952575683594,103.75870513916016,87.16260528564453,97.53740692138672,24.962060928344727,36.253265380859375,123.95999908447266
2019-02-05,244.30970764160156,137.6824493408203,30.76358985900879,24.13125991821289,70.77952575683594,103.86141967773438,87.31360626220703,97.98287963867188,24.9351863861084,36.752662658691406,124.27999877929688
2019-02-06,243.98757934570312,137.50933837890625,30.674161911010742,24.040679931640625,70.81341552734375,103.92987823486328,87.38081359863281,98.03148651123047,24.87246322631836,36.253265380859375,123.44000244140625
2019-02-07,241.66177368164062,136.37957763671875,30.056297302246094,23.935009002685547,70.86421966552734,104.1181411743164,87.6661148071289,98.67942810058594,24.899343490600586,35.88928985595703,123.73999786376953
2019-02-08,241.95697021484375,136.52542114257812,29.869312286376953,23.919912338256836,70.88964080810547,104.19515228271484,87.78357696533203,99.10060119628906,24.899343490600586,35.68614196777344,124.20999908447266
2019-02-11,242.09115600585938,137.66424560546875,29.869312286376953,23.7764949798584,70.86421966552734,104.10102844238281,87.64932250976562,98.71185302734375,24.747026443481445,35.56764221191406,123.5999984741211
2019-02-12,245.204345703125,139.38616943359375,30.275800704956055,23.950101852416992,70.85576629638672,104.00688171386719,87.53182983398438,98.46073913574219,24.791826248168945,35.8638916015625,123.86000061035156
2019-02-13,246.0004425048828,139.77793884277344,30.235153198242188,24.00293731689453,70.80493927001953,103.85286712646484,87.31360626220703,98.088134765625,24.72014617919922,35.60995864868164,123.37000274658203
2019-02-14,245.45480346679688,140.09681701660156,30.14572525024414,24.00293731689453,70.89811706542969,104.1352767944336,87.72484588623047,98.64702606201172,24.73807144165039,35.677677154541016,124.05999755859375
2019-02-15,248.1295623779297,142.32896423339844,30.72294807434082,24.319965362548828,70.86421966552734,104.06681060791016,87.64093017578125,98.80091857910156,24.791826248168945,35.626888275146484,124.80000305175781
2019-02-19,248.5589599609375,142.72071838378906,30.836769104003906,24.448278427124023,70.9150390625,104.19515228271484,87.79196166992188,99.05203247070312,24.87246322631836,35.90621566772461,126.69999694824219
2019-02-20,249.05990600585938,143.3948974609375,30.99123191833496,24.584142684936523,70.90658569335938,104.18661499023438,87.77519226074219,98.76860046386719,24.863510131835938,36.1093635559082,126.4800033569336
2019-02-21,248.17425537109375,142.84825134277344,30.90180015563965,24.425636291503906,70.88115692138672,104.02400207519531,87.51508331298828,97.88565063476562,24.827659606933594,36.03318405151367,125.05000305175781
2019-02-22,249.71295166015625,144.0873565673828,30.99123191833496,24.501113891601562,70.93197631835938,104.20374298095703,87.77519226074219,98.46886444091797,24.890382766723633,36.43101501464844,125.5
2019-02-25,250.0529022216797,144.12384033203125,31.064407348632812,24.516210556030273,70.92353057861328,104.1352767944336,87.64093017578125,98.1772689819336,24.881418228149414,36.83730697631836,125.37000274658203
2019-02-26,249.8739776611328,143.13067626953125,31.2595272064209,24.727554321289062,70.95742797851562,104.3064193725586,87.90106201171875,98.66320037841797,24.962060928344727,36.71034240722656,125.58000183105469
2019-02-27,249.7666778564453,143.33116149902344,31.137575149536133,24.69736671447754,70.94041442871094,104.1352767944336,87.59054565429688,97.54545593261719,24.926227569580078,36.39714813232422,124.69000244140625
2019-02-28,249.30148315429688,142.83917236328125,31.316436767578125,24.584142684936523,70.92353057861328,104.00688171386719,87.3639907836914,97.2134017944336,24.791826248168945,35.92314910888672,123.98999786376953
2019-03-01,250.85804748535156,144.16937255859375,31.592853546142578,24.629436492919922,70.87598419189453,103.78227233886719,87.07732391357422,96.31482696533203,24.73443603515625,35.96546936035156,121.87999725341797
2019-03-04,249.94552612304688,142.86647033691406,31.438379287719727,24.569047927856445,70.89298248291016,103.96231079101562,87.34632873535156,97.06970977783203,24.68958282470703,36.01625061035156,121.55999755859375
2019-03-05,249.60565185546875,142.20140075683594,31.413990020751953,24.704912185668945,70.90145874023438,103.97946166992188,87.39676666259766,97.27259826660156,24.66268539428711,36.37176513671875,121.72000122070312
2019-03-06,248.09384155273438,139.4135284423828,31.34895133972168,24.735107421875,70.95236206054688,104.16809844970703,87.64061737060547,97.62975311279297,24.725460052490234,36.16862106323242,121.61000061035156
2019-03-07,246.0183868408203,138.192626953125,30.796119689941406,24.47092056274414,71.01171875,104.4167251586914,87.93486022949219,98.26288604736328,24.671653747558594,35.49992370605469,121.51000213623047
2019-03-08,245.5263214111328,138.1562042236328,30.877422332763672,24.372798919677734,71.03720092773438,104.4938735961914,88.06101989746094,98.67686462402344,24.743398666381836,35.245994567871094,122.83999633789062
2019-03-11,249.0868377685547,140.57058715820312,31.121313095092773,24.584142684936523,71.02022552490234,104.42528533935547,87.99371337890625,98.38461303710938,24.788225173950195,35.90621566772461,122.23999786376953
2019-03-12,250.0260467529297,140.64344787597656,31.145708084106445,24.53885269165039,71.0456771850586,104.57962799072266,88.23753356933594,99.07457733154297,24.842050552368164,36.09244155883789,122.9800033569336
2019-03-13,251.68099975585938,141.19921875,31.422122955322266,24.87851905822754,71.05419921875,104.57962799072266,88.20394897460938,98.88788604736328,24.90481948852539,36.13475036621094,123.83999633789062
2019-03-14,251.52000427246094,140.62527465820312,31.544076919555664,24.961545944213867,71.07115173339844,104.51960754394531,88.07781982421875,98.17362213134766,24.859981536865234,35.94007110595703,122.41000366210938
2019-03-15,252.76275634765625,140.99879455566406,31.926176071166992,25.22573471069336,71.0965805053711,104.69107055664062,88.35520935058594,98.82296752929688,24.895854949951172,36.46487045288086,122.97000122070312
2019-03-18,253.67910766601562,141.9007568359375,32.05625534057617,25.36159896850586,71.07962799072266,104.61388397216797,88.23753356933594,98.76616668701172,24.958637237548828,36.87117004394531,123.04000091552734
2019-03-19,253.74208068847656,141.18096923828125,32.2351188659668,25.4144344329834,71.07115173339844,104.56248474121094,88.1787109375,98.54701232910156,25.003477096557617,36.88809585571289,123.37999725341797
2019-03-20,252.97836303710938,140.00442504882812,32.21885681152344,25.316307067871094,71.1729507446289,105.02543640136719,88.79243469238281,99.5777816772461,25.146970748901367,36.94734573364258,124.18000030517578
2019-03-21,255.83555603027344,141.84056091308594,32.09690475463867,25.271018981933594,71.1729507446289,104.9739990234375,88.75041961669922,99.79695892333984,25.084186553955078,36.99812316894531,123.68000030517578
2019-03-22,250.91171264648438,136.67918395996094,31.16196632385254,24.87851905822754,71.29174041748047,105.4455337524414,89.40621948242188,101.34732055664062,25.173877716064453,35.9146842956543,123.97000122070312
2019-03-25,250.72308349609375,137.2821502685547,31.186363220214844,24.84078025817871,71.36808013916016,105.66844940185547,89.6332015991211,101.50967407226562,25.209747314453125,35.99932098388672,124.91999816894531
2019-03-26,252.5919952392578,138.7255096435547,31.26766014099121,24.954002380371094,71.35958099365234,105.6255874633789,89.55752563476562,101.43658447265625,25.1290283203125,36.1093635559082,124.30000305175781
2019-03-27,251.27114868164062,138.1865234375,31.3408260345459,25.02193260192871,71.4189682006836,105.8056640625,89.81819152832031,102.37003326416016,25.084186553955078,35.72000503540039,123.6500015258789
2019-03-28,252.22360229492188,139.41970825195312,31.186363220214844,24.863426208496094,71.41047668457031,105.76273345947266,89.8265609741211,102.72716522216797,25.039342880249023,35.95700454711914,121.9000015258789
2019-03-29,253.8140411376953,139.84909057617188,31.381467819213867,24.916255950927734,71.36808013916016,105.6255874633789,89.68364715576172,102.62975311279297,25.01244354248047,36.329437255859375,122.01000213623047
2019-04-01,256.82403564453125,141.3746795654297,31.796100616455078,25.248374938964844,71.29499053955078,105.22101593017578,89.06696319580078,101.17202758789062,24.938798904418945,36.930416107177734,121.52999877929688
2019-04-02,256.9499206542969,141.0092315673828,31.90178680419922,25.391788482666016,71.32896423339844,105.35843658447266,89.2186050415039,101.3591537475586,24.96575164794922,36.811920166015625,121.9800033569336
2019-04-03,257.3542175292969,141.74009704589844,32.2351188659668,25.542749404907227,71.29499053955078,105.21241760253906,88.94055938720703,100.4805908203125,24.947786331176758,37.06585693359375,121.80000305175781
2019-04-04,258.0370178222656,142.43435668945312,32.22698211669922,25.45217514038086,71.31196594238281,105.26396942138672,89.03327178955078,100.76528930664062,24.938798904418945,37.29438781738281,122.11000061035156
2019-04-05,259.2859802246094,143.7680206298828,32.324546813964844,25.512561798095703,71.30347442626953,105.28975677490234,89.07537078857422,100.89549255371094,24.920841217041016,37.58218765258789,121.9800033569336
2019-04-08,259.48358154296875,143.53053283691406,32.324546813964844,25.557849884033203,71.28651428222656,105.19525146484375,88.93216705322266,100.53750610351562,24.974720001220703,37.58218765258789,122.51000213623047
2019-04-09,258.1539001464844,141.776611328125,32.11316680908203,25.4144344329834,71.29499053955078,105.28975677490234,89.09220886230469,100.854736328125,25.028610229492188,37.50600051879883,123.1500015258789
2019-04-10,259.0343322753906,143.70408630371094,32.25136947631836,25.497461318969727,71.3544692993164,105.43572235107422,89.30284881591797,101.0988540649414,25.118410110473633,37.68375015258789,123.52999877929688
2019-04-11,258.96240234375,143.52139282226562,32.316410064697266,25.46727180480957,71.31196594238281,105.28975677490234,89.10070037841797,100.50496673583984,25.010650634765625,37.2774543762207,121.94999694824219
2019-04-12,260.714599609375,144.0421142578125,32.65787124633789,25.61823081970215,71.26947784423828,105.00629425048828,88.68781280517578,99.78915405273438,25.00166130065918,37.54832077026367,121.83000183105469
2019-04-15,260.5437927246094,143.57620239257812,32.67412185668945,25.603137969970703,71.27798461914062,105.07502746582031,88.8057861328125,100.04126739501953,25.010650634765625,37.35364532470703,121.5999984741211
2019-04-16,260.714599609375,143.91419982910156,32.73103713989258,25.56539535522461,71.26947784423828,104.89460754394531,88.50247955322266,99.4149398803711,24.947786331176758,37.632957458496094,120.51000213623047
2019-04-17,260.07672119140625,142.59877014160156,32.95868682861328,25.610685348510742,71.29499053955078,104.94612121582031,88.51934051513672,99.45557403564453,24.920841217041016,37.74300765991211,120.27999877929688
2019-04-18,260.5887145996094,142.17855834960938,32.86924743652344,25.520111083984375,71.31196594238281,105.07502746582031,88.72998046875,99.9762191772461,24.89389991760254,37.717613220214844,120.37000274658203
2019-04-22,260.8133544921875,141.80398559570312,32.934288024902344,25.55030059814453,71.32048797607422,105.02342987060547,88.60359191894531,99.49627685546875,24.90288543701172,37.47214126586914,120.37000274658203
2019-04-23,263.15863037109375,143.94163513183594,32.852989196777344,25.557849884033203,71.3544692993164,105.16088104248047,88.76365661621094,99.70774841308594,24.81307029724121,37.556793212890625,120.12000274658203
2019-04-24,262.57452392578125,144.38922119140625,32.59283447265625,25.354047775268555,71.39698791503906,105.40140533447266,89.10070037841797,100.52122497558594,24.786134719848633,37.04891586303711,120.47000122070312
2019-04-25,262.4127197265625,143.1925506591797,32.50340270996094,25.263473510742188,71.39698791503906,105.31552124023438,88.99113464355469,100.37480926513672,24.696334838867188,36.99812316894531,120.56999969482422
2019-04-26,263.6347351074219,144.5811004638672,32.568443298339844,25.301212310791016,71.47347259521484,105.5302734375,89.22703552246094,100.71646881103516,24.804105758666992,37.14202880859375,121.37000274658203
2019-04-29,264.04803466796875,145.2753448486328,32.77169418334961,25.354047775268555,71.447998046875,105.41857147216797,89.04165649414062,100.07384490966797,24.822046279907227,37.21821212768555,120.83000183105469
2019-04-30,264.182861328125,144.599365234375,32.95054626464844,25.482364654541016,71.49897766113281,105.57318878173828,89.2186050415039,100.58634185791016,24.875944137573242,37.184349060058594,121.19999694824219
2019-05-01,262.1971435546875,143.22906494140625,32.739173889160156,25.195539474487305,71.43596649169922,105.4596176147461,89.17807006835938,101.0012435913086,24.8642635345459,36.905029296875,120.4000015258789
2019-05-02,261.631103515625,143.8959197998047,32.58470153808594,25.16534996032715,71.40190124511719,105.27888488769531,88.92481231689453,100.52031707763672,24.80133056640625,36.98966598510742,119.94000244140625
2019-05-03,264.1918640136719,146.64561462402344,32.86924743652344,25.56539535522461,71.42745208740234,105.35633850097656,89.0429916381836,100.80561828613281,24.8642635345459,37.429813385009766,120.6500015258789
2019-05-06,263.1047058105469,146.81008911132812,32.50340270996094,25.354047775268555,71.47002410888672,105.53700256347656,89.27095031738281,101.082763671875,24.85526466369629,36.65955352783203,120.80999755859375
2019-05-07,258.7109375,143.90505981445312,31.85300064086914,24.85587501525879,71.5041275024414,105.71775817871094,89.5748062133789,101.85719299316406,24.918190002441406,35.94007110595703,121.20999908447266
2019-05-08,258.3514099121094,143.20166015625,32.03999328613281,24.870973587036133,71.49561309814453,105.60591888427734,89.40602111816406,101.41699981689453,24.927181243896484,35.88928985595703,120.91000366210938
2019-05-09,257.56982421875,142.6809844970703,31.828615188598633,24.81813621520996,71.53815460205078,105.78661346435547,89.64237976074219,101.83275604248047,24.954145431518555,35.32217025756836,121.19999694824219
2019-05-10,258.8636169433594,143.07376098632812,32.05625534057617,24.90871238708496,71.55517578125,105.74356842041016,89.58329772949219,101.69415283203125,24.945154190063477,35.53377914428711,121.43000030517578
2019-05-13,252.35829162597656,138.51539611816406,31.25138282775879,24.425636291503906,71.64037322998047,106.1221923828125,90.03070068359375,102.49301147460938,24.954145431518555,34.3487548828125,122.66999816894531
2019-05-14,254.6405487060547,140.26016235351562,31.592853546142578,24.644529342651367,71.64037322998047,106.07058715820312,89.9462661743164,102.19144439697266,24.954145431518555,34.83123016357422,122.45999908447266
2019-05-15,256.132080078125,140.71694946289062,31.779848098754883,24.69736671447754,71.69143676757812,106.2943115234375,90.23332214355469,102.8191146850586,24.963125228881836,34.898948669433594,122.38999938964844
2019-05-16,258.5043029785156,141.5939178466797,32.08064270019531,24.833234786987305,71.64888000488281,106.1824722290039,90.05601501464844,102.47674560546875,24.927181243896484,34.72966003417969,121.51000213623047
2019-05-17,256.83306884765625,139.62069702148438,31.877397537231445,24.66717529296875,71.66590118408203,106.20823669433594,90.09819030761719,102.7049789428711,24.85526466369629,34.1032829284668,120.6500015258789
2019-05-20,255.1348114013672,138.65235900878906,31.576589584350586,24.5539493560791,71.63182830810547,106.06197357177734,89.9462661743164,102.49301147460938,24.828310012817383,33.959388732910156,120.63999938964844
2019-05-21,257.4349365234375,140.51596069335938,31.787975311279297,24.689817428588867,71.59776306152344,105.94148254394531,89.844970703125,102.33000946044922,24.78335189819336,34.391075134277344,120.36000061035156
2019-05-22,256.6443176269531,139.33753967285156,31.682287216186523,24.49356460571289,71.63182830810547,106.17385864257812,90.11511993408203,102.91695404052734,24.837276458740234,34.2217903137207,120.23999786376953
2019-05-23,253.50852966308594,136.46910095214844,31.275785446166992,24.184097290039062,71.7596435546875,106.56967163085938,90.66380310058594,104.07453155517578,24.945154190063477,33.781639099121094,121.16999816894531
2019-05-24,254.0836181640625,137.74803161621094,31.592853546142578,24.455825805664062,71.73406219482422,106.53524780273438,90.63851165771484,104.16415405273438,25.088991165161133,33.81549072265625,121.30000305175781
2019-05-28,251.72032165527344,136.65176391601562,31.300172805786133,24.21428680419922,71.79366302490234,106.77623748779297,91.0352554321289,104.91414642333984,25.053024291992188,33.933990478515625,120.83000183105469
2019-05-29,250.03118896484375,135.50990295410156,30.983108520507812,24.018035888671875,71.80213928222656,106.73316192626953,91.00148010253906,105.23207092285156,25.02606201171875,34.15407943725586,120.87000274658203
2019-05-30,250.71414184570312,135.13539123535156,31.15383529663086,24.10106658935547,71.86180877685547,106.9655532836914,91.33071899414062,106.1369400024414,25.035049438476562,34.34028625488281,121.69000244140625
2019-05-31,247.33554077148438,133.24444580078125,30.82863998413086,23.919912338256836,72.01506805419922,107.48188018798828,91.93853759765625,107.46569061279297,25.160900115966797,34.458797454833984,123.33000183105469
2019-06-03,246.70664978027344,133.71029663085938,31.056283950805664,23.972749710083008,72.15078735351562,107.85773468017578,92.38088989257812,108.18451690673828,25.3129825592041,34.771976470947266,125.11000061035156
2019-06-04,252.061767578125,137.17254638671875,31.576589584350586,24.25202751159668,72.0995864868164,107.65083312988281,92.04251861572266,106.95103454589844,25.375967025756836,34.8481559753418,125.1500015258789
2019-06-05,254.2453155517578,137.19993591308594,31.519683837890625,24.229381561279297,72.1336898803711,107.74564361572266,92.04251861572266,106.34656524658203,25.429954528808594,34.5688362121582,125.47000122070312
2019-06-06,255.89859008789062,136.8436737060547,31.625375747680664,24.425636291503906,72.09101104736328,107.64220428466797,92.02568054199219,106.68964385986328,25.51094627380371,34.58576583862305,125.87999725341797
2019-06-07,258.4593200683594,137.81195068359375,32.08064270019531,24.720008850097656,72.16783142089844,107.8750228881836,92.38931274414062,107.61271667480469,25.663923263549805,34.856624603271484,126.58999633789062
2019-06-10,259.6454162597656,138.62496948242188,32.145687103271484,24.757749557495117,72.0995864868164,107.55598449707031,91.93260955810547,106.59980010986328,25.58293914794922,35.220603942871094,125.33000183105469
2019-06-11,259.5824890136719,138.2139434814453,32.37332534790039,24.88606834411621,72.073974609375,107.5473861694336,91.93260955810547,106.66509246826172,25.600933074951172,35.61842346191406,125.18000030517578
2019-06-12,259.12420654296875,138.36917114257812,32.10503387451172,24.69736671447754,72.1336898803711,107.75428009033203,92.1694107055664,106.74683380126953,25.5289363861084,35.23752975463867,125.83000183105469
2019-06-13,260.1934509277344,139.83079528808594,32.12129592895508,24.727554321289062,72.21050262451172,107.95257568359375,92.39781951904297,107.11444091796875,25.573938369750977,35.17827224731445,126.5999984741211
2019-06-14,259.90594482421875,138.60670471191406,31.85300064086914,24.516210556030273,72.18489837646484,107.93535614013672,92.4654541015625,107.38398742675781,25.50193977355957,34.788909912109375,126.55999755859375
2019-06-17,260.0047607421875,139.56289672851562,31.8371524810791,24.446542739868164,72.15078735351562,107.9094467163086,92.44853973388672,107.57184600830078,25.429954528808594,34.926231384277344,126.4800033569336
2019-06-18,262.727294921875,141.1854705810547,32.413124084472656,24.740703582763672,72.15927124023438,107.97843170166016,92.6261978149414,108.11095428466797,25.573938369750977,35.77059555053711,127.12000274658203
2019-06-19,263.3203430175781,141.68968200683594,32.55503463745117,24.818119049072266,72.3128890991211,108.29740142822266,92.87992095947266,108.2661361694336,25.654922485351562,36.06911087036133,127.88999938964844
2019-06-20,265.8361511230469,142.35890197753906,32.87221908569336,24.99616241455078,72.3470458984375,108.3922348022461,93.03215789794922,108.5521011352539,25.861886978149414,36.59790802001953,131.11000061035156
2019-06-21,265.44970703125,141.1304931640625,32.8638801574707,24.887788772583008,72.3128890991211,108.18536376953125,92.65153503417969,107.35948944091797,25.906879425048828,36.47850036621094,131.97999572753906
2019-06-24,265.1247253417969,139.4162139892578,32.913970947265625,24.965194702148438,72.35558319091797,108.40087127685547,92.97295379638672,108.15997314453125,26.041860580444336,36.42732620239258,133.94000244140625
2019-06-25,262.52435302734375,138.5636444091797,32.66353988647461,24.864561080932617,72.3726577758789,108.52154541015625,93.11672973632812,108.49485778808594,26.041860580444336,36.05204772949219,134.1999969482422
2019-06-26,262.2626037597656,138.24278259277344,32.73032760620117,24.887788772583008,72.28733825683594,108.18536376953125,92.73612976074219,107.80056762695312,25.96087074279785,36.393211364746094,132.97000122070312
2019-06-27,263.1925354003906,140.83714294433594,32.76371383666992,24.841341018676758,72.3470458984375,108.3922348022461,93.01522827148438,108.56027221679688,25.942874908447266,36.649085998535156,132.83999633789062
2019-06-28,264.54681396484375,142.5513916015625,33.022491455078125,25.019384384155273,72.3470458984375,108.4180908203125,93.05757141113281,108.4867172241211,26.023866653442383,36.59790802001953,133.1999969482422
2019-07-01,266.9486389160156,143.10147094726562,33.097618103027344,25.14324378967285,72.30085754394531,108.32571411132812,92.94059753417969,108.23297882080078,25.876157760620117,37.03288269042969,130.6199951171875
2019-07-02,267.6437072753906,142.23057556152344,33.11430358886719,25.236135482788086,72.3436279296875,108.51570892333984,93.27103424072266,109.06782531738281,25.912185668945312,36.93907165527344,133.41000366210938
2019-07-03,269.7835998535156,143.24810791015625,33.46490478515625,25.375478744506836,72.3607177734375,108.57614135742188,93.44898223876953,109.8453369140625,26.03827667236328,36.87083435058594,133.6300048828125
2019-07-05,269.4765930175781,143.63316345214844,33.18943786621094,25.096797943115234,72.21537780761719,108.12709045410156,92.85588073730469,108.38848114013672,25.83112335205078,36.61496353149414,132.13999938964844
2019-07-08,267.99591064453125,142.2672576904297,32.980751037597656,25.02712631225586,72.18118286132812,108.01482391357422,92.7626724243164,108.53581237792969,25.795093536376953,36.393211364746094,131.2899932861328
2019-07-09,268.3299560546875,142.45977783203125,32.88057327270508,24.895526885986328,72.15554809570312,107.91983032226562,92.7033920288086,108.49488830566406,25.732046127319336,36.282344818115234,131.75
2019-07-10,269.612060546875,142.70724487304688,32.9724006652832,24.97293472290039,72.28377532958984,108.16165161132812,92.75418853759766,107.89746856689453,25.804092407226562,36.58938217163086,133.8300018310547
2019-07-11,270.2441101074219,142.01052856445312,32.92231750488281,24.980680465698242,72.24957275390625,107.90254211425781,92.29670715332031,106.45693969726562,25.687015533447266,36.521148681640625,132.6999969482422
2019-07-12,271.4539794921875,143.1106414794922,32.997440338134766,24.97293472290039,72.25813293457031,107.97161865234375,92.39836120605469,106.57971954345703,25.777082443237305,36.54672622680664,133.52999877929688
2019-07-15,271.5442199707031,142.35890197753906,33.055877685546875,24.957456588745117,72.27520751953125,108.09251403808594,92.59326171875,107.19357299804688,25.804092407226562,36.68319320678711,133.52999877929688
2019-07-16,270.66851806640625,142.3130645751953,33.00579071044922,24.818119049072266,72.24957275390625,107.928466796875,92.38987731933594,106.87432098388672,25.759071350097656,36.63203048706055,132.39999389648438
2019-07-17,268.8265075683594,141.2954864501953,32.84718322753906,24.77166748046875,72.3179931640625,108.230712890625,92.82201385498047,108.02842712402344,25.759071350097656,36.521148681640625,134.5800018310547
2019-07-18,269.8106384277344,141.82717895507812,32.93065643310547,24.895526885986328,72.40348815917969,108.48114013671875,93.05074310302734,108.03656768798828,26.011249542236328,36.74290466308594,136.47999572753906
2019-07-19,268.3118896484375,141.0113525390625,32.66353988647461,24.85681915283203,72.32656860351562,108.28253936767578,92.88130187988281,107.78285217285156,25.88515853881836,36.555267333984375,134.47000122070312
2019-07-22,268.9710388183594,140.88294982910156,32.80544662475586,24.84908103942871,72.33506774902344,108.32571411132812,92.92366790771484,107.98749542236328,25.903167724609375,36.56379318237305,134.4499969482422
2019-07-23,270.8941345214844,141.8180389404297,33.089263916015625,24.941974639892578,72.3179931640625,108.2220687866211,92.77115631103516,107.3981704711914,25.8131103515625,36.6064338684082,133.69000244140625
2019-07-24,272.1672668457031,144.1648712158203,33.16439437866211,24.84908103942871,72.33506774902344,108.28253936767578,92.90673828125,107.86465454101562,25.88515853881836,36.66614532470703,134.3699951171875
2019-07-25,270.86712646484375,142.42306518554688,32.83884048461914,24.63232421875,72.29229736328125,108.13570404052734,92.74573516845703,107.34906005859375,25.822111129760742,36.342041015625,133.4199981689453
2019-07-26,272.6819152832031,144.10987854003906,32.90562438964844,24.802635192871094,72.30085754394531,108.13570404052734,92.72879028320312,107.60276794433594,25.75005340576172,36.418800354003906,133.63999938964844
2019-07-29,272.1852722167969,143.1472625732422,32.94735336303711,24.880043029785156,72.30085754394531,108.17890930175781,92.81350708007812,107.63555145263672,25.71403694152832,36.35056686401367,134.52999877929688
2019-07-30,271.5171203613281,144.69651794433594,32.32129669189453,24.601364135742188,72.3094253540039,108.20479583740234,92.85588073730469,107.89746856689453,25.768070220947266,36.06911087036133,134.97999572753906
2019-07-31,268.5466003417969,143.52313232421875,32.129310607910156,24.41557502746582,72.30085754394531,108.24800872802734,93.0931396484375,108.7649917602539,25.687015533447266,35.625606536865234,133.2100067138672
2019-08-01,266.2081604003906,141.4421844482422,32.0374870300293,24.1291561126709,72.50643920898438,109.04299926757812,94.14898681640625,110.92510223388672,25.784379959106445,34.926231384277344,136.41000366210938
2019-08-02,264.2037048339844,139.87457275390625,31.69524383544922,23.773061752319336,72.52355194091797,109.12946319580078,94.34426879882812,111.95021057128906,25.937644958496094,34.5850715637207,135.88999938964844
2019-08-05,256.25830078125,135.67591857910156,31.07752799987793,23.130544662475586,72.66912078857422,109.7177505493164,95.15910339355469,113.88558197021484,26.018787384033203,33.30571746826172,137.7899932861328
2019-08-06,259.8518371582031,136.92269897460938,31.26117706298828,23.192472457885742,72.7033920288086,109.80428314208984,95.31190490722656,114.7959213256836,26.099929809570312,33.78334426879883,138.91000366210938
2019-08-07,260.0052490234375,136.88601684570312,31.44481658935547,23.269886016845703,72.71194458007812,109.79561614990234,95.31190490722656,114.8370132446289,26.20810890197754,33.936866760253906,141.02000427246094
2019-08-08,265.1065979003906,139.83787536621094,31.6868896484375,23.494380950927734,72.68629455566406,109.76969146728516,95.32038879394531,115.08296966552734,26.172046661376953,34.35478973388672,141.72999572753906
2019-08-09,263.3008117675781,138.07777404785156,31.503257751464844,23.293107986450195,72.64341735839844,109.62260437011719,95.17608642578125,114.85331726074219,26.172046661376953,34.005096435546875,141.25999450683594
2019-08-12,260.0955810546875,136.29014587402344,31.24448585510254,23.130544662475586,72.72052764892578,109.98593139648438,95.77871704101562,117.24800109863281,26.30727767944336,33.595706939697266,142.6300048828125
2019-08-13,264.14056396484375,137.75692749023438,31.536638259887695,23.300851821899414,72.6348876953125,109.6658706665039,95.43922424316406,116.84618377685547,26.26220703125,34.022159576416016,141.77999877929688
2019-08-14,256.33050537109375,133.90664672851562,30.543292999267578,22.75897216796875,72.72907257080078,110.00321197509766,96.07581329345703,119.4786376953125,26.298269271850586,33.041324615478516,142.75
2019-08-15,257.00775146484375,133.37493896484375,30.501554489135742,22.8441219329834,72.8832778930664,110.45307159423828,96.6869888305664,120.80716705322266,26.460542678833008,33.263065338134766,143.6999969482422
2019-08-16,260.79986572265625,136.25347900390625,30.910579681396484,23.068613052368164,72.87467956542969,110.40982055664062,96.43231201171875,119.83946990966797,26.334327697753906,33.72364044189453,142.77999877929688
2019-08-19,263.9418640136719,137.6285858154297,31.177705764770508,23.231182098388672,72.7976303100586,110.0810775756836,95.97395324707031,118.12553405761719,26.163028717041016,33.860103607177734,141.11000061035156
2019-08-20,261.91949462890625,136.73013305664062,31.027442932128906,23.07635498046875,72.84899139404297,110.34925842285156,96.39836120605469,119.3474349975586,26.32530975341797,33.92832946777344,142.2100067138672
2019-08-21,264.0502014160156,137.8577423095703,31.43647003173828,23.26214599609375,72.78047180175781,110.14164733886719,96.1436996459961,118.55189514160156,26.226139068603516,34.25242614746094,141.75999450683594
2019-08-22,263.9690246582031,137.53692626953125,31.3362979888916,23.324071884155273,72.74623107910156,109.98593139648438,95.9315185546875,117.7646713256836,26.181058883666992,33.808929443359375,141.39999389648438
2019-08-23,257.18829345703125,133.3199005126953,30.893890380859375,23.060874938964844,72.86614227294922,110.45307159423828,96.57661437988281,119.70002746582031,26.316303253173828,33.30571746826172,144.1699981689453
2019-08-26,260.03240966796875,134.78672790527344,31.169357299804688,23.09183692932129,72.83187866210938,110.37519836425781,96.48324584960938,119.21620178222656,26.271221160888672,33.48482131958008,144.19000244140625
2019-08-27,259.0120849609375,132.7882537841797,31.194393157958984,23.16151237487793,72.8575439453125,110.5828628540039,96.89918518066406,121.05321502685547,26.35236167907715,33.54452896118164,145.57000732421875
2019-08-28,260.8359375,134.33755493164062,31.169357299804688,23.192472457885742,72.87467956542969,110.60879516601562,96.93310546875,121.208984375,26.379405975341797,33.63834762573242,145.16000366210938
2019-08-29,264.1675720214844,136.69349670410156,31.553333282470703,23.35503578186035,72.84042358398438,110.49637603759766,96.74637603759766,120.74978637695312,26.316303253173828,34.01362609863281,144.1199951171875
2019-08-30,264.0502014160156,136.44598388671875,31.64515495300293,23.486637115478516,72.86614227294922,110.51363372802734,96.7718505859375,120.78260803222656,26.163028717041016,34.27802658081055,143.75
2019-09-03,262.5062561035156,134.44754028320312,31.536638259887695,23.471155166625977,72.92272186279297,110.75189971923828,96.98438262939453,120.93862915039062,26.19551658630371,34.06480026245117,145.75
2019-09-04,265.4858703613281,135.52926635742188,32.04582595825195,23.865957260131836,72.98279571533203,110.93390655517578,97.1374282836914,121.1194076538086,26.321847915649414,34.63623809814453,146.66000366210938
2019-09-05,268.8988037109375,138.05018615722656,32.27121353149414,23.92788314819336,72.81979370117188,110.34464263916016,96.3552017211914,118.9258804321289,26.16844367980957,35.0285758972168,143.13999938964844
2019-09-06,269.1064147949219,137.41773986816406,32.32964324951172,23.98206901550293,72.82840728759766,110.38800048828125,96.41475677490234,119.77204132080078,26.16844367980957,35.182090759277344,141.9199981689453
2019-09-09,269.24188232421875,139.2603759765625,32.446510314941406,23.920143127441406,72.75116729736328,110.05005645751953,95.81963348388672,117.64424896240234,26.1594295501709,35.29296875,141.38999938964844
2019-09-10,269.1787109375,141.0387725830078,32.5132942199707,24.067224502563477,72.6310806274414,109.57339477539062,95.12239837646484,115.58224487304688,26.033090591430664,35.31855010986328,140.17999267578125
2019-09-11,271.0928039550781,143.926513671875,32.60511779785156,24.245269775390625,72.6310806274414,109.50409698486328,95.0289077758789,115.37688446044922,25.960906982421875,35.56589889526367,141.02999877929688
2019-09-12,272.03173828125,143.963134765625,32.90562438964844,24.260753631591797,72.61389923095703,109.33948516845703,94.81633758544922,114.62100219726562,25.97895050048828,35.82176971435547,141.32000732421875
2019-09-13,271.8511962890625,144.210693359375,32.98909378051758,24.485244750976562,72.49382019042969,108.76754760742188,93.94908905029297,112.17280578613281,25.780433654785156,36.026466369628906,140.14999389648438
2019-09-16,271.0115661621094,144.75155639648438,32.596763610839844,24.330425262451172,72.5538558959961,109.04481506347656,94.35720825195312,113.60234069824219,25.87065887451172,35.74501419067383,141.32000732421875
2019-09-17,271.6977844238281,144.375732421875,32.738677978515625,24.46202278137207,72.5881576538086,109.20084381103516,94.60382080078125,114.21849060058594,25.93383026123047,35.74501419067383,141.60000610351562
2019-09-18,271.8602294921875,143.4864501953125,32.713623046875,24.40009117126465,72.54527282714844,109.1488265991211,94.63780212402344,114.70319366455078,25.93383026123047,35.60001754760742,140.7100067138672
2019-09-19,271.8421325683594,142.78976440429688,32.822147369384766,24.531696319580078,72.5538558959961,109.2354965209961,94.68028259277344,115.0482406616211,25.97895050048828,35.455020904541016,141.27999877929688
2019-09-20,270.5578308105469,142.4872283935547,32.713623046875,24.431058883666992,72.6310806274414,109.53876495361328,95.22444915771484,116.56812286376953,26.024080276489258,35.48914337158203,142.9499969482422
2019-09-23,270.49432373046875,142.377197265625,32.54668426513672,24.392349243164062,72.6739273071289,109.66008758544922,95.36048889160156,116.54341888427734,26.024080276489258,35.52326583862305,143.75
2019-09-24,268.3717956542969,140.2281951904297,32.37138366699219,24.206567764282227,72.75116729736328,109.9980697631836,95.83660125732422,117.94828796386719,26.1594295501709,35.14798355102539,144.50999450683594
2019-09-25,269.9591979980469,141.76455688476562,32.21277618408203,24.113670349121094,72.65678405761719,109.56478881835938,95.20740509033203,116.22303771972656,25.97895050048828,35.12239074707031,141.8300018310547
2019-09-26,269.3967590332031,140.18226623535156,32.30460739135742,24.307199478149414,72.69111633300781,109.67741394042969,95.41146850585938,116.97065734863281,25.97895050048828,35.11385726928711,141.7899932861328
2019-09-27,267.9454040527344,139.05992126464844,32.27955627441406,24.29945945739746,72.7339859008789,109.80738830566406,95.54753875732422,117.25816345214844,25.942855834960938,34.661827087402344,141.05999755859375
2019-09-30,269.1880798339844,139.22549438476562,32.46320724487305,24.330425262451172,72.768310546875,109.8767318725586,95.6240463256836,117.54573822021484,25.897743225097656,34.85799789428711,138.8699951171875
2019-10-01,265.9861755371094,136.49319458007812,32.162696838378906,24.059484481811523,72.8499526977539,110.1370849609375,95.88883209228516,117.89958190917969,25.84897232055664,34.61064910888672,139.6300048828125
2019-10-02,261.2875671386719,135.462890625,31.36134147644043,23.370519638061523,72.92730712890625,110.42351531982422,96.220947265625,118.18763732910156,25.948312759399414,34.34625244140625,141.25999450683594
2019-10-03,263.4283447265625,135.91363525390625,31.603418350219727,23.502117156982422,73.08198547363281,110.83142852783203,96.72335815429688,119.26570892333984,26.101856231689453,34.78976058959961,141.89999389648438
2019-10-04,266.9930114746094,137.2016143798828,31.87053680419922,23.680164337158203,73.0733871459961,110.91822052001953,96.91067504882812,120.14630126953125,26.137983322143555,34.94328689575195,141.89999389648438
2019-10-07,265.8410339355469,136.96243286132812,31.87888526916504,23.656944274902344,72.99604034423828,110.66651916503906,96.58708953857422,119.15047454833984,26.05669593811035,34.65330123901367,140.69000244140625
2019-10-08,261.7139587402344,134.73611450195312,31.503257751464844,23.35503578186035,73.03901672363281,110.80536651611328,96.79148864746094,119.47142791748047,26.011539459228516,34.40595626831055,141.9199981689453
2019-10-09,264.1993408203125,135.3524627685547,31.828798294067383,23.44793128967285,72.99604034423828,110.6751937866211,96.5445327758789,118.7966537475586,25.97540855407715,34.67036056518555,142.0500030517578
2019-10-10,265.9861755371094,135.89524841308594,32.112613677978516,23.78853988647461,72.91009521484375,110.25859832763672,95.93994140625,117.02722930908203,25.95734214782715,35.0285758972168,140.80999755859375
2019-10-11,268.74365234375,138.1951446533203,32.78875732421875,24.492984771728516,72.84134674072266,109.85066223144531,95.28427124023438,115.57882690429688,25.95734214782715,35.59148025512695,140.02999877929688
2019-10-14,268.4443664550781,137.68914794921875,32.74702072143555,24.29171371459961,72.8499526977539,109.92015838623047,95.54826354980469,116.41828155517578,25.948312759399414,35.43796157836914,140.58999633789062
2019-10-15,271.10198974609375,139.271484375,33.16439437866211,24.640073776245117,72.83279418945312,109.68578338623047,95.08842468261719,115.01094818115234,25.90315055847168,35.753536224365234,139.61000061035156
2019-10-16,270.66656494140625,139.41864013671875,33.26456069946289,24.609107971191406,72.86713409423828,109.84201049804688,95.27579498291016,115.15084838867188,25.97540855407715,35.85588836669922,140.41000366210938
2019-10-17,271.4648132324219,141.0653839111328,33.389774322509766,24.77940559387207,72.86713409423828,109.80730438232422,95.24169921875,114.87105560302734,26.011539459228516,35.99235153198242,140.61000061035156
2019-10-18,270.276611328125,140.393798828125,33.439857482910156,24.77166748046875,72.8929443359375,109.90274810791016,95.32686614990234,114.87105560302734,26.08379364013672,35.804710388183594,140.4600067138672
2019-10-21,272.1089172363281,141.70936584472656,33.58177185058594,24.880043029785156,72.85855102539062,109.65974426269531,94.97774505615234,114.0068588256836,26.020565032958984,36.128814697265625,139.7899932861328
2019-10-22,271.219970703125,141.86573791503906,33.39811706542969,24.84908103942871,72.88433074951172,109.7899398803711,95.19916534423828,114.67349243164062,26.02959442138672,36.15439987182617,140.1999969482422
2019-10-23,272.0090637207031,142.04051208496094,33.54836654663086,25.081314086914062,72.87571716308594,109.74649810791016,95.23319244384766,114.78875732421875,26.020565032958984,36.162933349609375,140.52999877929688
2019-10-24,272.4535217285156,141.83815002441406,33.58177185058594,25.174211502075195,72.87571716308594,109.77259826660156,95.2161636352539,114.5583267211914,26.011539459228516,36.162933349609375,141.52999877929688
2019-10-25,273.5691833496094,142.59246826171875,33.55672073364258,25.127763748168945,72.83279418945312,109.607666015625,95.01181030273438,113.9986343383789,25.939292907714844,36.418800354003906,141.86000061035156
2019-10-28,275.1111755371094,143.82521057128906,33.7153205871582,25.236135482788086,72.80694580078125,109.45144653320312,94.65419006347656,112.96171569824219,25.912193298339844,36.63203048706055,140.63999938964844
2019-10-29,275.02960205078125,144.2943878173828,33.706974029541016,25.150983810424805,72.82418823242188,109.46880340576172,94.73930358886719,113.03583526611328,25.912193298339844,36.44438552856445,140.25
2019-10-30,275.8731689453125,143.81602478027344,33.83218765258789,25.329030990600586,72.86713409423828,109.73787689208984,95.19916534423828,114.68997955322266,25.984439849853516,36.6064338684082,141.02000427246094
2019-10-31,275.13836669921875,143.0064697265625,33.740360260009766,25.181949615478516,72.99604034423828,110.19782257080078,95.80369567871094,116.23719787597656,26.12894058227539,36.31645584106445,142.42999267578125
2019-11-01,277.6872253417969,145.44435119628906,33.99078369140625,25.298067092895508,72.95301055908203,110.05094909667969,95.6229248046875,115.8793716430664,26.171443939208984,36.862308502197266,142.55999755859375
2019-11-04,278.8029479980469,146.22625732421875,34.224525451660156,25.40643882751465,72.90133666992188,109.79017639160156,95.13680267333984,114.3542251586914,26.02680015563965,37.22905349731445,142.14999389648438
2019-11-05,278.4945373535156,146.41030883789062,34.15773010253906,25.452890396118164,72.8497085571289,109.45989990234375,94.62517547607422,113.06814575195312,25.855030059814453,37.44227600097656,139.85000610351562
2019-11-06,278.5580749511719,145.56396484375,34.149383544921875,25.429668426513672,72.8927230834961,109.64242553710938,94.8980712890625,113.75234985351562,25.864072799682617,37.3228759765625,140.4499969482422
2019-11-07,279.5377197265625,145.95033264160156,34.18278503417969,25.383220672607422,72.80664825439453,109.14698028564453,94.13906860351562,111.69137573242188,25.701353073120117,37.59579849243164,138.27000427246094
2019-11-08,280.22698974609375,146.34593200683594,34.16608428955078,25.236135482788086,72.81529235839844,109.103515625,94.01117706298828,111.22145080566406,25.619985580444336,37.254638671875,137.38999938964844
2019-11-11,279.69195556640625,146.06991577148438,34.149383544921875,25.236135482788086,72.83247375488281,109.14698028564453,94.1135025024414,111.29564666748047,25.665191650390625,36.99024200439453,137.05999755859375
2019-11-12,280.2814636230469,146.1158905029297,34.149383544921875,25.282583236694336,72.84107971191406,109.21649169921875,94.1561279296875,111.80680847167969,25.592863082885742,36.75143051147461,137.42999267578125
2019-11-13,280.3721923828125,145.49034118652344,34.03253173828125,25.251619338989258,72.87551879882812,109.40774536132812,94.41197204589844,112.53225708007812,25.656150817871094,36.46997833251953,137.97999572753906
2019-11-14,280.7803649902344,145.44435119628906,34.01582717895508,25.205171585083008,72.94442749023438,109.7293701171875,94.88951110839844,113.6946792602539,25.755582809448242,36.49556350708008,138.55999755859375
2019-11-15,282.8121337890625,146.19869995117188,34.25790786743164,25.267099380493164,72.9185562133789,109.61634826660156,94.81277465820312,113.57099151611328,25.800783157348633,36.78554916381836,138.2100067138672
2019-11-18,283.020751953125,145.83070373535156,34.27459716796875,25.344512939453125,72.95301055908203,109.73806762695312,94.97480773925781,113.77706909179688,25.827909469604492,36.72584915161133,138.6199951171875
2019-11-19,282.939208984375,146.37351989746094,34.191123962402344,25.367738723754883,72.94442749023438,109.77281188964844,95.15388488769531,114.72525787353516,25.845993041992188,36.8026123046875,138.69000244140625
2019-11-20,281.8868713378906,145.82150268554688,34.01582717895508,25.112276077270508,72.97882843017578,109.99878692626953,95.50353240966797,115.912353515625,25.855030059814453,36.64054870605469,138.75999450683594
2019-11-21,281.4334411621094,145.1039276123047,33.99078369140625,25.08905601501465,72.94442749023438,109.85103607177734,95.26477813720703,115.1868667602539,25.800783157348633,36.56379318237305,138.0
2019-11-22,282.05926513671875,145.5547332763672,34.0241813659668,25.236135482788086,72.93576049804688,109.82495880126953,95.24767303466797,115.33523559570312,25.764636993408203,36.56379318237305,137.74000549316406
2019-11-25,284.2453308105469,148.6457977294922,34.14104080200195,25.584487915039062,72.94442749023438,109.83363342285156,95.29035949707031,115.67326354980469,25.728471755981445,36.93053436279297,137.0800018310547
2019-11-26,284.8892822265625,148.74696350097656,34.224525451660156,25.522560119628906,72.97882843017578,109.95533752441406,95.46942138671875,116.34933471679688,25.764636993408203,36.81965637207031,137.74000549316406
2019-11-27,286.1592712402344,149.7957305908203,34.19947052001953,25.6928653717041,72.93576049804688,109.78150939941406,95.22210693359375,116.01131439208984,25.773670196533203,36.862308502197266,137.00999450683594
2019-11-29,285.0978698730469,148.82057189941406,34.049224853515625,25.491594314575195,72.96159362792969,109.79017639160156,95.14533996582031,115.76396179199219,25.746559143066406,36.282344818115234,137.86000061035156
2019-12-02,282.6760559082031,147.36703491210938,33.723670959472656,25.313549041748047,72.939208984375,109.65267181396484,94.8037338256836,114.22046661376953,25.73478126525879,36.273807525634766,137.7899932861328
2019-12-03,280.7803649902344,146.89785766601562,33.673587799072266,25.011648178100586,73.04264068603516,110.18362426757812,95.64922332763672,116.61540985107422,25.852413177490234,36.0861701965332,139.11000061035156
2019-12-04,282.5129089355469,147.9098358154297,33.94904708862305,25.267099380493164,73.00814056396484,109.9399185180664,95.28199768066406,115.4509506225586,25.852413177490234,36.359100341796875,138.9199981689453
2019-12-05,283.020751953125,148.05699157714844,33.93235778808594,25.174211502075195,72.9736328125,109.81806945800781,95.05995178222656,114.88943481445312,25.870521545410156,36.521148681640625,139.0
2019-12-06,285.60595703125,149.7865447998047,34.14104080200195,25.468374252319336,72.9477767944336,109.62657165527344,94.76960754394531,114.25354766845703,25.798126220703125,36.734371185302734,137.6199951171875
2019-12-09,284.7078857421875,149.50132751464844,33.91566848754883,25.48385238647461,72.9477767944336,109.61781311035156,94.84647369384766,114.50125885009766,25.82526397705078,36.58938217163086,137.5800018310547
2019-12-10,284.39044189453125,149.59332275390625,34.0241813659668,25.491594314575195,72.913330078125,109.51336669921875,94.73542022705078,114.509521484375,25.834325790405273,36.71731185913086,137.97000122070312
2019-12-11,285.1977233886719,149.54730224609375,34.24956512451172,25.53804588317871,72.9736328125,109.757080078125,95.12830352783203,115.40967559814453,26.015296936035156,37.254638671875,138.9199981689453
2019-12-12,287.6559143066406,150.8352813720703,34.54172134399414,25.700605392456055,72.90470886230469,109.30445861816406,94.37679290771484,113.51025390625,25.88861656188965,37.902835845947266,138.42999267578125
2019-12-13,287.8282775878906,150.2556915283203,34.65858459472656,26.397310256958008,72.99089813232422,109.68749237060547,94.93186950683594,114.82335662841797,25.93385887145996,37.885780334472656,139.0500030517578
2019-12-16,289.8056335449219,151.31472778320312,35.0106086730957,26.94809341430664,72.9477767944336,109.4350357055664,94.48774719238281,113.79106903076172,25.97005844116211,38.20723342895508,139.0399932861328
2019-12-17,289.86907958984375,152.07186889648438,34.884891510009766,26.475317001342773,72.96505737304688,109.44374084472656,94.49633026123047,113.63420867919922,25.988155364990234,38.555686950683594,139.00999450683594
2019-12-18,289.88720703125,152.3673553466797,34.77593231201172,26.506832122802734,72.9736328125,109.33057403564453,94.2401123046875,112.70092010498047,25.89767074584961,38.764739990234375,139.02000427246094
2019-12-19,291.07550048828125,153.02288818359375,34.8094482421875,26.428037643432617,72.98837280273438,109.3976821899414,94.31365966796875,112.88123321533203,25.852413177490234,38.78217315673828,139.3800048828125
2019-12-20,292.3516540527344,153.24452209472656,34.884891510009766,26.412275314331055,72.98837280273438,109.38027954101562,94.31365966796875,113.03016662597656,25.813480377197266,38.860565185546875,139.52000427246094
2019-12-23,292.79827880859375,153.54917907714844,34.960323333740234,26.475317001342773,72.97111511230469,109.31924438476562,94.22815704345703,112.86475372314453,25.813480377197266,38.91283416748047,139.9499969482422
2019-12-24,292.8073425292969,153.9000701904297,34.9100341796875,26.538352966308594,72.97972106933594,109.43254852294922,94.39063262939453,113.18732452392578,25.840652465820312,38.825721740722656,141.27000427246094
2019-12-26,294.36602783203125,153.9000701904297,35.09442901611328,26.680185317993164,73.00562286376953,109.51972198486328,94.5274658203125,113.46028900146484,25.931217193603516,39.10447692871094,142.3800048828125
2019-12-27,294.2930603027344,153.14297485351562,35.22016525268555,26.774742126464844,73.05742645263672,109.71149444580078,94.66429901123047,113.58433532714844,26.030851364135742,39.26128005981445,142.3300018310547
2019-12-30,292.6706237792969,152.75515747070312,34.960323333740234,26.64078712463379,73.0833511352539,109.73766326904297,94.60443878173828,113.1707992553711,25.994625091552734,38.99995040893555,142.6300048828125
2019-12-31,293.3815612792969,152.96751403808594,35.1363410949707,26.869295120239258,73.07469940185547,109.6156234741211,94.26234436035156,112.06241607666016,26.094257354736328,39.08705520629883,142.89999389648438
2020-01-02,296.1253356933594,153.06907653808594,35.57218933105469,26.908689498901367,73.10922241210938,109.80741882324219,94.69847869873047,113.32796478271484,26.06707763671875,39.8797721862793,143.9499969482422
2020-01-03,293.8829345703125,152.46890258789062,35.06929016113281,26.6644287109375,73.16962432861328,110.15609741210938,95.33135986328125,115.07324981689453,26.076141357421875,39.13932418823242,145.86000061035156
2020-01-06,295.004150390625,152.67202758789062,35.16149139404297,26.82990074157715,73.1437759399414,110.0950698852539,95.22875213623047,114.41974639892578,26.121423721313477,39.04349899291992,147.38999938964844
2020-01-07,294.17462158203125,152.16421508789062,34.96870422363281,26.65654754638672,73.1437759399414,110.05148315429688,95.09188079833984,113.8573226928711,26.03990364074707,39.01736831665039,147.97000122070312
2020-01-08,295.7425231933594,152.63511657714844,35.11958312988281,26.680185317993164,73.10922241210938,109.90325164794922,94.86952209472656,113.10464477539062,25.958389282226562,39.24386978149414,146.86000061035156
2020-01-09,297.7477111816406,152.8197784423828,35.253684997558594,26.695945739746094,73.11787414550781,109.90325164794922,94.93795013427734,113.50167846679688,25.876869201660156,39.505191802978516,146.02999877929688
2020-01-10,296.890869140625,152.24728393554688,35.11958312988281,26.498952865600586,73.13516235351562,110.00787353515625,95.14322662353516,114.51077270507812,25.949338912963867,39.714263916015625,146.91000366210938
2020-01-13,298.9328308105469,153.2352752685547,35.2620735168457,26.56987190246582,73.12648010253906,109.94689178466797,95.03204345703125,114.16336059570312,25.913105010986328,40.33275604248047,145.82000732421875
2020-01-14,298.47698974609375,153.7985076904297,35.253684997558594,26.6644287109375,73.13516235351562,110.0602035522461,95.2201919555664,114.75060272216797,25.867816925048828,40.106266021728516,145.69000244140625
2020-01-15,299.151611328125,154.5371551513672,35.16149139404297,26.6644287109375,73.16962432861328,110.18223571777344,95.45964813232422,115.5115966796875,25.958389282226562,39.792667388916016,146.5399932861328
2020-01-16,301.6399230957031,156.53155517578125,35.345890045166016,26.75897979736328,73.16962432861328,110.10379028320312,95.26295471191406,115.14774322509766,25.92216682434082,40.0452880859375,146.30999755859375
2020-01-17,302.578857421875,156.10684204101562,35.45485305786133,26.861413955688477,73.19559478759766,110.08631896972656,95.18598175048828,114.16336059570312,25.894990921020508,40.27177810668945,146.5800018310547
2020-01-21,301.9862976074219,154.81419372558594,35.16149139404297,26.57775115966797,73.21286010742188,110.33912658691406,95.56231689453125,115.36275482177734,25.92216682434082,39.252567291259766,146.74000549316406
2020-01-22,302.02288818359375,154.7126007080078,35.06929016113281,26.688064575195312,73.23009490966797,110.3565902709961,95.57935333251953,115.7680435180664,25.96744155883789,39.57488250732422,146.7899932861328
2020-01-23,302.36920166015625,154.61102294921875,34.97709274291992,26.57775115966797,73.25601196289062,110.49605560302734,95.81884002685547,116.57866668701172,25.958389282226562,39.16545867919922,147.1199951171875
2020-01-24,299.6802673339844,152.708984375,34.87651443481445,26.522594451904297,73.28192138671875,110.68781280517578,96.16091918945312,117.52154541015625,26.003677368164062,38.85185241699219,147.97999572753906
2020-01-27,294.87646484375,150.97314453125,34.10538864135742,25.963146209716797,73.35964965820312,111.07134246826172,96.81087493896484,119.34962463378906,26.076141357421875,37.51033401489258,148.99000549316406
2020-01-28,297.9666442871094,152.2288360595703,34.49094772338867,26.144376754760742,73.32512664794922,110.92316436767578,96.48593139648438,118.41490173339844,26.003677368164062,37.82394027709961,147.66000366210938
2020-01-29,297.720458984375,151.36093139648438,34.54962158203125,26.128618240356445,73.3941650390625,111.19337463378906,96.9477310180664,119.57292938232422,26.076141357421875,38.00687789916992,148.4600067138672
2020-01-30,298.6866149902344,151.36093139648438,34.524471282958984,26.112855911254883,73.40283203125,111.28929138183594,97.0417709350586,119.5894546508789,26.094257354736328,37.440643310546875,148.47000122070312
2020-01-31,293.2630310058594,148.22157287597656,33.92937088012695,25.718873977661133,73.497802734375,111.62923431396484,97.529296875,120.68128204345703,26.20293617248535,36.682777404785156,149.3300018310547
2020-02-03,295.4416809082031,149.87435913085938,34.06348419189453,25.52189064025879,73.47618103027344,111.51487731933594,97.4462661743164,120.58349609375,26.100492477416992,37.092201232910156,148.36000061035156
2020-02-04,299.94451904296875,152.1365203857422,34.63344192504883,25.923749923706055,73.39837646484375,111.18310546875,96.8810043334961,118.9596176147461,26.027969360351562,38.05043411254883,146.42999267578125
2020-02-05,303.4084167480469,154.4817657470703,35.01899337768555,26.08133888244629,73.34649658203125,110.9474105834961,96.46141815185547,117.6588363647461,25.901046752929688,38.268211364746094,146.61000061035156
2020-02-06,304.4292297363281,154.130859375,35.19501876831055,26.010417938232422,73.3637466430664,110.95611572265625,96.52991485595703,118.1891860961914,25.873849868774414,38.30305099487305,147.39999389648438
2020-02-07,302.8066711425781,152.23806762695312,34.89327621459961,25.711000442504883,73.40699005126953,111.21802520751953,96.99235534667969,119.66386413574219,25.864782333374023,37.77166748046875,147.7899932861328
2020-02-10,305.0672912597656,153.09677124023438,34.960323333740234,25.805553436279297,73.44160461425781,111.38391876220703,97.18075561523438,119.99525451660156,25.919178009033203,37.98073196411133,148.1699981689453
2020-02-11,305.5960693359375,154.1586151123047,35.186641693115234,26.018301010131836,73.40699005126953,111.22677612304688,96.94950866699219,119.39045715332031,25.901046752929688,38.47726821899414,147.66000366210938
2020-02-12,307.5648193359375,155.22044372558594,35.37104034423828,26.215290069580078,73.37237548828125,111.07833862304688,96.701171875,118.78565216064453,25.88292121887207,38.99995040893555,147.5399932861328
2020-02-13,307.2366943359375,155.62667846679688,35.1363410949707,26.057695388793945,73.38973236083984,111.1307144165039,96.78682708740234,119.24134063720703,25.84665298461914,38.485984802246094,148.3800048828125
2020-02-14,307.7288818359375,155.02651977539062,35.15311050415039,25.939502716064453,73.42427825927734,111.21802520751953,97.02659606933594,119.76326751708984,25.837594985961914,38.50341033935547,149.0
2020-02-18,306.93585205078125,154.69415283203125,34.99385070800781,25.813430786132812,73.45024108886719,111.35774230957031,97.18075561523438,120.58349609375,25.855722427368164,38.25078582763672,150.91000366210938
2020-02-19,308.4034423828125,155.48817443847656,35.228546142578125,25.900108337402344,73.45887756347656,111.31407165527344,97.16365051269531,120.57527160644531,25.755996704101562,38.529541015625,151.7899932861328
2020-02-20,307.136474609375,155.86672973632812,35.002235412597656,25.79767417907715,73.47618103027344,111.50614166259766,97.4462661743164,121.51978302001953,25.674400329589844,37.928470611572266,152.41000366210938
2020-02-21,303.9734802246094,154.2878875732422,34.79269027709961,25.766155242919922,73.53670501708984,111.75056457519531,97.84014892578125,122.65482330322266,25.828519821166992,37.710689544677734,154.6999969482422
2020-02-24,293.8921203613281,149.64356994628906,33.28397750854492,24.72605323791504,73.65777587890625,112.28315734863281,98.60231018066406,124.48590087890625,25.919178009033203,36.299476623535156,156.08999633789062
2020-02-25,284.98651123046875,144.32518005371094,32.496089935302734,24.19812774658203,73.73561096191406,112.48395538330078,98.87635803222656,125.14873504638672,25.96451187133789,36.01201248168945,153.3000030517578
2020-02-26,283.9382629394531,142.6539764404297,32.52961730957031,24.13508415222168,73.78753662109375,112.50143432617188,98.8249740600586,124.48590087890625,25.88292121887207,36.299476623535156,153.97000122070312
2020-02-27,271.18609619140625,137.63101196289062,31.607624053955078,23.22105598449707,73.87398529052734,112.86808776855469,99.30455017089844,125.83641815185547,25.973575592041016,35.42836380004883,154.0
2020-02-28,270.0467834472656,135.11036682128906,31.423219680786133,23.08710289001465,74.1421127319336,113.74116516113281,100.41780090332031,128.6782684326172,26.209285736083984,35.297698974609375,148.3800048828125
2020-03-02,281.741455078125,139.44996643066406,32.035091400146484,23.26833724975586,74.11178588867188,113.58465576171875,100.34923553466797,127.73146057128906,26.313640594482422,36.06428146362305,149.1999969482422
2020-03-03,273.6745910644531,136.60617065429688,31.599245071411133,22.976791381835938,74.40624237060547,114.52886199951172,101.5152816772461,129.71463012695312,26.54047203063965,35.82036590576172,153.88999938964844
2020-03-04,285.17791748046875,140.49339294433594,32.71401596069336,23.898700714111328,74.4148941040039,114.4502182006836,101.2923812866211,128.33721923828125,26.495101928710938,36.4562873840332,154.16000366210938
2020-03-05,275.69818115234375,136.0244598388672,31.557334899902344,23.205299377441406,74.57079315185547,114.92230224609375,102.19261169433594,131.53170776367188,26.70380401611328,35.689697265625,157.49000549316406
2020-03-06,271.1405029296875,133.3283233642578,31.020893096923828,22.80344009399414,74.65740203857422,115.35070037841797,103.2301025390625,138.3771514892578,26.921566009521484,34.95795440673828,157.5500030517578
2020-03-09,249.96592712402344,120.36486053466797,28.196243286132812,20.65232276916504,75.06450653076172,115.88396453857422,104.15605163574219,142.1276092529297,27.075817108154297,32.57109832763672,157.80999755859375
2020-03-10,262.90045166015625,124.1227798461914,29.067949295043945,21.440277099609375,74.73539733886719,115.25450897216797,102.24407196044922,134.84243774414062,26.712873458862305,34.22622299194336,154.47999572753906
2020-03-11,250.0843963623047,116.22835540771484,27.43350601196289,20.171667098999023,74.64876556396484,114.98347473144531,101.2237777709961,129.88059997558594,26.80360984802246,32.63207244873047,153.92999267578125
2020-03-12,226.1570587158203,103.3848648071289,23.955076217651367,18.154504776000977,74.63147735595703,115.11463165283203,101.27521514892578,130.68540954589844,26.0051212310791,29.36538314819336,147.7899932861328
2020-03-13,245.49041748046875,110.30980682373047,25.505701065063477,18.926698684692383,74.72669982910156,114.57257080078125,100.6150131225586,127.73146057128906,25.270170211791992,31.482194900512695,143.27999877929688
2020-03-16,218.6279296875,95.67508697509766,22.454740524291992,16.657384872436523,74.84793090820312,115.7615737915039,103.27291107177734,136.00413513183594,25.796430587768555,27.553457260131836,141.63999938964844
2020-03-17,230.4320831298828,100.0608901977539,23.410261154174805,17.374425888061523,74.67472839355469,114.49388885498047,100.68360900878906,126.9349136352539,24.77111053466797,29.452497482299805,143.55999755859375
2020-03-18,218.76467895507812,92.3049545288086,21.80095863342285,15.948225975036621,74.57947540283203,113.7507095336914,99.28604888916016,119.7741928100586,23.455421447753906,26.908830642700195,140.6999969482422
2020-03-19,219.22950744628906,95.90593719482422,22.11946678161621,16.239770889282227,74.70940399169922,113.99556732177734,99.61188507080078,123.03511810302734,24.06336212158203,27.117895126342773,138.0399932861328
2020-03-20,209.78196716308594,93.62533569335938,22.203285217285156,15.806392669677734,74.9085693359375,115.35941314697266,102.14974212646484,132.2867889404297,24.253917694091797,27.318262100219727,140.11000061035156
2020-03-23,204.41827392578125,92.24031829833984,22.454740524291992,15.4912109375,74.99517822265625,116.18125915527344,103.35867309570312,137.73831176757812,24.353723526000977,26.664920806884766,146.3000030517578
2020-03-24,222.939208984375,100.67951202392578,24.40768814086914,17.279874801635742,74.89129638671875,115.63045501708984,102.65562438964844,135.17433166503906,24.217615127563477,28.668489456176758,153.39999389648438
2020-03-25,226.27667236328125,101.93083953857422,25.354827880859375,17.996912002563477,74.97789001464844,115.66541290283203,102.71566009521484,134.8673095703125,24.308351516723633,29.678987503051758,151.3000030517578
2020-03-26,239.4888916015625,108.27080535888672,26.48636245727539,19.115812301635742,75.06450653076172,115.89270782470703,102.96427154541016,135.53115844726562,25.12498664855957,30.80272674560547,153.24000549316406
2020-03-27,232.35556030273438,104.33148193359375,25.405118942260742,18.398771286010742,75.04716491699219,116.32982635498047,103.72737121582031,139.14883422851562,25.324604034423828,29.05177879333496,152.25
2020-03-30,239.9014129638672,106.63018798828125,25.71524429321289,18.72970962524414,75.0818099975586,116.34734344482422,103.96742248535156,138.0037841796875,25.097761154174805,29.530900955200195,152.9199981689453
2020-03-31,236.32566833496094,106.09260559082031,25.572751998901367,18.81638526916504,75.06450653076172,116.57469177246094,104.15605163574219,136.8836212158203,25.22479248046875,29.731250762939453,148.0500030517578
2020-04-01,225.68984985351562,98.8628158569336,24.340635299682617,17.910236358642578,75.11304473876953,116.6639404296875,104.58012390136719,138.80145263671875,25.03313636779785,28.45941925048828,149.4499969482422
2020-04-02,230.89772033691406,99.79898071289062,24.709428787231445,18.31997299194336,75.13037109375,116.5852279663086,104.59725952148438,139.68228149414062,24.9786319732666,29.41765022277832,151.89999389648438
2020-04-03,227.560302734375,96.97193145751953,24.214908599853516,17.768402099609375,75.11304473876953,116.60265350341797,104.6745376586914,140.01458740234375,24.787891387939453,28.86013412475586,152.64999389648438
2020-04-06,242.8446502685547,104.39636993408203,25.648189544677734,18.564239501953125,75.06100463867188,116.32254791259766,104.20242309570312,139.64903259277344,24.77881622314453,30.436853408813477,156.8800048828125
2020-04-07,243.09226989746094,104.66519165039062,25.80743980407715,18.690309524536133,75.04369354248047,116.12997436523438,103.7388687133789,138.18649291992188,24.960479736328125,30.59366226196289,156.0399932861328
2020-04-08,251.25250244140625,109.43871307373047,26.15947723388672,19.005496978759766,75.08704376220703,116.14750671386719,103.610107421875,137.18109130859375,24.86964225769043,30.90726661682129,154.64999389648438
2020-04-09,255.07586669921875,114.6756591796875,26.863544464111328,19.691017150878906,75.11304473876953,116.39258575439453,103.83330535888672,137.4303436279297,25.23297119140625,30.79401206970215,158.69000244140625
2020-04-13,252.74703979492188,111.57054138183594,26.469602584838867,19.470386505126953,75.12173461914062,116.27005767822266,103.610107421875,136.1756591796875,25.178468704223633,30.837575912475586,161.41000366210938
2020-04-14,260.201171875,113.83218383789062,26.955745697021484,19.643739700317383,75.12173461914062,116.41886901855469,103.74745178222656,136.14242553710938,25.251129150390625,31.54317855834961,162.67999267578125
2020-04-15,254.67239379882812,109.18844604492188,25.799060821533203,18.81638526916504,75.14773559570312,116.81269073486328,104.6745376586914,139.7487335205078,25.187549591064453,30.733036041259766,161.85000610351562
2020-04-16,255.901123046875,108.36349487304688,25.690099716186523,18.93457794189453,75.16506958007812,116.81269073486328,104.78612518310547,141.3358154296875,25.087644577026367,30.898548126220703,161.7100067138672
2020-04-17,262.81427001953125,113.13701629638672,26.578563690185547,19.58070182800293,75.1390609741211,116.690185546875,104.51143646240234,139.44122314453125,25.123966217041016,31.586732864379883,158.57000732421875
2020-04-20,258.1839904785156,111.80228424072266,26.193004608154297,19.178844451904297,75.1390609741211,116.78646850585938,104.78612518310547,140.56304931640625,25.087644577026367,31.186012268066406,159.6999969482422
2020-04-21,250.34474182128906,109.13282775878906,25.648189544677734,18.650917053222656,75.15637969970703,116.87403869628906,105.07795715332031,142.3329315185547,25.09672737121582,30.32361602783203,158.61000061035156
2020-04-22,255.901123046875,110.45828247070312,25.991844177246094,19.100051879882812,75.13037109375,116.70767211914062,104.75176239013672,140.8788604736328,24.98771858215332,31.151174545288086,161.72999572753906
2020-04-23,255.8826904296875,111.54275512695312,25.76553726196289,19.163084030151367,75.12173461914062,116.70767211914062,104.82046508789062,141.62667846679688,25.105796813964844,31.037925720214844,163.33999633789062
2020-04-24,259.449462890625,113.46143341064453,26.10918426513672,19.289159774780273,75.12173461914062,116.73394012451172,104.84620666503906,141.95899963378906,25.287456512451172,30.9943790435791,162.63999938964844
2020-04-27,263.19012451171875,117.9568862915039,26.553422927856445,19.604337692260742,75.12173461914062,116.49759674072266,104.28826141357422,139.31663513183594,25.13304901123047,31.62158203125,161.55999755859375
2020-04-28,261.97991943359375,119.67163848876953,26.687528610229492,19.80921173095703,75.14773559570312,116.70767211914062,104.74324035644531,140.9203338623047,25.296560287475586,31.682559967041016,160.83999633789062
2020-04-29,268.83819580078125,125.55741882324219,27.659814834594727,20.486852645874023,75.1390609741211,116.76020812988281,104.69170379638672,140.18914794921875,25.51453399658203,32.60594177246094,161.72999572753906
2020-04-30,266.33514404296875,120.78392028808594,27.148527145385742,19.895885467529297,75.26913452148438,116.71644592285156,104.44275665283203,138.5521697998047,25.596294403076172,31.917757034301758,158.8000030517578
2020-05-01,259.2843322753906,115.9918441772461,26.612091064453125,19.375829696655273,75.1580581665039,116.72085571289062,104.5871353149414,139.73861694335938,25.609024047851562,30.76788330078125,159.77999877929688
2020-05-04,259.9994812011719,116.49240112304688,26.43607521057129,19.470386505126953,75.1580581665039,116.74707794189453,104.60433959960938,139.08132934570312,25.527198791503906,31.098901748657227,160.33999633789062
2020-05-05,262.40179443359375,117.39147186279297,26.37740707397461,19.494028091430664,75.1493911743164,116.72085571289062,104.52696228027344,138.1910400390625,25.49083709716797,31.27313232421875,161.02000427246094
2020-05-06,260.6229248046875,116.52944946289062,26.10918426513672,19.352197647094727,75.17542266845703,116.64197540283203,104.14026641845703,135.96128845214844,25.354473114013672,31.177309036254883,158.9499969482422
2020-05-07,263.7678527832031,118.12372589111328,26.620473861694336,19.627979278564453,75.22745513916016,117.0274887084961,104.77616119384766,138.23268127441406,25.44538116455078,31.429933547973633,161.38999938964844
2020-05-08,268.1322021484375,122.68404388427734,27.073089599609375,19.974679946899414,75.21012115478516,116.90483856201172,104.43247985839844,136.43551635742188,25.44538116455078,32.091976165771484,160.4199981689453
2020-05-11,268.187255859375,122.0722885131836,26.897071838378906,19.80133056640625,75.18409729003906,116.74707794189453,104.14026641845703,135.3705291748047,25.309022903442383,31.882911682128906,159.4199981689453
2020-05-12,262.8418273925781,117.6881103515625,26.48636245727539,19.588584899902344,75.2014389038086,116.88728332519531,104.48402404785156,136.75990295410156,25.409019470214844,31.760950088500977,160.0399932861328
2020-05-13,258.19317626953125,113.74876403808594,26.08403968811035,19.297042846679688,75.2014389038086,116.96614074707031,104.69882202148438,137.71685791015625,25.38174819946289,31.699979782104492,161.5800018310547
2020-05-14,261.2831726074219,114.1195068359375,25.89964485168457,19.068532943725586,75.18409729003906,117.0362319946289,104.86207580566406,139.06471252441406,25.38174819946289,31.82193946838379,163.00999450683594
2020-05-15,262.4842224121094,115.9362564086914,25.924785614013672,19.04489517211914,75.22745513916016,117.0274887084961,104.79332733154297,138.70697021484375,25.33629035949707,31.38637351989746,163.92999267578125
2020-05-18,270.4793701171875,122.98062896728516,27.3413028717041,19.919525146484375,75.16670989990234,116.7383804321289,104.14884948730469,135.66175842285156,25.49992561340332,32.61465072631836,162.69000244140625
2020-05-19,267.7012023925781,120.55220031738281,26.82163429260254,19.572824478149414,75.21012115478516,116.8960952758789,104.44104766845703,136.1692352294922,25.518115997314453,32.35331344604492,164.25999450683594
2020-05-20,272.2489318847656,124.20416259765625,27.50893783569336,19.974679946899414,75.21012115478516,116.90483856201172,104.46683502197266,136.576904296875,25.67266273498535,32.78016662597656,164.64999389648438
2020-05-21,270.36944580078125,124.42662811279297,27.249103546142578,19.832847595214844,75.19273376464844,116.91356658935547,104.53558349609375,136.91810607910156,25.663562774658203,32.405582427978516,162.25
2020-05-22,270.88287353515625,125.02909851074219,27.30777931213379,19.706777572631836,75.19273376464844,116.94860076904297,104.73319244384766,137.74179077148438,25.399932861328125,31.73482322692871,163.2100067138672
2020-05-26,274.2202453613281,128.63473510742188,28.2130126953125,20.100751876831055,75.19273376464844,116.90483856201172,104.45823669433594,135.8946990966797,25.581748962402344,32.43172073364258,160.88999938964844
2020-05-27,278.3004150390625,132.629638671875,28.9086971282959,20.3528995513916,75.17542266845703,116.91356658935547,104.54415893554688,135.6450653076172,25.618112564086914,32.53624725341797,161.17999267578125
2020-05-28,277.78692626953125,129.4874725341797,29.10148048400879,20.51049041748047,75.21012115478516,116.90483856201172,104.4496078491211,135.1458282470703,25.6453914642334,32.309757232666016,161.72000122070312
2020-05-29,279.0247497558594,128.74598693847656,29.151763916015625,20.27410316467285,75.21012115478516,117.08881378173828,104.78477478027344,136.1110382080078,25.827199935913086,32.867279052734375,162.91000366210938
2020-06-01,280.1524658203125,129.97877502441406,29.822307586669922,20.833553314208984,75.20143127441406,117.0572280883789,104.74347686767578,135.19464111328125,25.85085678100586,33.625152587890625,163.66000366210938
2020-06-02,282.47216796875,131.0538787841797,30.308452606201172,21.07781982421875,75.20143127441406,116.97833251953125,104.5714340209961,134.70306396484375,25.905447006225586,34.42657470703125,162.60000610351562
2020-06-03,286.2314453125,134.2146759033203,31.389698028564453,21.6293888092041,75.1406021118164,116.69769287109375,103.9521255493164,132.9119110107422,25.969148635864258,35.22801208496094,159.60000610351562
2020-06-04,285.4795227050781,134.01998901367188,31.45675277709961,21.48755645751953,75.15802001953125,116.52228546142578,103.53922271728516,130.98744201660156,25.978254318237305,34.731468200683594,161.27999877929688
2020-06-05,292.7962951660156,139.2013397216797,32.09376907348633,21.968210220336914,75.13194274902344,116.2416763305664,103.02312469482422,130.0543670654297,25.969148635864258,35.6461296081543,158.00999450683594
2020-06-08,296.3354187011719,141.89862060546875,32.50447463989258,22.307031631469727,75.11454772949219,116.30308532714844,103.13494873046875,130.5542755126953,26.16023826599121,35.863914489746094,159.72000122070312
2020-06-09,294.1257629394531,139.27548217773438,31.867464065551758,21.676666259765625,75.1406021118164,116.53983306884766,103.50482940673828,132.0371551513672,26.233028411865234,35.6200065612793,161.25999450683594
2020-06-10,292.4844970703125,135.49374389648438,31.64115333557129,21.660905838012695,75.18407440185547,116.96953582763672,104.27899932861328,133.99485778808594,26.415010452270508,35.88134765625,163.57000732421875
2020-06-11,275.623046875,125.15885925292969,29.688201904296875,20.24258804321289,75.14933776855469,117.00464630126953,104.64886474609375,136.527587890625,26.3331298828125,34.0084342956543,162.38999938964844
2020-06-12,278.92388916015625,128.1620635986328,30.258155822753906,20.675960540771484,75.1753921508789,116.9432373046875,104.41658020019531,135.2112579345703,26.24213218688965,34.731468200683594,162.6199951171875
2020-06-15,281.5278015136719,131.12509155273438,30.56934928894043,20.83196258544922,75.15802001953125,116.89939880371094,104.33057403564453,135.2862091064453,26.305816650390625,34.41604995727539,162.3300018310547
2020-06-16,286.946533203125,134.2779083251953,30.932964324951172,21.10395622253418,75.14933776855469,116.8468017578125,104.11556243896484,133.21182250976562,26.205724716186523,34.63509750366211,162.25
2020-06-17,285.75457763671875,131.85049438476562,30.975250244140625,21.015960693359375,75.1753921508789,116.88186645507812,104.27899932861328,133.76165771484375,26.187530517578125,34.968040466308594,162.55999755859375
2020-06-18,285.8647155761719,131.80398559570312,30.7807559967041,20.77596092224121,75.16667938232422,116.9344482421875,104.51124572753906,135.17788696289062,26.142030715942383,34.98556137084961,162.24000549316406
2020-06-19,284.23095703125,131.12509155273438,30.56934928894043,20.711957931518555,75.18407440185547,116.96953582763672,104.54563903808594,135.2862091064453,26.1329345703125,34.97679138183594,164.02999877929688
2020-06-22,286.0543518066406,132.43638610839844,31.051359176635742,20.983959197998047,75.16667938232422,116.91692352294922,104.45103454589844,135.3029327392578,26.2512264251709,35.40612030029297,165.08999633789062
2020-06-23,287.3712463378906,132.9944610595703,31.355783462524414,21.135961532592773,75.18407440185547,116.96076202392578,104.41658020019531,134.37818908691406,26.424108505249023,35.74783706665039,166.47999572753906
2020-06-24,280.0408020019531,128.67910766601562,30.493249893188477,20.399959564208984,75.19271850585938,117.02212524414062,104.61447143554688,135.81947326660156,26.3331298828125,35.27469253540039,165.89999389648438
2020-06-25,283.0429382324219,130.62286376953125,30.983705520629883,20.767959594726562,75.19271850585938,117.0396957397461,104.63164520263672,136.21096801757812,26.24213218688965,35.423648834228516,165.8000030517578
2020-06-26,276.3202209472656,127.10734558105469,30.42559051513672,20.38395881652832,75.21876525878906,117.18878173828125,104.91551971435547,137.66888427734375,26.26943016052246,34.99431610107422,166.5399932861328
2020-06-29,280.3815002441406,131.26458740234375,30.873775482177734,20.607961654663086,75.2361831665039,117.26771545410156,105.01871490478516,137.2356719970703,26.305816650390625,35.15203857421875,166.6300048828125
2020-06-30,283.97308349609375,133.16188049316406,30.84840202331543,20.607961654663086,75.22747039794922,117.22383117675781,104.82949829101562,136.5692138671875,26.305816650390625,35.03812789916992,167.3699951171875
2020-07-01,285.962158203125,131.8970489501953,30.941423416137695,20.751964569091797,75.20227813720703,117.11328887939453,104.66590881347656,136.30404663085938,26.24935531616211,35.43241500854492,166.6199951171875
2020-07-02,287.5369873046875,132.43638610839844,31.406513214111328,20.91196060180664,75.23704528808594,117.21858978271484,104.79503631591797,136.4457244873047,26.258460998535156,36.238487243652344,166.97999572753906
2020-07-06,291.9757995605469,133.39437866210938,32.04918670654297,21.127958297729492,75.21096801757812,117.13081359863281,104.64009857177734,135.88690185546875,26.44972801208496,37.79806900024414,167.97999572753906
2020-07-07,288.9643859863281,131.03207397460938,31.52490997314453,20.74396324157715,75.22838592529297,117.25370788574219,104.97586822509766,137.796875,26.413301467895508,37.16722869873047,169.0399932861328
2020-07-08,291.1745910644531,132.0086212158203,31.88852310180664,21.007959365844727,75.22838592529297,117.20100402832031,104.81228637695312,137.2464599609375,26.540800094604492,38.13102340698242,170.08999633789062
2020-07-09,289.5169677734375,129.33941650390625,31.41497039794922,20.599960327148438,75.24573516845703,117.31515502929688,105.14805603027344,139.43174743652344,26.52259635925293,38.13102340698242,169.6300048828125
2020-07-10,292.4731750488281,131.42271423339844,31.78705406188965,20.839963912963867,75.21965789794922,117.21858978271484,104.9414291381836,138.73117065429688,26.540800094604492,37.88569259643555,169.19000244140625
2020-07-13,289.9406433105469,129.7579803466797,31.677114486694336,20.599960327148438,75.21965789794922,117.27127838134766,105.05330657958984,139.18978881835938,26.47705078125,37.6316032409668,169.39999389648438
2020-07-14,293.697998046875,131.9063262939453,32.18449020385742,20.94396209716797,75.22838592529297,117.24490356445312,105.04470825195312,139.3900604248047,26.540800094604492,37.684165954589844,170.19000244140625
2020-07-15,296.39617919921875,136.74246215820312,32.54811096191406,21.319957733154297,75.23704528808594,117.25370788574219,105.01030731201172,138.73948669433594,26.60456657409668,37.79806900024414,170.33999633789062
2020-07-16,295.4200744628906,135.93336486816406,32.50582504272461,21.151960372924805,75.23704528808594,117.31515502929688,105.08777618408203,139.3983612060547,26.413301467895508,37.263614654541016,168.72999572753906
2020-07-17,296.2764587402344,136.333251953125,32.64958572387695,21.27996063232422,75.25442504882812,117.29756164550781,105.06193542480469,139.10647583007812,26.68653106689453,37.4738883972168,170.1199951171875
2020-07-20,298.6708679199219,135.7473602294922,32.91172790527344,21.295961380004883,75.23704528808594,117.29756164550781,105.13081359863281,139.4484405517578,26.677425384521484,37.95578384399414,170.94000244140625
2020-07-21,299.3063659667969,137.67251586914062,33.03012466430664,21.351961135864258,75.25442504882812,117.37660217285156,105.24274444580078,139.5318603515625,26.896020889282227,38.30624771118164,173.0
2020-07-22,301.0099792480469,137.74693298339844,33.20770263671875,21.263957977294922,75.24573516845703,117.36783599853516,105.27718353271484,139.94883728027344,26.914234161376953,38.13977813720703,175.6300048828125
2020-07-23,297.4184875488281,137.88641357421875,32.90327453613281,21.095958709716797,75.24573516845703,117.36783599853516,105.3804931640625,141.58363342285156,26.886913299560547,37.8331184387207,177.17999267578125
2020-07-24,295.50299072265625,135.85899353027344,32.666500091552734,21.015960693359375,75.25442504882812,117.38536834716797,105.32881927490234,141.5753631591797,27.023527145385742,37.79806900024414,178.6999969482422
2020-07-27,297.6579284667969,137.27261352539062,32.99629211425781,21.19996452331543,75.22838592529297,117.29756164550781,105.1652603149414,141.04983520507812,27.196592330932617,38.38511657714844,182.22999572753906
2020-07-28,295.77001953125,135.9054412841797,32.73414993286133,21.19196128845215,75.24573516845703,117.42925262451172,105.4149169921875,142.02566528320312,27.196592330932617,38.06968307495117,183.75
2020-07-29,299.40753173828125,138.900146484375,33.14004898071289,21.479961395263672,75.26311492919922,117.51701354980469,105.55271911621094,141.78378295898438,27.360532760620117,38.68300247192383,185.1300048828125
2020-07-30,298.33941650390625,138.35142517089844,32.54811096191406,21.17595672607422,75.28921508789062,117.62230682373047,105.69908142089844,142.71798706054688,27.478940963745117,38.19234848022461,183.75999450683594
2020-07-31,300.6968688964844,137.0494384765625,31.854698181152344,20.74396324157715,75.29788970947266,117.6750259399414,105.72488403320312,142.62625122070312,27.28766441345215,37.92949676513672,185.42999267578125
2020-08-03,302.7873840332031,139.2814483642578,32.497379302978516,21.119958877563477,75.29790496826172,117.66185760498047,105.67317962646484,141.90814208984375,27.253952026367188,38.19234848022461,185.63999938964844
2020-08-04,303.95697021484375,140.2394256591797,32.65803909301758,21.207958221435547,75.30657958984375,117.80242156982422,106.03510284423828,143.26083374023438,27.418012619018555,38.70051956176758,189.58999633789062
2020-08-05,305.8447265625,143.02944946289062,32.81871795654297,21.367961883544922,75.28919982910156,117.65303802490234,105.68180084228516,142.00831604003906,27.427133560180664,39.12110137939453,191.35000610351562
2020-08-06,307.8892517089844,142.9737091064453,32.88636016845703,21.351961135864258,75.28919982910156,117.6706314086914,105.80245208740234,142.80160522460938,27.50005340576172,39.24375915527344,193.88999938964844
2020-08-07,308.11029052734375,145.2429656982422,32.70032501220703,21.207958221435547,75.28050994873047,117.58277130126953,105.578369140625,141.84967041015625,27.26305389404297,38.437679290771484,190.80999755859375
2020-08-10,309.0311584472656,146.74957275390625,32.742610931396484,21.327959060668945,75.26309967041016,117.5564193725586,105.46638488769531,141.21507263183594,27.299518585205078,38.5340576171875,190.14999389648438
2020-08-11,306.480224609375,145.90328979492188,32.94554901123047,21.46396255493164,75.2457046508789,117.38075256347656,105.10447692871094,139.53668212890625,27.18101692199707,38.428924560546875,179.94000244140625
2020-08-12,310.7532653808594,146.4984893798828,33.748905181884766,21.92795753479004,75.22833251953125,117.24015045166016,104.79431915283203,138.2675018310547,27.117216110229492,38.945858001708984,179.10000610351562
2020-08-13,310.1915588378906,146.19158935546875,33.54594421386719,21.70395851135254,75.21961212158203,117.14354705810547,104.57887268066406,136.78961181640625,27.14456558227539,38.83195877075195,183.3300018310547
2020-08-14,310.2007141113281,146.09861755371094,33.233062744140625,21.447961807250977,75.22833251953125,117.22256469726562,104.63054656982422,136.25515747070312,27.22660255432129,38.76187515258789,182.5399932861328
2020-08-17,311.1861267089844,146.85191345214844,33.45293426513672,21.607959747314453,75.23703002929688,117.29290771484375,104.80289459228516,136.5974884033203,27.26305389404297,39.25252151489258,186.5
2020-08-18,311.8583679199219,145.4475860595703,33.41911315917969,21.6159610748291,75.2457046508789,117.36317443847656,104.98384094238281,137.57452392578125,27.50005340576172,39.208709716796875,188.17999267578125
2020-08-19,310.559814453125,145.45689392089844,33.309173583984375,21.46396255493164,75.2457046508789,117.29290771484375,104.84601593017578,136.71444702148438,27.26305389404297,38.7268180847168,182.24000549316406
2020-08-20,311.52679443359375,144.8616485595703,33.114681243896484,21.423959732055664,75.2457046508789,117.38949584960938,105.14756774902344,137.95016479492188,27.35421371459961,38.60415267944336,183.5
2020-08-21,312.63201904296875,143.79212951660156,32.852535247802734,21.207958221435547,75.23703002929688,117.40706634521484,105.22512817382812,138.77687072753906,27.253952026367188,38.79690933227539,182.02999877929688
2020-08-24,315.7998352050781,145.2987518310547,33.45293426513672,21.54395866394043,75.22833251953125,117.34555053710938,105.07861328125,138.55142211914062,27.2904109954834,39.22623825073242,181.0
2020-08-25,316.9049987792969,145.45689392089844,33.62205505371094,21.43195915222168,75.23703002929688,117.2577133178711,104.82876586914062,137.4910430908203,27.217485427856445,39.620513916015625,181.22000122070312
2020-08-26,320.0821533203125,144.5454559326172,33.89265823364258,21.551959991455078,75.23703002929688,117.2577133178711,104.78569793701172,136.9649658203125,27.22660255432129,39.72564697265625,183.36000061035156
2020-08-27,320.7820129394531,144.8988494873047,33.41911315917969,21.367961883544922,75.22833251953125,117.16985321044922,104.41519927978516,134.63528442382812,27.162796020507812,39.39270782470703,181.24000549316406
2020-08-28,322.8541259765625,146.12648010253906,33.7235221862793,21.535959243774414,75.25438690185547,117.3280258178711,104.58750915527344,134.5351104736328,27.390666961669922,39.90966033935547,184.38999938964844
2020-08-31,321.68450927734375,144.5547637939453,33.309173583984375,21.311960220336914,75.28050994873047,117.35438537597656,104.69949340820312,135.42855834960938,27.399778366088867,39.024715423583984,184.8300018310547
2020-09-01,324.71429443359375,146.21017456054688,33.33454895019531,21.14396095275879,75.2622299194336,117.45634460449219,105.04271697998047,136.97752380371094,27.429882049560547,39.69060134887695,185.0500030517578
2020-09-02,329.4109191894531,147.3727264404297,33.9011116027832,21.46396255493164,75.27095031738281,117.48271179199219,105.18929290771484,138.2816162109375,27.338655471801758,39.585472106933594,182.6199951171875
2020-09-03,318.0745849609375,143.0201873779297,33.14851379394531,20.8559627532959,75.2622299194336,117.52664947509766,105.32723999023438,138.67449951171875,27.31130027770996,38.83195877075195,181.13999938964844
2020-09-04,315.4776306152344,142.10874938964844,33.18233108520508,20.927961349487305,75.23612976074219,117.26290130615234,104.74089050292969,136.04122924804688,27.274810791015625,38.84947967529297,181.63999938964844
2020-09-08,306.8577880859375,139.3744354248047,32.64112854003906,20.67995834350586,75.24484252929688,117.38605499267578,104.9651107788086,136.877197265625,27.229198455810547,38.174827575683594,181.2899932861328
2020-09-09,312.91748046875,141.4856414794922,33.4444694519043,21.095958709716797,75.25347900390625,117.38605499267578,104.91331481933594,136.50936889648438,27.25656509399414,38.74434280395508,183.0500030517578
2020-09-10,307.4840393066406,139.6441192626953,33.114681243896484,20.583959579467773,75.24484252929688,117.42118835449219,105.04271697998047,137.20323181152344,27.156225204467773,38.122249603271484,182.4600067138672
2020-09-11,307.6405944824219,138.71412658691406,33.35144805908203,20.791959762573242,75.2622299194336,117.52664947509766,105.2065200805664,137.49575805664062,27.28392791748047,38.49024963378906,182.4499969482422
2020-09-14,311.6926574707031,142.3691864013672,33.461387634277344,20.879959106445312,75.25347900390625,117.45634460449219,105.11164855957031,137.48745727539062,27.31130027770996,39.11233139038086,183.88999938964844
2020-09-15,313.26739501953125,142.63885498046875,33.62205505371094,21.119958877563477,75.2622299194336,117.43873596191406,105.05992126464844,137.15306091308594,27.366031646728516,39.524131774902344,183.4499969482422
2020-09-16,312.02410888671875,143.9874267578125,33.47829818725586,21.223960876464844,75.27095031738281,117.41236114501953,104.99954223632812,136.74343872070312,27.34778594970703,39.4715690612793,183.97000122070312
2020-09-17,309.27984619140625,142.9365234375,33.596683502197266,21.14396095275879,75.25347900390625,117.42118835449219,105.03406524658203,137.16148376464844,27.484622955322266,39.313846588134766,182.9600067138672
2020-09-18,305.7191162109375,142.56448364257812,33.2584342956543,20.88796043395996,75.2622299194336,117.37722778320312,104.93922424316406,136.73512268066406,27.466373443603516,39.007198333740234,183.1999969482422
2020-09-21,302.3166809082031,137.5701446533203,32.11684036254883,20.16796112060547,75.25347900390625,117.44755554199219,105.12893676757812,137.42898559570312,27.34778594970703,38.64796447753906,179.52000427246094
2020-09-22,305.39556884765625,138.6304473876953,31.981548309326172,20.231958389282227,75.27095031738281,117.46515655517578,105.12893676757812,137.32022094726562,27.24744415283203,38.35882568359375,178.64999389648438
2020-09-23,298.31317138671875,134.5003204345703,31.50798225402832,20.07996368408203,75.27095031738281,117.45634460449219,105.12893676757812,137.50421142578125,27.055885314941406,37.763023376464844,174.7899932861328
2020-09-24,299.1083068847656,134.5003204345703,31.643291473388672,20.05596351623535,75.2622299194336,117.47392272949219,105.1806411743164,138.03079223632812,27.019397735595703,37.58779525756836,175.44000244140625
2020-09-25,303.9439697265625,136.68487548828125,31.567188262939453,20.175960540771484,75.27095031738281,117.52664947509766,105.26690673828125,138.03079223632812,27.01026725769043,37.622840881347656,174.94000244140625
2020-09-28,308.9922180175781,140.0550994873047,32.226776123046875,20.559961318969727,75.2796401977539,117.51786804199219,105.24964904785156,137.637939453125,27.137975692749023,38.043399810791016,176.6999969482422
2020-09-29,307.3094787597656,139.42025756835938,32.27751159667969,20.431961059570312,75.27095031738281,117.57064056396484,105.32723999023438,137.79672241210938,27.183591842651367,38.017120361328125,178.19000244140625
2020-09-30,309.6394348144531,139.84034729003906,32.066104888916016,20.39196014404297,75.2796401977539,117.44755554199219,105.04271697998047,136.4759979248047,27.065004348754883,38.63044357299805,177.1199951171875
2020-10-01,311.62738037109375,142.07159423828125,32.33671188354492,20.431961059570312,75.2622299194336,117.4696044921875,105.10223388671875,136.70106506347656,27.13985824584961,38.98966598510742,178.6999969482422
2020-10-02,308.66864013671875,142.6970977783203,32.26060104370117,20.591960906982422,75.27094268798828,117.42555236816406,104.9986801147461,136.1905975341797,27.185504913330078,38.54282760620117,178.5399932861328
2020-10-05,314.1422119140625,146.6367950439453,32.91172790527344,20.8559627532959,75.24480438232422,117.14402770996094,104.33430480957031,133.529541015625,27.203767776489258,39.05976867675781,179.41000366210938
2020-10-06,309.67645263671875,146.21665954589844,32.53965377807617,20.543962478637695,75.24480438232422,117.23194122314453,104.5759048461914,134.24917602539062,27.212892532348633,39.12985610961914,177.3000030517578
2020-10-07,315.0668640136719,149.4095458984375,32.87790298461914,20.67995834350586,75.23609924316406,117.11762237548828,104.27388763427734,133.27015686035156,27.103342056274414,39.55917739868164,177.22000122070312
2020-10-08,317.85919189453125,151.1085968017578,33.17387390136719,20.903961181640625,75.23609924316406,117.19683837890625,104.4637451171875,133.98980712890625,27.267662048339844,39.88336944580078,177.85000610351562
2020-10-09,320.6976623535156,151.892822265625,33.4444694519043,21.095958709716797,75.23609924316406,117.15283203125,104.4119644165039,133.96475219726562,27.395463943481445,40.15497589111328,181.0800018310547
2020-10-12,325.85687255859375,152.910400390625,33.68970489501953,21.16796112060547,75.25349426269531,117.19683837890625,104.52412414550781,134.39144897460938,27.37721061706543,40.50544357299805,180.55999755859375
2020-10-13,323.73040771484375,151.892822265625,33.19078063964844,20.791959762573242,75.24480438232422,117.31998443603516,104.75711822509766,135.35379028320312,27.331565856933594,40.33897018432617,177.72000122070312
2020-10-14,321.6962585449219,150.38975524902344,33.156959533691406,20.69596290588379,75.24480438232422,117.32880401611328,104.7916030883789,135.6634063720703,27.450233459472656,40.067359924316406,178.27000427246094
2020-10-15,321.2987060546875,151.9394989013672,32.79334259033203,20.335962295532227,75.2622299194336,117.28482055664062,104.67945861816406,135.4291229248047,27.322433471679688,39.77822494506836,178.9199981689453
2020-10-16,321.1044616699219,151.56607055664062,33.0723991394043,20.535961151123047,75.25349426269531,117.26722717285156,104.61904907226562,135.05247497558594,27.368080139160156,39.91840744018555,178.3000030517578
2020-10-19,316.2226867675781,149.75494384765625,32.91172790527344,20.335962295532227,75.25349426269531,117.19683837890625,104.44647979736328,134.5421142578125,27.40459442138672,39.804508209228516,178.38999938964844
2020-10-20,317.48931884765625,150.08168029785156,33.20770263671875,20.455963134765625,75.24480438232422,117.11762237548828,104.22213745117188,133.26181030273438,27.477624893188477,40.24259567260742,179.25
2020-10-21,316.888427734375,148.79335021972656,32.75951385498047,20.359962463378906,75.24480438232422,117.0648193359375,104.08409881591797,132.80154418945312,27.623680114746094,40.356502532958984,180.60000610351562
2020-10-22,318.6265563964844,151.36070251464844,32.77643966674805,20.407958984375,75.21868896484375,116.92405700683594,103.72169494628906,131.42086791992188,27.48675537109375,40.34773635864258,178.8300018310547
2020-10-23,319.7083740234375,152.2382354736328,33.131595611572266,20.615962982177734,75.2273941040039,116.96804809570312,103.86837005615234,132.22412109375,27.578027725219727,40.58430480957031,178.63999938964844
2020-10-26,313.8002014160156,148.95205688476562,32.18449020385742,20.30396270751953,75.23609924316406,117.07364654541016,104.14445495605469,133.45423889160156,27.50501823425293,40.058597564697266,178.5500030517578
2020-10-27,312.7183837890625,147.67306518554688,31.634836196899414,20.103961944580078,75.23609924316406,117.17928314208984,104.37745666503906,134.34963989257812,27.605426788330078,40.233829498291016,179.02000427246094
2020-10-28,302.02996826171875,143.12657165527344,30.36640167236328,19.327964782714844,75.23609924316406,117.17928314208984,104.36884307861328,134.4751434326172,27.477624893188477,39.22623825073242,176.1300048828125
2020-10-29,305.09967041015625,144.8349609375,30.42559051513672,19.519962310791016,75.25349426269531,117.02967071533203,103.92875671386719,133.1697235107422,27.331565856933594,39.620513916015625,175.39999389648438
2020-10-30,301.9190979003906,142.921142578125,30.341032028198242,19.471961975097656,75.24480438232422,116.93291473388672,103.5922622680664,131.8560333251953,27.3406925201416,39.173667907714844,176.1999969482422
2020-11-02,305.3031311035156,145.4698028564453,30.83149528503418,19.69596290588379,75.24394989013672,116.95225524902344,103.77013397216797,132.84361267089844,27.233806610107422,39.67307662963867,177.91000366210938
2020-11-03,310.6934814453125,149.59622192382812,31.77013397216797,20.247961044311523,75.22653198242188,116.89065551757812,103.53701782226562,132.0728759765625,27.379968643188477,39.84832000732422,178.9199981689453
2020-11-04,317.6372375488281,149.7642822265625,32.25214385986328,20.431961059570312,75.24394989013672,117.25157165527344,104.40902709960938,134.93789672851562,27.57183074951172,41.10124206542969,178.82000732421875
2020-11-05,323.83209228515625,153.95602416992188,33.131595611572266,20.82396125793457,75.22653198242188,117.22516632080078,104.39175415039062,135.17239379882812,27.82762908935547,41.80217361450195,182.92999267578125
2020-11-06,323.7580871582031,152.75172424316406,33.224613189697266,20.879959106445312,75.2352066040039,117.08429718017578,104.03777313232422,133.53892517089844,27.891582489013672,41.994937896728516,183.19000244140625
2020-11-09,327.826416015625,158.2877960205078,34.59453201293945,21.86395835876465,75.20909118652344,116.732177734375,103.26934051513672,130.7325439453125,27.54442596435547,42.28407669067383,175.0800018310547
2020-11-10,327.3456115722656,161.2285614013672,35.19491195678711,22.50395965576172,75.20039367675781,116.60012817382812,102.97577667236328,129.97862243652344,27.53528594970703,41.80217361450195,175.66000366210938
2020-11-11,329.77734375,161.16323852539062,35.42323684692383,22.767955780029297,75.18292999267578,116.65288543701172,103.13987731933594,130.44776916503906,27.489608764648438,42.073795318603516,174.89999389648438
2020-11-12,326.57818603515625,158.68922424316406,34.8651237487793,22.303958892822266,75.19169616699219,116.90824127197266,103.72696685791016,132.66763305664062,27.54442596435547,41.75836944580078,175.9600067138672
2020-11-13,331.09942626953125,161.97544860839844,35.49934005737305,22.647958755493164,75.19169616699219,116.85540008544922,103.58882904052734,132.49179077148438,27.62664222717285,42.345401763916016,177.16000366210938
2020-11-16,335.23236083984375,165.83116149902344,35.83759689331055,22.967954635620117,75.20909118652344,116.83780670166016,103.5111312866211,132.17344665527344,27.754547119140625,42.87111282348633,177.14999389648438
2020-11-17,333.42950439453125,166.60598754882812,35.88833236694336,22.823957443237305,75.20039367675781,116.95225524902344,103.77875518798828,133.0363311767578,27.855037689208984,42.82730484008789,176.5
2020-11-18,329.4166259765625,164.2720489501953,35.69382858276367,22.687957763671875,75.20039367675781,116.91702270507812,103.74421691894531,133.421630859375,27.82762908935547,42.67835235595703,175.49000549316406
2020-11-19,330.8035583496094,165.53236389160156,35.9475212097168,22.879955291748047,75.21780395507812,116.9610595703125,103.85645294189453,134.10853576660156,27.845901489257812,42.74844741821289,175.16000366210938
2020-11-20,328.5382080078125,165.709716796875,35.89678955078125,22.863954544067383,75.22653198242188,117.02267456054688,104.03777313232422,135.29808044433594,27.900711059570312,42.985015869140625,175.69000244140625
2020-11-23,330.5076904296875,168.8092498779297,35.93907165527344,22.90395736694336,75.22653198242188,116.96989440917969,103.83057403564453,134.67823791503906,27.809364318847656,43.098915100097656,172.22999572753906
2020-11-24,335.83331298828125,171.98338317871094,36.50563430786133,23.34395408630371,75.2352066040039,116.93463134765625,103.66651153564453,133.33790588378906,27.891582489013672,43.677188873291016,169.58999633789062
2020-11-25,335.3156433105469,171.39524841308594,36.59865188598633,23.175952911376953,75.24394989013672,116.9610595703125,103.70105743408203,132.9273681640625,27.97380256652832,43.431861877441406,169.50999450683594
2020-11-27,336.2494812011719,172.1234130859375,36.86925506591797,23.151954650878906,75.24394989013672,117.08429718017578,104.0118637084961,134.2174530029297,28.019487380981445,43.84365463256836,167.7899932861328
2020-11-30,334.7608947753906,168.99591064453125,36.31114196777344,22.607955932617188,75.26136016845703,117.10192108154297,103.94278717041016,134.0499267578125,27.900711059570312,42.69587326049805,166.6699981689453
2020-12-01,338.4222717285156,170.5642852783203,37.16522979736328,23.271955490112305,75.22040557861328,116.8552017211914,103.38984680175781,132.07339477539062,27.958316802978516,43.53700256347656,170.17999267578125
2020-12-02,339.13427734375,170.74168395996094,37.19059371948242,23.34395408630371,75.23782348632812,116.82881927490234,103.21708679199219,131.0252227783203,28.022319793701172,43.59832763671875,171.4600067138672
2020-12-03,339.0417785644531,171.70330810546875,37.19059371948242,23.631954193115234,75.25526428222656,116.96095275878906,103.49354553222656,132.08175659179688,28.278310775756836,44.09775924682617,172.80999755859375
2020-12-04,341.96343994140625,175.69903564453125,37.53730392456055,23.879955291748047,75.24655151367188,116.8200454711914,103.0875015258789,130.1446990966797,28.24173927307129,44.55335998535156,172.32000732421875
2020-12-07,341.2608337402344,175.86705017089844,37.30897903442383,23.6479549407959,75.26396942138672,116.97856903076172,103.40715026855469,131.3187255859375,28.196020126342773,44.55335998535156,174.88999938964844
2020-12-08,342.2593688964844,178.12632751464844,37.41045379638672,23.751955032348633,75.24655151367188,117.00501251220703,103.51083374023438,131.9392547607422,28.2691707611084,44.570892333984375,175.5
2020-12-09,339.1896667480469,176.82864379882812,37.2413330078125,23.839954376220703,75.23782348632812,116.92574310302734,103.36396026611328,131.50323486328125,28.278310775756836,44.185367584228516,172.5
2020-12-10,339.07867431640625,178.53707885742188,37.34280776977539,23.75995635986328,75.25526428222656,117.05785369873047,103.59721374511719,132.66879272460938,28.36058807373047,44.754878997802734,172.1699981689453
2020-12-11,338.68121337890625,177.65951538085938,37.06375503540039,23.495956420898438,75.298828125,117.18119812011719,103.8045654296875,133.13839721679688,28.378877639770508,44.439456939697266,172.49000549316406
2020-12-14,337.16485595703125,177.86740112304688,37.143531799316406,23.44093132019043,75.29010009765625,117.18119812011719,103.74408721923828,132.76937866210938,28.35145378112793,44.208404541015625,171.5399932861328
2020-12-15,341.7230529785156,182.31576538085938,37.632484436035156,23.780773162841797,75.29010009765625,117.13716888427734,103.64042663574219,132.32496643066406,28.424592971801758,44.68644332885742,173.94000244140625
2020-12-16,342.2593688964844,181.66021728515625,37.80404281616211,23.983060836791992,75.29010009765625,117.11954498291016,103.55403137207031,131.97279357910156,28.40630531311035,44.89889907836914,174.89999389648438
2020-12-17,344.1733093261719,183.82350158691406,38.121437072753906,24.04779052734375,75.2918472290039,117.08161926269531,103.47882843017578,131.6236114501953,28.589157104492188,45.191017150878906,176.74000549316406
2020-12-18,342.79913330078125,182.93380737304688,37.958457946777344,23.772682189941406,75.28314208984375,117.07280731201172,103.39234161376953,131.22903442382812,28.518709182739258,45.13790512084961,176.44000244140625
2020-12-21,341.57342529296875,182.84017944335938,37.35797882080078,23.368112564086914,75.28314208984375,117.08161926269531,103.46151733398438,131.74949645996094,28.509557723999023,44.47398376464844,175.8800048828125
2020-12-22,340.9976806640625,184.919189453125,37.28078079223633,23.319561004638672,75.28314208984375,117.16093444824219,103.63439178466797,132.42947387695312,28.372323989868164,44.1198844909668,174.49000549316406
2020-12-23,341.30419921875,186.4924774169922,37.79547119140625,23.76459312438965,75.30059051513672,117.09928131103516,103.4183120727539,131.51441955566406,28.354013442993164,44.571353912353516,175.64999389648438
2020-12-24,342.6319274902344,186.37074279785156,37.85551452636719,23.81313705444336,75.28314208984375,117.15216827392578,103.56526947021484,132.0348663330078,28.40892219543457,44.37660598754883,176.35000610351562
2020-12-28,345.5754089355469,185.677734375,38.181488037109375,23.780773162841797,75.2918472290039,117.16093444824219,103.57390594482422,132.09361267089844,28.39976692199707,44.50054168701172,175.7100067138672
2020-12-29,344.9160461425781,182.0815887451172,38.29300308227539,24.01542854309082,75.2918472290039,117.16981506347656,103.55660247802734,131.92584228515625,28.491268157958984,45.16446304321289,176.35000610351562
2020-12-30,345.408203125,183.93589782714844,38.30158615112305,23.96687889099121,75.30059051513672,117.18740844726562,103.62577819824219,132.21112060546875,28.637649536132812,45.766422271728516,177.6999969482422
2020-12-31,347.1632080078125,183.6081085205078,37.812625885009766,23.699859619140625,75.2918472290039,117.23151397705078,103.69493103027344,132.40423583984375,28.57360076904297,45.7398567199707,178.36000061035156
2021-01-04,342.4368896484375,181.2107391357422,38.25869369506836,24.01542854309082,75.30059051513672,117.26678466796875,103.72088623046875,132.2447967529297,28.729148864746094,46.03199005126953,182.3300018310547
2021-01-05,344.79541015625,184.01075744628906,38.48172378540039,24.38763427734375,75.30059051513672,117.16981506347656,103.47882843017578,131.26263427734375,28.7748966217041,47.13853073120117,182.8699951171875
2021-01-06,346.8567810058594,191.54014587402344,38.92778396606445,25.123952865600586,75.25700378417969,116.88770294189453,102.8736801147461,128.56808471679688,28.765745162963867,46.74017333984375,179.89999389648438
2021-01-07,352.01019287109375,194.948974609375,39.09077453613281,25.123952865600586,75.27442169189453,116.74662780761719,102.51058197021484,127.43476104736328,28.537010192871094,47.18278503417969,179.47999572753906
2021-01-08,354.0157470703125,194.52755737304688,39.28807067871094,25.293874740600586,75.26570129394531,116.60558319091797,102.2166519165039,127.02354431152344,28.463817596435547,48.430965423583984,173.33999633789062
2021-01-11,351.6294250488281,194.35902404785156,38.65328598022461,24.840755462646484,75.25700378417969,116.5262222290039,102.0178451538086,126.8135986328125,28.344863891601562,47.7758903503418,173.0
2021-01-12,351.70379638671875,197.84271240234375,38.739070892333984,24.97831153869629,75.25700378417969,116.49980926513672,102.00054931640625,126.71282958984375,28.40892219543457,48.24506378173828,174.1199951171875
2021-01-13,352.65087890625,196.42861938476562,38.67044448852539,24.85693359375,75.24827575683594,116.64967346191406,102.35499572753906,128.13992309570312,28.445520401000977,48.351295471191406,173.3699951171875
2021-01-14,351.4158630371094,200.3524932861328,38.84200668334961,25.164413452148438,75.25700378417969,116.61442565917969,102.12157440185547,126.93953704833984,28.463817596435547,48.802757263183594,173.27999877929688
2021-01-15,348.8531188964844,197.36509704589844,38.08713150024414,24.719383239746094,75.26570129394531,116.75550079345703,102.3982162475586,127.4432373046875,28.344863891601562,48.11227798461914,171.1300048828125
2021-01-19,351.5923767089844,199.89366149902344,38.43025207519531,24.840755462646484,75.2918472290039,116.80834197998047,102.4587173461914,127.85449981689453,28.317432403564453,48.90898132324219,172.5800018310547
2021-01-20,356.4579162597656,200.77394104003906,38.63613510131836,25.002582550048828,75.28314208984375,116.80834197998047,102.50194549560547,127.98039245605469,28.40892219543457,49.767662048339844,175.38999938964844
2021-01-21,356.782958984375,199.03208923339844,38.764801025390625,25.018766403198242,75.2918472290039,116.79071807861328,102.35499572753906,127.08216094970703,28.39976692199707,49.85618591308594,175.27999877929688
2021-01-22,355.52008056640625,201.34521484375,38.490299224853516,24.776020050048828,75.2918472290039,116.85242462158203,102.51058197021484,127.49360656738281,28.317432403564453,49.422420501708984,173.89999389648438
2021-01-25,356.9222106933594,201.1485137939453,38.104286193847656,24.70319938659668,75.30059051513672,117.00233459472656,102.925537109375,128.99615478515625,28.32657241821289,49.79422378540039,174.0500030517578
2021-01-26,356.36505126953125,199.75318908691406,38.36162567138672,24.759838104248047,75.2918472290039,116.98469543457031,102.8909683227539,128.752685546875,28.381471633911133,49.431270599365234,173.6199951171875
2021-01-27,347.65533447265625,196.09152221679688,37.349403381347656,24.177255630493164,75.2918472290039,117.02872467041016,103.01200866699219,129.08009338378906,28.21677589416504,48.05916213989258,172.52000427246094
2021-01-28,350.645263671875,195.4640350341797,37.83836364746094,24.2581729888916,75.28314208984375,116.92296600341797,102.7439956665039,128.3665313720703,28.28997802734375,48.39555358886719,172.67999267578125
2021-01-29,343.6255187988281,192.50474548339844,37.1521110534668,23.643217086791992,75.30931854248047,116.90534210205078,102.56243896484375,127.59428405761719,28.21677589416504,47.19164276123047,172.61000061035156
2021-02-01,349.3452453613281,197.2340087890625,37.615325927734375,23.942604064941406,75.3179931640625,116.99090576171875,102.69047546386719,127.74215698242188,28.035490036010742,48.46636962890625,174.22999572753906
2021-02-02,354.28509521484375,200.04351806640625,38.14717102050781,24.08824920654297,75.2918472290039,116.84976196289062,102.43097686767578,126.91857147216797,28.017183303833008,49.094886779785156,172.11000061035156
2021-02-03,354.5636901855469,200.64283752441406,38.21579360961914,24.04779052734375,75.30058288574219,116.76152038574219,102.18011474609375,125.79244232177734,27.971405029296875,49.34275436401367,171.85000610351562
2021-02-04,358.5935363769531,204.73529052734375,38.32732009887695,23.99924659729004,75.30058288574219,116.77032470703125,102.1455078125,125.45629119873047,27.88899803161621,49.360450744628906,168.14999389648438
2021-02-05,360.0049133300781,207.57284545898438,38.661869049072266,24.112520217895508,75.3179931640625,116.7174301147461,101.92923736572266,124.40575408935547,27.93478012084961,49.78536605834961,169.80999755859375
2021-02-08,362.6048278808594,212.8734130859375,38.8505859375,24.23389434814453,75.30931854248047,116.69975280761719,101.97249603271484,124.95198059082031,28.04465103149414,49.87388610839844,171.52000427246094
2021-02-09,362.3634948730469,213.87542724609375,38.953521728515625,24.411907196044922,75.2918472290039,116.69975280761719,102.05033111572266,125.04449462890625,28.10874366760254,50.405025482177734,172.0800018310547
2021-02-10,362.2055969238281,212.47073364257812,38.7562255859375,24.33099365234375,75.30058288574219,116.82328033447266,102.30984497070312,125.87649536132812,28.099584579467773,50.58207702636719,172.7100067138672
2021-02-11,362.79052734375,212.2272186279297,39.08219909667969,24.36335563659668,75.30058288574219,116.79684448242188,102.23200225830078,125.18739318847656,28.19114875793457,51.1220588684082,171.2100067138672
2021-02-12,364.5827331542969,212.8265380859375,39.253761291503906,24.711294174194336,75.30931854248047,116.67332458496094,101.89461517333984,123.63257598876953,28.062957763671875,51.16632080078125,170.69000244140625
2021-02-16,364.2669677734375,211.48741149902344,39.45105743408203,25.32624053955078,75.28312683105469,116.27635192871094,101.15936279296875,121.75007629394531,27.834054946899414,51.29025650024414,168.24000549316406
2021-02-17,364.3504638671875,209.82980346679688,39.08219909667969,25.229145050048828,75.30058288574219,116.32923889160156,101.22853088378906,122.5232162475586,27.76082420349121,51.30796813964844,166.3300018310547
2021-02-18,362.79986572265625,206.58021545410156,38.98784255981445,25.08349609375,75.30058288574219,116.36457061767578,101.21987915039062,122.02745819091797,27.82489776611328,50.59977722167969,166.32000732421875
2021-02-19,362.15911865234375,210.88804626464844,39.176551818847656,25.059223175048828,75.30931854248047,116.205810546875,100.81332397460938,120.40544891357422,27.81574821472168,50.92731475830078,167.00999450683594
2021-02-22,359.37353515625,209.520751953125,39.065040588378906,25.099679946899414,75.2918472290039,116.1087417602539,100.64896392822266,119.48938751220703,27.806596755981445,49.431270599365234,169.50999450683594
2021-02-23,359.8099060058594,207.67587280273438,39.05646514892578,25.374788284301758,75.30058288574219,116.18814086914062,100.7268295288086,119.14488220214844,27.806596755981445,49.65258026123047,169.1199951171875
2021-02-24,363.7747802734375,212.58306884765625,39.43391036987305,25.593259811401367,75.28312683105469,116.07349395751953,100.58838653564453,118.36320495605469,27.788280487060547,49.33390426635742,169.0
2021-02-25,355.0093688964844,204.7259063720703,38.78196334838867,25.08349609375,75.16976165771484,115.08541870117188,99.24757385253906,116.43028259277344,27.476980209350586,48.20965576171875,165.82000732421875
2021-02-26,353.1802062988281,204.4449920654297,38.4130973815918,24.573734283447266,75.26568603515625,115.62354278564453,100.13858795166016,120.27937316894531,27.45866584777832,47.563438415527344,161.80999755859375
2021-03-01,361.7413330078125,211.71212768554688,39.0736198425293,24.97831153869629,75.25870513916016,115.6570816040039,100.02603912353516,118.69078826904297,27.5502872467041,48.83816146850586,161.52999877929688
2021-03-02,358.9186096191406,207.638427734375,39.12508010864258,25.132047653198242,75.2761459350586,115.81597900390625,100.20783233642578,118.69920349121094,27.632753372192383,48.360145568847656,162.41000366210938
2021-03-03,354.1644287109375,205.39085388183594,38.824851989746094,25.164413452148438,75.23255157470703,115.52467346191406,99.67115020751953,117.41181945800781,27.412860870361328,48.26276779174805,160.6199951171875
2021-03-04,349.78167724609375,199.65017700195312,38.447410583496094,24.98639678955078,75.23255157470703,115.26876068115234,99.17776489257812,116.65454864501953,27.220460891723633,47.13853073120117,159.0399932861328
2021-03-05,356.21649169921875,203.88311767578125,38.576080322265625,25.31005859375,75.23255157470703,115.18930053710938,99.03929901123047,116.8817367553711,27.12883758544922,47.65196228027344,159.13999938964844
2021-03-08,354.4429016113281,204.8477020263672,38.661869049072266,25.24532699584961,75.20638275146484,114.8626937866211,98.64978790283203,115.97301483154297,26.918109893798828,46.36837387084961,157.49000549316406
2021-03-09,359.5035400390625,209.15548706054688,39.1937141418457,25.43952178955078,75.20638275146484,115.09219360351562,99.1171875,117.58009338378906,27.10134506225586,47.38638687133789,160.83999633789062
2021-03-10,361.7413330078125,212.7891082763672,39.56257629394531,25.560894012451172,75.23255157470703,115.23341369628906,99.32491302490234,117.81571197509766,27.20212745666504,47.1739387512207,161.66000366210938
2021-03-11,365.4090881347656,217.47157287597656,39.96574783325195,25.60944175720215,75.23255157470703,115.26876068115234,99.29031372070312,116.96585083007812,27.33956527709961,48.66112518310547,161.52000427246094
2021-03-12,365.90118408203125,218.75453186035156,39.931434631347656,25.787450790405273,75.22380828857422,114.942138671875,98.5718994140625,114.48368835449219,27.16548728942871,47.79359817504883,161.49000549316406
2021-03-15,368.0832214355469,219.5318145751953,39.82849884033203,25.657989501953125,75.23255157470703,114.99510955810547,98.69305419921875,115.15684509277344,27.15631866455078,47.90867233276367,162.1999969482422
2021-03-16,367.61895751953125,215.86080932617188,39.7598762512207,25.72272491455078,75.23255157470703,115.03925323486328,98.6757583618164,114.69403076171875,27.147159576416016,48.11227798461914,162.35000610351562
2021-03-17,368.87249755859375,217.55584716796875,40.14589309692383,25.77936363220215,75.2499771118164,115.10987091064453,98.51128387451172,113.83578491210938,27.220460891723633,48.17424011230469,163.50999450683594
2021-03-18,363.5055236816406,210.9348602294922,39.65693664550781,25.512344360351562,75.24126434326172,114.81856536865234,97.89671325683594,112.6829833984375,27.028051376342773,47.28901672363281,162.55999755859375
2021-03-19,362.8329162597656,212.52694702148438,39.63119888305664,25.399063110351562,75.24126434326172,114.75674438476562,97.83613586425781,113.38146209716797,27.10134506225586,47.87326431274414,163.24000549316406
2021-03-22,365.7301940917969,210.9254913330078,39.73413848876953,25.35860824584961,75.23255157470703,114.8803482055664,98.15640258789062,114.65194702148438,27.21129608154297,47.73162841796875,163.0
2021-03-23,362.85162353515625,203.27439880371094,39.210872650146484,24.97831153869629,75.24126434326172,115.11868286132812,98.64109802246094,115.68692016601562,27.137998580932617,46.81984329223633,161.80999755859375
2021-03-24,361.0069885253906,198.57318115234375,39.12508010864258,24.954036712646484,75.25870513916016,115.15393829345703,98.7709732055664,116.30958557128906,27.018898010253906,45.74870681762695,162.3699951171875
2021-03-25,363.03790283203125,203.28138732910156,39.330963134765625,25.148229598999023,75.26741790771484,115.15393829345703,98.64109802246094,115.39237213134766,27.000566482543945,45.96117401123047,161.77999877929688
2021-03-26,368.8882751464844,206.98744201660156,39.87139129638672,25.536619186401367,75.26741790771484,114.97745513916016,98.3122329711914,114.98851013183594,26.99139976501465,47.156227111816406,162.24000549316406
2021-03-29,368.7018737792969,201.16087341308594,39.72555923461914,25.47998046875,75.2499771118164,114.827392578125,97.97463989257812,114.012451171875,26.85396957397461,46.828697204589844,160.30999755859375
2021-03-30,367.7237548828125,204.54798889160156,39.83707809448242,25.431432723999023,75.2499771118164,114.75674438476562,97.8880615234375,114.60990142822266,26.762353897094727,46.979183197021484,157.57000732421875
2021-03-31,369.2142639160156,207.2970733642578,39.82849884033203,25.334331512451172,75.22380828857422,114.65081787109375,97.74960327148438,113.97037506103516,26.698211669921875,47.218196868896484,159.9600067138672
2021-04-01,373.2014465332031,209.9241485595703,40.49759292602539,25.62562370300293,75.22294616699219,114.78156280517578,98.18263244628906,115.86199951171875,26.846759796142578,47.67851638793945,161.97999572753906
2021-04-05,378.5580749511719,211.0782470703125,41.18384552001953,25.973556518554688,75.20549011230469,114.62258911132812,97.90547180175781,115.35645294189453,26.892602920532227,47.864418029785156,161.9199981689453
2021-04-06,378.3345031738281,210.458984375,40.763519287109375,25.787450790405273,75.22294616699219,114.9405288696289,98.38184356689453,116.1400146484375,27.112651824951172,48.12998580932617,163.22000122070312
2021-04-07,378.77227783203125,207.0625,40.866455078125,25.90073013305664,75.2316665649414,114.9405288696289,98.32122039794922,115.3311538696289,27.057640075683594,47.42180252075195,162.75999450683594
2021-04-08,380.57025146484375,208.81704711914062,41.038021087646484,26.062564849853516,75.25782775878906,115.11717987060547,98.65898895263672,116.28324890136719,27.176836013793945,47.811302185058594,164.50999450683594
2021-04-09,383.33709716796875,208.84518432617188,41.115230560302734,25.98164939880371,75.2316665649414,114.95819091796875,98.39918518066406,115.86199951171875,27.094316482543945,47.40409469604492,163.27000427246094
2021-04-12,383.4768371582031,208.02891540527344,40.94365310668945,25.90882682800293,75.21422576904297,114.8875503540039,98.33853149414062,115.8114242553711,27.057640075683594,47.12082290649414,162.27999877929688
2021-04-13,384.6133728027344,207.48472595214844,41.243900299072266,25.90882682800293,75.24038696289062,115.11717987060547,98.74563598632812,116.67926025390625,27.176836013793945,47.315574645996094,163.42999267578125
2021-04-14,383.2998046875,209.53005981445312,41.23532485961914,26.103017807006836,75.24038696289062,115.02887725830078,98.62434387207031,116.30857849121094,27.19517707824707,47.554588317871094,162.72000122070312
2021-04-15,387.41741943359375,210.440185546875,41.518402099609375,26.37812614440918,75.25782775878906,115.31147766113281,99.25662231445312,118.25486755371094,27.314376831054688,47.98834228515625,165.35000610351562
2021-04-16,388.7123107910156,210.77801513671875,41.998779296875,26.54804801940918,75.24913024902344,115.17017364501953,98.98810577392578,117.33643341064453,27.241024017333984,48.11227798461914,166.35000610351562
2021-04-19,386.8026428222656,208.0382537841797,41.990203857421875,26.72606086730957,75.24038696289062,115.17017364501953,98.8841781616211,116.99945831298828,27.360218048095703,47.93523406982422,165.88999938964844
2021-04-20,383.97052001953125,203.7786407470703,41.226741790771484,26.21630096435547,75.25782775878906,115.36444854736328,99.17865753173828,117.53868103027344,27.360218048095703,47.54573440551758,166.47999572753906
2021-04-21,387.6037292480469,208.7607421875,41.672813415527344,26.41858673095703,75.27528381347656,115.373291015625,99.23065948486328,117.77464294433594,27.396892547607422,47.837860107421875,168.1300048828125
2021-04-22,384.0636901855469,207.8975372314453,41.612762451171875,26.103017807006836,75.26657104492188,115.3909683227539,99.30856323242188,118.28855895996094,27.369384765625,47.66966247558594,167.0399932861328
2021-04-23,388.2278747558594,211.8194122314453,42.07598114013672,26.264848709106445,75.24913024902344,115.28498077392578,99.17865753173828,118.01054382324219,27.479413986206055,48.360145568847656,166.39999389648438
2021-04-26,389.03839111328125,214.0243377685547,42.1875,26.410491943359375,75.2316665649414,115.20550537109375,99.07471466064453,117.8420181274414,27.44273567199707,48.422115325927734,166.83999633789062
2021-04-27,388.9544982910156,214.34332275390625,42.204654693603516,26.40240478515625,75.22294616699219,115.03768157958984,98.68498229980469,116.81411743164062,27.332714080810547,48.39555358886719,166.4199981689453
2021-04-28,388.8427429199219,214.70925903320312,42.376220703125,26.539955139160156,75.24038696289062,115.17017364501953,98.81488037109375,116.88994598388672,27.44273567199707,48.75849914550781,166.91000366210938
2021-04-29,391.32073974609375,213.91172790527344,42.32474899291992,26.5885066986084,75.25782775878906,115.11717987060547,98.64168548583984,116.54447174072266,27.360218048095703,48.64341735839844,166.22000122070312
2021-04-30,388.7495422363281,211.0031280517578,41.68138885498047,26.321489334106445,75.26657104492188,115.19666290283203,98.72827911376953,116.81411743164062,27.158498764038086,47.78474044799805,165.66000366210938
2021-05-03,389.5880432128906,212.0352325439453,42.15319061279297,26.701786041259766,75.25959014892578,115.29300689697266,98.89640808105469,116.88411712646484,27.315404891967773,47.78474044799805,167.80999755859375
2021-05-04,387.1845397949219,209.50193786621094,41.38114929199219,26.426677703857422,75.25959014892578,115.34601593017578,99.02642822265625,117.6772689819336,27.205289840698242,47.244754791259766,166.5800018310547
2021-05-05,387.3055725097656,208.66688537597656,41.96446228027344,26.839344024658203,75.27700805664062,115.46089172363281,99.14775848388672,117.87138366699219,27.177772521972656,47.466064453125,167.27000427246094
2021-05-06,390.3984375,208.84518432617188,42.3419075012207,27.049718856811523,75.27700805664062,115.46089172363281,99.19107055664062,118.06541442871094,27.28787612915039,47.91753005981445,170.05999755859375
2021-05-07,393.2398376464844,211.4722442626953,42.96811294555664,27.421926498413086,75.30323028564453,115.61115264892578,99.22575378417969,117.48323822021484,27.453039169311523,48.41326141357422,171.58999633789062
2021-05-10,389.3458251953125,206.09609985351562,42.50489044189453,27.44620132446289,75.27700805664062,115.52276611328125,99.02642822265625,116.29348754882812,27.388809204101562,47.54573440551758,172.11000061035156
2021-05-11,385.8709716796875,205.4393310546875,42.01593780517578,27.033538818359375,75.26829528808594,115.43437194824219,98.86176300048828,115.63529205322266,27.397977828979492,47.41294479370117,172.13999938964844
2021-05-12,377.673095703125,198.76840209960938,41.54413604736328,26.952621459960938,75.25959014892578,115.14274597167969,98.38507843017578,114.42018127441406,27.095186233520508,46.10280990600586,170.42999267578125
2021-05-13,382.2098693847656,202.4275360107422,41.990203857421875,26.984987258911133,75.27700805664062,115.31951141357422,98.71440887451172,114.5974349975586,27.141061782836914,46.04084014892578,171.1300048828125
2021-05-14,388.0788879394531,207.3721160888672,42.90806579589844,27.381471633911133,75.27700805664062,115.39020538330078,98.93109893798828,115.66900634765625,27.241994857788086,46.87295913696289,172.69000244140625
2021-05-17,387.09130859375,207.6536102294922,42.82228088378906,27.486661911010742,75.27700805664062,115.3371810913086,98.83573150634766,115.4243392944336,27.28787612915039,46.828697204589844,174.6999969482422
2021-05-18,383.75634765625,206.0773162841797,42.79655456542969,27.36528968811035,75.28572845458984,115.3813705444336,98.83573150634766,115.12901306152344,27.342924118041992,47.45721435546875,175.0399932861328
2021-05-19,382.7502136230469,204.49169921875,42.273277282714844,27.11444854736328,75.25959014892578,115.21343231201172,98.54106903076172,114.85057067871094,27.260345458984375,47.315574645996094,175.16000366210938
2021-05-20,386.8677062988281,205.8521270751953,42.96811294555664,27.454296112060547,75.29448699951172,115.42557525634766,98.94841766357422,115.79559326171875,27.379634857177734,47.58999252319336,175.9600067138672
2021-05-21,386.5509948730469,206.38697814941406,43.053897857666016,27.34910774230957,75.27700805664062,115.39905548095703,98.98309326171875,116.16692352294922,27.361278533935547,47.04114532470703,176.0399932861328
2021-05-24,390.4915771484375,207.72860717773438,43.39702606201172,27.46238136291504,75.29448699951172,115.47857666015625,99.07839965820312,116.59719848632812,27.379634857177734,47.43065643310547,176.35000610351562
2021-05-25,389.6252746582031,205.72079467773438,43.49138259887695,27.276281356811523,75.29448699951172,115.66417694091797,99.44242095947266,117.6772689819336,27.489736557006836,47.89982223510742,177.9499969482422
2021-05-26,390.3984375,209.55825805664062,43.25119400024414,27.26009750366211,75.31193542480469,115.62879943847656,99.32978057861328,117.4747543334961,27.498910903930664,48.25392150878906,177.63999938964844
2021-05-27,390.6034240722656,211.71620178222656,43.336978912353516,27.413835525512695,75.31193542480469,115.54930114746094,99.15641784667969,117.0022964477539,27.462200164794922,48.26276779174805,177.7100067138672
2021-05-28,391.3020935058594,211.5754852294922,43.5085334777832,27.341012954711914,75.31193542480469,115.58462524414062,99.14775848388672,116.81659698486328,27.42551040649414,48.57259750366211,178.3800048828125
2021-06-01,390.9574890136719,213.9773712158203,43.808780670166016,27.543298721313477,75.29623413085938,115.57223510742188,99.12954711914062,116.79044342041016,27.49254035949707,49.57291030883789,177.89999389648438
2021-06-02,391.57220458984375,214.23074340820312,43.851661682128906,27.672761917114258,75.3049545288086,115.62531280517578,99.24229431152344,117.06082916259766,27.51090431213379,49.65258026123047,178.77000427246094
2021-06-03,390.1190185546875,212.4386749267578,43.55143356323242,27.438106536865234,75.27876281738281,115.40425109863281,98.99079132080078,116.62142944335938,27.33643913269043,49.12144470214844,175.27000427246094
2021-06-04,393.68701171875,213.358154296875,43.851661682128906,27.599937438964844,75.3049545288086,115.72259521484375,99.53717041015625,118.21849060058594,27.51090431213379,49.56406021118164,177.16000366210938
2021-06-07,393.3049621582031,216.21978759765625,44.12616729736328,27.6080322265625,75.29623413085938,115.67837524414062,99.45912170410156,117.8552017211914,27.49254035949707,49.316192626953125,177.8699951171875
2021-06-08,393.3888244628906,218.50914001464844,44.06611633300781,27.65657615661621,75.3136978149414,115.81098175048828,99.74530029296875,118.6832275390625,27.483354568481445,49.07717514038086,177.32000732421875
2021-06-09,392.8019714355469,217.05487060546875,43.988914489746094,27.470478057861328,75.29623413085938,115.94361114501953,100.05757141113281,119.7310791015625,27.566001892089844,48.935543060302734,176.97999572753906
2021-06-10,394.62786865234375,215.44522094726562,43.966407775878906,27.582380294799805,75.32240295410156,116.08511352539062,100.41309356689453,120.44933319091797,27.602724075317383,49.327640533447266,177.74000549316406
2021-06-11,395.27996826171875,217.7191619873047,44.16558074951172,27.76341438293457,75.3049545288086,115.97015380859375,100.26569366455078,120.25494384765625,27.520092010498047,49.15870666503906,175.74000549316406
2021-06-14,396.16510009765625,217.08021545410156,44.260841369628906,27.788103103637695,75.27876281738281,115.76679992675781,99.95344543457031,119.33393096923828,27.483354568481445,49.29206848144531,174.7100067138672
2021-06-15,395.43841552734375,216.46009826660156,44.30413818359375,27.837474822998047,75.27005004882812,115.79328155517578,99.9708023071289,119.19026184082031,27.400712966918945,48.9542121887207,174.0500030517578
2021-06-16,393.23052978515625,215.99961853027344,43.84516143798828,27.65644073486328,75.2002182006836,115.22740173339844,99.2856674194336,119.08885955810547,27.18033218383789,48.287384033203125,171.11000061035156
2021-06-17,393.10009765625,213.57528686523438,43.50741958618164,27.417814254760742,75.2002182006836,115.29814910888672,99.6412582397461,120.87191772460938,27.01504898071289,48.554115295410156,165.85000610351562
2021-06-18,387.7970275878906,208.72666931152344,42.615455627441406,26.652549743652344,75.13916015625,115.35120391845703,100.2049560546875,123.14494323730469,27.01504898071289,48.216251373291016,164.92999267578125
2021-06-21,393.34869384765625,213.19004821777344,43.21299362182617,27.146270751953125,75.1565933227539,115.28040313720703,99.88406372070312,121.08308410644531,27.11605453491211,48.42074966430664,166.9499969482422
2021-06-22,395.45166015625,214.15789794921875,43.230316162109375,27.162723541259766,75.2002182006836,115.44844818115234,100.06620025634766,121.37886810302734,27.079322814941406,48.19847106933594,166.25
2021-06-23,394.9749450683594,214.8626708984375,42.84927749633789,27.162723541259766,75.14789581298828,115.29814910888672,99.86672973632812,121.06622314453125,27.03340721130371,48.49187469482422,166.13999938964844
2021-06-24,397.31146240234375,217.89772033691406,43.39484786987305,27.286155700683594,75.1565933227539,115.2716064453125,99.84935760498047,121.26055908203125,27.06096649169922,48.93643569946289,166.0399932861328
2021-06-25,398.722900390625,218.26417541503906,43.4727897644043,27.351985931396484,75.14789581298828,115.18316650390625,99.6412582397461,120.00148010253906,27.03340721130371,49.34542465209961,166.58999633789062
2021-06-28,399.5266418457031,216.53518676757812,43.12638473510742,27.03106689453125,75.17403411865234,115.32466888427734,99.95344543457031,121.23519134521484,27.051773071289062,49.38987731933594,166.5800018310547
2021-06-29,399.7416076660156,215.5015869140625,43.16102600097656,26.98992156982422,75.16534423828125,115.36888885498047,100.0054931640625,121.43806457519531,27.005861282348633,49.354312896728516,164.8300018310547
2021-06-30,400.0779724121094,215.52978515625,42.73668670654297,26.907638549804688,75.18276977539062,115.42192840576172,100.16159057617188,121.97885131835938,26.95076560974121,49.03422927856445,165.6300048828125
2021-07-01,402.2929992675781,217.42791748046875,42.90122985839844,27.080440521240234,75.1679458618164,115.3635482788086,100.0895767211914,121.985595703125,26.91492462158203,48.75861358642578,166.1999969482422
2021-07-02,405.3680114746094,215.3606719970703,42.94453430175781,27.18741226196289,75.20286560058594,115.57585906982422,100.45406341552734,122.72177124023438,27.016010284423828,48.70526123046875,167.2899932861328
2021-07-06,404.629638671875,212.23159790039062,42.55483627319336,27.014610290527344,75.22903442382812,115.88551330566406,100.98345947265625,124.16014099121094,26.97006607055664,47.851722717285156,168.1199951171875
2021-07-07,406.0596618652344,210.25828552246094,42.77999496459961,27.195640563964844,75.23773193359375,115.99169921875,101.27855682373047,125.26011657714844,27.034387588500977,47.79837417602539,168.75999450683594
2021-07-08,402.7510681152344,208.3225555419922,42.069881439208984,26.759523391723633,75.2726821899414,116.20406341552734,101.53889465332031,125.75086975097656,27.11709213256836,46.80257034301758,168.64999389648438
2021-07-09,407.0503845214844,212.72023010253906,42.87525939941406,27.294384002685547,75.24649047851562,115.96517944335938,101.02686309814453,123.98249816894531,27.107894897460938,47.611663818359375,169.2100067138672
2021-07-12,408.50836181640625,212.8987274169922,43.065773010253906,27.31907081604004,75.22903442382812,115.9120864868164,100.97476959228516,123.82170867919922,27.098712921142578,47.65611267089844,169.0
2021-07-13,407.11578369140625,208.88641357421875,42.71937942504883,27.212095260620117,75.1679458618164,115.6731948852539,100.662353515625,122.8740234375,26.942501068115234,47.70057678222656,169.22000122070312
2021-07-14,407.72332763671875,205.66334533691406,42.91855239868164,27.13804054260254,75.22029113769531,115.93862915039062,101.09630584716797,124.27015686035156,27.153850555419922,47.905067443847656,171.0399932861328
2021-07-15,406.3307189941406,204.49819946289062,42.43359375,26.825347900390625,75.22903442382812,116.0713119506836,101.52153778076172,125.64089965820312,27.07114028930664,48.02064895629883,171.07000732421875
2021-07-16,403.14361572265625,201.97991943359375,42.069881439208984,26.58672332763672,75.22029113769531,116.04481506347656,101.50418853759766,125.40396881103516,27.11709213256836,47.6472282409668,169.41000366210938
2021-07-19,397.1900329589844,198.95419311523438,41.169246673583984,25.87082862854004,75.2552261352539,116.48721313476562,102.37201690673828,128.15383911132812,27.12628173828125,46.84702682495117,169.61000061035156
2021-07-20,402.8819274902344,205.1277313232422,41.576263427734375,26.010717391967773,75.29011535644531,116.55796813964844,102.24183654785156,126.91854858398438,27.14466667175293,46.99818801879883,169.38999938964844
2021-07-21,406.1437072753906,208.66085815429688,42.34699249267578,26.52911949157715,75.2639389038086,116.25713348388672,101.65169525146484,125.31086730957031,27.107894897460938,47.30047607421875,168.75999450683594
2021-07-22,406.9942932128906,205.3438720703125,42.46823501586914,26.46329116821289,75.2726821899414,116.3987045288086,101.88604736328125,126.49544525146484,27.153850555419922,47.38938522338867,169.08999633789062
2021-07-23,411.1814880371094,206.3022918701172,42.87525939941406,26.693689346313477,75.28141784667969,116.36328887939453,101.72982788085938,125.64935302734375,27.12628173828125,46.68699264526367,168.55999755859375
2021-07-26,412.1908264160156,206.9037322998047,43.03978729248047,26.84181022644043,75.2639389038086,116.32788848876953,101.66040802001953,125.277099609375,27.13547134399414,45.79788589477539,168.16000366210938
2021-07-27,410.312255859375,204.48878479003906,42.82329177856445,26.87472152709961,75.28141784667969,116.47832489013672,102.09430694580078,126.61396026611328,27.24574089050293,44.87321472167969,168.44000244140625
2021-07-28,410.1440124511719,207.49571228027344,43.100406646728516,26.89118194580078,75.29011535644531,116.53141784667969,102.18109893798828,126.62236785888672,27.282495498657227,46.09128952026367,169.2899932861328
2021-07-29,411.84503173828125,209.09312438964844,43.43814468383789,27.212095260620117,75.29011535644531,116.36328887939453,101.86863708496094,125.92012023925781,27.37438201904297,46.32245635986328,171.1699981689453
2021-07-30,409.8449401855469,207.7118377685547,43.16968536376953,26.9816951751709,75.30758666992188,116.55796813964844,102.1550521850586,126.51235961914062,27.328445434570312,45.877906799316406,169.82000732421875
2021-08-02,408.9850769042969,206.6781768798828,43.32556915283203,27.07221031188965,75.33551025390625,116.79521942138672,102.60315704345703,127.64079284667969,27.31097412109375,46.206878662109375,169.61000061035156
2021-08-03,412.3122863769531,207.53329467773438,43.60268783569336,27.393129348754883,75.33551025390625,116.82176971435547,102.62921905517578,127.70856475830078,27.412120819091797,46.40247344970703,169.49000549316406
2021-08-04,410.2841491699219,204.94923400878906,43.61134338378906,27.31907081604004,75.30931854248047,116.73323822021484,102.60315704345703,127.97118377685547,27.412120819091797,46.64253616333008,169.52999877929688
2021-08-05,412.8825378417969,208.63270568847656,43.810516357421875,27.426040649414062,75.27439880371094,116.47650909423828,102.22972106933594,127.3188247680664,27.393735885620117,46.57140350341797,168.86000061035156
2021-08-06,413.56475830078125,209.91067504882812,43.74990463256836,27.351985931396484,75.24819946289062,116.17549133300781,101.63053131103516,125.19254302978516,27.16384506225586,46.180206298828125,164.63999938964844
2021-08-09,413.2283020019531,208.75485229492188,43.706600189208984,27.32729721069336,75.2220687866211,116.04270935058594,101.41340637207031,124.74354553222656,27.16384506225586,46.33135223388672,161.72000122070312
2021-08-10,413.7423400878906,209.16830444335938,43.74990463256836,27.46718406677246,75.19584655761719,115.90107727050781,101.22238159179688,124.16746520996094,27.071880340576172,46.39359664916992,161.77000427246094
2021-08-11,414.7704772949219,210.1925048828125,44.06166458129883,27.722272872924805,75.23076629638672,115.99847412109375,101.33527374267578,124.09119415283203,27.18222999572754,46.51806640625,164.0
2021-08-12,416.0135192871094,209.6945343017578,44.13959884643555,27.59884262084961,75.23076629638672,115.909912109375,101.23104858398438,123.88790893554688,27.127065658569336,46.109066009521484,164.0399932861328
2021-08-13,416.77056884765625,207.78697204589844,44.43403625488281,27.746959686279297,75.23949432373047,116.14896392822266,101.81287384033203,125.84484100341797,27.228212356567383,45.99348449707031,166.38999938964844
2021-08-16,417.7519226074219,205.85128784179688,44.17423629760742,27.51655387878418,75.25696563720703,116.30828857421875,102.03868103027344,126.1498031616211,27.145456314086914,45.57560729980469,167.22000122070312
2021-08-17,415.013427734375,203.3424072265625,43.69794464111328,27.351985931396484,75.23949432373047,116.24634552001953,101.98656463623047,126.09904479980469,27.108671188354492,44.73984909057617,166.97000122070312
2021-08-18,410.4710998535156,201.56640625,43.57670211791992,27.203868865966797,75.23949432373047,116.1932144165039,101.93445587158203,126.52252960205078,27.127065658569336,44.81098175048828,167.10000610351562
2021-08-19,411.1066589355469,199.15150451660156,43.100406646728516,26.78420639038086,75.23949432373047,116.27290344238281,102.16028594970703,127.45439147949219,27.035106658935547,44.046348571777344,166.61000061035156
2021-08-20,414.37786865234375,202.51551818847656,43.290931701660156,26.907638549804688,75.23949432373047,116.1932144165039,102.06478881835938,127.5390853881836,27.044296264648438,44.01078796386719,166.6999969482422
2021-08-23,418.02294921875,206.3680877685547,43.73258590698242,27.088665008544922,75.23949432373047,116.24634552001953,102.0908203125,127.45439147949219,27.173036575317383,44.6776123046875,168.72999572753906
2021-08-24,418.6865539550781,208.3977813720703,43.810516357421875,27.12158203125,75.23076629638672,116.1135482788086,101.81287384033203,126.46318054199219,27.136255264282227,45.69118881225586,168.64999389648438
2021-08-25,419.5650329589844,209.13070678710938,43.84516143798828,27.245014190673828,75.2220687866211,115.95418548583984,101.41340637207031,125.41275024414062,27.108671188354492,45.744544982910156,167.47999572753906
2021-08-26,417.08831787109375,206.91314697265625,43.60268783569336,27.080440521240234,75.2220687866211,115.9276123046875,101.41340637207031,125.76007843017578,27.071880340576172,45.30887222290039,167.6699981689453
2021-08-27,420.8175354003906,212.74838256835938,44.03568649291992,27.31907081604004,75.27439880371094,116.15777587890625,101.74344635009766,126.61579132080078,27.200626373291016,45.869014739990234,170.19000244140625
2021-08-30,422.66802978515625,211.87452697753906,44.06166458129883,27.3026123046875,75.2918930053711,116.33488464355469,101.94316864013672,126.94613647460938,27.127065658569336,45.96681213378906,169.35000610351562
2021-08-31,422.0418395996094,212.2879638671875,44.01836395263672,27.162723541259766,75.28316497802734,116.25519561767578,101.75210571289062,126.08201599121094,27.081079483032227,46.59808349609375,169.69000244140625
2021-09-01,422.2660827636719,213.7162322998047,44.451358795166016,27.32729721069336,75.27700805664062,116.28087615966797,101.79557800292969,126.293212890625,27.212682723999023,47.19378662109375,169.6999969482422
2021-09-02,423.5653076171875,215.20091247558594,44.62455368041992,27.51655387878418,75.27700805664062,116.31632232666016,101.91720581054688,126.84456634521484,27.231088638305664,46.98040008544922,169.25
2021-09-03,423.4625549316406,214.20486450195312,44.34743881225586,27.541244506835938,75.27700805664062,116.25433349609375,101.67389678955078,125.69100189208984,27.24949836730957,47.22935104370117,171.05999755859375
2021-09-07,421.9483642578125,212.7295684814453,44.382076263427734,27.277925491333008,75.25081634521484,116.0505599975586,101.27415466308594,124.63069152832031,27.08384132385254,47.50497055053711,167.7100067138672
2021-09-08,421.4342956542969,210.40863037109375,43.94042205810547,27.12158203125,75.26831817626953,116.15684509277344,101.55223846435547,125.47891998291016,27.0654354095459,46.81147003173828,167.2899932861328
2021-09-09,419.6304931640625,210.30528259277344,43.836509704589844,26.92409324645996,75.28575134277344,116.28087615966797,101.8390121459961,126.99725341796875,27.175865173339844,46.72255325317383,168.02999877929688
2021-09-10,416.3218994140625,208.24740600585938,43.628662109375,26.940553665161133,75.25958251953125,116.12145233154297,101.5174789428711,125.87762451171875,27.08384132385254,46.669212341308594,167.17999267578125
2021-09-13,417.38739013671875,209.43142700195312,43.966407775878906,27.17095375061035,75.27700805664062,116.17459869384766,101.63916778564453,126.6410140991211,27.13905906677246,46.79368591308594,167.74000549316406
2021-09-14,415.13494873046875,206.76272583007812,43.84516143798828,26.940553665161133,75.28575134277344,116.31632232666016,102.02151489257812,128.17630004882812,27.1114444732666,46.40247344970703,168.82000732421875
2021-09-15,418.6024169921875,208.63270568847656,43.784549713134766,27.13804054260254,75.28575134277344,116.24540710449219,101.84768676757812,127.72675323486328,27.102245330810547,46.39359664916992,167.8300018310547
2021-09-16,417.9388427734375,208.78302001953125,43.7672233581543,27.07221031188965,75.25958251953125,116.01509094238281,101.52617645263672,127.14147186279297,26.973407745361328,45.869014739990234,164.02999877929688
2021-09-17,413.8677062988281,209.0555419921875,43.109073638916016,26.627864837646484,75.24209594726562,115.855712890625,101.230712890625,126.53075408935547,26.844572067260742,45.67340850830078,163.77000427246094
2021-09-20,406.96673583984375,204.08473205566406,42.165138244628906,26.20820426940918,75.25958251953125,116.0948486328125,101.74344635009766,128.09996032714844,26.927387237548828,44.446449279785156,164.94000244140625
2021-09-21,406.58233642578125,204.39483642578125,42.70205307006836,26.422147750854492,75.27700805664062,116.07714080810547,101.68260955810547,127.98967742919922,26.881378173828125,44.775413513183594,166.0399932861328
2021-09-22,410.5484619140625,207.57086181640625,43.143707275390625,26.726608276367188,75.2333755493164,115.97967529296875,101.77819061279297,128.7530517578125,26.890594482421875,45.33555221557617,165.4199981689453
2021-09-23,415.5367126464844,211.24493408203125,43.72392272949219,27.039295196533203,75.18972778320312,115.55451202392578,100.8570327758789,125.84369659423828,26.816957473754883,45.69118881225586,163.50999450683594
2021-09-24,416.2210693359375,210.22610473632812,43.26495361328125,26.800662994384766,75.16352844238281,115.40391540527344,100.55284118652344,124.6137466430664,26.68811798095703,45.14883804321289,163.3000030517578
2021-09-27,415.0303649902344,213.4211883544922,43.21299362182617,26.940553665161133,75.1548080444336,115.23561096191406,100.28348541259766,124.15564727783203,26.669710159301758,45.44224166870117,163.63999938964844
2021-09-28,406.666748046875,208.56727600097656,42.182464599609375,26.44683074951172,75.16352844238281,115.12046813964844,99.90111541748047,122.22169494628906,26.513269424438477,44.85543441772461,162.0500030517578
2021-09-29,407.3511962890625,208.1243133544922,41.97462463378906,26.496206283569336,75.18972778320312,115.22676849365234,100.00543212890625,122.43376922607422,26.32000732421875,44.437557220458984,161.32000732421875
2021-09-30,402.3723449707031,206.17333984375,41.67152786254883,26.5373477935791,75.20718383789062,115.30648803710938,100.12706756591797,122.41675567626953,26.43964385986328,44.79319381713867,164.22000122070312
2021-10-01,407.1542663574219,209.5003662109375,41.836063385009766,26.652549743652344,75.24300384521484,115.59365844726562,100.5357894897461,123.44702911376953,26.523448944091797,44.748748779296875,164.58999633789062
2021-10-04,401.9035949707031,207.5964813232422,41.55028533935547,26.701919555664062,75.20808410644531,115.49617767333984,100.41404724121094,123.13276672363281,26.51424217224121,44.09080505371094,165.36000061035156
2021-10-05,406.0853271484375,208.31283569335938,41.86204147338867,26.882949829101562,75.19931030273438,115.35433959960938,100.10099792480469,121.94373321533203,26.403728485107422,44.40198516845703,164.58999633789062
2021-10-06,407.77313232421875,207.2289276123047,41.55028533935547,26.71014976501465,75.19059753417969,115.31887817382812,100.12706756591797,122.63166809082031,26.38530921936035,44.153038024902344,165.02999877929688
2021-10-07,411.298583984375,210.4239959716797,41.93132019042969,26.85826301574707,75.16443634033203,115.11507415771484,99.72705841064453,121.3492202758789,26.357677459716797,45.01547622680664,164.16000366210938
2021-10-08,410.5484619140625,208.8406219482422,41.8533821105957,26.9816951751709,75.13819885253906,114.97319793701172,99.50963592529297,120.49998474121094,26.274805068969727,45.18440246582031,164.22999572753906
2021-10-11,407.5762023925781,207.6436309814453,41.55028533935547,26.973464965820312,75.07707214355469,114.72506713867188,99.26615905761719,120.19418334960938,26.090600967407227,45.09549331665039,163.9199981689453
2021-10-12,406.5729675292969,208.7841033935547,41.62821960449219,27.047521591186523,75.112060546875,114.92887115478516,99.71836853027344,122.24949645996094,26.164276123046875,44.864322662353516,164.66000366210938
2021-10-13,408.0356140136719,209.77371215820312,42.17380142211914,27.34375762939453,75.08584594726562,114.89347839355469,99.9096450805664,123.43852996826172,26.348474502563477,45.4866943359375,167.58999633789062
2021-10-14,414.8990478515625,212.8839874267578,42.77999496459961,27.541244506835938,75.08584594726562,115.01754760742188,100.14445495605469,123.89720153808594,26.44056510925293,45.62895965576172,168.0
2021-10-15,418.05889892578125,212.21481323242188,43.09174346923828,27.771642684936523,75.04218292236328,114.68074798583984,99.64875030517578,123.17523193359375,26.330053329467773,46.180206298828125,165.3300018310547
2021-10-18,419.29644775390625,212.09225463867188,42.77999496459961,27.59884262084961,74.98980712890625,114.50349426269531,99.50963592529297,123.75279235839844,26.311634063720703,46.06461715698242,164.9199981689453
2021-10-19,422.5313720703125,212.8839874267578,43.01380920410156,27.82101821899414,75.01599884033203,114.45028686523438,99.15311431884766,122.04566192626953,26.330053329467773,46.6781005859375,165.4499969482422
2021-10-20,424.19091796875,214.2977294921875,43.19567108154297,27.86216163635254,75.04218292236328,114.47688293457031,99.10965728759766,121.22180938720703,26.38530921936035,46.669212341308594,166.89999389648438
2021-10-21,425.29730224609375,214.84437561035156,43.152366638183594,27.746959686279297,74.95488739013672,114.17556762695312,98.84874725341797,121.07746124267578,26.256376266479492,46.36690902709961,166.75
2021-10-22,424.8565979003906,214.33541870117188,43.42949676513672,27.76341438293457,74.93741607666016,114.27303314208984,99.10094451904297,122.41091918945312,26.39451789855957,46.26911926269531,167.77000427246094
2021-10-25,427.13507080078125,216.3712158203125,43.24762725830078,27.779870986938477,74.97235107421875,114.42372131347656,99.22267150878906,122.22400665283203,26.330053329467773,46.50917053222656,168.92999267578125
2021-10-26,427.5195007324219,214.74072265625,43.412174224853516,27.952678680419922,74.95488739013672,114.38824462890625,99.34443664550781,123.23471069335938,26.33926010131836,46.26911926269531,167.67999267578125
2021-10-27,425.62548828125,210.7916259765625,43.282264709472656,27.80455780029297,74.93741607666016,114.5832290649414,99.90097045898438,125.47687530517578,26.44056510925293,45.895687103271484,168.1199951171875
2021-10-28,429.7322998046875,214.9951934814453,43.836509704589844,27.952678680419922,74.94615936279297,114.39714050292969,99.64009857177734,125.05223083496094,26.486608505249023,45.940147399902344,168.0800018310547
2021-10-29,430.6042785644531,214.9386444091797,43.57670211791992,27.71404266357422,74.95488739013672,114.37940216064453,99.68356323242188,125.43435668945312,26.32084083557129,45.27330780029297,166.64999389648438
2021-11-01,431.3450012207031,220.50885009765625,43.975059509277344,27.886844635009766,74.92084503173828,114.39537811279297,99.67573547363281,124.53132629394531,26.28763771057129,45.62895965576172,167.52000427246094
2021-11-02,433.0890197753906,220.97067260742188,44.044342041015625,27.672901153564453,74.99940490722656,114.62594604492188,99.91939544677734,125.0840072631836,26.342979431152344,45.219966888427734,167.16000366210938
2021-11-03,435.7331237792969,224.91978454589844,44.48599624633789,27.80455780029297,74.98194885253906,114.51063537597656,99.60612487792969,123.79145050048828,26.352205276489258,45.433353424072266,165.77000427246094
2021-11-04,437.7864685058594,224.8349609375,44.39073944091797,27.47541046142578,75.05181121826172,114.85651397705078,100.14566802978516,125.09249877929688,26.389101028442383,45.32666015625,167.64999389648438
2021-11-05,439.3054504394531,227.90753173828125,44.57259750366211,27.590612411499023,75.08673858642578,115.12254333496094,100.69390869140625,126.96343994140625,26.53667449951172,45.27330780029297,169.83999633789062
2021-11-08,439.6805419921875,228.6144256591797,44.52063751220703,27.6646728515625,74.99940490722656,114.75895690917969,100.25878143310547,126.72531127929688,26.518234252929688,45.69118881225586,170.4499969482422
2021-11-09,438.22723388671875,227.2854766845703,44.47734069824219,27.590612411499023,75.04308319091797,115.00724029541016,100.72002410888672,128.37503051757812,26.647361755371094,45.513370513916016,171.2899932861328
2021-11-10,434.7016906738281,223.7039337158203,43.87980270385742,27.450727462768555,74.89463806152344,114.28892517089844,99.85848999023438,126.02793884277344,26.259963989257812,45.32666015625,173.14999389648438
2021-11-11,434.84234619140625,225.50411987304688,43.99238204956055,27.59884262084961,74.84224700927734,114.03175354003906,99.53650665283203,125.84082794189453,26.186180114746094,46.109066009521484,174.1199951171875
2021-11-12,438.1240234375,225.73033142089844,44.13093948364258,27.574153900146484,74.90335845947266,114.24461364746094,99.74535369873047,125.28815460205078,26.269184112548828,46.233543395996094,174.4499969482422
2021-11-15,438.2740783691406,224.8349609375,43.98372268676758,27.549468994140625,74.89463806152344,114.07609558105469,99.35379791259766,123.71488952636719,26.066265106201172,46.08240509033203,174.17999267578125
2021-11-16,440.0086364746094,225.24964904785156,43.92311096191406,27.483642578125,74.89463806152344,114.04953002929688,99.26671600341797,123.4002685546875,25.992473602294922,46.1446418762207,172.9199981689453
2021-11-17,438.9398498535156,222.2996063232422,43.966407775878906,27.500099182128906,74.92084503173828,114.2534408569336,99.62351989746094,124.37821197509766,26.093935012817383,45.90457534790039,174.5
2021-11-18,440.4305114746094,221.35708618164062,44.08763885498047,27.44249725341797,74.91207885742188,114.31551361083984,99.68443298339844,124.84596252441406,26.167728424072266,45.34444046020508,173.94000244140625
2021-11-19,439.64300537109375,219.3401641845703,43.38618850708008,27.15449333190918,74.89463806152344,114.32440185546875,99.95423126220703,126.1640396118164,26.13083267211914,45.27330780029297,172.61000061035156
2021-11-22,438.4053649902344,218.4070587158203,42.97917556762695,27.13804054260254,74.80729675292969,113.81001281738281,99.22322845458984,124.6843490600586,25.84489631652832,44.908775329589844,168.74000549316406
2021-11-23,438.986572265625,218.03005981445312,42.82329177856445,27.34375762939453,74.80729675292969,113.68585968017578,98.8142318725586,122.88153076171875,25.81722068786621,44.864322662353516,167.27999877929688
2021-11-24,440.1586608886719,218.26568603515625,42.51153564453125,27.253238677978516,74.78985595703125,113.73023986816406,99.11878204345703,124.85442352294922,25.771102905273438,44.802085876464844,167.1199951171875
2021-11-26,430.3417053222656,210.03756713867188,41.2471923828125,26.397462844848633,74.93828582763672,114.5638427734375,100.39804077148438,128.00938415527344,26.093935012817383,43.29949951171875,166.85000610351562
2021-11-29,435.62054443359375,209.90562438964844,41.46369171142578,26.603178024291992,74.97319793701172,114.55496215820312,100.17179870605469,126.98038482666016,26.03859519958496,43.46842956542969,166.6199951171875
2021-11-30,427.1444396972656,205.6266632080078,41.22121047973633,26.36454963684082,74.91207885742188,114.70576477050781,100.77222442626953,128.9108123779297,26.158504486083984,43.42396926879883,165.5
2021-12-01,422.40008544921875,200.9989471435547,41.03069305419922,26.1752872467041,74.92084503173828,114.8086929321289,100.96208190917969,129.70606994628906,26.215740203857422,43.584014892578125,166.16000366210938
2021-12-02,428.8697204589844,206.60687255859375,41.437705993652344,26.726608276367188,74.82472229003906,114.49811553955078,100.74435424804688,129.8677978515625,26.169586181640625,44.11746597290039,165.24000549316406
2021-12-03,425.137939453125,202.36558532714844,41.099971771240234,26.5373477935791,74.8684310913086,114.8086929321289,101.33660125732422,131.41737365722656,26.151124954223633,43.49509811401367,166.6300048828125
2021-12-06,430.1729431152344,206.4278106689453,41.5589485168457,26.932321548461914,74.80723571777344,114.50701904296875,100.83143615722656,129.61239624023438,26.169586181640625,43.83295822143555,166.22000122070312
2021-12-07,439.07098388671875,211.21572875976562,42.5721549987793,27.277925491333008,74.71115112304688,114.2141342163086,100.4482421875,128.56507873535156,26.20650863647461,44.52646255493164,166.80999755859375
2021-12-08,440.23370361328125,212.65777587890625,42.60679244995117,27.310842514038086,74.73735809326172,114.107666015625,100.12603759765625,126.34296417236328,26.234193801879883,44.70428466796875,166.89999389648438
2021-12-09,437.2614440917969,207.84153747558594,42.04389953613281,27.17095375061035,74.71115112304688,114.1875228881836,100.37860870361328,127.04954528808594,26.20650863647461,44.49089431762695,165.8800048828125
2021-12-10,441.37762451171875,207.2666473388672,42.20844650268555,27.203868865966797,74.74610900878906,114.24080657958984,100.4482421875,126.74308776855469,26.24342918395996,44.52646255493164,166.5800018310547
2021-12-13,437.46771240234375,204.23765563964844,41.813880920410156,26.887739181518555,74.78976440429688,114.47148132324219,100.92723083496094,128.6161651611328,26.197275161743164,43.8203239440918,167.0
2021-12-14,434.4580078125,202.47926330566406,41.56837844848633,26.862384796142578,74.74610900878906,114.3206558227539,100.75306701660156,128.30967712402344,26.123432159423828,43.72112274169922,165.44000244140625
2021-12-15,441.246337890625,205.6935272216797,42.14706039428711,26.98072052001953,74.77229309082031,114.30290222167969,100.60504150390625,127.07516479492188,26.16034507751465,43.59486389160156,166.14999389648438
2021-12-16,437.3551940917969,201.53390502929688,41.998016357421875,27.183582305908203,74.83171081542969,114.61634826660156,100.89791107177734,127.12459564208984,26.27112579345703,43.64897537231445,168.16000366210938
2021-12-17,432.70050048828125,203.3868408203125,41.3228874206543,26.921550750732422,74.7967758178711,114.66073608398438,101.12455749511719,128.56509399414062,26.180583953857422,43.432533264160156,167.8000030517578
2021-12-20,428.0994567871094,200.53179931640625,41.393028259277344,26.887739181518555,74.81422424316406,114.70511627197266,101.03736877441406,127.60191345214844,26.125154495239258,42.783203125,167.08999633789062
2021-12-21,435.7019958496094,206.26075744628906,41.954166412353516,27.251205444335938,74.77052307128906,114.42987060546875,100.63639068603516,127.11602783203125,26.06049156188965,43.50468063354492,167.02000427246094
2021-12-22,440.05841064453125,208.24600219726562,42.489009857177734,27.640024185180664,74.76183319091797,114.44761657714844,100.7322998046875,127.70420837402344,26.115924835205078,43.71210861206055,168.58999633789062
2021-12-23,442.7965393066406,209.909912109375,42.75204849243164,27.8090763092041,74.7530746459961,114.34992980957031,100.52306365966797,126.59613037109375,26.088214874267578,43.937564849853516,168.97000122070312
2021-12-27,449.06298828125,211.8762664794922,43.15536880493164,28.16408348083496,74.72684478759766,114.30555725097656,100.55793762207031,126.90289306640625,26.106687545776367,44.13596725463867,169.3699951171875
2021-12-28,448.6960754394531,210.58108520507812,43.16413116455078,28.113367080688477,74.72684478759766,114.34107208251953,100.54051971435547,126.4000244140625,26.00505828857422,43.99167251586914,168.63999938964844
2021-12-29,449.27001953125,210.80799865722656,43.19921112060547,28.138729095458984,74.71810913085938,114.1457290649414,100.02621459960938,125.01914978027344,26.014307022094727,43.79327392578125,168.58999633789062
2021-12-30,448.02801513671875,210.75125122070312,43.0682373046875,28.01193618774414,74.76183319091797,114.28781127929688,100.35746002197266,126.06757354736328,25.995830535888672,44.29496383666992,169.8000030517578
2021-12-31,446.89892578125,210.29750061035156,43.07703399658203,28.01193618774414,74.7530746459961,114.25228118896484,100.24414825439453,126.31478118896484,26.115924835205078,44.078399658203125,170.9600067138672
2022-01-03,449.4864807128906,213.0106964111328,43.516502380371094,28.341588973999023,74.66570281982422,113.77278137207031,99.31143951416016,122.99906921386719,25.801830291748047,44.39421844482422,168.3300018310547
2022-01-04,449.3359069824219,212.6892547607422,43.64834213256836,28.527544021606445,74.7093734741211,113.80831146240234,99.2591552734375,122.4875717163086,25.801830291748047,44.24081802368164,169.57000732421875
2022-01-05,440.7077331542969,205.4855499267578,43.34071350097656,28.40921401977539,74.61325073242188,113.46200561523438,98.84072875976562,121.82276916503906,25.69097137451172,43.51896286010742,169.05999755859375
2022-01-06,440.293701171875,206.65780639648438,43.1825065612793,28.38385772705078,74.55204772949219,113.23114013671875,98.59666442871094,122.13809967041016,25.6447811126709,43.71747589111328,166.99000549316406
2022-01-07,438.5530090332031,204.2660675048828,43.39344787597656,28.72195816040039,74.53460693359375,113.0712890625,98.27413940429688,121.2601547241211,25.709449768066406,44.11449432373047,167.75
2022-01-10,438.00726318359375,203.55702209472656,42.874874114990234,28.637435913085938,74.49089813232422,112.96472930908203,98.24798583984375,121.55847930908203,25.737163543701172,44.11449432373047,168.25999450683594
2022-01-11,441.9967041015625,205.721923828125,43.40224075317383,28.91636848449707,74.51709747314453,113.06241607666016,98.48332977294922,122.36827087402344,25.783357620239258,45.134124755859375,170.2899932861328
2022-01-12,443.19171142578125,204.19041442871094,43.736236572265625,29.18684959411621,74.49089813232422,113.11569213867188,98.50078582763672,121.89942169189453,25.995830535888672,45.88304901123047,170.74000549316406
2022-01-13,437.085205078125,202.3185577392578,43.38466262817383,29.153039932250977,74.5258560180664,113.29327392578125,98.8145751953125,122.98198699951172,26.069738388061523,45.23337173461914,170.16000366210938
2022-01-14,437.26397705078125,202.60218811035156,43.39344787597656,29.229116439819336,74.42971801757812,112.8670883178711,98.1346435546875,121.12388610839844,25.94040298461914,45.215328216552734,169.6699981689453
2022-01-18,429.5201416015625,196.47618103027344,42.6551399230957,29.07697105407715,74.31612396240234,112.33428955078125,97.39369201660156,119.41905212402344,25.66326141357422,44.41226577758789,169.38999938964844
2022-01-19,425.0601501464844,193.28085327148438,42.68149948120117,29.229116439819336,74.35108184814453,112.49415588378906,97.62906646728516,120.24581909179688,25.783357620239258,44.601749420166016,172.0800018310547
2022-01-20,420.3556213378906,189.78297424316406,42.461769104003906,28.924819946289062,74.33361053466797,112.58293914794922,97.83827209472656,120.98744201660156,25.727924346923828,44.86342239379883,171.64999389648438
2022-01-21,412.1037292480469,186.2283935546875,41.82892990112305,28.48528289794922,74.39478302001953,112.89370727539062,98.40485382080078,122.42791748046875,25.83877182006836,44.2137451171875,171.08999633789062
2022-01-24,413.8538818359375,190.52035522460938,41.24003219604492,28.240156173706055,74.43843841552734,112.92926025390625,98.31771087646484,121.42212677001953,25.77411651611328,43.59115219116211,172.02999877929688
2022-01-25,408.8011779785156,187.977294921875,40.77419662475586,28.39230728149414,74.40351867675781,112.84930419921875,98.18692779541016,121.22608184814453,25.709449768066406,43.50994110107422,172.5800018310547
2022-01-26,407.77557373046875,185.2641143798828,40.96756362915039,28.29932403564453,74.27243041992188,112.31654357910156,97.4896011352539,119.75996398925781,25.413835525512695,42.95952224731445,169.7899932861328
2022-01-27,405.7619934082031,181.05718994140625,40.76541519165039,28.561359405517578,74.21126556396484,112.37869262695312,97.89932250976562,121.95913696289062,25.450780868530273,42.463253021240234,167.60000610351562
2022-01-28,415.8392333984375,184.58343505859375,40.95878219604492,28.51909637451172,74.23747253417969,112.58293914794922,98.12593841552734,122.00175476074219,25.3306884765625,42.670780181884766,167.10000610351562
2022-01-31,423.3289489746094,190.24618530273438,41.64435958862305,28.645883560180664,74.23747253417969,112.61843872070312,98.12593841552734,121.37098693847656,25.432308197021484,44.06938171386719,168.08999633789062
2022-02-01,426.1893005371094,192.25038146972656,42.06624221801758,28.975536346435547,74.23136138916016,112.53937530517578,97.99331665039062,120.96807098388672,25.517366409301758,44.34008026123047,168.22999572753906
2022-02-02,430.3293151855469,190.34075927734375,42.285980224609375,29.237567901611328,74.24882507324219,112.67259979248047,98.19402313232422,121.37777709960938,25.609825134277344,44.26789474487305,168.83999633789062
2022-02-03,420.2144470214844,186.7388458251953,41.71466827392578,28.941722869873047,74.18766784667969,112.40608978271484,97.7751693725586,120.4302978515625,25.54510498046875,43.79867935180664,168.60000610351562
2022-02-04,422.1903991699219,187.5424346923828,41.749820709228516,28.865652084350586,74.03904724121094,111.79304504394531,97.02479553222656,118.65493774414062,25.452646255493164,43.90696334838867,168.86000061035156
2022-02-07,420.83551025390625,188.46890258789062,41.69709014892578,29.0262508392334,74.05652618408203,111.8463134765625,97.05101013183594,118.7317123413086,25.39717674255371,43.81673049926758,170.11000061035156
2022-02-08,424.2980651855469,191.6831512451172,41.93440628051758,29.153039932250977,73.97785186767578,111.59752655029297,96.73686218261719,117.93789672851562,25.276987075805664,44.24081802368164,170.6300048828125
2022-02-09,430.5080871582031,195.3228302001953,42.68149948120117,29.381256103515625,73.96913146972656,111.59752655029297,96.86775970458984,118.15983581542969,25.424911499023438,44.935604095458984,171.2100067138672
2022-02-10,422.7737731933594,192.32601928710938,42.15414047241211,29.262924194335938,73.59322357177734,110.73566436767578,95.97777557373047,116.28204345703125,25.184534072875977,44.637840270996094,170.55999755859375
2022-02-11,414.4373474121094,190.3785400390625,40.93240737915039,29.127681732177734,73.82049560546875,111.47311401367188,96.9724349975586,118.00617218017578,25.24924659729004,43.96110534667969,173.80999755859375
2022-02-14,413.082275390625,189.71676635742188,40.56325149536133,28.823387145996094,73.66313171386719,110.99333190917969,96.30059814453125,116.53804016113281,25.110572814941406,43.6543083190918,174.74000549316406
2022-02-15,419.7440490722656,194.8029022216797,41.67071533203125,29.14458656311035,73.68939971923828,110.90450286865234,96.01266479492188,115.21501922607422,25.15679931640625,44.601749420166016,173.0800018310547
2022-02-16,420.2144470214844,195.20938110351562,41.81135177612305,29.29673957824707,73.7855453491211,111.12662506103516,96.21337127685547,115.89787292480469,25.258487701416016,44.92658233642578,174.86000061035156
2022-02-17,411.23809814453125,190.20840454101562,41.116981506347656,28.99243927001953,73.82926940917969,111.4287338256836,96.72815704345703,116.75996398925781,25.30472755432129,44.40324020385742,177.25
2022-02-18,408.5752868652344,188.5728759765625,40.844520568847656,28.96708106994629,73.8379898071289,111.5708999633789,97.04227447509766,117.9891357421875,25.33245277404785,43.96110534667969,177.1199951171875
2022-02-22,404.190673828125,185.9163818359375,39.88646697998047,28.8149356842041,73.7680435180664,111.47311401367188,97.03353881835938,118.29642486572266,25.267736434936523,43.3385009765625,177.49000549316406
2022-02-23,397.02081298828125,182.43746948242188,39.490936279296875,28.823387145996094,73.7243423461914,111.19772338867188,96.52748107910156,116.66613006591797,25.175291061401367,42.83320236206055,178.2899932861328
2022-02-24,402.9956359863281,187.2210235595703,38.735050201416016,27.84288215637207,73.7855453491211,111.41096496582031,96.75432586669922,116.74297332763672,24.962644577026367,41.94892501831055,177.13999938964844
2022-02-25,411.8872375488281,191.4373779296875,39.8513069152832,28.924819946289062,73.7855453491211,111.38430786132812,96.72815704345703,116.82823944091797,25.138301849365234,42.72492218017578,176.5500030517578
2022-02-28,410.83349609375,192.21258544921875,38.56805419921875,28.307783126831055,73.91667938232422,112.09510803222656,97.8275146484375,119.38900756835938,25.147544860839844,42.16548156738281,178.3800048828125
2022-03-01,404.576416015625,188.59182739257812,37.0474853515625,27.90205192565918,74.08717346191406,112.8410415649414,98.78031158447266,120.76933288574219,25.15864372253418,41.606040954589844,181.6199951171875
2022-03-02,412.0190124511719,193.08230590820312,37.58363342285156,28.51064109802246,73.84235382080078,111.81863403320312,97.29570007324219,116.6411361694336,24.9088191986084,41.678226470947266,179.72999572753906
2022-03-03,409.96783447265625,190.79449462890625,36.458580017089844,27.716094970703125,73.84235382080078,112.0230712890625,97.71488189697266,117.82913208007812,24.936588287353516,41.09171676635742,180.8000030517578
2022-03-04,406.6370544433594,187.80712890625,34.55127716064453,26.549636840820312,73.92102813720703,112.5565414428711,98.68427276611328,119.86334991455078,24.890317916870117,40.26158142089844,183.67999267578125
2022-03-07,394.64971923828125,183.13702392578125,33.21528625488281,26.017126083374023,73.82485961914062,112.17424011230469,98.26506042480469,118.94881439208984,24.686756134033203,38.75471115112305,186.41000366210938
2022-03-08,391.65765380859375,184.1485595703125,34.21727752685547,26.34677505493164,73.7286376953125,111.72085571289062,97.6275405883789,117.7522201538086,24.53870964050293,38.88103485107422,191.50999450683594
2022-03-09,402.158203125,189.33865356445312,36.66074752807617,27.166677474975586,73.68492126464844,111.37409210205078,97.02494812011719,116.59838104248047,24.621994018554688,39.98186111450195,185.82000732421875
2022-03-10,400.3422546386719,188.998291015625,35.63237762451172,26.80321502685547,73.62374877929688,111.08068084716797,96.57955169677734,114.92321014404297,24.46468734741211,39.232933044433594,186.39999389648438
2022-03-11,395.25189208984375,185.9825897216797,35.254432678222656,26.625707626342773,73.59749603271484,110.9828872680664,96.55338287353516,115.30778503417969,24.325891494750977,38.41182327270508,185.08999633789062
2022-03-14,392.3633117675781,182.1821746826172,36.01911163330078,26.786312103271484,73.40512084960938,110.17384338378906,95.3307113647461,112.6154556274414,24.085317611694336,37.48243713378906,182.3000030517578
2022-03-15,400.9915466308594,185.08448791503906,36.35311508178711,26.989171981811523,73.43138122558594,110.14714813232422,95.28707885742188,112.41889953613281,24.094566345214844,37.53656768798828,178.88999938964844
2022-03-16,409.88311767578125,190.907958984375,38.111000061035156,27.716094970703125,73.36141967773438,109.9515609741211,95.15606689453125,113.52147674560547,24.325891494750977,40.559349060058594,180.00999450683594
2022-03-17,415.01123046875,193.90476989746094,38.154945373535156,27.961223602294922,73.33519744873047,109.86266326904297,94.97269439697266,112.67530822753906,24.436922073364258,40.3518180847168,180.88999938964844
2022-03-18,419.5566101074219,195.94677734375,38.29558181762695,28.180992126464844,73.31768035888672,109.92488098144531,95.25214385986328,114.05138397216797,24.409170150756836,40.92930221557617,179.3000030517578
2022-03-21,419.43402099609375,194.2167205810547,37.777000427246094,28.189437866210938,73.07288360595703,109.00027465820312,94.01207733154297,111.41033172607422,24.11307144165039,40.29767608642578,180.6699981689453
2022-03-22,424.3420104980469,196.16419982910156,38.34832000732422,28.54445457458496,73.02043151855469,108.67129516601562,93.49679565429688,109.98297882080078,24.140830993652344,41.02855682373047,179.36000061035156
2022-03-23,418.8771667480469,192.76089477539062,37.4430046081543,28.282421112060547,73.08161163330078,109.07138061523438,94.12554931640625,112.39327239990234,24.168601989746094,40.75785827636719,181.80999755859375
2022-03-24,425.19140625,194.9773712158203,37.715476989746094,28.476835250854492,73.06414031982422,108.77799224853516,93.6015625,111.51292419433594,24.057552337646484,40.97441864013672,183.1300048828125
2022-03-25,427.2678527832031,195.24261474609375,37.78579330444336,28.620527267456055,72.86300659179688,107.95115661621094,92.64094543457031,109.96590423583984,23.946514129638672,40.64957809448242,182.3800048828125
2022-03-28,430.3070983886719,195.3089141845703,38.031898498535156,28.35004425048828,72.79308319091797,108.0044937133789,92.85053253173828,110.90603637695312,23.89100456237793,40.78493118286133,179.05999755859375
2022-03-29,435.6303405761719,200.53761291503906,39.35031509399414,28.578262329101562,72.82804870605469,108.27120208740234,93.31339263916016,111.74365997314453,23.92801284790039,41.47971725463867,179.13999938964844
2022-03-30,432.9403991699219,196.51193237304688,38.963584899902344,28.69659996032715,72.88050842285156,108.5112533569336,93.68016815185547,112.6154556274414,24.10382652282715,41.3624153137207,180.5800018310547
2022-03-31,426.2768859863281,194.43746948242188,38.031898498535156,28.434566497802734,72.88050842285156,108.5112533569336,93.8548583984375,112.88898468017578,24.085317611694336,40.73981475830078,180.64999389648438
2022-04-01,427.48504638671875,196.6160888671875,38.37468338012695,28.6796932220459,72.72830963134766,107.95694732666016,93.24371337890625,113.31869506835938,23.980688095092773,41.41655731201172,179.5
2022-04-04,431.1470947265625,196.9381866455078,38.38346862792969,28.654335021972656,72.77202606201172,108.03702545166016,93.18252563476562,112.53119659423828,24.045501708984375,42.147438049316406,180.3699951171875
2022-04-05,425.701171875,192.27781677246094,37.68910217285156,28.69659996032715,72.64082336425781,107.28960418701172,92.07215118408203,109.98883819580078,23.804765701293945,41.371437072753906,179.24000549316406
2022-04-06,421.4443664550781,189.54977416992188,36.95079040527344,28.730411529541016,72.69329071044922,107.28960418701172,91.7486801147461,109.09855651855469,23.619585037231445,40.83004379272461,179.66000366210938
2022-04-07,423.56805419921875,188.93408203125,37.05626678466797,28.85719871520996,72.74580383300781,107.37857055664062,91.5213394165039,108.27680969238281,23.554780960083008,40.505210876464844,180.33999633789062
2022-04-08,422.4353942871094,187.42799377441406,37.0386848449707,28.90791893005371,72.65829467773438,107.04047393798828,91.05794525146484,107.10407257080078,23.4807071685791,40.54130172729492,181.47000122070312
2022-04-11,415.2150573730469,186.16818237304688,36.77500534057617,28.60361671447754,72.6758041381836,106.90699005126953,90.62080383300781,105.40914154052734,23.147388458251953,40.036006927490234,182.3699951171875
2022-04-12,413.6766357421875,186.75543212890625,36.49374008178711,28.459924697875977,72.85954284667969,107.44083404541016,91.05794525146484,105.2636489868164,23.369590759277344,39.90968704223633,183.77000427246094
2022-04-13,418.41461181640625,190.30755615234375,36.95957946777344,28.806486129760742,72.89450073242188,107.60102081298828,91.25907135009766,105.47763061523438,23.37885856628418,40.433021545410156,184.64999389648438
2022-04-14,413.2046813964844,188.46046447753906,36.77500534057617,28.823387145996094,72.7632827758789,107.01376342773438,90.43721008300781,103.36327362060547,23.2955265045166,39.90968704223633,184.0399932861328
2022-04-18,413.37457275390625,187.19119262695312,36.72227096557617,28.688142776489258,72.7632827758789,106.91587829589844,90.17493438720703,102.84970092773438,23.1751651763916,39.77433395385742,184.61000061035156
2022-04-19,420.0474548339844,190.92323303222656,36.89805221557617,28.755769729614258,72.59707641601562,106.35531616210938,89.58041381835938,102.07927703857422,23.017759323120117,39.5758171081543,181.82000732421875
2022-04-20,419.73602294921875,191.65264892578125,37.40784454345703,28.882558822631836,72.64082336425781,106.6845703125,90.27981567382812,104.13371276855469,23.1751651763916,39.341217041015625,182.7100067138672
2022-04-21,413.4595642089844,187.36166381835938,37.223262786865234,28.51064109802246,72.51834869384766,106.24853515625,89.7814712524414,103.36327362060547,22.98997688293457,38.58326721191406,182.05999755859375
2022-04-22,402.1145324707031,182.51185607910156,36.62558364868164,27.87669563293457,72.50086975097656,106.29303741455078,89.82521057128906,102.71270751953125,22.83257484436035,38.240386962890625,180.2899932861328
2022-04-25,404.4459228515625,183.62017822265625,36.388275146484375,27.538593292236328,72.61457061767578,106.70232391357422,90.40226745605469,103.73995208740234,22.90665054321289,37.96065902709961,177.0500030517578
2022-04-26,392.7327575683594,177.8325653076172,35.122589111328125,26.837026596069336,72.74580383300781,107.19172668457031,91.00547790527344,104.78428649902344,22.86962127685547,37.130531311035156,177.32000732421875
2022-04-27,393.8370056152344,177.09375,35.16653823852539,27.06524658203125,72.7107925415039,106.93368530273438,90.49842834472656,103.44034576416016,22.628883361816406,37.56364440917969,175.97999572753906
2022-04-28,403.78509521484375,180.3995361328125,35.75542449951172,27.437162399291992,72.65829467773438,106.77351379394531,90.36727905273438,103.59442138671875,22.332592010498047,38.10503387451172,176.92999267578125
2022-04-29,388.86297607421875,175.1898193359375,35.254432678222656,27.301916122436523,72.51834869384766,106.37311553955078,89.88638305664062,102.25045013427734,22.406667709350586,38.240386962890625,176.91000366210938
2022-05-02,391.20367431640625,177.02743530273438,35.16653823852539,27.158226013183594,72.51309204101562,105.98574829101562,89.21675872802734,100.47808837890625,22.269512176513672,38.18624496459961,173.6300048828125
2022-05-03,392.99700927734375,178.54299926757812,35.43022537231445,27.547046661376953,72.47808074951172,106.03028106689453,89.32180786132812,101.15550994873047,22.334386825561523,38.465965270996094,174.08999633789062
2022-05-04,404.9649658203125,183.30755615234375,36.17732238769531,27.927412033081055,72.670654296875,106.60912322998047,89.8995361328125,101.71283721923828,22.630937576293945,38.88103485107422,175.8000030517578
2022-05-05,390.5713195800781,175.87179565429688,35.025909423828125,27.0821533203125,72.548095703125,106.0480728149414,88.9979019165039,98.92606353759766,22.278779983520508,37.44634246826172,175.1300048828125
2022-05-06,388.24005126953125,172.94483947753906,34.524906158447266,26.701786041259766,72.53936767578125,105.80767059326172,88.49018859863281,97.46836853027344,22.16756820678711,36.9320182800293,175.4199981689453
2022-05-09,375.8096923828125,165.67015075683594,33.56686019897461,25.95795440673828,72.72315216064453,106.39539337158203,89.14674377441406,98.32583618164062,22.037826538085938,35.86727523803711,172.8800048828125
2022-05-10,376.6778869628906,165.71751403808594,33.92722702026367,26.16082000732422,72.67938995361328,106.50226593017578,89.44432830810547,99.21762084960938,22.07489585876465,36.03871536254883,171.4199981689453
2022-05-11,370.6940612792969,161.59710693359375,33.83932876586914,25.95795440673828,72.68814086914062,106.6892318725586,89.99580383300781,101.12979125976562,22.06562614440918,35.78606414794922,172.82000732421875
2022-05-12,370.3070068359375,163.49154663085938,33.66353988647461,25.831165313720703,72.79317474365234,106.98310852050781,90.2934341430664,100.94112396240234,22.17683982849121,35.55146408081055,170.1699981689453
2022-05-13,379.1602478027344,168.6728973388672,34.6479606628418,26.65106964111328,72.76693725585938,106.7337646484375,89.82073211669922,99.44912719726562,22.06562614440918,36.534996032714844,168.7899932861328
2022-05-16,377.6217956542969,167.8677520751953,34.7182731628418,26.96381378173828,72.81066131591797,107.00984191894531,90.19715881347656,99.34624481201172,22.13050079345703,36.390625,170.39999389648438
2022-05-17,385.3896484375,173.001708984375,35.66754150390625,27.504783630371094,72.65313720703125,106.38648986816406,89.51436614990234,98.14580535888672,22.158308029174805,37.28392028808594,169.3300018310547
2022-05-18,369.8540344238281,166.93943786621094,34.51612091064453,26.744047164916992,72.68814086914062,106.69813537597656,90.15338134765625,100.23799896240234,22.223176956176758,36.390625,169.4199981689453
2022-05-19,367.5887756347656,167.2141571044922,34.89406204223633,26.845476150512695,72.79317474365234,106.98310852050781,90.47727966308594,100.47808837890625,22.436323165893555,36.968109130859375,171.91000366210938
2022-05-20,367.7492370605469,166.78790283203125,35.025909423828125,27.115962982177734,72.8456802368164,107.19683837890625,90.89745330810547,101.61853790283203,22.41779327392578,37.12150573730469,172.02999877929688
2022-05-23,374.6298828125,168.8054962158203,35.825740814208984,27.648475646972656,72.81066131591797,106.86736297607422,90.3459701538086,99.94645690917969,22.510461807250977,37.40121841430664,172.8300018310547
2022-05-24,371.7699890136719,166.30484008789062,35.72026824951172,27.699190139770508,72.97696685791016,107.46397399902344,91.12505340576172,101.91863250732422,22.705074310302734,36.75155258178711,174.1300048828125
2022-05-25,375.0545349121094,169.29803466796875,35.808162689208984,27.84288215637207,73.02947235107422,107.66876983642578,91.3088607788086,102.32169342041016,22.640213012695312,36.9320182800293,173.0800018310547
2022-05-26,382.54864501953125,173.07745361328125,36.397056579589844,27.93586540222168,73.04700469970703,107.65989685058594,91.26510620117188,101.8586196899414,22.58460235595703,37.50950622558594,172.75999450683594
2022-05-27,391.9399719238281,177.7378387451172,36.977169036865234,28.07110595703125,73.06449890136719,107.67770385742188,91.39640808105469,102.10728454589844,22.65873908996582,37.9426155090332,172.85000610351562
2022-05-31,389.74072265625,175.5308074951172,36.783790588378906,28.03729820251465,72.95072174072266,107.14341735839844,90.44226837158203,99.94645690917969,22.52899169921875,38.47499084472656,171.13999938964844
2022-06-01,386.58831787109375,174.53623962402344,36.22127151489258,27.648475646972656,72.81495666503906,106.66304779052734,89.93301391601562,99.83222198486328,22.261852264404297,38.204288482666016,172.22999572753906
2022-06-02,393.9503479003906,178.79873657226562,37.12657928466797,28.17254066467285,72.83248138427734,106.76104736328125,90.06451416015625,99.88375854492188,22.521577835083008,38.86298370361328,174.35000610351562
2022-06-03,387.4850158691406,177.18846130371094,36.66074752807617,27.792173385620117,72.80615997314453,106.60954284667969,89.88919830322266,99.66902160644531,22.280406951904297,38.23135757446289,172.5800018310547
2022-06-06,388.6647644042969,177.95570373535156,36.9068489074707,27.952768325805664,72.7098388671875,106.1817398071289,89.21434783935547,97.83071899414062,22.206205368041992,38.43889236450195,171.82000732421875
2022-06-07,392.3929443359375,180.82582092285156,36.93321990966797,28.189437866210938,72.71862030029297,106.37784576416016,89.57366943359375,98.8873062133789,22.196924209594727,38.556190490722656,172.94000244140625
2022-06-08,388.12677001953125,178.03147888183594,36.41463851928711,27.792173385620117,72.66606903076172,106.19066619873047,89.24060821533203,98.01112365722656,22.00213623046875,38.76373291015625,172.77999877929688
2022-06-09,378.89599609375,174.34085083007812,35.43284225463867,27.198467254638672,72.6135025024414,106.06587982177734,89.16175842285156,98.33757781982422,21.705310821533203,37.846466064453125,172.22999572753906
2022-06-10,367.90966796875,169.6112518310547,34.335960388183594,26.57034683227539,72.30692291259766,105.20137023925781,88.28531646728516,97.72766876220703,21.50124740600586,37.4278678894043,174.5399932861328
2022-06-13,353.9408264160156,161.64303588867188,33.0682487487793,25.770137786865234,71.93904113769531,104.02497863769531,86.71644592285156,94.66107177734375,21.000349044799805,36.11747741699219,169.92999267578125
2022-06-14,352.8742370605469,160.8643341064453,32.708614349365234,25.37433624267578,71.79888153076172,103.5882568359375,86.02406311035156,93.46707153320312,20.916868209838867,36.617977142333984,168.57000732421875
2022-06-15,357.90496826171875,163.2196044921875,33.55375671386719,26.045480728149414,72.07917785644531,104.52406311035156,87.22479248046875,95.21086120605469,21.20441436767578,37.10026931762695,170.77000427246094
2022-06-16,346.05975341796875,155.65975952148438,32.57375717163086,25.49479866027832,72.17552185058594,104.90728759765625,87.79447937011719,95.96674346923828,21.427034378051758,35.96278381347656,172.69000244140625
2022-06-17,346.8057861328125,156.87542724609375,32.708614349365234,25.107601165771484,72.15803527832031,104.80924987792969,87.8207778930664,96.27598571777344,21.18586540222168,36.09927749633789,171.27000427246094
2022-06-21,355.5361328125,159.6865997314453,33.16715621948242,25.770137786865234,72.1317367553711,104.58645629882812,87.3650131225586,94.64389038085938,21.05600357055664,36.681671142578125,170.6300048828125
2022-06-22,354.8915100097656,159.38270568847656,32.915409088134766,25.486194610595703,72.34197235107422,105.39749145507812,88.46935272216797,97.24665069580078,21.34356117248535,36.0264778137207,171.30999755859375
2022-06-23,358.3703308105469,161.29164123535156,32.717613220214844,25.331314086914062,72.40328216552734,105.78070831298828,88.96894836425781,98.04553985595703,21.538345336914062,36.13567352294922,170.25999450683594
2022-06-24,369.7643127441406,166.28721618652344,33.78752136230469,26.140125274658203,72.3857421875,105.63810729980469,88.65343475341797,96.68830108642578,21.510513305664062,36.99106979370117,170.08999633789062
2022-06-27,368.3519592285156,166.90455627441406,33.616695404052734,26.105712890625,72.30692291259766,105.30834197998047,88.15384674072266,95.86366271972656,21.427034378051758,37.03656768798828,169.89999389648438
2022-06-28,360.82550048828125,163.77044677734375,33.29302215576172,26.036876678466797,72.28941345214844,105.3172607421875,88.26778411865234,96.31033325195312,21.26007080078125,36.80906677246094,169.6199951171875
2022-06-29,360.53167724609375,162.10842895507812,32.924400329589844,25.976646423339844,72.3769760131836,105.79850769042969,88.97770690917969,97.8135986328125,21.334278106689453,36.66347122192383,169.49000549316406
2022-06-30,357.6025390625,160.84527587890625,32.68164825439453,25.778743743896484,72.51713562011719,106.35999298095703,89.66131591796875,98.67256164550781,21.48269271850586,36.49057388305664,168.4600067138672
2022-07-01,361.384765625,162.79220581054688,32.753578186035156,25.71851348876953,72.7354736328125,107.24230194091797,90.62252044677734,99.68559265136719,21.578325271606445,36.26308059692383,168.32000732421875
2022-07-05,362.0672912597656,164.14083862304688,31.593761444091797,24.961328506469727,72.7266845703125,107.35829162597656,90.9560546875,100.46884155273438,21.40191078186035,35.980987548828125,164.75
2022-07-06,363.2900390625,162.92515563964844,31.530820846557617,25.073183059692383,72.52500915527344,106.70703887939453,90.1836166381836,98.7818832397461,21.225494384765625,35.76258087158203,162.13999938964844
2022-07-07,368.73114013671875,166.7810516357422,32.05229568481445,25.46898651123047,72.4724349975586,106.32339477539062,89.63060760498047,97.91261291503906,21.244064331054688,36.481475830078125,162.22999572753906
2022-07-08,368.4277648925781,166.7620391845703,32.14219665527344,25.37433624267578,72.38475799560547,105.96656036376953,89.08638763427734,96.828125,21.19764518737793,36.481475830078125,162.3000030517578
2022-07-11,364.21905517578125,163.40957641601562,31.48586654663086,25.081787109375,72.41106414794922,106.3680191040039,89.78861999511719,98.49784851074219,21.021223068237305,35.50778579711914,161.42999267578125
2022-07-12,360.99609375,162.84921264648438,31.413936614990234,25.098995208740234,72.44610595703125,106.52861022949219,89.9992904663086,99.08311462402344,21.17906951904297,35.37128829956055,160.8300018310547
2022-07-13,359.1002502441406,162.7067413330078,31.494861602783203,25.04737091064453,72.36721801757812,106.55537414550781,90.385498046875,100.21924591064453,21.225494384765625,35.28938674926758,161.60000610351562
2022-07-14,358.2281799316406,161.0352020263672,30.964401245117188,24.531105041503906,72.34091186523438,106.22529602050781,89.88517761230469,99.40158081054688,21.08622169494629,34.970890045166016,159.3300018310547
2022-07-15,365.0721435546875,164.38775634765625,31.656694412231445,24.987140655517578,72.39352416992188,106.41265106201172,90.19241333007812,99.96101379394531,21.067651748657227,35.152896881103516,159.00999450683594
2022-07-18,362.05780029296875,163.92237854003906,31.872478485107422,25.167831420898438,72.34969329833984,106.26097869873047,89.92903900146484,98.91960906982422,21.169784545898438,35.39858627319336,159.16000366210938
2022-07-19,371.84027099609375,169.7062225341797,33.104209899902344,25.71851348876953,72.27075958251953,105.95765686035156,89.51651000976562,98.38597106933594,21.1883602142334,35.980987548828125,159.5399932861328
2022-07-20,374.2100524902344,172.36541748046875,32.67265701293945,25.46038055419922,72.26199340820312,105.85951232910156,89.4287109375,98.64415740966797,21.169784545898438,35.82628631591797,158.0399932861328
2022-07-21,378.0207824707031,173.24868774414062,33.11321258544922,25.56363296508789,72.46366882324219,106.6891860961914,90.44696807861328,100.34833526611328,21.271921157836914,36.23577880859375,160.27000427246094
2022-07-22,374.513427734375,170.48497009277344,32.915409088134766,25.503402709960938,72.64775085449219,107.42073822021484,91.48271179199219,102.0353012084961,21.531898498535156,35.87178421020508,160.6699981689453
2022-07-25,374.96844482421875,171.3682098388672,33.212100982666016,25.864784240722656,72.58639526367188,107.2333984375,91.15796661376953,101.03693389892578,21.43904685974121,35.999183654785156,160.22999572753906
2022-07-26,370.53216552734375,170.31402587890625,32.501834869384766,25.70990753173828,72.55135345458984,107.19770050048828,91.19307708740234,101.11437225341797,21.448333740234375,35.71708679199219,160.0399932861328
2022-07-27,380.1535339355469,174.1889190673828,33.41889190673828,26.329425811767578,72.6653060913086,107.49211883544922,91.37740325927734,100.54632568359375,21.643321990966797,36.38138198852539,161.6699981689453
2022-07-28,384.9216003417969,176.58221435546875,33.652652740478516,26.243379592895508,72.82310485839844,108.15228271484375,92.28152465820312,101.34675598144531,21.75473976135254,36.536075592041016,163.63999938964844
2022-07-29,390.53326416015625,177.8358612060547,34.30898666381836,26.596158981323242,72.81436157226562,108.17903900146484,92.31663513183594,101.07133483886719,21.9218692779541,36.36317825317383,164.10000610351562
2022-08-01,389.3768005371094,177.7693634033203,34.21908187866211,26.587554931640625,72.81262969970703,108.34249877929688,92.8565444946289,103.50547790527344,22.04547882080078,36.05377960205078,165.02999877929688
2022-08-02,386.80792236328125,177.5984649658203,33.661643981933594,26.355236053466797,72.55807495117188,107.33322143554688,91.57272338867188,101.31533813476562,21.850311279296875,35.880882263183594,164.0500030517578
2022-08-03,392.865234375,180.2101593017578,34.20109939575195,26.510114669799805,72.58441162109375,107.52972412109375,91.95083618164062,102.91051483154297,21.878185272216797,36.16297912597656,164.4499969482422
2022-08-04,392.5997619628906,179.8302764892578,34.49778747558594,26.510114669799805,72.68095397949219,107.89588928222656,92.4168701171875,102.87603759765625,22.08265495300293,36.41777801513672,167.1699981689453
2022-08-05,391.9361572265625,181.20736694335938,34.20109939575195,26.363842010498047,72.38256072998047,106.85086059570312,91.0802993774414,100.42720794677734,21.785249710083008,36.45417785644531,165.2899932861328
2022-08-08,391.4812316894531,183.12582397460938,34.28201675415039,26.441280364990234,72.45276641845703,107.17243194580078,91.61669921875,102.04824829101562,21.813127517700195,36.49967956542969,166.69000244140625
2022-08-09,389.9266052246094,180.62803649902344,34.102195739746094,26.475696563720703,72.38256072998047,106.92230987548828,91.34410095214844,101.65160369873047,21.933948516845703,36.36317825317383,167.1999969482422
2022-08-10,398.1166076660156,185.78504943847656,34.83045959472656,26.905914306640625,72.45276641845703,107.08309173583984,91.3968734741211,100.98771667480469,22.138427734375,36.818172454833984,166.77999877929688
2022-08-11,398.1166076660156,186.47833251953125,34.81247329711914,26.7596435546875,72.42642974853516,106.76155090332031,90.79013061523438,98.63372802734375,21.961835861206055,36.96377182006836,166.33999633789062
2022-08-12,404.8563232421875,190.28672790527344,35.10018539428711,26.905914306640625,72.44397735595703,106.96701049804688,91.15062713623047,99.63394927978516,21.97113037109375,37.355064392089844,167.8699951171875
2022-08-15,406.5246276855469,190.96104431152344,34.740543365478516,26.682205200195312,72.5053939819336,107.19029235839844,91.44086456298828,99.54769134521484,21.887487411499023,37.182167053222656,165.7100067138672
2022-08-16,407.3209228515625,190.88504028320312,34.83944320678711,26.837081909179688,72.44397735595703,106.98486328125,91.3353042602539,99.96160125732422,21.803831100463867,37.17306900024414,165.4199981689453
2022-08-17,404.4296875,187.67501831054688,34.43485641479492,26.664995193481445,72.38256072998047,106.55615234375,90.71977233886719,98.91827392578125,21.6644287109375,37.018367767333984,164.35000610351562
2022-08-18,405.6051940917969,188.9191131591797,34.20109939575195,26.60476303100586,72.48786926269531,106.70796966552734,90.8956527709961,99.06485748291016,21.450664520263672,36.80906677246094,163.9199981689453
2022-08-19,400.1546630859375,184.8638153076172,33.6436653137207,26.286401748657227,72.43521881103516,106.34175109863281,90.11306762695312,97.46967315673828,21.218307495117188,36.3085823059082,162.72000122070312
2022-08-22,391.8224792480469,181.05538940429688,32.62770080566406,26.071290969848633,72.3386459350586,106.02914428710938,89.71734619140625,97.14202880859375,21.041717529296875,35.99007797241211,161.63999938964844
2022-08-23,390.8745422363281,181.34983825683594,32.66367721557617,26.105712890625,72.37376403808594,105.94879913330078,89.49752807617188,96.60742950439453,20.995256423950195,36.18117904663086,162.77000427246094
2022-08-24,392.12579345703125,182.7364501953125,32.77156066894531,25.96803855895996,72.29479217529297,105.73439025878906,89.19856262207031,95.90037536621094,20.939489364624023,36.17207717895508,163.25
2022-08-25,397.66162109375,185.57608032226562,33.122196197509766,26.19175148010254,72.3386459350586,106.0380859375,89.77010345458984,97.23686218261719,21.116077423095703,36.95466995239258,163.75
2022-08-26,384.201171875,179.47885131835938,31.998348236083984,25.60665512084961,72.32110595703125,105.86840057373047,89.66458892822266,97.96977233886719,20.94878387451172,36.4086799621582,161.75999450683594
2022-08-29,381.6607360839844,177.82635498046875,32.106239318847656,25.580841064453125,72.26844024658203,105.5647201538086,89.15457916259766,97.15926361083984,20.80937385559082,36.18117904663086,161.86000061035156
2022-08-30,377.470947265625,175.3380889892578,32.0073356628418,25.202247619628906,72.23333740234375,105.52896881103516,89.12823486328125,97.40071105957031,20.80007553100586,35.753482818603516,160.50999450683594
2022-08-31,374.5987548828125,174.2743682861328,31.76458740234375,24.875282287597656,72.22454833984375,105.29676818847656,88.75887298583984,96.46943664550781,20.688547134399414,35.880882263183594,159.27000427246094
2022-09-01,375.774169921875,172.37493896484375,31.288074493408203,24.45366859436035,72.17185974121094,104.93184661865234,88.05328369140625,94.70327758789062,20.635515213012695,35.59878158569336,157.8699951171875
2022-09-02,371.81182861328125,171.03582763671875,30.982383728027344,24.445064544677734,72.32998657226562,105.40587615966797,88.546630859375,95.23902130126953,20.598304748535156,35.27119064331055,159.25999450683594
2022-09-06,370.4089660644531,169.34535217285156,31.072290420532227,24.660175323486328,72.17185974121094,104.7708969116211,87.55999755859375,92.88004302978516,20.309894561767578,34.85259246826172,158.3300018310547
2022-09-07,377.0633239746094,173.03024291992188,31.737613677978516,24.634361267089844,72.27728271484375,105.20909881591797,88.13256072998047,94.34900665283203,20.533180236816406,35.16199493408203,159.94000244140625
2022-09-08,379.5279235839844,174.47381591796875,31.584768295288086,24.617149353027344,72.18942260742188,104.93184661865234,87.80665588378906,93.38121032714844,20.393619537353516,34.970890045166016,158.97999572753906
2022-09-09,385.4239501953125,177.97833251953125,32.45687484741211,25.22806167602539,72.1279067993164,104.86032104492188,87.81546020507812,93.5886001586914,20.440141677856445,35.489585876464844,159.82000732421875
2022-09-12,389.56640625,180.13418579101562,33.212100982666016,25.641071319580078,72.11912536621094,104.8066635131836,87.60404205322266,92.81956481933594,20.54247283935547,36.01737976074219,160.6300048828125
2022-09-13,372.6271057128906,173.08721923828125,31.93541145324707,24.84086799621582,71.8730697631836,104.21639251708984,87.11078643798828,93.03560638427734,20.291288375854492,34.907196044921875,158.5399932861328
2022-09-14,374.0489807128906,173.76153564453125,32.079261779785156,24.849468231201172,71.81155395507812,104.1180191040039,87.15477752685547,93.35531616210938,20.430837631225586,35.08009338378906,157.92999267578125
2022-09-15,369.8022766113281,172.49839782714844,31.755590438842773,24.582735061645508,71.73242950439453,103.85868835449219,86.85530090332031,93.29480743408203,20.26337242126465,34.707000732421875,154.97999572753906
2022-09-16,366.9810485839844,169.9911346435547,31.539817810058594,24.410646438598633,71.7676010131836,104.01963806152344,86.9257583618164,92.51716613769531,20.300580978393555,34.38849639892578,155.83999633789062
2022-09-19,369.8269958496094,171.44424438476562,31.68366813659668,24.513896942138672,71.68850708007812,103.79606628417969,86.67911529541016,92.73319244384766,20.26337242126465,34.49769973754883,155.9600067138672
2022-09-20,365.5820007324219,169.10789489746094,30.910457611083984,24.16972541809082,71.65335845947266,103.50093078613281,86.14176940917969,91.80859375,20.077302932739258,34.30660629272461,155.07000732421875
2022-09-21,359.2048034667969,166.52462768554688,30.442934036254883,23.928800582885742,71.59185028076172,103.55463409423828,86.48533630371094,93.34669494628906,20.04009246826172,33.733306884765625,155.7899932861328
2022-09-22,356.1875,162.77322387695312,30.29907989501953,23.86857032775879,71.46001434326172,102.71395111083984,85.1816177368164,90.96179962158203,19.965656280517578,33.56950759887695,155.6999969482422
2022-09-23,350.21966552734375,158.89833068847656,29.13027000427246,22.586515426635742,71.37217712402344,102.54402160644531,85.2873306274414,91.3333511352539,19.630727767944336,32.74141311645508,153.00999450683594
2022-09-26,346.7550354003906,156.72271728515625,28.74366569519043,22.182109832763672,71.21397399902344,101.64967346191406,83.86911010742188,89.58792114257812,19.165546417236328,32.341026306152344,151.22999572753906
2022-09-27,345.869873046875,157.25729370117188,28.509904861450195,22.0616455078125,71.21397399902344,101.3724136352539,83.29653930664062,87.22896575927734,19.053895950317383,32.304622650146484,151.5399932861328
2022-09-28,352.6753845214844,162.2310028076172,29.2381591796875,22.586515426635742,71.52156829833984,102.75863647460938,85.17278289794922,90.14958190917969,19.565597534179688,32.58672332763672,154.69000244140625
2022-09-29,345.308349609375,158.59384155273438,28.779626846313477,22.526283264160156,71.42489624023438,102.44562530517578,84.77639770507812,89.6829605102539,19.50047492980957,31.858722686767578,154.66000366210938
2022-09-30,339.9685974121094,157.43870544433594,28.752656936645508,22.55209732055664,71.36337280273438,102.20418548583984,84.55618286132812,88.52509307861328,19.37952423095703,31.740434646606445,154.6699981689453
2022-10-03,348.9442443847656,161.61045837402344,29.426973342895508,23.11998748779297,71.5199966430664,102.9045181274414,85.5597152709961,89.93168640136719,19.67942237854004,32.259124755859375,158.42999267578125
2022-10-04,359.7568054199219,168.01608276367188,31.018341064453125,23.997636795043945,71.54638671875,103.1015396118164,85.7362289428711,89.6805419921875,19.958824157714844,33.31471633911133,160.6999969482422
2022-10-05,358.919189453125,166.7751007080078,30.577789306640625,23.636247634887695,71.47602081298828,102.59104919433594,84.9242172241211,88.82307434082031,19.707359313964844,33.33291244506836,159.80999755859375
2022-10-06,355.2167053222656,165.83950805664062,29.903480529785156,23.05115509033203,71.38800048828125,102.24178314208984,84.45646667480469,88.32935333251953,19.558340072631836,33.132713317871094,159.6300048828125
2022-10-07,345.308349609375,160.9613037109375,29.211191177368164,22.922088623046875,71.3000259399414,101.87458038330078,84.0416259765625,87.47186279296875,19.362762451171875,32.44112777709961,157.8800048828125
2022-10-10,342.67181396484375,160.06394958496094,29.103300094604492,22.767210006713867,71.27362823486328,101.65066528320312,83.54740142822266,86.11202239990234,19.20442771911621,31.986129760742188,155.47999572753906
2022-10-11,340.50164794921875,160.1116943359375,28.734676361083984,22.328384399414062,71.30880737304688,101.76710510253906,83.75920867919922,86.4931411743164,19.10198211669922,31.476533889770508,155.16000366210938
2022-10-12,339.37847900390625,159.6725616455078,28.64476776123047,22.37140464782715,71.37921905517578,102.01788330078125,84.03280639648438,86.91753387451172,19.06473159790039,31.5129337310791,155.99000549316406
2022-10-13,348.3350524902344,163.624755859375,29.48990249633789,23.11138153076172,71.16806030273438,101.55216979980469,83.6797866821289,86.08602142333984,19.22306251525879,31.603933334350586,154.91000366210938
2022-10-14,340.39697265625,159.24295043945312,29.085317611694336,22.60372543334961,71.13282775878906,101.29243469238281,83.21199798583984,85.37578582763672,19.018159866333008,31.130735397338867,152.97999572753906
2022-10-17,349.1441650390625,164.3216552734375,30.128252029418945,23.223237991333008,71.21202850341797,101.45362091064453,83.30026245117188,84.96004486083984,19.139240264892578,31.986129760742188,153.4199981689453
2022-10-18,353.2463684082031,166.26910400390625,30.550823211669922,23.292076110839844,71.2472152709961,101.6148681640625,83.51206970214844,85.15926361083984,19.23236846923828,31.995229721069336,153.75
2022-10-19,350.7431945800781,163.44338989257812,30.10127830505371,23.04254722595215,71.11522674560547,101.02376556396484,82.6382827758789,83.60887145996094,19.083349227905273,31.41283416748047,151.69000244140625
2022-10-20,347.8020935058594,161.3622589111328,30.110275268554688,23.04254722595215,71.03604888916016,100.60282135009766,82.0204849243164,82.17972564697266,18.99022674560547,31.613035202026367,151.4499969482422
2022-10-21,356.254150390625,164.86581420898438,30.71265983581543,23.395328521728516,71.2208480834961,101.05062103271484,82.20581817626953,80.69861602783203,19.157869338989258,32.095333099365234,154.14999389648438
2022-10-24,360.61346435546875,165.57220458984375,30.99137306213379,23.45555877685547,71.2032241821289,101.03266906738281,82.09989929199219,80.03166961669922,19.111299514770508,30.875940322875977,153.64999389648438
2022-10-25,366.3719177246094,170.08767700195312,31.76458740234375,23.79973602294922,71.27362823486328,101.5790023803711,83.12373352050781,82.36161041259766,19.455894470214844,31.130735397338867,154.0
2022-10-26,363.6116638183594,170.92771911621094,32.08824920654297,24.161117553710938,71.335205078125,101.82084655761719,83.54740142822266,83.54823303222656,19.67942237854004,31.640331268310547,154.97999572753906
2022-10-27,361.6700439453125,170.96592712402344,31.755590438842773,24.12670135498047,71.48480987548828,102.35818481445312,84.13871765136719,84.42301940917969,19.707359313964844,31.394636154174805,154.74000549316406
2022-10-28,370.2743835449219,174.85128784179688,32.12421417236328,24.3762264251709,71.37921905517578,101.937255859375,83.70623779296875,83.84272003173828,19.6514892578125,31.203533172607422,153.16000366210938
2022-10-31,367.5997619628906,175.01358032226562,31.656694412231445,24.12670135498047,71.27362823486328,101.6865234375,83.32672882080078,83.2450942993164,19.418643951416016,31.112537384033203,151.91000366210938
2022-11-01,365.9911804199219,175.25225830078125,31.926420211791992,24.402042388916016,71.2040023803711,101.54566192626953,83.31172180175781,84.02305603027344,19.534263610839844,31.685832977294922,153.4600067138672
2022-11-02,356.8062438964844,169.43849182128906,31.180177688598633,23.971824645996094,71.16871643066406,101.45597076416016,83.170166015625,83.65836334228516,19.450345993041992,31.421934127807617,152.38999938964844
2022-11-03,353.1322326660156,168.30250549316406,30.865501403808594,23.78252410888672,71.03651428222656,101.13304138183594,82.8075180053711,83.20690155029297,19.263858795166016,31.603933334350586,151.80999755859375
2022-11-04,358.2148742675781,170.57449340820312,32.474857330322266,24.78923797607422,71.1158676147461,101.21378326416016,82.630615234375,81.80897521972656,19.59953498840332,32.941612243652344,156.47000122070312
2022-11-07,361.6414489746094,171.3477325439453,32.708614349365234,24.737613677978516,71.05414581298828,101.00749969482422,82.33872985839844,80.99276733398438,19.524940490722656,32.959815979003906,155.85000610351562
2022-11-08,363.5926513671875,171.41458129882812,33.11321258544922,24.918304443359375,71.1246566772461,101.36630249023438,82.88712310791016,81.87843322753906,19.813989639282227,33.1964111328125,159.4499969482422
2022-11-09,356.1018371582031,166.70822143554688,32.708614349365234,24.410646438598633,71.2392349243164,101.6801986694336,83.170166015625,82.14756774902344,19.702098846435547,32.62312316894531,158.64999389648438
2022-11-10,375.6711120605469,176.9705810546875,34.632652282714844,25.632469177246094,71.62709045410156,103.14228057861328,85.0364761352539,85.30810546875,20.448040008544922,33.80610656738281,163.47999572753906
2022-11-11,379.30712890625,178.42161560058594,35.513755798339844,25.70130729675293,71.60946655273438,103.01669311523438,84.85955810546875,84.99552917480469,20.65317153930664,34.72520065307617,164.55999755859375
2022-11-14,376.0804138183594,176.4264373779297,35.17210006713867,25.56363296508789,71.54776000976562,102.85523223876953,84.65615844726562,84.78717803955078,20.53195571899414,34.515899658203125,164.9199981689453
2022-11-15,379.2879943847656,179.0421905517578,35.387882232666016,25.744325637817383,71.6182861328125,103.31271362304688,85.28412628173828,86.15901184082031,20.73708724975586,35.307586669921875,165.5
2022-11-16,376.3945617675781,175.89183044433594,35.387882232666016,25.873390197753906,71.62709045410156,103.62664031982422,85.91213989257812,88.04315185546875,20.79303550720215,34.74340057373047,165.1199951171875
2022-11-17,375.2428283691406,174.25941467285156,35.414859771728516,25.91641616821289,71.53897857666016,103.21402740478516,85.32835388183594,87.11412811279297,20.56925392150879,34.807098388671875,163.9199981689453
2022-11-18,376.9465637207031,175.3858642578125,35.52274703979492,26.045480728149414,71.45960998535156,102.94496154785156,85.02762603759766,86.51502990722656,20.55060577392578,34.606895446777344,162.7899932861328
2022-11-21,375.5759582519531,174.46945190429688,35.190086364746094,25.92501449584961,71.4419937133789,102.9090347290039,84.97456359863281,86.87967681884766,20.410741806030273,34.170101165771484,161.8800048828125
2022-11-22,380.6300048828125,176.33099365234375,35.64862060546875,26.320817947387695,71.494873046875,103.09742736816406,85.46104431152344,88.11264038085938,20.625192642211914,34.25200271606445,162.07000732421875
2022-11-23,383.0286560058594,176.7891845703125,35.9453125,26.69941520690918,71.55657196044922,103.40238189697266,85.92097473144531,89.64949035644531,20.867624282836914,34.53409957885742,163.0800018310547
2022-11-25,382.9429931640625,177.16151428222656,36.14311599731445,26.79405975341797,71.5654067993164,103.42033386230469,85.89445495605469,89.34561920166016,20.914247512817383,34.370304107666016,163.22000122070312
2022-11-28,376.8323669433594,173.59117126464844,35.56770324707031,26.4584903717041,71.58304595947266,103.42931365966797,85.92984008789062,89.59739685058594,20.72775650024414,34.21559524536133,161.92999267578125
2022-11-29,376.1851806640625,174.09710693359375,35.67559051513672,26.656391143798828,71.55657196044922,103.26783752441406,85.56717681884766,88.54678344726562,20.755739212036133,34.952693939208984,162.72999572753906
2022-11-30,388.0351867675781,178.8702850341797,36.44880294799805,27.1296329498291,71.76811981201172,103.96749877929688,86.3366928100586,89.19798278808594,20.998165130615234,35.96278381347656,164.80999755859375
2022-12-01,387.7496643066406,178.47889709472656,36.76348114013672,27.37915802001953,71.92269134521484,104.59904479980469,87.27969360351562,92.04747772216797,21.43317413330078,35.844486236572266,167.83999633789062
2022-12-02,387.3022766113281,179.51943969726562,36.77247619628906,27.447994232177734,71.905029296875,104.6888656616211,87.4569320678711,93.20502471923828,21.405179977416992,35.980987548828125,167.25999450683594
2022-12-05,380.3350830078125,174.57443237304688,36.34989929199219,27.23288345336914,71.70189666748047,103.96119689941406,86.57068634033203,91.89952850341797,21.1437931060791,35.57148742675781,164.38999938964844
2022-12-06,374.8525390625,171.9014892578125,36.1251335144043,27.181257247924805,71.78136444091797,104.26663208007812,87.1024398803711,93.08320617675781,21.16246223449707,35.5259895324707,164.83999633789062
2022-12-07,374.21490478515625,171.39552307128906,36.21503829956055,27.112422943115234,71.9315185546875,104.85957336425781,87.8646469116211,95.27645874023438,21.33983039855957,35.316688537597656,166.3300018310547
2022-12-08,377.1464538574219,172.63653564453125,36.322933197021484,27.146841049194336,71.8608627319336,104.47327423095703,87.36830139160156,95.015380859375,21.283823013305664,35.744388580322266,166.47000122070312
2022-12-09,374.3291320800781,170.51724243164062,36.26000213623047,27.112422943115234,71.82550811767578,104.15884399414062,86.72134399414062,92.5435562133789,21.181137084960938,35.50778579711914,167.05999755859375
2022-12-12,379.7259521484375,172.52195739746094,36.43082809448242,27.12102699279785,71.78136444091797,104.08697509765625,86.59723663330078,92.83950805664062,21.134458541870117,35.39858627319336,165.67999267578125
2022-12-13,382.6003723144531,173.9509735107422,37.013248443603516,27.461679458618164,71.99334716796875,104.69786834716797,87.37716674804688,93.7359619140625,21.33983039855957,35.651729583740234,168.50999450683594
2022-12-14,380.1541748046875,172.8096923828125,36.98616027832031,27.49661636352539,72.00218963623047,104.89551544189453,87.6164779663086,94.13632202148438,21.37717056274414,35.67020797729492,168.10000610351562
2022-12-15,370.85498046875,168.4844207763672,35.89354705810547,26.99873924255371,72.0119400024414,104.91532135009766,87.78697204589844,94.50360107421875,21.050445556640625,34.84797286987305,165.35000610351562
2022-12-16,366.4765930175781,167.22805786132812,35.469146728515625,26.562009811401367,72.0827407836914,104.89730834960938,87.56497192382812,93.44795989990234,21.013105392456055,34.9495964050293,166.7899932861328
2022-12-19,363.3689880371094,164.9647216796875,35.469146728515625,26.54454231262207,71.99423217773438,104.49237823486328,86.85458374023438,91.87754821777344,20.93738555908203,34.9773063659668,166.32000732421875
2022-12-20,363.8662414550781,165.83741760253906,35.550418853759766,26.66683006286621,71.99423217773438,104.15943908691406,86.22410583496094,90.24604034423828,21.0495548248291,34.96807098388672,169.0800018310547
2022-12-21,369.30694580078125,168.6953887939453,36.028995513916016,26.990009307861328,72.06502532958984,104.24940490722656,86.3306884765625,90.47290802001953,21.077598571777344,35.28218078613281,168.8000030517578
2022-12-22,364.03839111328125,166.4895782470703,35.67682647705078,26.745441436767578,72.02075958251953,104.17740631103516,86.30402374267578,90.4554443359375,21.00281524658203,34.96807098388672,166.75999450683594
2022-12-23,366.13238525390625,167.24722290039062,35.712947845458984,26.91139793395996,71.98536682128906,103.9884262084961,85.91329193115234,89.12931823730469,20.984127044677734,34.921878814697266,167.25999450683594
2022-12-27,364.68853759765625,166.12518310546875,35.80324935913086,26.92886734008789,71.88800048828125,103.50251770019531,85.19403076171875,87.3669662475586,20.843923568725586,35.439239501953125,168.6699981689453
2022-12-28,360.1562194824219,163.54534912109375,35.42399597167969,26.684297561645508,71.88800048828125,103.43053436279297,84.9897689819336,86.85225677490234,20.731754302978516,34.921878814697266,167.91000366210938
2022-12-29,366.63909912109375,167.6884307861328,36.09220504760742,26.91139793395996,71.94107818603516,103.61949157714844,85.40715789794922,87.83809661865234,21.143028259277344,35.50390625,168.85000610351562
2022-12-30,365.6734313964844,167.21847534179688,35.649742126464844,26.780378341674805,71.85258483886719,103.38553619384766,85.05195617675781,86.86097717285156,20.96543312072754,35.01426696777344,169.63999938964844
2023-01-03,364.13397216796875,166.2977752685547,36.128326416015625,26.8764591217041,71.91458129882812,103.69149017333984,85.7179183959961,88.51860046386719,20.91869354248047,35.309898376464844,171.05999755859375
2023-01-04,366.9451904296875,168.36929321289062,37.09451675415039,27.182172775268555,71.98536682128906,104.09644317626953,86.37506866455078,89.7313232421875,21.16172218322754,36.37233352661133,172.6699981689453
2023-01-05,362.7570495605469,166.56631469726562,36.76041030883789,27.059885025024414,71.88800048828125,103.92545318603516,86.25071716308594,90.10648345947266,20.928041458129883,36.261470794677734,170.52000427246094
2023-01-06,371.07586669921875,170.3065643310547,37.7988395690918,27.680042266845703,72.16240692138672,104.82530212402344,87.36072540283203,91.7641372680664,21.292583465576172,37.01903533935547,173.7100067138672
2023-01-09,370.865478515625,170.5943145751953,38.1780891418457,27.767393112182617,72.23324584960938,105.0143051147461,87.5827407836914,92.2527084350586,21.395395278930664,37.29619598388672,174.10000610351562
2023-01-10,373.46630859375,173.1165771484375,38.485107421875,27.828533172607422,72.17127227783203,104.7893295288086,87.03216552734375,90.72592163085938,21.292583465576172,37.56412124633789,174.74000549316406
2023-01-11,378.1898193359375,175.27442932128906,38.90047836303711,27.950817108154297,72.23324584960938,105.10428619384766,87.59161376953125,92.2003402709961,21.498214721679688,37.721168518066406,174.6199951171875
2023-01-12,379.5667724609375,178.21865844726562,39.46935272216797,28.27400016784668,72.39257049560547,105.73418426513672,88.37301635742188,94.01505279541016,21.72254180908203,37.905941009521484,176.63999938964844
2023-01-13,381.039306640625,179.3887176513672,39.65898132324219,28.49236297607422,72.26862335205078,105.40122985839844,87.90241241455078,93.13386535644531,21.7692813873291,38.1553840637207,178.75999450683594
2023-01-17,380.34124755859375,179.1681365966797,39.58674240112305,28.54477310180664,72.31291198730469,105.34723663330078,87.62712860107422,92.53187561035156,21.797317504882812,37.94289779663086,177.58999633789062
2023-01-18,374.33642578125,176.27183532714844,39.36099624633789,28.483631134033203,72.47224426269531,106.16613006591797,88.81702423095703,94.7740707397461,21.928178787231445,37.6842155456543,177.0800018310547
2023-01-19,371.611328125,174.5839080810547,39.1171989440918,28.55350685119629,72.45452117919922,106.00413513183594,88.64832305908203,94.18077087402344,21.96556854248047,37.97060775756836,179.88999938964844
2023-01-20,378.5340881347656,177.46102905273438,39.50547409057617,28.61464500427246,72.39257049560547,105.61722564697266,88.06222534179688,92.65400695800781,21.96556854248047,38.552642822265625,179.2899932861328
2023-01-23,383.07598876953125,179.65721130371094,39.776371002197266,28.61464500427246,72.32171630859375,105.35623931884766,87.7780990600586,92.21776580810547,21.759929656982422,38.82979965209961,179.6300048828125
2023-01-24,382.664794921875,179.2736358642578,39.78540802001953,28.352609634399414,72.3482894897461,105.61722564697266,88.28424835205078,93.54391479492188,21.86275291442871,38.857513427734375,180.27999877929688
2023-01-25,382.8082275390625,179.7722930908203,39.99308776855469,28.49236297607422,72.39257049560547,105.72521209716797,88.38192749023438,93.77075958251953,22.012300491333008,38.894466400146484,181.11000061035156
2023-01-26,387.01544189453125,180.83685302734375,40.1104736328125,28.59718132019043,72.3482894897461,105.50021362304688,88.06222534179688,93.33451080322266,21.900136947631836,39.264015197753906,179.47000122070312
2023-01-27,387.9046630859375,181.81507873535156,39.965999603271484,28.457427978515625,72.3482894897461,105.41023254394531,87.92903137207031,93.09898376464844,21.787973403930664,39.07924270629883,179.22000122070312
2023-01-30,383.03765869140625,179.28323364257812,39.66801834106445,28.405019760131836,72.27751922607422,105.15827941894531,87.65377807617188,92.75873565673828,21.629077911376953,38.2939567565918,178.75999450683594
2023-01-31,388.6695861816406,183.63729858398438,40.038238525390625,28.44869041442871,72.4102554321289,105.55422973632812,88.09778594970703,93.50028991699219,21.713193893432617,38.210819244384766,179.41000366210938
2023-02-01,392.80029296875,186.5239715576172,40.625179290771484,28.54477310180664,72.53620147705078,106.10490417480469,88.73136901855469,94.6242904663086,21.96683692932129,38.68198776245117,181.6699981689453
2023-02-02,398.51837158203125,190.19711303710938,40.859947204589844,28.27400016784668,72.54505157470703,106.08687591552734,88.69580078125,94.74673461914062,22.13530921936035,38.451019287109375,177.89999389648438
2023-02-03,394.2824401855469,188.9215850830078,40.37234115600586,28.142980575561523,72.27903747558594,105.28472900390625,87.74357604980469,93.32971954345703,21.60181999206543,37.76736068725586,173.4600067138672
2023-02-06,391.87286376953125,186.18829345703125,39.84861373901367,27.88967514038086,72.07501983642578,104.54571533203125,86.9871597290039,92.63874816894531,21.349111557006836,37.213050842285156,173.82000732421875
2023-02-07,396.9980163574219,187.5693359375,40.07435989379883,28.16045379638672,72.11048889160156,104.50965881347656,86.77359771728516,91.89523315429688,21.442705154418945,37.36086654663086,173.97999572753906
2023-02-08,392.6569519042969,184.82650756835938,39.82151412963867,28.17791748046875,72.13713073730469,104.68991088867188,87.09396362304688,92.33257293701172,21.423986434936523,37.31467056274414,174.41000366210938
2023-02-09,389.2529296875,182.15072631835938,39.97502899169922,28.378814697265625,72.08390045166016,104.40149688720703,86.70240783691406,91.45789337158203,21.386545181274414,37.490203857421875,173.02999877929688
2023-02-10,390.1613464355469,182.51516723632812,39.550621032714844,28.27400016784668,72.0484619140625,104.14013671875,86.2841567993164,90.43447875976562,21.311674118041992,37.1298942565918,173.36000061035156
2023-02-13,394.7413635253906,184.71142578125,40.08338928222656,28.675792694091797,72.06615447998047,104.22124481201172,86.48883819580078,91.19546508789062,21.33975601196289,37.43477249145508,172.47999572753906
2023-02-14,394.5597229003906,184.62506103515625,40.30009841918945,28.867952346801758,71.9154052734375,103.77964782714844,86.09727478027344,90.98555755615234,21.32103729248047,37.37010192871094,172.61000061035156
2023-02-15,395.8410339355469,186.49522399902344,40.39039611816406,28.64958381652832,71.92427825927734,103.7075424194336,85.8392333984375,90.13711547851562,21.068326950073242,37.05598831176758,170.88999938964844
2023-02-16,390.3907165527344,184.71142578125,40.26398468017578,28.518571853637695,71.93314361572266,103.58138275146484,85.55445098876953,88.86005401611328,21.049604415893555,37.06523132324219,170.75
2023-02-17,389.4154357910156,185.21971130371094,40.39039611816406,28.658323287963867,71.9952392578125,103.77964782714844,85.79472351074219,89.5510482788086,21.10576629638672,36.658729553222656,171.25999450683594
2023-02-21,381.6034240722656,179.75314331054688,39.69510269165039,28.640853881835938,71.85331726074219,103.13074493408203,84.86033630371094,87.81040954589844,20.881134033203125,36.19680404663086,170.6199951171875
2023-02-22,381.07757568359375,180.2422637939453,39.48741912841797,28.352609634399414,71.88878631591797,103.22988891601562,85.01160430908203,88.6151351928711,20.768821716308594,36.02126693725586,169.66000366210938
2023-02-23,383.1046447753906,181.52734375,39.82151412963867,28.422489166259766,71.93314361572266,103.42816925048828,85.34087371826172,89.48106384277344,20.899856567382812,36.19680404663086,169.57000732421875
2023-02-24,379.01214599609375,179.8298797607422,38.954654693603516,28.1691837310791,71.78238677978516,102.95046997070312,84.82470703125,88.31776428222656,20.6564998626709,35.38380813598633,168.35000610351562
2023-02-27,380.30303955078125,180.46282958984375,39.61383056640625,28.501102447509766,71.84444427490234,103.14877319335938,85.08280181884766,88.56266784667969,20.712665557861328,35.56857681274414,169.00999450683594
2023-02-28,378.8974609375,180.472412109375,39.351966857910156,28.195388793945312,71.82670593261719,103.1938247680664,85.21627807617188,88.96502685546875,20.693941116333008,35.31913757324219,169.77999877929688
2023-03-01,377.4440612792969,180.7025909423828,39.61383056640625,28.370079040527344,71.69522857666016,102.7261962890625,84.53501892089844,88.0092544555664,20.712688446044922,36.076698303222656,170.75999450683594
2023-03-02,380.3795166015625,181.13417053222656,39.64995193481445,28.387550354003906,71.72188568115234,102.53661346435547,84.18724060058594,87.22883605957031,20.59084701538086,36.20603942871094,170.66000366210938
2023-03-03,386.47998046875,183.65643310546875,40.28204345703125,28.579713821411133,71.76629638671875,102.87965393066406,84.86495971679688,89.34205627441406,20.72205352783203,36.52939987182617,172.49000549316406
2023-03-06,386.7477111816406,180.9711456298828,40.30009841918945,28.396282196044922,71.73076629638672,102.80745697021484,84.71334075927734,88.64933013916016,20.77829360961914,36.400054931640625,171.6199951171875
2023-03-07,380.81939697265625,178.87081909179688,39.559654235839844,27.837270736694336,71.57966613769531,102.59078979492188,84.72224426269531,89.1930160522461,20.543987274169922,35.790306091308594,168.6199951171875
2023-03-08,381.44097900390625,178.9571533203125,39.69510269165039,27.994491577148438,71.54411315917969,102.509521484375,84.69554138183594,89.28068542480469,20.562728881835938,35.9381217956543,168.5399932861328
2023-03-09,374.40338134765625,173.979736328125,39.243614196777344,27.767393112182617,71.77516174316406,103.12339782714844,85.2216567993164,89.49988555908203,20.61896514892578,35.14360427856445,170.1999969482422
2023-03-10,369.0008850097656,168.9639129638672,38.92757034301758,27.57522964477539,72.16618347167969,104.3240737915039,86.79108428955078,92.58639526367188,20.909502029418945,34.95882797241211,173.8699951171875
2023-03-13,368.4750061035156,166.21148681640625,38.5121955871582,27.400537490844727,72.88594818115234,105.57893371582031,87.84329986572266,92.7968521118164,21.359373092651367,35.01426696777344,177.86000061035156
2023-03-14,374.56591796875,169.29002380371094,39.27972412109375,27.680042266845703,72.6104965209961,104.90184783935547,87.01398468017578,91.27115631103516,21.256277084350586,35.03274154663086,176.8300018310547
2023-03-15,372.2232666015625,166.4991912841797,37.73563003540039,26.640621185302734,73.03705596923828,106.111572265625,88.27133178710938,93.0335693359375,21.284391403198242,34.43223190307617,178.2100067138672
2023-03-16,378.7540283203125,168.77210998535156,38.39480972290039,26.990009307861328,72.74381256103516,105.3803482055664,87.47769927978516,92.30580139160156,21.237533569335938,34.95882797241211,178.57000732421875
2023-03-17,374.3253173828125,164.21669006347656,37.78981018066406,26.57948112487793,73.1081314086914,106.28311157226562,88.51207733154297,93.69123840332031,21.584304809570312,34.746341705322266,183.77000427246094
2023-03-20,377.9247131347656,166.34576416015625,38.52122497558594,27.147233963012695,73.01927947998047,105.98516845703125,88.15538787841797,92.86701202392578,21.546812057495117,34.87568283081055,183.83999633789062
2023-03-21,382.8870544433594,169.41464233398438,39.36099624633789,27.540292739868164,72.74381256103516,105.29005432128906,87.38854217529297,92.06907653808594,21.509326934814453,35.189796447753906,180.3699951171875
2023-03-22,376.3601989746094,164.60986328125,39.207489013671875,27.48788070678711,73.08148193359375,106.29212188720703,88.53881072998047,93.296630859375,21.7811222076416,35.32837677001953,183.44000244140625
2023-03-23,377.37762451171875,163.87930297851562,39.243614196777344,27.295719146728516,73.2947769165039,106.89700317382812,89.04708862304688,93.296630859375,21.771745681762695,35.81801986694336,185.74000549316406
2023-03-24,379.8539733886719,165.36166381835938,38.828243255615234,27.173437118530273,73.3302993774414,106.8698959350586,89.07386016845703,93.69123840332031,21.659286499023438,35.72563171386719,183.64999389648438
2023-03-27,380.56427001953125,167.20021057128906,39.216514587402344,27.53155517578125,73.01927947998047,105.99420928955078,87.97708129882812,91.4903335571289,21.584304809570312,35.53162384033203,181.9499969482422
2023-03-28,379.7100524902344,166.95956420898438,39.27070236206055,27.52281951904297,72.93930053710938,105.79560089111328,87.92351531982422,91.6569595336914,21.668657302856445,36.03974914550781,183.44000244140625
2023-03-29,385.22906494140625,168.85580444335938,39.947940826416016,27.84600257873535,72.91262817382812,105.69629669189453,87.77198791503906,91.47280883789062,21.584304809570312,36.1413688659668,182.52999877929688
2023-03-30,387.484619140625,168.62478637695312,40.598087310791016,28.204124450683594,72.9215316772461,105.75950622558594,87.90571594238281,91.8936767578125,21.640544891357422,36.501678466796875,184.17999267578125
2023-03-31,392.9460754394531,171.7242889404297,40.706443786621094,28.17791748046875,73.01036834716797,106.21089935302734,88.38726043701172,93.27031707763672,21.668657302856445,36.45547866821289,183.22000122070312
2023-04-03,394.44354248046875,171.8013153076172,40.96830749511719,28.58844757080078,73.09943389892578,106.53099822998047,88.80359649658203,93.70899963378906,21.783157348632812,36.52939987182617,184.5399932861328
2023-04-04,392.25506591796875,168.7884521484375,41.04054260253906,28.55350685119629,73.2686538696289,107.09169006347656,89.37544250488281,94.1749038696289,21.811315536499023,36.52939987182617,187.97999572753906
2023-04-05,391.2280578613281,167.13279724121094,40.76061248779297,28.623382568359375,73.36662292480469,107.29971313476562,89.75067138671875,95.15946960449219,21.76439094543457,36.24300003051758,187.8300018310547
2023-04-06,392.754150390625,167.38307189941406,41.022483825683594,28.876689910888672,73.33988952636719,107.29065704345703,89.77751922607422,95.40558624267578,21.74561309814453,36.39081573486328,186.49000549316406
2023-04-10,393.1572570800781,169.17347717285156,41.04054260253906,28.885421752929688,73.08162689208984,106.55815124511719,88.89293670654297,93.86722564697266,21.529752731323242,36.42776870727539,185.11000061035156
2023-04-11,393.2628479003906,170.51144409179688,41.13987731933594,28.955303192138672,73.0727310180664,106.52197265625,88.8572006225586,94.06060791015625,21.548524856567383,36.64949417114258,186.27999877929688
2023-04-12,391.6598815917969,169.26010131835938,41.46494674682617,29.208602905273438,73.15289306640625,106.8385009765625,89.11632537841797,93.96393585205078,21.67053985595703,36.39081573486328,187.19000244140625
2023-04-13,396.8622131347656,171.5029296875,41.98867416381836,29.505582809448242,73.19741821289062,106.72994995117188,88.82147216796875,93.22549438476562,21.773778915405273,36.88969802856445,189.72000122070312
2023-04-14,395.892822265625,169.905029296875,41.916439056396484,29.322154998779297,73.02821350097656,106.28684997558594,88.38367462158203,92.37281799316406,21.557903289794922,36.69568634033203,186.36000061035156
2023-04-17,397.3133850097656,172.09010314941406,41.60039520263672,29.269742965698242,72.92132568359375,105.86181640625,87.82075500488281,91.27398681640625,21.43590545654297,36.85274124145508,185.52999877929688
2023-04-18,397.5724792480469,171.35850524902344,41.92546844482422,29.444438934326172,72.90351104736328,105.92513275146484,87.96373748779297,91.59921264648438,21.501602172851562,36.806549072265625,186.25
2023-04-19,397.50537109375,171.57992553710938,41.92546844482422,29.409502029418945,72.84117889404297,105.77139282226562,87.77608489990234,91.51130676269531,21.398365020751953,36.43700408935547,185.36000061035156
2023-04-20,395.3360900878906,170.69436645507812,41.76293182373047,29.45317840576172,73.01929473876953,106.23259735107422,88.28536987304688,92.29369354248047,21.473445892333984,36.38157653808594,186.08999633789062
2023-04-21,395.64324951171875,170.91574096679688,42.069950103759766,29.514314651489258,72.9747543334961,106.0698013305664,88.07093811035156,91.7750244140625,21.44528579711914,36.03974914550781,184.25
2023-04-24,396.0560302734375,170.80023193359375,42.24150848388672,29.57546043395996,73.054931640625,106.38633728027344,88.49981689453125,92.66290283203125,21.501602172851562,35.956600189208984,184.80999755859375
2023-04-25,389.7690734863281,166.58413696289062,41.49203872680664,29.191131591796875,73.33988952636719,107.23641967773438,89.37544250488281,94.02545166015625,21.576679229736328,35.28218078613281,185.75
2023-04-26,388.1181335449219,164.97659301757812,41.60039520263672,29.208602905273438,73.25086975097656,106.97413635253906,89.02696990966797,93.0233154296875,21.576679229736328,35.48543167114258,184.74000549316406
2023-04-27,395.8448181152344,167.180908203125,42.07897186279297,29.470640182495117,73.10835266113281,106.4225082397461,88.44622802734375,92.10027313232422,21.53914451599121,35.9658317565918,184.75
2023-04-28,399.22344970703125,168.64404296875,42.00674057006836,29.6366024017334,73.1884994506836,106.87467956542969,89.10739135742188,93.58592987060547,21.61421775817871,36.15061569213867,184.8000030517578
2023-05-01,398.8203125,168.74032592773438,42.02479934692383,29.540517807006836,73.02871704101562,106.19615173339844,88.05858612060547,90.88743591308594,21.382078170776367,36.03050994873047,183.97000122070312
2023-05-02,394.3379211425781,165.2750244140625,41.48300552368164,29.16493034362793,73.26971435546875,107.08393859863281,89.20500946044922,93.15232849121094,21.62643814086914,35.679439544677734,187.52000427246094
2023-05-03,391.6311950683594,165.88145446777344,41.564273834228516,29.19986915588379,73.44827270507812,107.67276000976562,89.78717803955078,93.67230224609375,21.729825973510742,35.6240119934082,189.11000061035156
2023-05-04,388.8572082519531,164.02362060546875,41.38368225097656,29.095054626464844,73.56431579589844,107.83580017089844,89.76925659179688,92.74694061279297,21.776817321777344,35.91040802001953,190.44000244140625
2023-05-05,396.0560302734375,167.922119140625,41.98867416381836,29.592926025390625,73.3857650756836,107.34661102294922,89.28563690185547,92.4384994506836,21.73921775817871,36.39081573486328,187.4600067138672
2023-05-08,396.1614685058594,167.53709411621094,41.96158981323242,29.57546043395996,73.26971435546875,106.9661865234375,88.73928833007812,91.14299774169922,21.645238876342773,36.4092903137207,187.69000244140625
2023-05-09,394.42425537109375,167.03652954101562,41.59136962890625,29.38330078125,73.25186920166016,106.88462829589844,88.63180541992188,90.81690979003906,21.58884048461914,36.187564849853516,189.02000427246094
2023-05-10,396.26715087890625,167.8836212158203,41.573307037353516,29.348360061645508,73.43042755126953,107.50064849853516,89.29457092285156,91.69821166992188,21.73921775817871,36.16908645629883,188.75
2023-05-11,395.5760803222656,166.59378051757812,41.40174102783203,29.086318969726562,73.47505950927734,107.63648986816406,89.6259765625,92.6676254272461,21.720428466796875,36.03974914550781,187.1300048828125
2023-05-12,395.05780029296875,166.25682067871094,41.27532196044922,29.016447067260742,73.35006713867188,107.21979522705078,89.08857727050781,91.89208984375,21.447866439819336,35.61477279663086,186.80999755859375
2023-05-15,396.42071533203125,168.28790283203125,41.48300552368164,29.29595375061035,73.3589859008789,107.16546630859375,88.89152526855469,90.9403076171875,21.541852951049805,36.27070999145508,187.2100067138672
2023-05-16,393.7716064453125,165.83331298828125,41.148902893066406,28.964035034179688,73.26971435546875,106.92086791992188,88.60494232177734,90.6670913696289,21.457260131835938,36.01203155517578,184.8699951171875
2023-05-17,398.5515441894531,169.5296173095703,41.41979217529297,29.095054626464844,73.18939208984375,106.61286926269531,88.3183364868164,90.40270233154297,21.400875091552734,36.17832946777344,184.22999572753906
2023-05-18,402.3908996582031,170.5595703125,41.43785858154297,28.911624908447266,73.05549621582031,106.14181518554688,87.77202606201172,89.7329330444336,21.13770866394043,35.98431396484375,181.83999633789062
2023-05-19,401.8053283691406,169.52000427246094,41.7087516784668,29.103788375854492,73.00191497802734,105.8609848022461,87.44061279296875,89.09839630126953,21.2598934173584,36.01203155517578,183.63999938964844
2023-05-22,401.9685363769531,171.5895233154297,41.735843658447266,29.02518081665039,72.97516632080078,105.79759216308594,87.27941131591797,88.7811279296875,21.184703826904297,36.30766677856445,183.2100067138672
2023-05-23,397.4573059082031,170.78099060058594,41.01345443725586,28.8155460357666,72.96623229980469,105.90629577636719,87.42268371582031,89.03670501708984,21.118906021118164,35.74410629272461,183.42999267578125
2023-05-24,394.5777893066406,168.9713134765625,40.363311767578125,28.317670822143555,72.87696075439453,105.67981719970703,87.19879913330078,88.59606170654297,21.034320831298828,35.4761962890625,181.9499969482422
2023-05-25,397.9948425292969,167.652587890625,40.363311767578125,28.09930419921875,72.71627807617188,105.12724304199219,86.65245819091797,88.375732421875,20.883943557739258,35.40228271484375,180.1999969482422
2023-05-26,403.14910888671875,169.5584716796875,40.823829650878906,28.335140228271484,72.69844055175781,105.05476379394531,86.81368255615234,89.089599609375,20.921537399291992,36.03050994873047,180.9199981689453
2023-05-30,403.302734375,168.93280029296875,40.435543060302734,28.073101043701172,72.84127044677734,105.65266418457031,87.49435424804688,89.97968292236328,21.118906021118164,35.61477279663086,182.0399932861328
2023-05-31,401.0663146972656,167.26756286621094,39.84861373901367,27.86347198486328,72.91265869140625,105.87909698486328,87.8257064819336,90.76403045654297,21.05312156677246,35.28218078613281,182.32000732421875
2023-06-01,404.8768310546875,169.0771942138672,40.40846252441406,28.22159194946289,73.02633666992188,106.1786117553711,88.0699234008789,91.12016296386719,21.272438049316406,35.91040802001953,183.75999450683594
2023-06-02,410.73187255859375,175.2088623046875,40.832862854003906,28.501102447509766,72.82049560546875,105.525146484375,87.36969757080078,90.12163543701172,21.131248474121094,36.52939987182617,181.0500030517578
2023-06-05,409.94476318359375,172.8601531982422,40.47166442871094,28.326406478881836,72.83837890625,105.56145477294922,87.34272766113281,89.95375061035156,21.150066375732422,36.5201530456543,182.13999938964844
2023-06-06,410.8374328613281,177.41314697265625,40.58905792236328,28.52730369567871,72.8025894165039,105.525146484375,87.39663696289062,90.48394775390625,21.131248474121094,36.843505859375,182.33999633789062
2023-06-07,409.4168395996094,180.732666015625,40.452796936035156,28.52908706665039,72.74893188476562,105.13489532470703,86.75918579101562,89.14080047607422,21.055938720703125,36.68522262573242,180.14999389648438
2023-06-08,411.8932189941406,180.05694580078125,40.95914840698242,28.751689910888672,72.86524200439453,105.56145477294922,87.34272766113281,90.18350982666016,21.215953826904297,36.9459228515625,182.52999877929688
2023-06-09,412.63226318359375,178.59945678710938,40.71057891845703,28.635934829711914,72.73101806640625,105.22564697265625,87.02852630615234,90.05978393554688,21.253604888916016,37.113525390625,182.0399932861328
2023-06-12,416.3756408691406,179.34268188476562,41.08803939819336,28.502368927001953,72.79364776611328,105.3980712890625,87.17218017578125,90.32487487792969,21.234785079956055,37.188011169433594,181.8800048828125
2023-06-13,419.1207580566406,181.39866638183594,41.391845703125,28.787307739257812,72.65941619873047,104.88983154296875,86.55270385742188,89.43240356445312,21.20654296875,37.560455322265625,180.5399932861328
2023-06-14,419.619873046875,179.4488525390625,41.6312141418457,28.89415740966797,72.61467742919922,104.85353088378906,86.66942596435547,90.14814758300781,21.28184700012207,37.839778900146484,180.63999938964844
2023-06-15,424.8221435546875,180.92567443847656,42.13756561279297,29.339365005493164,72.7668228149414,105.38900756835938,87.34272766113281,91.01409149169922,21.43244743347168,38.1935920715332,181.91000366210938
2023-06-16,423.3751525878906,179.4778594970703,42.16518020629883,29.357175827026367,72.66839599609375,105.03507232666016,86.9656982421875,90.66065216064453,21.338321685791016,38.06324005126953,181.6300048828125
2023-06-20,421.1785583496094,178.6959686279297,41.66804122924805,28.974294662475586,72.69522094726562,105.19841766357422,87.22604370117188,91.28803253173828,21.35714340209961,37.318363189697266,179.75
2023-06-21,419.0205993652344,178.28089904785156,41.6128044128418,28.929773330688477,72.69522094726562,105.2437744140625,87.30683898925781,91.50895690917969,21.43244743347168,37.14145278930664,179.49000549316406
2023-06-22,420.5330810546875,176.95852661132812,41.41947555541992,28.76059341430664,72.61467742919922,104.90798950195312,86.81304931640625,90.40441131591797,21.234785079956055,37.01110076904297,177.7100067138672
2023-06-23,417.3538818359375,174.29446411132812,40.793434143066406,28.484561920166016,72.67732238769531,105.08952331542969,87.17218017578125,91.30570220947266,21.234785079956055,36.471065521240234,178.1999969482422
2023-06-26,415.6486511230469,174.4681854248047,40.885494232177734,28.493467330932617,72.73101806640625,105.2891845703125,87.38761901855469,91.40288543701172,21.3006649017334,36.59210968017578,178.50999450683594
2023-06-27,420.20556640625,176.98748779296875,41.51153564453125,28.65373992919922,72.62366485595703,104.98966979980469,87.08241271972656,91.16433715820312,21.375965118408203,36.96455001831055,177.69000244140625
2023-06-28,420.4175109863281,177.85621643066406,41.594390869140625,28.466754913330078,72.70417785644531,105.26194763183594,87.4325180053711,91.55313110351562,21.244190216064453,36.74108123779297,177.27999877929688
2023-06-29,422.07452392578125,179.9025421142578,41.57597732543945,28.4044246673584,72.52521514892578,104.58123779296875,86.5347900390625,89.90071868896484,21.093589782714844,36.54555130004883,177.08999633789062
2023-06-30,427.0553283691406,180.7615966796875,42.183597564697266,28.805112838745117,72.55205535888672,104.60848236083984,86.7232894897461,90.96109008789062,21.225366592407227,36.834197998046875,178.27000427246094
2023-07-03,427.5466613769531,181.1283721923828,42.16518020629883,28.68045425415039,72.46770477294922,104.31932067871094,86.34712219238281,90.44541931152344,21.15090560913086,37.24387741088867,178.47000122070312
2023-07-05,426.9108581542969,179.32337951660156,41.456295013427734,28.359905242919922,72.44979858398438,104.10107421875,85.93315124511719,89.5859603881836,21.084928512573242,37.020408630371094,177.83999633789062
2023-07-06,423.5678405761719,176.42762756347656,40.59090042114258,27.87907600402832,72.40492248535156,103.61912536621094,85.23123931884766,88.31896209716797,20.934112548828125,36.2662239074707,177.30999755859375
2023-07-07,422.4984130859375,178.2905731201172,40.922325134277344,27.994831085205078,72.48567199707031,103.66459655761719,85.12322998046875,87.78736114501953,21.122631072998047,36.67591094970703,178.63999938964844
2023-07-10,423.5678405761719,181.3407440185547,41.2169303894043,28.03044891357422,72.59332275390625,104.14654541015625,85.5642318725586,87.90252685546875,21.179183959960938,36.70384216308594,178.77999877929688
2023-07-11,426.265380859375,183.20367431640625,41.67724609375,28.279766082763672,72.5843505859375,104.1738052368164,85.74414825439453,88.35440063476562,21.216888427734375,37.0762825012207,179.4499969482422
2023-07-12,429.69500732421875,185.20172119140625,42.717567443847656,28.885251998901367,72.79965209960938,104.93766784667969,86.58111572265625,89.3379135131836,21.556209564208984,37.90495681762695,181.8800048828125
2023-07-13,433.1054992675781,186.69786071777344,43.4172477722168,29.330459594726562,73.0059814453125,105.61055755615234,87.3010482788086,90.27706909179688,21.80126953125,38.3984375,182.00999450683594
2023-07-14,432.83575439453125,184.87355041503906,43.25153732299805,29.143474578857422,72.81758880615234,105.13772583007812,86.86904907226562,89.74549102783203,21.763568878173828,38.18428039550781,181.42999267578125
2023-07-17,434.3385925292969,186.85226440429688,43.233123779296875,29.098957061767578,72.8445053100586,105.26502990722656,87.0130844116211,89.78972625732422,21.782419204711914,38.23084259033203,181.55999755859375
2023-07-18,437.56597900390625,189.15924072265625,43.37122344970703,29.205801010131836,72.8445053100586,105.29231262207031,87.112060546875,90.19734954833984,21.857820510864258,37.951507568359375,183.63999938964844
2023-07-19,438.5390319824219,189.96038818359375,43.14105987548828,29.472930908203125,72.8714370727539,105.45597839355469,87.4090347290039,91.21626281738281,21.782419204711914,37.87702178955078,183.6699981689453
2023-07-20,435.62957763671875,188.3001708984375,42.89249038696289,29.57087516784668,72.7817153930664,104.97403717041016,86.71607971191406,90.10874938964844,21.603334426879883,37.59769821166992,182.74000549316406
2023-07-21,435.62957763671875,187.70172119140625,43.14105987548828,29.633203506469727,72.79068756103516,104.97403717041016,86.78809356689453,90.13532257080078,21.565629959106445,37.54182815551758,182.17999267578125
2023-07-24,437.5756530761719,188.16502380371094,42.85566329956055,29.588687896728516,72.70098876953125,104.75578308105469,86.58111572265625,89.8074722290039,21.575054168701172,38.053932189941406,181.39999389648438
2023-07-25,438.77020263671875,188.14573669433594,42.73597717285156,29.775672912597656,72.69200134277344,104.64668273925781,86.41912078857422,89.63914489746094,21.584482192993164,38.370506286621094,182.41000366210938
2023-07-26,438.8376770019531,189.6322021484375,42.81883239746094,29.90033531188965,72.7637710571289,104.91948699951172,86.71607971191406,89.72773742675781,21.669315338134766,38.59395980834961,183.3000030517578
2023-07-27,435.9282531738281,187.1804962158203,42.8004264831543,29.41950798034668,72.6561279296875,104.32841491699219,85.77118682861328,87.98228454589844,21.452526092529297,38.11910629272461,180.4199981689453
2023-07-28,440.1960754394531,189.6032257080078,43.32518768310547,29.633203506469727,72.75479125976562,104.59213256835938,86.05016326904297,88.43412017822266,21.471372604370117,39.0408935546875,181.86000061035156
2023-07-31,441.03424072265625,191.80401611328125,43.2147102355957,29.651012420654297,72.77274322509766,104.68305969238281,86.15814208984375,88.64678955078125,21.433671951293945,39.05951690673828,182.35000610351562
2023-08-01,439.7721862792969,190.92562866210938,42.689945220947266,29.392789840698242,72.71156311035156,104.38963317871094,85.65470123291016,87.19415283203125,21.22884178161621,38.56603240966797,180.4600067138672
2023-08-02,433.6545715332031,188.32913208007812,41.815338134765625,28.831829071044922,72.74752044677734,104.38054656982422,85.48330688476562,86.26126861572266,21.077817916870117,37.644248962402344,179.60000610351562
2023-08-03,432.41180419921875,187.79824829101562,41.69565963745117,28.82292366027832,72.77454376220703,104.11631774902344,84.85176849365234,84.27110290527344,21.030620574951172,37.79322052001953,179.5399932861328
2023-08-04,430.4560546875,187.42181396484375,41.815338134765625,28.805112838745117,72.91844177246094,104.79057312011719,85.75395202636719,85.76373291015625,21.209962844848633,37.74666976928711,180.19000244140625
2023-08-07,434.21337890625,187.54725646972656,42.20200729370117,29.081144332885742,72.94544219970703,104.73589324951172,85.54643249511719,84.91967010498047,21.10612678527832,37.690799713134766,179.77999877929688
2023-08-08,432.3251647949219,186.36965942382812,41.7232780456543,28.956485748291016,72.98141479492188,104.98188781738281,85.97950744628906,85.90585327148438,21.11556625366211,37.23456954956055,178.63999938964844
2023-08-09,429.4349365234375,184.91213989257812,41.86137390136719,29.07224464416504,72.93643188476562,104.92726135253906,86.03364562988281,86.35009002685547,21.11556625366211,37.32767868041992,177.7899932861328
2023-08-10,429.58905029296875,184.09170532226562,42.183597564697266,29.07224464416504,72.90044403076172,104.53545379638672,85.37503814697266,84.92855834960938,20.992860794067383,37.383541107177734,177.60000610351562
2023-08-11,429.3385314941406,184.3523406982422,41.76010513305664,28.938676834106445,72.8284912109375,104.15277099609375,84.92391967773438,84.73311614990234,20.898473739624023,36.834197998046875,177.60000610351562
2023-08-14,431.70849609375,184.03378295898438,41.70486831665039,28.831829071044922,72.76554107666016,103.96142578125,84.78862762451172,84.5465316772461,20.804075241088867,36.657283782958984,177.05999755859375
2023-08-15,426.67962646484375,181.60134887695312,41.16169357299805,28.377714157104492,72.79254913330078,103.92498016357422,84.62621307373047,84.03120422363281,20.76631736755371,36.2382926940918,176.58999633789062
2023-08-16,423.5486145019531,179.38128662109375,40.89470672607422,28.208534240722656,72.75655364990234,103.72452545166016,84.30142211914062,83.37374877929688,20.65304946899414,35.91240692138672,175.57000732421875
2023-08-17,420.3211669921875,177.26742553710938,40.489627838134766,28.110586166381836,72.83750915527344,103.77921295166016,84.19314575195312,83.01835632324219,20.66248321533203,35.99620819091797,175.3000030517578
2023-08-18,420.5234680175781,178.23265075683594,40.55406951904297,28.021543502807617,72.8644790649414,103.92498016357422,84.44575500488281,83.31153106689453,20.7757568359375,35.75412368774414,175.3300018310547
2023-08-21,423.2595520019531,177.97203063964844,40.811851501464844,28.0927791595459,72.78353118896484,103.56964111328125,83.92250061035156,82.20094299316406,20.643613815307617,35.83792495727539,175.80999755859375
2023-08-22,422.113037109375,177.44113159179688,40.68296432495117,27.977022171020508,72.74752044677734,103.4967269897461,83.95857238769531,82.831787109375,20.643613815307617,35.763431549072266,176.10000610351562
2023-08-23,426.81451416015625,179.33302307128906,40.97755813598633,28.128395080566406,72.8824691772461,104.07986450195312,84.86981964111328,84.88414001464844,20.90790557861328,36.33140182495117,177.88999938964844
2023-08-24,420.8992004394531,176.8523406982422,40.323909759521484,27.87907600402832,72.83750915527344,103.87942504882812,84.55404663085938,84.32440948486328,20.76631736755371,36.19173812866211,177.85000610351562
2023-08-25,423.8664245605469,177.605224609375,40.646141052246094,28.03044891357422,72.79254913330078,103.77008819580078,84.52696990966797,84.5998306274414,20.73800277709961,36.228981018066406,177.6199951171875
2023-08-28,426.5543518066406,179.18826293945312,41.115657806396484,28.33319091796875,72.83750915527344,103.94319915771484,84.76152038574219,84.68865203857422,20.70968246459961,36.58279800415039,178.1300048828125
2023-08-29,432.7201232910156,181.68820190429688,41.74169921875,28.635934829711914,72.99940490722656,104.48076629638672,85.36601257324219,85.56824493408203,20.917343139648438,37.048343658447266,179.8699951171875
2023-08-30,434.5024108886719,182.37353515625,41.73248291015625,28.74278450012207,72.99940490722656,104.46255493164062,85.35701751708984,85.47940063476562,20.879587173461914,36.927303314208984,180.32000732421875
2023-08-31,433.8665466308594,182.05502319335938,41.27216720581055,28.493467330932617,73.07135009765625,104.65388488769531,85.52839660644531,85.86144256591797,20.917343139648438,36.471065521240234,180.02000427246094
2023-09-01,434.67578125,184.2171630859375,41.005184173583984,28.546894073486328,73.03166198730469,104.336181640625,85.0055923461914,84.52386474609375,20.76799201965332,36.89937210083008,180.11000061035156
2023-09-05,432.7972106933594,180.33689880371094,40.47121047973633,28.2530517578125,72.94151306152344,104.06227111816406,84.49003601074219,83.33861541748047,20.531667709350586,36.601417541503906,178.63999938964844
2023-09-06,429.8876953125,179.66122436523438,40.27787780761719,28.119489669799805,72.86035919189453,103.77012634277344,84.27294158935547,83.54360961914062,20.43714141845703,36.39657974243164,177.8300018310547
2023-09-07,428.56787109375,177.9237823486328,40.02009963989258,28.119489669799805,72.99563598632812,104.08052825927734,84.5624008178711,83.77533721923828,20.512760162353516,35.96827697753906,178.02000427246094
2023-09-08,429.21331787109375,177.52801513671875,40.11216354370117,28.270862579345703,72.95954895019531,104.02574920654297,84.58047485351562,84.09612274169922,20.49386215209961,36.042762756347656,178.0800018310547
2023-09-11,432.03607177734375,177.95272827148438,40.56327819824219,28.493467330932617,72.97759246826172,103.98011016845703,84.4357681274414,83.49015045166016,20.541118621826172,36.48968505859375,178.41000366210938
2023-09-12,429.6661071777344,177.77896118164062,40.21342849731445,28.502368927001953,72.94151306152344,103.98011016845703,84.5533447265625,83.97137451171875,20.5222110748291,36.37795639038086,177.49000549316406
2023-09-13,430.1671447753906,176.61106872558594,39.983272552490234,28.502368927001953,73.0046157836914,104.1170654296875,84.65284729003906,83.95355987548828,20.49386215209961,36.33140182495117,177.0800018310547
2023-09-14,433.87615966796875,179.1013641357422,40.39756774902344,29.001007080078125,72.98661041259766,103.99836730957031,84.46289825439453,83.34756469726562,20.503311157226562,36.573482513427734,177.1699981689453
2023-09-15,428.6487121582031,177.2288055419922,40.369937896728516,28.929773330688477,72.95051574707031,103.82486724853516,84.20059204101562,82.83961486816406,20.456043243408203,36.4338264465332,178.33999633789062
2023-09-18,428.9001159667969,176.0511932373047,40.09375,28.787307739257812,72.94151306152344,103.81573486328125,84.28199768066406,83.31192016601562,20.418235778808594,36.387264251708984,179.38999938964844
2023-09-19,428.0106506347656,175.36587524414062,40.12137222290039,28.82292366027832,72.88742065429688,103.5875244140625,83.97445678710938,82.69705200195312,20.370967864990234,36.17311477661133,179.22000122070312
2023-09-20,424.0758056640625,173.60911560058594,40.13978576660156,28.858537673950195,72.84231567382812,103.47795867919922,83.91114807128906,82.9554672241211,20.352067947387695,36.02413558959961,179.35000610351562
2023-09-21,417.0665283203125,170.9160919189453,39.495338439941406,28.537986755371094,72.87838745117188,103.22234344482422,83.28705596923828,80.82565307617188,20.333154678344727,35.400306701660156,178.0500030517578
2023-09-22,416.1286926269531,170.52999877929688,39.42168426513672,28.502368927001953,72.95051574707031,103.47795867919922,83.61266326904297,81.47618865966797,20.314250946044922,35.819297790527344,178.6199951171875
2023-09-25,417.87860107421875,171.29254150390625,39.05343246459961,28.359905242919922,72.92346954345703,103.23143005371094,82.99756622314453,79.47115325927734,20.172462463378906,35.661014556884766,177.6999969482422
2023-09-26,411.7394104003906,169.09017944335938,38.48263168334961,28.0927791595459,72.93244934082031,103.21319580078125,82.970458984375,79.19488525390625,20.068471908569336,35.15822219848633,176.27999877929688
2023-09-27,411.9037780761719,170.67092895507812,38.35374450683594,28.04825782775879,72.87838745117188,102.94841766357422,82.59962463378906,78.78497314453125,19.964496612548828,35.21408462524414,174.10000610351562
2023-09-28,414.2917175292969,172.2128448486328,38.758827209472656,28.2530517578125,73.0046157836914,103.25885009765625,82.82572937011719,79.02558135986328,20.011760711669922,35.30719757080078,173.22999572753906
2023-09-29,413.28631591796875,171.39825439453125,38.887718200683594,28.17291259765625,73.01364135742188,103.3136215209961,82.84381103515625,79.03448486328125,20.07792854309082,35.33512878417969,171.4499969482422
2023-10-02,413.1219177246094,168.80894470214844,38.14200210571289,27.638662338256836,72.9404296875,102.88632202148438,82.17182159423828,77.71144104003906,19.8516788482666,35.15822219848633,169.64999389648438
2023-10-03,407.59185791015625,165.96749877929688,37.746124267578125,27.487293243408203,72.88617706298828,102.48375701904297,81.49169158935547,76.03971862792969,19.77594566345215,34.69266891479492,169.16000366210938
2023-10-04,410.5599365234375,166.04507446289062,38.07755661010742,27.4783878326416,73.04889678955078,102.90465545654297,82.00859832763672,77.11248016357422,19.880077362060547,34.59025573730469,169.13999938964844
2023-10-05,410.4052429199219,166.17117309570312,38.16961669921875,27.692089080810547,73.12122344970703,103.12423706054688,82.16276550292969,76.72810363769531,20.003143310546875,34.720603942871094,168.8300018310547
2023-10-06,415.2779235839844,167.77127075195312,38.740413665771484,28.03044891357422,73.0579605102539,102.77655792236328,81.68211364746094,75.79837799072266,19.813806533813477,35.2234001159668,169.6999969482422
2023-10-09,417.9366149902344,168.74105834960938,38.44580841064453,28.066064834594727,73.27490997314453,103.60916900634766,82.72501373291016,77.57733917236328,20.0410099029541,35.0557975769043,172.82000732421875
2023-10-10,420.1119384765625,170.6514892578125,39.04422378540039,28.493467330932617,73.22972106933594,103.43531036376953,82.56178283691406,77.47007751464844,20.16407585144043,35.558589935302734,172.52999877929688
2023-10-11,421.83282470703125,170.36056518554688,39.2375602722168,28.64483642578125,73.21165466308594,103.57257080078125,83.01522064208984,79.0881118774414,20.23980712890625,35.78205108642578,173.7899932861328
2023-10-12,419.2611389160156,166.51058959960938,38.72200393676758,28.368810653686523,73.12122344970703,103.1059341430664,82.21717071533203,76.94263458251953,19.946346282958984,35.381675720214844,173.25999450683594
2023-10-13,417.17279052734375,165.123779296875,38.16961669921875,28.199626922607422,73.16642761230469,103.37126922607422,82.74317932128906,78.31932067871094,20.003143310546875,35.25132751464844,178.8300018310547
2023-10-16,421.5621032714844,167.7906951904297,38.5562858581543,28.493467330932617,73.12122344970703,103.0693359375,82.2534408569336,77.05885314941406,20.03154754638672,35.51204299926758,177.9600067138672
2023-10-17,421.542724609375,169.662353515625,38.574703216552734,28.573604583740234,72.95849609375,102.40141296386719,81.44633483886719,76.20958709716797,19.889545440673828,35.41892623901367,178.2899932861328
2023-10-18,415.9256286621094,166.17117309570312,37.84739685058594,28.05716323852539,72.95849609375,102.17268371582031,81.06546020507812,75.53911590576172,19.785409927368164,34.87889099121094,180.8699951171875
2023-10-19,412.2711181640625,163.52366638183594,37.70930480957031,27.754417419433594,73.0579605102539,102.1177749633789,80.66642761230469,73.99258422851562,19.785409927368164,34.67404556274414,183.08999633789062
2023-10-20,407.2051696777344,161.4095458984375,37.350250244140625,27.433866500854492,73.17548370361328,102.55693054199219,81.13800048828125,74.4127426147461,19.832740783691406,34.25505065917969,183.58999633789062
2023-10-23,406.4993591308594,160.04217529296875,37.580406188964844,27.451675415039062,73.2206802368164,102.79483795166016,81.51885986328125,75.30668640136719,19.927412033081055,34.22711944580078,182.97000122070312
2023-10-24,409.5641784667969,161.4386444091797,37.755332946777344,27.46057891845703,73.20259094238281,102.78569030761719,81.66399383544922,76.29898834228516,19.946346282958984,34.664737701416016,182.9499969482422
2023-10-25,403.6860046386719,158.771728515625,37.45152282714844,27.371536254882812,73.12122344970703,102.36482238769531,80.94755554199219,74.6004638671875,19.747543334960938,34.208499908447266,183.72000122070312
2023-10-26,398.8520202636719,159.17906188964844,37.31342315673828,27.18454933166504,73.26587677001953,102.86804962158203,81.564208984375,75.7447280883789,19.8516788482666,34.0409049987793,184.00999450683594
2023-10-27,397.0440673828125,157.30738830566406,37.05564498901367,26.899612426757812,73.31108093261719,103.0418701171875,81.6911849975586,75.42292785644531,19.908475875854492,34.012969970703125,186.14999389648438
2023-10-30,401.7911071777344,158.18017578125,37.64485168457031,27.237974166870117,73.28397369384766,102.84058380126953,81.41913604736328,75.08320617675781,19.946346282958984,34.366783142089844,185.10000610351562
2023-10-31,404.314453125,159.5475616455078,37.83818435668945,27.157833099365234,73.25684356689453,102.73995208740234,81.2468032836914,74.71671295166016,19.794878005981445,34.17125701904297,184.08999633789062
2023-11-01,408.6263427734375,160.45913696289062,38.095970153808594,27.282493591308594,73.4200439453125,103.43244171142578,82.18258666992188,76.3366928100586,19.909595489501953,34.48782730102539,183.50999450683594
2023-11-02,416.4574279785156,164.73585510253906,39.02581024169922,27.790035247802734,73.42910766601562,103.60669708251953,82.69185638427734,78.07693481445312,20.127655029296875,35.093040466308594,184.1199951171875
2023-11-03,420.2569274902344,169.2162628173828,39.412479400634766,27.89688491821289,73.62855529785156,104.24873352050781,83.32844543457031,78.60616302490234,20.393112182617188,35.80998611450195,184.7899932861328
2023-11-06,421.2237243652344,167.10211181640625,39.219146728515625,27.94140625,73.4925765991211,103.83599090576172,82.84645080566406,77.84370422363281,20.345701217651367,36.09862518310547,183.35000610351562
2023-11-07,422.4225158691406,166.51058959960938,39.05343246459961,27.727705001831055,73.54696655273438,104.11116027832031,83.3193588256836,78.99188995361328,20.393112182617188,36.03345489501953,182.58999633789062
2023-11-08,422.73193359375,164.73585510253906,39.33883285522461,27.674280166625977,73.5288314819336,104.23040771484375,83.65581512451172,80.33744049072266,20.440513610839844,35.79136276245117,180.77000427246094
2023-11-09,419.4351501464844,162.18539428710938,39.32962417602539,27.709897994995117,73.4200439453125,103.66172790527344,82.82826232910156,78.48957824707031,20.26985740661621,35.456172943115234,181.49000549316406
2023-11-10,425.9803466796875,163.9988250732422,39.624229431152344,27.638662338256836,73.43818664550781,103.66172790527344,82.9192123413086,78.9291000366211,20.298307418823242,35.70756530761719,179.50999450683594
2023-11-13,425.57427978515625,164.0570526123047,39.72549819946289,27.843461990356445,73.46536254882812,103.70757293701172,82.87372589111328,78.74972534179688,20.326751708984375,35.6982536315918,180.50999450683594
2023-11-14,433.8307800292969,173.06626892089844,41.06041717529297,28.33319091796875,73.75550079345703,104.72569274902344,84.1196060180664,80.53478240966797,20.753379821777344,36.647972106933594,182.1199951171875
2023-11-15,434.7492370605469,173.3668670654297,41.09724807739258,28.31538200378418,73.6194839477539,104.24873352050781,83.46485900878906,79.40451049804688,20.639612197875977,36.95523452758789,181.63999938964844
2023-11-16,435.28094482421875,170.5642547607422,41.078834533691406,28.15511131286621,73.74642181396484,104.74403381347656,84.09233856201172,80.39126586914062,20.743898391723633,36.601417541503906,183.69000244140625
2023-11-17,435.8223571777344,172.90138244628906,41.6128044128418,28.582509994506836,73.69206237792969,104.66145324707031,84.14691162109375,80.76801300048828,20.86714744567871,36.647972106933594,183.6699981689453
2023-11-20,439.1771545410156,173.90994262695312,41.815338134765625,28.61812400817871,73.70109558105469,104.72569274902344,84.2651138305664,81.26138305664062,20.999876022338867,37.10421371459961,183.3699951171875
2023-11-21,438.219970703125,171.66976928710938,41.5207405090332,28.671550750732422,73.74642181396484,104.86327362060547,84.3742446899414,81.22549438476562,20.98091697692871,36.87143325805664,185.35000610351562
2023-11-22,439.911865234375,172.74623107910156,41.585182189941406,28.5647029876709,73.75550079345703,104.79906463623047,84.34696960449219,81.5125732421875,20.895591735839844,36.79695510864258,184.55999755859375
2023-11-24,440.1825866699219,173.90994262695312,42.01788330078125,28.929773330688477,73.70109558105469,104.54224395751953,83.91045379638672,80.552734375,20.886110305786133,36.81557846069336,185.52000427246094
2023-11-27,439.38983154296875,173.32809448242188,41.907405853271484,28.81402015686035,73.79176330566406,104.96416473388672,84.54701232910156,81.89826202392578,20.999876022338867,36.66659927368164,186.77000427246094
2023-11-28,439.8248596191406,172.65892028808594,41.92582321166992,28.885251998901367,73.92774963378906,105.38607788085938,84.9198989868164,82.05973052978516,21.1136474609375,36.97385787963867,189.25999450683594
2023-11-29,439.5155029296875,173.57052612304688,42.183597564697266,28.82292366027832,74.07281494140625,105.7345962524414,85.3655014038086,83.09130096435547,21.208454132080078,36.759708404541016,189.5399932861328
2023-11-30,441.2460632324219,174.23001098632812,42.02709197998047,28.840728759765625,74.0274887084961,105.51447296142578,84.94717407226562,82.1314697265625,20.999876022338867,36.834197998046875,188.75
2023-12-01,443.8564453125,179.32130432128906,42.340110778808594,29.277036666870117,74.2430419921875,106.14424896240234,85.74866485595703,83.67835998535156,21.266664505004883,36.99247741699219,192.00999450683594
2023-12-04,441.5264587402344,181.241455078125,42.17439651489258,29.036624908447266,74.13389587402344,105.81327056884766,85.39307403564453,83.34541320800781,21.09577178955078,36.573482513427734,187.86000061035156
2023-12-05,441.439453125,178.8170166015625,42.22042465209961,28.81402015686035,74.22484588623047,106.2085952758789,85.99488067626953,85.13613891601562,21.14324188232422,36.35002517700195,187.14999389648438
2023-12-06,439.66058349609375,178.49696350097656,42.25725173950195,28.77840232849121,74.20660400390625,106.33732604980469,86.35045623779297,86.26995849609375,21.257169723510742,36.303466796875,187.83999633789062
2023-12-07,443.0152893066406,179.7867889404297,42.45058059692383,28.938676834106445,74.2612075805664,106.33732604980469,86.22280883789062,85.7750244140625,21.36160659790039,36.480377197265625,188.14999389648438
2023-12-08,444.9198913574219,181.1541748046875,42.76360321044922,29.00991439819336,74.09750366210938,105.81327056884766,85.66661071777344,85.07312774658203,21.200204849243164,36.32209396362305,185.63999938964844
2023-12-11,446.65045166015625,181.53236389160156,42.81883239746094,28.992103576660156,74.11569213867188,105.82244873046875,85.67572021484375,84.89315032958984,21.09577178955078,36.53623962402344,183.58999633789062
2023-12-12,448.6904296875,181.34814453125,42.947731018066406,29.02771759033203,74.12477111816406,105.96038055419922,85.85809326171875,85.14513397216797,21.1622314453125,36.54555130004883,183.49000549316406
2023-12-13,454.8778991699219,187.48681640625,43.509315490722656,29.366079330444336,74.49765014648438,107.09123992919922,87.13465118408203,87.14281463623047,21.551485061645508,36.9086799621582,187.6300048828125
2023-12-14,456.33782958984375,192.70423889160156,43.849952697753906,29.846908569335938,74.62538146972656,107.56314849853516,87.85896301269531,89.40966033935547,21.731868743896484,37.44872283935547,188.72999572753906
2023-12-15,455.58642578125,191.08468627929688,43.40804672241211,29.268131256103516,74.54325103759766,107.42488098144531,87.78579711914062,89.50897979736328,21.731868743896484,37.22525405883789,187.0
2023-12-18,458.1491394042969,191.15255737304688,43.426456451416016,29.455123901367188,74.53414154052734,107.29586029052734,87.59375762939453,88.7957992553711,21.644420623779297,37.206634521484375,187.85000610351562
2023-12-19,460.93505859375,194.85708618164062,43.849952697753906,29.775672912597656,74.56153106689453,107.38801574707031,87.75836181640625,89.27423858642578,21.825027465820312,37.5232048034668,189.1300048828125
2023-12-20,454.5478210449219,191.04554748535156,43.1923713684082,29.554357528686523,74.661865234375,107.74748992919922,88.18818664550781,89.87910461425781,21.815523147583008,36.84772491455078,188.10000610351562
2023-12-21,458.8577575683594,194.29644775390625,43.87870407104492,29.882230758666992,74.73485565185547,107.74748992919922,88.05101776123047,89.31036376953125,21.97712516784668,37.540279388427734,189.42999267578125
2023-12-22,459.7799377441406,196.1068572998047,43.804500579833984,29.9824161529541,74.76221466064453,107.7382583618164,87.96868133544922,88.90412902832031,21.99613380432129,37.36003112792969,190.27000427246094
2023-12-26,461.7213134765625,198.65701293945312,44.119842529296875,30.137248992919922,74.7257080078125,107.71063232421875,88.02357482910156,89.15689849853516,22.05316925048828,37.65412521362305,191.72000122070312
2023-12-27,462.55615234375,199.3577880859375,44.342437744140625,30.255651473999023,74.81695556640625,108.18069458007812,88.70945739746094,90.73672485351562,22.195755004882812,37.8723258972168,192.58999633789062
2023-12-28,462.7309265136719,198.59860229492188,43.9714469909668,30.100814819335938,74.80782318115234,107.98712158203125,88.37109375,90.07770538330078,22.043655395507812,38.16642761230469,191.47000122070312
2023-12-29,461.3912658691406,195.35740661621094,43.999271392822266,30.100814819335938,74.84431457519531,107.95948028564453,88.15161895751953,89.26522064208984,22.034162521362305,38.147457122802734,191.1699981689453
2024-01-02,458.8092346191406,194.1991424560547,43.38713836669922,29.818479537963867,74.75309753417969,107.6460952758789,87.82239532470703,88.75066375732422,21.825027465820312,37.70155715942383,190.72000122070312
2024-01-03,455.062255859375,189.02099609375,42.77500915527344,29.818479537963867,74.77133178710938,107.7935562133789,88.03271484375,89.12078094482422,21.75848960876465,37.49284744262695,189.1300048828125
2024-01-04,453.596435546875,188.6511688232422,42.99760818481445,29.90955352783203,74.7257080078125,107.45252990722656,87.50228881835938,87.76663208007812,21.596885681152344,37.3695182800293,189.32000732421875
2024-01-05,454.2177429199219,188.0963592529297,42.960506439208984,29.891340255737305,74.70748138427734,107.2681884765625,87.18220520019531,86.92707824707031,21.615903854370117,37.41695022583008,189.35000610351562
2024-01-08,460.7021789550781,191.48355102539062,43.47061538696289,30.164569854736328,74.77133178710938,107.48941040039062,87.47486114501953,87.78469848632812,21.69194984436035,37.52130889892578,187.8699951171875
2024-01-09,460.0032043457031,189.77049255371094,42.99760818481445,29.87312126159668,74.78958892822266,107.51708221435547,87.43831634521484,87.2249984741211,21.58738899230957,36.99003601074219,187.92999267578125
2024-01-10,462.604736328125,189.87754821777344,43.238746643066406,29.891340255737305,74.78958892822266,107.45252990722656,87.30110931396484,86.8187255859375,21.568378448486328,36.9046516418457,187.5
2024-01-11,462.40087890625,188.38836669921875,43.18309783935547,29.736513137817383,74.962890625,107.93184661865234,87.76752471923828,87.30624389648438,21.644420623779297,37.05644226074219,187.8699951171875
2024-01-12,462.7212219238281,188.0768585205078,43.248023986816406,29.836688995361328,75.11798095703125,108.20833587646484,88.00527954101562,87.13471221923828,21.682445526123047,37.18925857543945,189.7100067138672
2024-01-16,461.0224304199219,185.7506103515625,42.47821807861328,29.190048217773438,74.99940490722656,107.74748992919922,87.29194641113281,85.60002136230469,21.349742889404297,36.287986755371094,187.91000366210938
2024-01-17,458.45977783203125,184.42689514160156,42.18143081665039,28.925928115844727,74.85345458984375,107.3788070678711,87.00846099853516,85.46461486816406,21.24517822265625,35.747222900390625,185.83999633789062
2024-01-18,462.5367126464844,185.51702880859375,42.70081329345703,29.09897232055664,74.88992309570312,107.32351684570312,86.81641387939453,84.67013549804688,21.23568344116211,36.04132843017578,187.3699951171875
2024-01-19,468.3028564453125,187.2982177734375,42.858482360839844,29.108081817626953,74.83519744873047,107.2681884765625,86.82554626464844,84.94097900390625,21.302221298217773,36.420806884765625,187.92999267578125
2024-01-22,469.2929382324219,191.29859924316406,42.83993148803711,29.15361785888672,74.87168884277344,107.45252990722656,87.09075164794922,85.446533203125,21.283205032348633,36.09824752807617,187.22000122070312
2024-01-23,470.66162109375,190.7438201904297,42.7564582824707,29.144512176513672,74.862548828125,107.33271789550781,86.87126159667969,84.76946258544922,21.216663360595703,36.411319732666016,187.9499969482422
2024-01-24,471.1761474609375,189.17674255371094,43.43351745605469,29.235586166381836,74.82605743408203,107.15760803222656,86.6243667602539,84.27294158935547,21.26419448852539,36.81926727294922,186.39999389648438
2024-01-25,473.73883056640625,190.7438201904297,43.6282844543457,29.390419006347656,74.962890625,107.50785064697266,86.99930572509766,84.82362365722656,21.29271125793457,36.866703033447266,187.13999938964844
2024-01-26,473.136962890625,190.75352478027344,43.96217727661133,29.727401733398438,74.91729736328125,107.36959838867188,86.84383392333984,84.66112518310547,21.273698806762695,36.89516067504883,187.00999450683594
2024-01-29,476.88397216796875,194.0920867919922,44.0549201965332,29.78205108642578,74.99029541015625,107.71981811523438,87.36512756347656,85.63612365722656,21.340238571166992,36.91413116455078,188.3300018310547
2024-01-30,476.5150451660156,192.4374237060547,44.101295471191406,29.845800399780273,74.94466400146484,107.63688659667969,87.48401641845703,86.41252136230469,21.3592472076416,36.62003707885742,188.58999633789062
2024-01-31,468.7396545410156,187.7362060546875,43.73958206176758,29.53614044189453,75.08149719238281,108.2912826538086,88.21564483642578,87.2610855102539,21.3592472076416,36.420806884765625,188.4499969482422
2024-02-01,474.8746032714844,190.2279815673828,44.18476867675781,29.854907989501953,75.19314575195312,108.60267639160156,88.76204681396484,88.97282409667969,21.538267135620117,36.771827697753906,190.41000366210938
2024-02-02,479.8738098144531,189.22540283203125,43.804500579833984,29.56346321105957,74.95525360107422,107.71566772460938,87.60689544677734,87.00751495361328,21.271657943725586,36.66747283935547,188.61000061035156
2024-02-05,478.1264953613281,186.82130432128906,43.58191680908203,29.308448791503906,74.80884552001953,107.11507415771484,86.75428771972656,85.2505111694336,21.071687698364258,36.714908599853516,187.57000732421875
2024-02-06,479.5146179199219,188.505126953125,43.86942672729492,29.736513137817383,74.92778778076172,107.50316619873047,87.22187042236328,86.083740234375,21.214519500732422,37.54977035522461,188.5500030517578
2024-02-07,483.51397705078125,188.067138671875,43.82305145263672,29.554357528686523,74.90036010742188,107.38302612304688,87.06600189208984,85.66712951660156,21.176435470581055,37.59720993041992,188.5
2024-02-08,483.7275085449219,190.91900634765625,43.943626403808594,29.435956954956055,74.88204193115234,107.18899536132812,86.78179931640625,85.16900634765625,21.052654266357422,37.388492584228516,188.3300018310547
2024-02-09,486.5232238769531,194.02394104003906,44.17549514770508,29.372203826904297,74.85459899902344,107.07813262939453,86.62591552734375,84.9969253540039,21.11930274963379,37.54977035522461,187.60000610351562
2024-02-12,486.30963134765625,197.54742431640625,44.16621398925781,29.32666778564453,74.86373901367188,107.16129302978516,86.70845031738281,85.0965347290039,21.11930274963379,37.84386444091797,187.11000061035156
2024-02-13,479.6116943359375,189.42010498046875,43.33149337768555,28.853069305419922,74.6258544921875,106.31123352050781,85.75499725341797,83.63843536376953,20.852693557739258,37.13233947753906,184.52999877929688
2024-02-14,483.9702453613281,193.81956481933594,43.86015319824219,29.17183494567871,74.73562622070312,106.63463592529297,86.07587432861328,84.06410217285156,20.976476669311523,37.663612365722656,184.4199981689453
2024-02-15,487.3094482421875,198.98793029785156,44.4073600769043,29.481494903564453,74.80884552001953,106.81945037841797,86.3142318725586,84.49881744384766,21.09073257446289,37.84386444091797,185.66000366210938
2024-02-16,484.8827209472656,196.28208923339844,44.314613342285156,29.763835906982422,74.71736145019531,106.49605560302734,85.93836212158203,84.00973510742188,21.024080276489258,38.02412414550781,186.33999633789062
2024-02-20,482.2132263183594,193.5762176513672,44.57430648803711,29.927770614624023,74.76307678222656,106.69007110595703,86.0850601196289,84.08219146728516,21.138349533081055,38.08103942871094,187.47000122070312
2024-02-21,482.6500549316406,192.66127014160156,44.806175231933594,29.736513137817383,74.69906616210938,106.44983673095703,85.81002044677734,83.48446655273438,21.100257873535156,38.147457122802734,187.47999572753906
2024-02-22,492.638671875,194.1212921142578,45.42757797241211,29.95509147644043,74.68990325927734,106.3943862915039,85.81919860839844,83.89200592041016,21.109783172607422,38.53642272949219,187.55999755859375
2024-02-23,492.9783935546875,194.55929565429688,45.45540237426758,30.06438636779785,74.72650909423828,106.59768676757812,86.2134017944336,85.01502990722656,21.176435470581055,38.51744842529297,188.6199951171875
2024-02-26,491.1728515625,195.78567504882812,45.43685531616211,29.97330665588379,74.67160034179688,106.49605560302734,86.0850601196289,84.76145935058594,21.11930274963379,38.3466796875,188.1999969482422
2024-02-27,492.08538818359375,198.55966186523438,45.603797912597656,29.99152374267578,74.67160034179688,106.41288757324219,85.89252471923828,84.16373443603516,21.138349533081055,38.422576904296875,188.0
2024-02-28,491.43499755859375,196.92446899414062,45.51105499267578,29.672758102416992,74.74480438232422,106.67158508300781,86.20423889160156,84.69802856445312,21.14786720275879,37.919761657714844,188.33999633789062
2024-02-29,493.2016906738281,198.296875,45.49250030517578,29.827585220336914,74.79055786132812,106.8009262084961,86.37841033935547,85.2957992553711,21.128828048706055,37.93873977661133,189.30999755859375
2024-03-01,497.8320007324219,200.3992919921875,45.7800178527832,29.9824161529541,74.93736267089844,107.185302734375,86.77275848388672,85.8272933959961,21.182231903076172,38.403602600097656,192.88999938964844
2024-03-04,497.2981262207031,200.2143096923828,45.844940185546875,29.891340255737305,74.86395263671875,107.00932312011719,86.57969665527344,85.48202514648438,21.1917667388916,38.31821823120117,196.00999450683594
2024-03-05,492.3280334472656,198.296875,45.63162612915039,29.882230758666992,74.91902923583984,107.34275817871094,87.11282348632812,86.69945526123047,21.28714370727539,37.9766845703125,197.19000244140625
2024-03-06,494.8227844238281,199.7763214111328,46.10462951660156,30.109926223754883,74.93736267089844,107.44463348388672,87.32427978515625,87.20819854736328,21.36343765258789,38.52693557739258,198.80999755859375
2024-03-07,499.73468017578125,201.4407196044922,46.81878662109375,30.428691864013672,75.02914428710938,107.64838409423828,87.47135162353516,87.12647247314453,21.516040802001953,38.76411437988281,199.94000244140625
2024-03-08,496.735107421875,201.31419372558594,46.45707321166992,30.3558292388916,75.06584167480469,107.75953674316406,87.53569793701172,86.97200012207031,21.58279800415039,38.72616195678711,201.6300048828125
2024-03-11,496.3080139160156,199.7179412841797,46.41997528076172,30.410476684570312,75.00162506103516,107.61134338378906,87.42539978027344,86.92657470703125,21.56372833251953,38.811546325683594,202.0
2024-03-12,501.64697265625,199.44540405273438,46.87443923950195,30.63817024230957,74.92818450927734,107.3149642944336,87.06690216064453,86.19976043701172,21.506498336791992,39.23846435546875,199.7899932861328
2024-03-13,500.86065673828125,200.22409057617188,47.0413818359375,30.747459411621094,74.89151000976562,107.15751647949219,86.87388610839844,85.7818603515625,21.506498336791992,39.11513137817383,201.19000244140625
2024-03-14,499.87054443359375,196.64218139648438,46.67966842651367,30.510662078857422,74.8272705078125,106.72222137451172,86.23041534423828,84.4645004272461,21.36343765258789,38.91590881347656,200.35000610351562
2024-03-15,496.4381103515625,197.0120849609375,46.71676254272461,30.43779754638672,74.7813720703125,106.56476593017578,86.08336639404297,84.43724822998047,21.334829330444336,38.67873001098633,199.7100067138672
2024-03-18,499.3885192871094,195.88299560546875,46.494178771972656,30.3558292388916,74.79055786132812,106.48141479492188,85.98222351074219,84.18287658691406,21.268062591552734,38.74513626098633,200.02999877929688
2024-03-19,502.1637268066406,196.71034240722656,46.614742279052734,30.401369094848633,74.85478210449219,106.71294403076172,86.23041534423828,84.41907501220703,21.210845947265625,38.555397033691406,199.8000030517578
2024-03-20,506.8085021972656,200.60366821289062,47.273250579833984,30.720134735107422,74.97407531738281,106.96302032470703,86.43265533447266,84.39180755615234,21.3443660736084,38.99180221557617,202.17999267578125
2024-03-21,508.4831848144531,202.90853881835938,47.069210052490234,30.85675048828125,74.97407531738281,106.97227478027344,86.44183349609375,84.57351684570312,21.258529663085938,39.039241790771484,201.97000122070312
2024-03-22,507.5191955566406,200.1079864501953,46.92081069946289,30.874971389770508,75.02914428710938,107.25939178466797,86.86467742919922,85.38209533691406,21.229917526245117,38.76411437988281,200.35000610351562
2024-03-25,506.1170349121094,200.56658935546875,47.069210052490234,30.85675048828125,74.99243927001953,107.1204605102539,86.63487243652344,84.95511627197266,21.229917526245117,38.792572021484375,200.99000549316406
2024-03-26,505.1822204589844,200.20553588867188,47.171226501464844,30.884077072143555,75.01078796386719,107.194580078125,86.76355743408203,85.19129943847656,21.229917526245117,38.76411437988281,201.63999938964844
2024-03-27,509.427734375,204.5673828125,47.570037841796875,31.04801368713379,75.0933837890625,107.4168472290039,87.09446716308594,86.0362319946289,21.258529663085938,38.83052062988281,203.10000610351562
2024-03-28,509.3302917480469,205.21141052246094,47.356719970703125,31.157304763793945,75.0474853515625,107.25939178466797,87.01175689697266,85.96355438232422,21.210845947265625,38.97282791137695,205.72000122070312
2024-04-01,508.4441833496094,203.27931213378906,47.384544372558594,31.057119369506836,74.89096069335938,106.74494934082031,86.22444915771484,84.36109161376953,21.01597023010254,39.039241790771484,207.82000732421875
2024-04-02,505.2115478515625,199.54200744628906,46.86515808105469,30.98426055908203,74.92779541015625,106.71709442138672,86.04006958007812,83.89622497558594,21.035072326660156,39.16257095336914,210.88999938964844
2024-04-03,505.7664489746094,200.84959411621094,47.28252029418945,31.129987716674805,74.9830551147461,106.8006591796875,86.1414794921875,83.87799835205078,21.111494064331055,39.1910285949707,212.74000549316406
2024-04-04,499.59307861328125,198.83941650390625,46.790958404541016,30.993364334106445,75.05670166015625,107.03280639648438,86.43647766113281,84.47962188720703,21.168807983398438,39.04872512817383,211.52000427246094
2024-04-05,504.812255859375,199.50294494628906,46.92081069946289,31.111764907836914,74.93701171875,106.59635925292969,85.86490631103516,83.3037338256836,21.121049880981445,39.13410949707031,215.13999938964844
2024-04-08,505.0946350097656,200.59588623046875,47.20832443237305,31.221057891845703,74.86335754394531,106.40135192871094,85.67131042480469,83.29463195800781,21.130596160888672,39.390262603759766,216.47999572753906
2024-04-09,505.67889404296875,201.38629150390625,46.9950065612793,31.27570343017578,74.93701171875,106.64279174804688,86.01240539550781,84.06941223144531,21.235681533813477,39.65589141845703,217.6699981689453
2024-04-10,500.61541748046875,196.06813049316406,46.382877349853516,31.04801368713379,74.63319396972656,105.62132263183594,84.8692626953125,82.23724365234375,20.891788482666016,39.11513137817383,215.61000061035156
2024-04-11,504.3935241699219,197.3952178955078,46.34577941894531,31.04801368713379,74.72526550292969,105.6398696899414,84.74942779541016,81.86353302001953,20.872678756713867,39.35231018066406,219.8000030517578
2024-04-12,497.43133544921875,193.88235473632812,45.43685531616211,30.711030960083008,74.77128601074219,105.90919494628906,85.09973907470703,82.30106353759766,20.79625701904297,38.4510383605957,216.88999938964844
2024-04-15,491.1994934082031,191.04275512695312,45.38120651245117,30.619951248168945,74.74366760253906,105.57488250732422,84.55583953857422,81.02493286132812,20.662513732910156,38.204376220703125,220.9499969482422
2024-04-16,490.3035888671875,190.34017944335938,45.223533630371094,30.246538162231445,74.69764709472656,105.33345031738281,84.22396087646484,80.48713684082031,20.55743980407715,37.70155715942383,221.22000122070312
2024-04-17,487.4018249511719,188.3300323486328,45.24208450317383,30.428691864013672,74.75288391113281,105.69560241699219,84.7586441040039,81.38045501708984,20.652963638305664,37.673099517822266,219.58999633789062
2024-04-18,486.3989562988281,188.17388916015625,45.19571304321289,30.3558292388916,74.71602630615234,105.45417022705078,84.4636459350586,80.97025299072266,20.605201721191406,37.824893951416016,220.33999633789062
2024-04-19,482.1534729003906,188.46661376953125,45.19571304321289,30.501558303833008,74.73445129394531,105.53773498535156,84.57427215576172,81.26192474365234,20.624309539794922,37.673099517822266,221.02999877929688
2024-04-22,486.5936584472656,190.57437133789062,45.7150993347168,30.8931827545166,74.77128601074219,105.57488250732422,84.58348083496094,81.12521362304688,20.63386344909668,38.08103942871094,215.57000732421875
2024-04-23,492.3679504394531,193.76524353027344,46.475624084472656,31.21194839477539,74.83573913574219,105.73274230957031,84.69410705566406,81.15254211425781,20.681625366210938,38.39411926269531,215.0399932861328
2024-04-24,492.13421630859375,192.89674377441406,46.30868148803711,31.17551612854004,74.8081283569336,105.60271453857422,84.43597412109375,80.57830047607422,20.595643997192383,38.52693557739258,214.63999938964844
2024-04-25,490.2646789550781,191.72581481933594,46.12318420410156,31.476076126098633,74.75288391113281,105.35200500488281,84.11332702636719,80.01313781738281,20.5765438079834,38.61231994628906,215.9199981689453
2024-04-26,494.90936279296875,193.56033325195312,46.51272201538086,31.72197914123535,74.77128601074219,105.47272491455078,84.3437728881836,80.43245697021484,20.528783798217773,39.05820846557617,216.6199951171875
2024-04-29,496.66204833984375,195.1216278076172,46.52199172973633,31.858592987060547,74.8081283569336,105.66776275634766,84.68489074707031,81.10697174072266,20.67207145690918,39.43769454956055,216.17999267578125
2024-04-30,488.7943420410156,191.1598663330078,45.6872673034668,31.603580474853516,74.71602630615234,105.39842987060547,84.28849029541016,80.41423797607422,20.442808151245117,38.8874397277832,211.8699951171875
2024-05-01,487.2071533203125,191.55992126464844,45.529598236083984,31.503400802612305,74.86567687988281,105.68335723876953,84.62226867675781,81.00694274902344,20.494470596313477,38.92538833618164,213.7899932861328
2024-05-02,491.76422119140625,195.0825653076172,46.05826187133789,31.922348022460938,74.97652435302734,106.09300994873047,85.01982879638672,81.35455322265625,20.781509399414062,39.93102264404297,213.1300048828125
2024-05-03,497.85980224609375,197.01466369628906,46.48489761352539,32.18647003173828,75.09660339355469,106.48403930664062,85.49142456054688,82.17779541015625,20.953731536865234,40.291526794433594,212.9600067138672
2024-05-06,503.0011291503906,199.56149291992188,46.92081069946289,32.3868408203125,75.08736419677734,106.51197814941406,85.56538391113281,82.4979476928711,20.934593200683594,40.3294792175293,215.1999969482422
2024-05-07,503.5561218261719,200.01039123535156,47.24542236328125,32.487022399902344,75.09660339355469,106.61441802978516,85.7873306274414,83.00102996826172,20.91545867919922,40.101783752441406,214.2100067138672
2024-05-08,503.60479736328125,198.8491973876953,47.44947052001953,32.56898880004883,75.07814025878906,106.50267791748047,85.5468978881836,82.4979476928711,20.838918685913086,40.111270904541016,213.5800018310547
2024-05-09,506.50640869140625,200.8788299560547,47.903934478759766,32.84222412109375,75.14280700683594,106.67955780029297,85.80579376220703,82.90040588378906,20.896329879760742,40.2346076965332,216.9499969482422
2024-05-10,507.1589660644531,199.36634826660156,48.08942794799805,32.9241943359375,75.07814025878906,106.48403930664062,85.52840423583984,82.43390655517578,20.791078567504883,40.31999206542969,218.7100067138672
2024-05-13,507.2270202636719,199.78594970703125,48.107975006103516,32.942405700683594,75.09660339355469,106.53060150146484,85.6301040649414,82.64427947998047,20.810211181640625,40.62357711791992,216.25999450683594
2024-05-14,509.55426025390625,201.8546600341797,48.49750900268555,33.17009353637695,75.17050170898438,106.73541259765625,85.8797836303711,83.11079406738281,20.819782257080078,40.841773986816406,218.08999633789062
2024-05-15,515.8641357421875,204.3722381591797,48.97979736328125,33.41600036621094,75.30905151367188,107.25682830810547,86.52700805664062,84.24504852294922,21.097251892089844,41.278175354003906,220.88999938964844
2024-05-16,514.802734375,202.8987579345703,48.562435150146484,33.38868713378906,75.25362396240234,107.07991790771484,86.36056518554688,84.16271209716797,21.039844512939453,41.363563537597656,220.02999877929688
2024-05-17,515.5427856445312,203.0451202392578,48.68301010131836,33.461544036865234,75.20744323730469,106.90300750732422,86.09243774414062,83.5955810546875,20.97287368774414,41.543819427490234,223.66000366210938
2024-05-20,516.13671875,203.49398803710938,48.664459228515625,33.35224914550781,75.1889877319336,106.81924438476562,85.96297454833984,83.34861755371094,20.92503547668457,41.392032623291016,224.55999755859375
2024-05-21,517.402587890625,203.29884338378906,48.562435150146484,33.47065353393555,75.22591400146484,106.97749328613281,86.1849136352539,83.77852630615234,20.963294982910156,41.13587951660156,224.22999572753906
2024-05-22,515.9127197265625,201.58143615722656,48.15434265136719,33.215641021728516,75.17050170898438,106.81924438476562,86.07394409179688,83.87915802001953,20.838918685913086,41.0030632019043,220.11000061035156
2024-05-23,512.1444702148438,198.27346801757812,47.94103240966797,32.8786506652832,75.13355255126953,106.59576416015625,85.76881408691406,83.3394775390625,20.771940231323242,40.6994743347168,215.72000122070312
2024-05-24,515.5331420898438,200.46900939941406,48.404762268066406,33.097232818603516,75.16127014160156,106.61441802978516,85.8797836303711,83.58643341064453,20.838918685913086,40.81331253051758,215.9199981689453
2024-05-28,515.8932495117188,200.19578552246094,48.441864013671875,32.88776397705078,75.09660339355469,106.35370635986328,85.39895629882812,82.38817596435547,20.762367248535156,40.75638961791992,218.19000244140625
2024-05-29,512.2807006835938,197.2390899658203,47.58858871459961,32.45970153808594,75.06888580322266,106.11163330078125,84.98287200927734,81.39115142822266,20.618854522705078,40.14922332763672,216.16000366210938
2024-05-30,508.8824462890625,199.11265563964844,47.95957565307617,32.73292922973633,75.15201568603516,106.40957641601562,85.40821838378906,82.17779541015625,20.704965591430664,40.03537368774414,216.57000732421875
2024-05-31,513.5173950195312,200.791015625,48.247093200683594,33.07902145385742,75.25362396240234,106.78199768066406,85.80579376220703,82.73577117919922,20.733671188354492,39.64640808105469,215.3000030517578
2024-06-03,513.93603515625,199.65908813476562,48.36766815185547,32.987945556640625,75.33891296386719,107.14513397216797,86.36779022216797,84.07395935058594,20.872631072998047,40.063838958740234,217.22000122070312
2024-06-04,514.5106201171875,197.0829620361328,48.02450180053711,32.90597915649414,75.41301727294922,107.49984741210938,86.84076690673828,85.0560531616211,20.920549392700195,39.50410079956055,215.27000427246094
2024-06-05,520.6256103515625,200.09820556640625,48.692283630371094,32.99705123901367,75.48715209960938,107.723876953125,87.15609741210938,85.68019104003906,20.94929313659668,40.139732360839844,217.82000732421875
2024-06-06,520.6159057617188,198.66378784179688,48.82212448120117,33.151885986328125,75.4964370727539,107.75186920166016,87.11898803710938,85.55171203613281,20.968460083007812,40.33896255493164,219.42999267578125
2024-06-07,519.9830322265625,196.33160400390625,48.15434265136719,32.72382354736328,75.30181884765625,107.0330810546875,86.20085906982422,83.98219299316406,20.70012664794922,39.883583068847656,211.60000610351562
2024-06-10,521.589599609375,197.00491333007812,47.839012145996094,32.805789947509766,75.31108856201172,106.94906616210938,86.0154037475586,83.42230987548828,20.613874435424805,40.120758056640625,213.5399932861328
2024-06-11,522.8457641601562,196.33169555664062,47.160282135009766,32.381526947021484,75.39448547363281,107.27581787109375,86.46981811523438,84.28507995605469,20.604293823242188,39.987022399902344,214.14999389648438
2024-06-12,527.139892578125,199.3455810546875,47.93650436401367,32.84571075439453,75.4964370727539,107.64920043945312,86.95206451416016,84.91838836669922,20.748043060302734,40.38823318481445,214.72000122070312
2024-06-13,528.2012939453125,197.60379028320312,46.91416931152344,32.57648468017578,75.61689758300781,108.08792877197266,87.52702331542969,86.16665649414062,20.738462448120117,40.29270935058594,212.97000122070312
2024-06-14,528.522705078125,194.4626922607422,45.80662536621094,32.40937423706055,75.62615203857422,108.16259765625,87.7310562133789,86.8917465209961,20.728878021240234,40.34046936035156,215.72999572753906
2024-06-17,532.7291259765625,196.09683227539062,46.41246032714844,32.474361419677734,75.55201721191406,107.87322235107422,87.3230209350586,86.02899169921875,20.709714889526367,40.598388671875,214.61000061035156
2024-06-18,534.0826416015625,196.43931579589844,46.6585807800293,32.54863357543945,75.65396118164062,108.17193603515625,87.70323181152344,86.81830596923828,20.78638458251953,40.97093963623047,215.47000122070312
2024-06-20,532.6317749023438,195.60757446289062,46.70590591430664,32.8178596496582,75.62615203857422,108.04124450683594,87.48065948486328,86.24006652832031,20.709714889526367,40.90407180786133,218.16000366210938
2024-06-21,531.9176635742188,196.04791259765625,46.31779861450195,32.59505081176758,75.65396118164062,108.0599136352539,87.49922943115234,86.24006652832031,20.661792755126953,40.760780334472656,214.77999877929688
2024-06-24,530.1885375976562,196.89923095703125,46.71537399291992,32.919979095458984,75.66321563720703,108.08792877197266,87.57341766357422,86.58883666992188,20.709714889526367,40.760780334472656,215.6300048828125
2024-06-25,532.2302856445312,196.25338745117188,46.70590591430664,32.73430252075195,75.6725082397461,108.15327453613281,87.6476058959961,86.73570251464844,20.680965423583984,40.66525650024414,214.55999755859375
2024-06-26,532.89453125,195.7347869873047,46.30833053588867,32.530067443847656,75.5983657836914,107.78922271728516,87.11898803710938,85.49662017822266,20.546791076660156,40.57927703857422,212.5800018310547
2024-06-27,533.7346801757812,197.72120666503906,46.270469665527344,32.41865539550781,75.65396118164062,107.95723724365234,87.31375122070312,85.83621215820312,20.57554054260254,40.60793685913086,214.99000549316406
2024-06-28,531.6343383789062,198.5333709716797,46.223140716552734,32.381526947021484,75.66321563720703,107.78922271728516,86.85004425048828,84.23918151855469,20.537208557128906,40.68436050415039,215.00999450683594
2024-07-01,532.728515625,196.86988830566406,46.68697738647461,32.32582092285156,75.59815216064453,107.37835693359375,86.20355224609375,82.78530883789062,20.48345947265625,40.779884338378906,215.57000732421875
2024-07-02,536.3135986328125,197.54507446289062,46.51658248901367,32.37224197387695,75.66321563720703,107.59362030029297,86.52909851074219,83.4298324584961,20.493061065673828,40.90407180786133,215.55999755859375
2024-07-03,538.70703125,197.4961395263672,47.27387619018555,32.69717025756836,75.77479553222656,108.00541687011719,87.10584259033203,84.52552795410156,20.685028076171875,41.505882263183594,217.99000549316406
2024-07-05,541.8134155273438,196.55674743652344,47.671451568603516,32.929264068603516,75.91424560546875,108.4359359741211,87.58956909179688,85.22533416748047,20.77141761779785,41.677825927734375,220.92999267578125
2024-07-08,542.4386596679688,197.93646240234375,47.349609375,32.8549919128418,75.90497589111328,108.41722106933594,87.61746978759766,85.40946197509766,20.761817932128906,41.6873779296875,218.19000244140625
2024-07-09,542.9661254882812,197.07533264160156,46.82897186279297,32.64147186279297,75.88638305664062,108.38912200927734,87.49656677246094,85.03196716308594,20.7042293548584,41.85932922363281,218.55999755859375
2024-07-10,548.3390502929688,199.0030517578125,47.50106430053711,32.98496627807617,75.91424560546875,108.42657470703125,87.58025360107422,85.29896545410156,20.733020782470703,42.098140716552734,219.36000061035156
2024-07-11,543.6107788085938,206.15609741210938,47.6809196472168,33.21705627441406,76.09089660644531,108.92261505126953,88.13841247558594,86.1276626586914,20.896203994750977,42.34650802612305,223.25
2024-07-12,547.0397338867188,208.5632781982422,48.334083557128906,33.44915008544922,76.20246887207031,109.12852478027344,88.3244400024414,86.4959716796875,21.001781463623047,42.51845169067383,223.11000061035156
2024-07-15,548.5440063476562,212.5263214111328,47.803985595703125,33.16135787963867,76.20246887207031,109.03492736816406,88.04537200927734,85.50153350830078,20.98258399963379,42.06948471069336,223.8300018310547
2024-07-16,551.7969970703125,219.77720642089844,47.85131072998047,33.25419235229492,76.2303695678711,109.2314682006836,88.43608093261719,86.70774841308594,21.030582427978516,42.30829620361328,228.2899932861328
2024-07-17,544.0602416992188,217.47767639160156,47.30228042602539,33.374881744384766,76.23968505859375,109.28761291503906,88.51048278808594,86.72615051269531,21.116968154907227,41.620513916015625,227.22999572753906
2024-07-18,539.879150390625,213.2699737548828,47.03722381591797,33.05923843383789,76.20246887207031,109.11915588378906,88.25932312011719,86.0632095336914,21.001781463623047,41.22885513305664,225.77999877929688
2024-07-19,536.2940673828125,212.183837890625,46.63017654418945,32.966400146484375,76.16529083251953,108.93197631835938,87.98026275634766,85.55677795410156,20.934595108032227,40.82765197753906,221.72999572753906
2024-07-22,541.8233032226562,215.5597381591797,47.4726676940918,33.2077751159668,76.17460632324219,108.87582397460938,87.89653015136719,85.3082046508789,20.934595108032227,41.171539306640625,221.8000030517578
2024-07-23,540.9732666015625,217.84950256347656,47.10348892211914,32.93854522705078,76.2117691040039,108.95069122314453,87.96162414550781,85.18849182128906,20.972984313964844,40.80854797363281,222.5800018310547
2024-07-24,528.7135620117188,213.17214965820312,46.41246032714844,32.790008544921875,76.24897766113281,108.95069122314453,87.76629638671875,84.26770782470703,20.953794479370117,40.216285705566406,221.8000030517578
2024-07-25,525.9586791992188,215.833740234375,46.16633987426758,32.966400146484375,76.2582778930664,109.03492736816406,87.96162414550781,84.95828247070312,20.972984313964844,40.05389404296875,218.3300018310547
2024-07-26,531.8493041992188,219.40536499023438,46.847904205322266,33.43986892700195,76.36054229736328,109.37185668945312,88.38025665283203,85.62124633789062,21.078575134277344,40.46465301513672,220.6300048828125
2024-07-29,532.161865234375,216.96881103515625,46.35566329956055,33.319175720214844,76.36984252929688,109.44673156738281,88.5290756225586,86.08162689208984,21.078575134277344,40.33091735839844,220.32000732421875
2024-07-30,529.4656982421875,217.790771484375,46.45979309082031,33.30060958862305,76.3977279663086,109.59647369384766,88.71514129638672,86.41310119628906,21.09777069091797,40.149417877197266,222.52000427246094
2024-07-31,538.072021484375,219.05308532714844,46.77217102050781,33.66267013549805,76.5557861328125,110.12995147705078,89.36629486083984,87.29701232910156,21.328134536743164,41.02825164794922,226.5500030517578
2024-08-01,530.452392578125,211.92941284179688,45.56051254272461,33.105655670166016,76.688232421875,110.49127197265625,89.74787902832031,88.04994201660156,21.33486557006836,40.31181335449219,225.77000427246094
2024-08-02,520.576171875,204.43386840820312,45.2007942199707,32.929264068603516,77.11735534667969,111.67366790771484,91.13811492919922,90.79369354248047,21.72906494140625,39.73865509033203,225.33999633789062
2024-08-05,505.4151306152344,197.8582000732422,44.45296859741211,32.01017761230469,77.09871673583984,111.67366790771484,91.23141479492188,91.27409362792969,21.873287200927734,38.61145782470703,222.47999572753906
2024-08-06,510.07476806640625,200.01095581054688,44.462432861328125,32.112300872802734,77.00540924072266,111.11063385009766,90.41969299316406,89.23242950439453,21.748300552368164,38.8311653137207,220.6999969482422
2024-08-07,506.6655578613281,197.6428985595703,44.651756286621094,32.23298263549805,76.95875549316406,110.9510726928711,90.0931167602539,88.60423278808594,21.652143478393555,39.06998062133789,220.5500030517578
2024-08-08,518.378173828125,202.44749450683594,45.27652359008789,32.66931915283203,76.92146301269531,110.71647644042969,89.8225326538086,88.05915832519531,21.64253807067871,39.95836639404297,224.00999450683594
2024-08-09,520.6641235351562,202.02670288085938,45.427978515625,32.86427688598633,76.94012451171875,110.90419006347656,90.18643188476562,88.92757415771484,21.75790786743164,40.178077697753906,224.55999755859375
2024-08-12,520.9376220703125,200.20664978027344,45.28599166870117,32.966400146484375,76.98674774169922,111.14816284179688,90.43833923339844,89.25093078613281,21.777143478393555,40.31181335449219,228.41000366210938
2024-08-13,529.5046997070312,203.50428771972656,45.939151763916016,33.39345169067383,77.10803985595703,111.46720886230469,90.83954620361328,89.8698501586914,21.882902145385742,40.760780334472656,228.05999755859375
2024-08-14,531.1752319335938,202.2419891357422,46.175804138183594,33.5234260559082,77.09871673583984,111.4953842163086,90.9608154296875,90.43338775634766,21.902132034301758,40.54106903076172,226.1999969482422
2024-08-15,540.27978515625,207.48690795898438,46.80057144165039,33.83906555175781,76.91211700439453,110.96044921875,90.39170837402344,89.70359802246094,21.748300552368164,40.99004364013672,226.91000366210938
2024-08-16,541.4911499023438,208.03489685058594,47.150821685791016,33.87620162963867,76.99608612060547,111.11063385009766,90.56896209716797,90.0177001953125,21.892518997192383,41.467674255371094,231.99000549316406
2024-08-19,546.66845703125,210.57904052734375,47.72825241088867,34.15471267700195,76.97743225097656,111.14816284179688,90.69026184082031,90.43338775634766,21.998275756835938,41.86887741088867,231.61000061035156
2024-08-20,545.779541015625,208.1229248046875,47.63359069824219,33.86691665649414,77.08937072753906,111.4203109741211,91.05413818359375,91.15398406982422,22.142499923706055,41.54409408569336,232.4600067138672
2024-08-21,547.6552124023438,210.83346557617188,48.17315673828125,34.210411071777344,77.17334747314453,111.65489959716797,91.24073791503906,91.20943450927734,22.19056510925293,41.706485748291016,232.14999389648438
2024-08-22,543.3568725585938,208.97425842285156,47.7471809387207,34.145423889160156,77.0707015991211,111.32646179199219,90.82086944580078,90.30408477783203,21.98866081237793,41.19064712524414,229.3699951171875
2024-08-23,549.1302490234375,215.64781188964844,48.55180358886719,34.72101593017578,77.2479476928711,111.72996520996094,91.24073791503906,90.89532470703125,22.28671646118164,41.87843322753906,232.02000427246094
2024-08-26,547.8211669921875,215.71630859375,48.39088439941406,34.702449798583984,77.21063995361328,111.61737060546875,91.12877655029297,90.66436004638672,22.20979881286621,41.52499008178711,232.75999450683594
2024-08-27,548.5734252929688,214.04302978515625,48.56127166748047,34.915977478027344,77.25727844238281,111.69244384765625,91.09146118164062,90.50731658935547,22.219417572021484,41.58230209350586,233.38999938964844
2024-08-28,545.3887939453125,212.5948028564453,48.371944427490234,34.702449798583984,77.2479476928711,111.67366790771484,91.04478454589844,90.39643096923828,22.104036331176758,41.324378967285156,231.75
2024-08-29,545.4376220703125,214.1115264892578,48.45714569091797,34.878841400146484,77.2386245727539,111.54231262207031,90.88619232177734,90.10082244873047,22.065580368041992,41.34349060058594,232.9499969482422
2024-08-30,550.6443481445312,215.354248046875,48.627532958984375,34.841705322265625,77.2386245727539,111.41092681884766,90.56896209716797,89.14004516601562,21.979047775268555,41.42945861816406,231.2899932861328
2024-09-03,539.3126220703125,208.76878356933594,47.72825241088867,34.17327880859375,77.32101440429688,111.79671478271484,91.16600799560547,90.59796905517578,21.99445915222168,40.60793685913086,230.2899932861328
2024-09-04,538.2088012695312,208.41650390625,47.58625793457031,34.23826599121094,77.48949432373047,112.23898315429688,91.69939422607422,91.7657699584961,22.17742156982422,40.598388671875,230.42999267578125
2024-09-05,536.8997192382812,207.37924194335938,47.56732940673828,34.23826599121094,77.5175552368164,112.34249114990234,91.91463470458984,92.28479766845703,22.254457473754883,40.65570068359375,232.35000610351562
2024-09-06,527.8637084960938,203.435791015625,46.734310150146484,33.87620162963867,77.65799713134766,112.59654235839844,92.04566192626953,92.27552032470703,22.225570678710938,39.91059875488281,230.6300048828125
2024-09-09,533.7736206054688,204.00332641601562,47.11295700073242,34.09900665283203,77.6673583984375,112.64359283447266,92.17666625976562,92.67405700683594,22.196680068969727,40.24494552612305,231.60000610351562
2024-09-10,536.0986938476562,203.83700561523438,46.810035705566406,33.8947639465332,77.7796859741211,112.98235321044922,92.56970977783203,93.32286071777344,22.235204696655273,40.09210205078125,232.6199951171875
2024-09-11,541.5985107421875,204.43386840820312,47.254947662353516,34.00617218017578,77.71412658691406,112.86944580078125,92.50420379638672,93.24871063232422,22.254457473754883,40.38823318481445,232.25
2024-09-12,546.1605834960938,207.06613159179688,47.519996643066406,34.15471267700195,77.7235107421875,112.77532958984375,92.35448455810547,92.8130874633789,22.3026065826416,40.72257614135742,236.3300018310547
2024-09-13,549.012939453125,212.17405700683594,47.822914123535156,34.256832122802734,77.83584594726562,112.99172973632812,92.53226470947266,93.06334686279297,22.42779541015625,40.91362380981445,238.67999267578125
2024-09-16,549.8237915039062,212.9373016357422,48.106895446777344,34.628177642822266,77.88265991210938,113.13288116455078,92.77558898925781,93.916015625,22.53372573852539,41.047359466552734,238.66000366210938
2024-09-17,550.0485229492188,214.69863891601562,48.0406379699707,34.37751770019531,77.82648468017578,113.01055908203125,92.60713958740234,93.46188354492188,22.466312408447266,41.09511947631836,237.33999633789062
2024-09-18,548.4171752929688,214.73777770996094,47.89863967895508,34.34038543701172,77.79840087890625,112.76592254638672,92.2047348022461,92.30332946777344,22.60112953186035,40.95183181762695,235.50999450683594
2024-09-19,557.7755737304688,219.1607208251953,48.949378967285156,34.80457305908203,77.86392211914062,112.77532958984375,92.12987518310547,91.99748229980469,22.4759464263916,41.82111358642578,239.1699981689453
2024-09-20,556.811279296875,216.81224060058594,48.25835037231445,34.38680648803711,77.89201354980469,112.79415130615234,92.101806640625,91.645263671875,22.408536911010742,41.73514175415039,242.2100067138672
2024-09-23,558.2026977539062,216.0196533203125,48.30569076538086,34.702449798583984,77.89201354980469,112.73767852783203,92.04566192626953,91.45063781738281,22.398908615112305,42.059932708740234,242.67999267578125
2024-09-24,559.7999877929688,216.3817138671875,48.90205001831055,34.841705322265625,77.96691131591797,112.89765930175781,92.14861297607422,91.43212127685547,22.55298614501953,43.4928092956543,246.07000732421875
2024-09-25,558.5652465820312,213.742431640625,48.58967208862305,34.6374626159668,77.90137481689453,112.67181396484375,91.77426147460938,90.67210388183594,22.350757598876953,43.03428649902344,245.72999572753906
2024-09-26,560.77978515625,214.8814239501953,49.895999908447266,34.96239471435547,77.82648468017578,112.52127838134766,91.70877075195312,90.88529205322266,22.48557472229004,44.61046600341797,246.97999572753906
2024-09-27,559.9664306640625,216.33457946777344,49.97172927856445,34.97167205810547,77.94816589355469,112.8411865234375,92.07373046875,91.35797882080078,22.591501235961914,44.52449035644531,245.02000427246094
2024-09-30,562.21044921875,216.88441467285156,49.44162368774414,34.73030090332031,77.83584594726562,112.54949188232422,91.82108306884766,90.9223403930664,22.495208740234375,43.808048248291016,243.05999755859375
2024-10-01,557.1738891601562,213.93882751464844,48.71272659301758,34.66531753540039,77.88561248779297,112.79007720947266,92.1551742553711,91.57881927490234,22.474950790405273,44.12328338623047,245.61000061035156
2024-10-02,557.4090576171875,213.644287109375,48.56127166748047,34.572479248046875,77.8668441772461,112.64856719970703,91.89239501953125,90.80706024169922,22.26273536682129,44.99256896972656,245.66000366210938
2024-10-03,556.3900146484375,212.21075439453125,48.05010223388672,34.19184494018555,77.7635269165039,112.28060150146484,91.42312622070312,89.95160675048828,22.069822311401367,44.45762634277344,245.49000549316406
2024-10-04,561.446044921875,215.1759490966797,48.40034866333008,34.32181930541992,77.50054168701172,111.4314956665039,90.5408935546875,88.84510040283203,21.896194458007812,44.868385314941406,245.0
2024-10-07,556.3704223632812,213.48716735839844,48.08796310424805,34.145423889160156,77.39726257324219,111.18618774414062,90.2124252319336,88.1756591796875,21.847963333129883,45.240928649902344,244.1699981689453
2024-10-08,561.6322631835938,213.6344451904297,48.14476013183594,33.829776763916016,77.46298217773438,111.27111053466797,90.2874984741211,88.32440948486328,21.847963333129883,44.12328338623047,242.3699951171875
2024-10-09,565.5223388671875,214.10574340820312,48.267826080322266,33.99688720703125,77.38787078857422,111.01637268066406,89.9496078491211,87.82230377197266,21.712923049926758,43.88446807861328,241.0500030517578
2024-10-10,564.53271484375,212.9176788330078,48.11636734008789,33.959754943847656,77.45359802246094,111.09185028076172,89.94023132324219,87.47827911376953,21.78044891357422,43.97044372558594,242.82000732421875
2024-10-11,567.9132080078125,217.24769592285156,48.39088439941406,33.93190002441406,77.51934814453125,111.1767578125,89.96839904785156,87.12493133544922,21.77079963684082,44.285675048828125,245.47000122070312
2024-10-14,572.5578002929688,218.84815979003906,48.65593719482422,34.17327880859375,77.48178100585938,111.02581787109375,89.80882263183594,87.19001770019531,21.732219696044922,44.10417556762695,245.07000732421875
2024-10-15,568.1093139648438,219.02490234375,47.62412643432617,33.8947639465332,77.51934814453125,111.31828308105469,90.26873779296875,88.2500228881836,21.78044891357422,43.168025970458984,245.9199981689453
2024-10-16,570.5784912109375,222.62835693359375,47.557861328125,34.17327880859375,77.56629180908203,111.41262817382812,90.40949249267578,88.6219711303711,21.741857528686523,43.50236892700195,247.14999389648438
2024-10-17,570.6275024414062,222.01956176757812,47.671451568603516,34.23826599121094,77.50054168701172,111.1296157836914,89.94023132324219,87.21791076660156,21.683982849121094,43.43549728393555,248.6300048828125
2024-10-18,572.8224487304688,221.55812072753906,48.1636962890625,34.358951568603516,77.56629180908203,111.26168823242188,90.04345703125,87.28300476074219,21.77079963684082,43.86536407470703,251.27000427246094
2024-10-21,571.8817138671875,218.072509765625,47.59572219848633,34.034027099609375,77.45359802246094,110.78050994873047,89.34894561767578,85.75810241699219,21.51035499572754,43.5596809387207,251.22000122070312
2024-10-22,571.5779418945312,217.24769592285156,47.37800598144531,33.94118881225586,77.4442138671875,110.71446990966797,89.26449584960938,85.8417739868164,21.500713348388672,43.46415328979492,253.92999267578125
2024-10-23,566.355224609375,215.2643585205078,47.04669189453125,33.62553787231445,77.39726257324219,110.51634979248047,89.0580062866211,85.60931396484375,21.404253005981445,43.20623779296875,250.8699951171875
2024-10-24,567.5802001953125,215.73565673828125,47.349609375,33.783363342285156,77.434814453125,110.6201400756836,89.2551040649414,86.15789794921875,21.491064071655273,43.13936996459961,252.8000030517578
2024-10-25,567.384033203125,214.92068481445312,47.150821685791016,33.5419921875,77.4066390991211,110.50691986083984,89.0580062866211,85.67440032958984,21.42354393005371,43.101158142089844,253.32000732421875
2024-10-28,569.13818359375,218.42593383789062,47.59572219848633,33.87620162963867,77.36906433105469,110.32764434814453,88.85153198242188,85.44194793701172,21.384965896606445,43.29220962524414,253.3300018310547
2024-10-29,570.0592041015625,217.71902465820312,47.31174087524414,33.588409423828125,77.39726257324219,110.37484741210938,88.88906860351562,85.5721435546875,21.365673065185547,43.15847396850586,256.0899963378906
2024-10-30,568.3346557617188,217.4244384765625,46.91416931152344,33.30060958862305,77.33149719238281,110.1578369140625,88.7576675415039,85.82316589355469,21.35602569580078,42.73816680908203,257.5
2024-10-31,557.1935424804688,213.81118774414062,46.66804504394531,33.003536224365234,77.35030364990234,110.1578369140625,88.71073913574219,85.96263122558594,21.404253005981445,42.46113967895508,253.50999450683594
2024-11-01,559.545166015625,215.00906372070312,46.810035705566406,33.189205169677734,77.32484436035156,109.8551025390625,88.1854248046875,84.75071716308594,21.268009185791016,42.499351501464844,252.47000122070312
2024-11-04,558.3399658203125,216.09893798828125,46.79110336303711,33.244911193847656,77.38140106201172,110.1767578125,88.65613555908203,86.06619262695312,21.412952423095703,42.73816680908203,252.8300018310547
2024-11-05,565.09130859375,220.16387939453125,47.24547576904297,33.44915008544922,77.36254119873047,110.11052703857422,88.70321655273438,86.52336120605469,21.528905868530273,43.32086944580078,253.39999389648438
2024-11-06,579.1425170898438,232.91830444335938,45.90129089355469,33.09637451171875,77.26829528808594,109.56182861328125,87.79000854492188,84.15361785888672,21.132728576660156,42.785926818847656,245.6999969482422
2024-11-07,583.62060546875,232.09353637695312,46.68697738647461,33.365596771240234,77.40025329589844,110.11052703857422,88.49610137939453,85.20787811279297,21.35497283935547,43.731624603271484,249.64999389648438
2024-11-08,586.1487426757812,233.80197143554688,45.9486198425293,32.799293518066406,77.34368133544922,110.07270050048828,88.68438720703125,86.29012298583984,21.268009185791016,42.652191162109375,247.9600067138672
2024-11-11,586.7072143554688,237.3170623779297,45.92021942138672,32.76215744018555,77.28716278076172,109.8361587524414,88.43962097167969,85.87028503417969,21.161714553833008,42.3274040222168,242.13999938964844
2024-11-12,584.8847045898438,233.15396118164062,44.93574523925781,32.14943313598633,77.21175384521484,109.49559783935547,87.88414764404297,84.58279418945312,21.045761108398438,41.52499008178711,240.0500030517578
2024-11-13,585.1688842773438,230.8465576171875,44.66122817993164,32.12158203125,77.32484436035156,109.62804412841797,87.82767486572266,83.78044128417969,20.9298038482666,41.257511138916016,237.6300048828125
2024-11-14,581.4060668945312,227.7340545654297,45.011470794677734,32.084449768066406,77.21175384521484,109.47666931152344,87.81827545166016,84.26557922363281,20.891157150268555,41.02825164794922,237.00999450683594
2024-11-15,573.9591064453125,224.33677673339844,44.89787673950195,32.01946258544922,77.29657745361328,109.61859893798828,87.85591125488281,84.04167938232422,20.968460083007812,41.02825164794922,236.58999633789062
2024-11-18,576.310791015625,224.77862548828125,45.08720397949219,32.35367202758789,77.35313415527344,109.76996612548828,88.0536117553711,84.1909408569336,21.055421829223633,41.4963264465332,241.08999633789062
2024-11-19,578.41748046875,226.4477996826172,44.83161926269531,32.26083755493164,77.35313415527344,109.89295959472656,88.24191284179688,84.6201171875,21.084409713745117,41.467674255371094,243.25
2024-11-20,578.613525390625,226.7423553466797,44.66122817993164,32.26083755493164,77.31542205810547,109.7794189453125,88.110107421875,84.34955596923828,20.958799362182617,41.4199104309082,244.6199951171875
2024-11-21,581.7196044921875,230.188720703125,44.49083709716797,32.44651412963867,77.29657745361328,109.70374298095703,88.06303405761719,84.28422546386719,20.939468383789062,41.33393478393555,246.66000366210938
2024-11-22,583.5225830078125,234.44021606445312,44.5286979675293,32.650753021240234,77.28716278076172,109.70374298095703,88.11952209472656,84.33090209960938,20.91048240661621,41.34349060058594,249.83999633789062
2024-11-25,585.5018920898438,238.00437927246094,44.850547790527344,32.80857467651367,77.43792724609375,110.34703826904297,89.07037353515625,86.51403045654297,21.06508445739746,41.37214660644531,242.47999572753906
2024-11-26,588.5592041015625,236.2566680908203,44.5286979675293,32.660037994384766,77.43792724609375,110.2713623046875,88.88209533691406,86.17819213867188,21.084409713745117,41.200199127197266,242.9499969482422
2024-11-27,586.7757568359375,236.58065795898438,44.774818420410156,33.02210235595703,77.48506927490234,110.55518341064453,89.23983764648438,86.77525329589844,21.268009185791016,41.257511138916016,243.49000549316406
2024-11-29,590.4208374023438,237.48399353027344,45.3049201965332,33.235626220703125,77.57930755615234,110.81060791015625,89.6164321899414,87.67090606689453,21.45160675048828,41.324378967285156,245.58999633789062
2024-12-02,591.4791259765625,237.3661346435547,45.35225296020508,33.17992401123047,77.57456970214844,110.77360534667969,89.6088638305664,87.88155364990234,21.41869354248047,41.486778259277344,243.44000244140625
2024-12-03,591.7534790039062,235.67735290527344,45.57944107055664,33.30989456176758,77.58403015136719,110.66926574707031,89.3539047241211,87.12322235107422,21.370302200317383,41.572750091552734,243.92999267578125
2024-12-04,595.4280395507812,236.5217742919922,45.835025787353516,33.30989456176758,77.66911315917969,110.90641784667969,89.69386291503906,88.05943298339844,21.379981994628906,41.677825927734375,244.6699981689453
2024-12-05,594.4481201171875,233.76271057128906,46.41246032714844,33.5419921875,77.66911315917969,110.87796020507812,89.68441009521484,88.23731231689453,21.486448287963867,41.95484924316406,242.86000061035156
2024-12-06,595.5750122070312,234.5972900390625,46.63017654418945,33.328468322753906,77.74475860595703,111.1435546875,89.96771240234375,88.3683853149414,21.476768493652344,41.88798522949219,242.9499969482422
2024-12-09,592.5079345703125,233.41905212402344,46.49765396118164,33.48628616333008,77.71639251708984,110.96331787109375,89.65608978271484,87.55389404296875,21.409015655517578,42.74771499633789,245.36000061035156
2024-12-10,590.665771484375,232.40771484375,46.23260498046875,33.189205169677734,77.70692443847656,110.84001159667969,89.49552917480469,87.14196014404297,21.360624313354492,42.059932708740234,248.58999633789062
2024-12-11,595.2321166992188,233.45834350585938,46.36512756347656,33.39345169067383,77.68801879882812,110.68824005126953,89.23112487792969,86.3180923461914,21.283193588256836,42.23187255859375,250.9600067138672
2024-12-12,592.1651000976562,230.42434692382812,46.10954284667969,33.04066848754883,77.65022277832031,110.47956848144531,88.89115905761719,85.26956176757812,21.167051315307617,42.02172088623047,247.27999877929688
2024-12-13,592.0475463867188,228.8435516357422,46.26100158691406,32.966400146484375,77.61238098144531,110.21397399902344,88.47564697265625,84.39889526367188,21.157373428344727,42.059932708740234,244.2899932861328
2024-12-16,594.5755004882812,230.188720703125,46.10007858276367,32.89213180541992,77.62184143066406,110.22344970703125,88.50399780273438,84.65164947509766,21.157373428344727,41.83066940307617,244.8800048828125
2024-12-17,592.1259765625,227.553466796875,45.90566635131836,32.80303955078125,77.63130950927734,110.22344970703125,88.50399780273438,84.85762023925781,21.1186580657959,41.730613708496094,243.94000244140625
2024-12-18,574.4784545898438,217.47911071777344,44.75254440307617,32.073238372802734,77.48898315429688,109.59561157226562,87.81990814208984,83.7965316772461,20.81862449645996,40.75923156738281,239.25999450683594
2024-12-19,574.3019409179688,216.51405334472656,44.78113555908203,31.912113189697266,77.57437133789062,109.51949310302734,87.4219741821289,82.5277328491211,20.766294479370117,40.895225524902344,239.60000610351562
2024-12-20,581.2000122070312,218.54269409179688,44.914554595947266,31.931068420410156,77.5838623046875,109.71926879882812,87.7441177368164,82.99766540527344,20.901960372924805,41.06036376953125,242.10000610351562
2024-12-23,584.6803588867188,218.04043579101562,45.02891159057617,32.08271408081055,77.53642272949219,109.47193908691406,87.35565948486328,82.23640441894531,20.81474494934082,41.29349136352539,240.9600067138672
2024-12-24,591.1790771484375,219.99032592773438,45.3338737487793,32.291229248046875,77.57437133789062,109.51949310302734,87.40303802490234,82.58414459228516,20.81474494934082,41.41977310180664,241.44000244140625
2024-12-26,591.2183837890625,222.24545288085938,45.495880126953125,32.31966018676758,77.5933609008789,109.58609008789062,87.46934509277344,82.53714752197266,20.824438095092773,41.274070739746094,243.07000732421875
2024-12-27,584.9949951171875,219.0055389404297,45.3148078918457,32.18696975708008,77.6123275756836,109.49095916748047,87.24195861816406,81.8604507446289,20.74691390991211,41.08950424194336,241.39999389648438
2024-12-30,578.3192138671875,217.32156372070312,44.9240837097168,32.08271408081055,77.72615814208984,109.90953063964844,87.75359344482422,82.51835632324219,20.79536247253418,40.75923156738281,240.6300048828125
2024-12-31,576.2152099609375,217.59732055664062,44.98126220703125,32.13010787963867,77.77359008789062,109.91903686523438,87.59252166748047,82.07662963867188,20.727537155151367,40.62323760986328,242.1300048828125
2025-01-02,574.799560546875,217.7745819091797,44.62865447998047,32.05427932739258,77.754638671875,109.90953063964844,87.639892578125,82.30216217041016,20.611255645751953,40.56495666503906,245.4199981689453
2025-01-03,581.9864501953125,221.01449584960938,44.70489501953125,32.19645309448242,77.754638671875,109.7858657836914,87.4977798461914,82.03901672363281,20.630630493164062,40.94380187988281,243.49000549316406
2025-01-06,585.3390502929688,221.10311889648438,45.75318145751953,32.34809875488281,77.77359008789062,109.7858657836914,87.41251373291016,81.6724853515625,20.650009155273438,41.08950424194336,243.19000244140625
2025-01-07,578.7223510742188,219.3305206298828,45.76271438598633,32.376529693603516,77.72615814208984,109.54806518554688,87.01457214355469,80.75143432617188,20.582183837890625,40.79808807373047,244.55999755859375
2025-01-08,579.5678100585938,218.33592224121094,45.572120666503906,32.19645309448242,77.77359008789062,109.6717300415039,87.1661605834961,80.85481262207031,20.485279083251953,40.60381317138672,245.86000061035156
2025-01-10,570.7194213867188,213.53016662597656,45.23857498168945,31.741514205932617,77.63128662109375,109.09141540527344,86.53135681152344,80.319091796875,20.291475296020508,39.91413116455078,248.2100067138672
2025-01-13,571.604248046875,213.94378662109375,45.02891159057617,31.646730422973633,77.65028381347656,108.98678588867188,86.37976837158203,80.2909164428711,20.310853958129883,39.642147064208984,245.74000549316406
2025-01-14,572.3907470703125,216.37619018554688,45.457759857177734,31.627775192260742,77.66924285888672,109.06290435791016,86.408203125,80.15933990478516,20.330230712890625,40.0889778137207,247.02999877929688
2025-01-15,582.802490234375,220.6304168701172,45.8866081237793,32.13010787963867,77.84001159667969,109.74781799316406,87.31776428222656,81.54090118408203,20.504653930664062,40.613529205322266,248.8800048828125
2025-01-16,581.6817016601562,221.07359313964844,46.41075134277344,32.490264892578125,77.88745880126953,109.97612762451172,87.52620697021484,81.8040542602539,20.56279754638672,40.56495666503906,250.60000610351562
2025-01-17,587.5217895507812,222.02882385253906,46.74429702758789,32.58504867553711,77.86847686767578,109.92853546142578,87.59252166748047,81.94505310058594,20.514345169067383,40.88551330566406,249.27000427246094
2025-01-21,592.8995971679688,226.2929229736328,47.697288513183594,33.34328079223633,77.89694213867188,110.10929870605469,87.88622283935547,82.6781005859375,20.766294479370117,41.322635650634766,253.1300048828125
2025-01-22,596.232666015625,224.81573486328125,47.67823028564453,33.07789611816406,77.87794494628906,109.91903686523438,87.65885162353516,82.24579620361328,20.766294479370117,41.351776123046875,254.42999267578125
2025-01-23,599.4868774414062,225.83993530273438,48.116607666015625,33.32432556152344,77.87794494628906,109.83340454101562,87.43146514892578,81.606689453125,20.73722267150879,41.448909759521484,254.07000732421875
2025-01-24,597.7368774414062,225.20965576171875,48.28814697265625,33.33380126953125,77.92538452148438,110.0141830444336,87.61148071289062,81.97322845458984,20.834129333496094,41.72090530395508,255.64999389648438
2025-01-27,589.2815551757812,223.05300903320312,48.27861785888672,33.5612678527832,78.03923797607422,110.45175170898438,88.17994689941406,82.94127655029297,20.901960372924805,40.96322250366211,252.99000549316406
2025-01-28,594.344970703125,223.2991943359375,48.03083801269531,33.48544692993164,78.0582046508789,110.47076416015625,88.1894302368164,82.88489532470703,20.834129333496094,41.26435470581055,255.17999267578125
2025-01-29,591.680419921875,222.787109375,48.15472412109375,33.4285774230957,78.01078033447266,110.37565612792969,88.085205078125,82.71572875976562,20.78567886352539,41.274070739746094,254.1999969482422
2025-01-30,594.8561401367188,225.05210876464844,48.57404708862305,33.92142868041992,78.0582046508789,110.50883483886719,88.2746810913086,83.02584838867188,20.853511810302734,41.97346115112305,258.04998779296875
2025-01-31,591.6903076171875,223.03329467773438,48.192848205566406,33.75082778930664,78.06769561767578,110.47076416015625,88.132568359375,82.48074340820312,20.74691390991211,41.49748229980469,258.55999755859375
2025-02-03,587.7085571289062,220.42361450195312,47.38280487060547,33.43805694580078,78.01344299316406,110.42212677001953,88.1953125,83.1523208618164,20.755653381347656,41.196353912353516,259.94000244140625
2025-02-04,591.6510620117188,223.47645568847656,48.0784912109375,33.68448257446289,78.0895767211914,110.59384155273438,88.4139175415039,83.40699005126953,20.920686721801758,41.934608459472656,262.5
2025-02-05,594.0498657226562,225.90884399414062,48.431095123291016,34.158382415771484,78.13717651367188,110.91818237304688,88.92717742919922,84.78404235839844,21.04688835144043,41.827754974365234,264.1300048828125
2025-02-06,596.1145629882812,225.17027282714844,48.85041046142578,34.177337646484375,78.10862731933594,110.81327056884766,88.8226318359375,84.7463150024414,21.04688835144043,42.00260543823242,263.42999267578125
2025-02-07,590.6580200195312,222.56060791015625,48.30720520019531,34.016204833984375,78.02296447753906,110.54612731933594,88.52796173095703,84.19924926757812,20.959514617919922,41.963748931884766,263.8999938964844
2025-02-10,594.6693115234375,223.56509399414062,48.65981674194336,34.281593322753906,78.06104278564453,110.55567169189453,88.50896453857422,83.9446029663086,20.901273727416992,42.4688720703125,268.3699951171875
2025-02-11,595.1216430664062,222.26516723632812,49.222084045410156,34.55644989013672,78.04198455810547,110.45072937011719,88.2808609008789,83.40699005126953,20.910978317260742,42.303733825683594,267.3900146484375
2025-02-12,593.204345703125,220.21682739257812,49.79387664794922,34.66070556640625,77.93729400634766,109.9737548828125,87.67254638671875,82.27513122558594,20.804187774658203,42.536865234375,267.6700134277344
2025-02-13,599.4671630859375,222.69845581054688,50.33708190917969,34.73653030395508,78.04198455810547,110.38394927978516,88.328369140625,83.64277648925781,21.076007843017578,42.8088493347168,270.30999755859375
2025-02-14,599.4376831054688,222.5310821533203,50.63250732421875,34.64175033569336,78.14669799804688,110.69878387451172,88.69905090332031,84.0860824584961,21.095430374145508,43.139122009277344,266.2900085449219
2025-02-18,601.1975708007812,223.752197265625,50.908878326416016,34.92608642578125,78.08007049560547,110.40304565429688,88.22383117675781,83.095703125,20.9886417388916,43.411109924316406,270.70001220703125
2025-02-19,602.61328125,222.9840545654297,50.09883499145508,34.72705078125,78.13717651367188,110.58428192138672,88.36638641357422,83.19947814941406,20.94981575012207,43.343109130859375,270.8500061035156
2025-02-20,600.106201171875,220.84707641601562,50.45144271850586,34.64175033569336,78.14669799804688,110.69878387451172,88.54698944091797,83.5107192993164,21.105138778686523,43.74137878417969,270.989990234375
2025-02-21,589.8419799804688,214.48541259765625,50.12742233276367,34.461669921875,78.27996063232422,111.09944152832031,89.06976318359375,84.51994323730469,21.134262084960938,43.61510467529297,270.739990234375
2025-02-24,587.1580200195312,212.93930053710938,50.117897033691406,34.49010467529297,78.3370590209961,111.26161193847656,89.25985717773438,84.76519012451172,21.12455177307129,42.944847106933594,272.2099914550781
2025-02-25,584.2379150390625,212.13177490234375,50.71827697753906,34.80287551879883,78.44176483154297,111.77674102783203,89.96321105957031,86.22712707519531,21.24104881286621,42.9739875793457,268.6199951171875
2025-02-26,584.5328979492188,212.39764404296875,50.78499221801758,34.83130645751953,78.47032165527344,111.96756744384766,90.21034240722656,86.73646545410156,21.221633911132812,43.40139389038086,269.0299987792969
2025-02-27,575.2025756835938,209.15774536132812,49.870121002197266,34.78391647338867,78.49888610839844,111.95801544189453,90.10578155517578,86.12335968017578,21.05660057067871,42.55629348754883,264.92999267578125
2025-02-28,584.178955078125,211.38333129882812,49.92729568481445,35.106170654296875,78.64167022705078,112.36823272705078,90.60003662109375,87.17975616455078,21.037185668945312,41.97346115112305,263.2699890136719
2025-03-03,573.944091796875,205.6026611328125,51.004180908203125,35.46632766723633,78.69225311279297,112.59201049804688,90.92890167236328,87.58662414550781,21.15774917602539,41.60434341430664,266.739990234375
2025-03-04,567.1504516601562,203.27857971191406,51.109012603759766,35.589542388916016,78.7018051147461,112.48681640625,90.64292907714844,86.50798034667969,21.225811004638672,41.95403289794922,269.05999755859375
2025-03-05,573.24609375,205.29739379882812,52.84345245361328,35.940223693847656,78.61587524414062,112.0755615234375,90.13770294189453,85.8172836303711,21.29387664794922,43.20711898803711,269.6199951171875
2025-03-06,563.0702514648438,202.1559295654297,52.43366622924805,35.30520248413086,78.66361236572266,112.12338256835938,90.09005737304688,85.53343200683594,21.303600311279297,42.93513488769531,268.25
2025-03-07,566.2262573242188,202.81573486328125,53.06264114379883,35.85492706298828,78.65406036376953,112.04686737060547,89.97567749023438,85.25906372070312,21.31332015991211,43.148834228515625,268.3900146484375
2025-03-10,551.1444702148438,197.71456909179688,51.69986343383789,35.11564636230469,78.79727172851562,112.56333923339844,90.60480499267578,86.1484375,21.29387664794922,42.11916732788086,266.0400085449219
2025-03-11,546.5628051757812,197.69488525390625,51.795162200927734,35.03034591674805,78.74955749511719,112.35291290283203,90.28070068359375,85.53343200683594,21.332767486572266,42.4688720703125,269.1600036621094
2025-03-12,549.4632568359375,198.03953552246094,51.87139892578125,35.18199157714844,78.69225311279297,112.1520767211914,90.01380157470703,85.02249145507812,21.303600311279297,42.70199966430664,270.3299865722656
2025-03-13,542.1386108398438,195.085205078125,51.30913162231445,35.191471099853516,78.74955749511719,112.41986083984375,90.37602233886719,85.76998138427734,21.303600311279297,42.52714920043945,275.1300048828125
2025-03-14,553.3370361328125,199.8022918701172,52.54802322387695,35.741188049316406,78.69225311279297,112.14250183105469,90.06145477294922,85.3158187866211,21.303600311279297,43.304256439208984,275.239990234375
2025-03-17,557.6039428710938,202.32334899902344,53.10076141357422,35.98761749267578,78.66361236572266,112.11382293701172,90.13770294189453,85.74158477783203,21.42027473449707,44.04250717163086,276.7300109863281
2025-03-18,551.5770874023438,200.56649780273438,53.41524887084961,35.968658447265625,78.66361236572266,112.21900939941406,90.24256896972656,85.82674407958984,21.400829315185547,43.819091796875,279.9599914550781
2025-03-19,557.5842895507812,203.68539428710938,53.40571975708008,36.00657272338867,78.77818298339844,112.47726440429688,90.51900482177734,86.27144622802734,21.430004119873047,43.925941467285156,281.1099853515625
2025-03-20,555.9718017578125,202.39244079589844,52.55755615234375,35.902313232421875,78.79727172851562,112.60160064697266,90.6524658203125,86.32821655273438,21.352210998535156,43.51796340942383,280.75
2025-03-21,556.1552734375,201.13897705078125,52.17635726928711,35.57058334350586,78.84501647949219,112.63028717041016,90.5761947631836,85.8172836303711,21.28415298461914,43.304256439208984,278.489990234375
2025-03-24,566.1151733398438,206.1429901123047,52.10011291503906,35.57058334350586,78.74000549316406,112.21900939941406,90.05193328857422,84.93733978271484,21.196643829345703,43.498531341552734,277.25
2025-03-25,567.4760131835938,204.9980926513672,52.51943588256836,35.674842834472656,78.76864624023438,112.37203216552734,90.20442962646484,84.92788696289062,21.186922073364258,43.372257232666016,278.4700012207031
2025-03-26,560.7013549804688,202.91554260253906,51.55691146850586,35.55162811279297,78.74955749511719,112.24771881103516,89.99471282958984,84.3696517944336,21.11885643005371,43.109981536865234,278.239990234375
2025-03-27,559.2123413085938,201.94827270507812,51.6522102355957,35.69380187988281,78.78773498535156,112.28598022460938,89.91847229003906,84.12364196777344,21.11885643005371,43.32368469238281,281.9700012207031
2025-03-28,547.95068359375,197.84239196777344,51.36631393432617,35.6274528503418,78.93095397949219,112.85027313232422,90.64292907714844,85.28743743896484,21.245258331298828,42.51743698120117,284.05999755859375
2025-03-31,551.6289672851562,196.8948974609375,50.74686813354492,35.51371765136719,78.98824310302734,112.99372863769531,90.90982818603516,86.1295166015625,21.254981994628906,42.449440002441406,288.1400146484375
2025-04-01,553.18701171875,196.9146270751953,51.03276443481445,35.48528289794922,79.01697540283203,113.19709014892578,91.22924041748047,86.87588500976562,21.30271339416504,42.58543395996094,287.57000732421875
2025-04-02,556.6878051757812,200.02366638183594,51.242427825927734,35.64640808105469,78.95950317382812,113.06279754638672,91.14315795898438,86.81890869140625,21.351415634155273,42.643714904785156,288.1600036621094
2025-04-03,529.2537841796875,187.1829071044922,50.346614837646484,35.33363723754883,79.25648498535156,114.05078887939453,92.08032989501953,87.21772003173828,21.828704833984375,41.740333557128906,286.4200134277344
2025-04-04,498.2696838378906,178.8329620361328,47.22079086303711,32.81251525878906,79.2085952758789,114.24263000488281,92.33851623535156,88.16728210449219,21.731300354003906,39.41872787475586,279.7200012207031
2025-04-07,497.3821716308594,177.21429443359375,45.81990051269531,31.55195426940918,79.21815490722656,113.48485565185547,91.23877716064453,85.50851440429688,21.487781524658203,37.951934814453125,273.7099914550781
2025-04-08,489.591796875,172.5458221435547,45.39105224609375,31.45717430114746,79.1702651977539,113.36973571777344,90.77978515625,83.89423370361328,21.52674674987793,37.41767501831055,275.20001220703125
2025-04-09,541.0084228515625,187.21249389648438,49.422210693359375,33.27693557739258,79.12236785888672,112.88054656982422,90.49288940429688,84.38800811767578,21.341672897338867,40.01126480102539,285.3800048828125
2025-04-10,517.3019409179688,179.34619140625,48.56451416015625,32.85990524291992,79.11278533935547,112.72708129882812,89.92869567871094,82.06156921386719,21.848188400268555,39.32158660888672,292.3500061035156
2025-04-11,526.5320434570312,181.9617156982422,49.708106994628906,33.71291732788086,78.9690933227539,112.21868133544922,89.42185974121094,82.50787353515625,22.13066291809082,40.55524444580078,297.92999267578125
2025-04-14,531.6401977539062,184.10348510742188,50.06071090698242,34.262638092041016,79.14153289794922,112.86136627197266,90.13907623291016,83.09661102294922,22.237810134887695,40.92436981201172,296.2300109863281
2025-04-15,530.151123046875,184.3304901123047,50.584861755371094,34.73653030395508,79.14153289794922,113.02442169189453,90.40682220458984,83.39097595214844,22.12092399597168,40.88551330566406,297.7799987792969
2025-04-16,518.3668823242188,182.56378173828125,50.50862121582031,34.64175033569336,79.24691009521484,113.40811157226562,90.79890441894531,83.85624694824219,22.41314125061035,40.40953826904297,307.4700012207031
2025-04-17,519.1064453125,184.0541229248047,50.842166900634766,35.039825439453125,79.27564239501953,113.32178497314453,90.54071807861328,83.11558532714844,22.3839168548584,40.720375061035156,306.1199951171875
2025-04-21,506.7503356933594,180.36279296875,50.41332244873047,34.89765548706055,79.22772979736328,113.13953399658203,90.0530014038086,81.66275024414062,22.578733444213867,40.710662841796875,315.5899963378906
2025-04-22,519.9348754882812,185.03125,51.60456085205078,35.617977142333984,79.25648498535156,113.12034606933594,90.11994171142578,82.11854553222656,22.51055145263672,41.322635650634766,311.1099853515625
2025-04-23,527.991455078125,187.77511596679688,51.966697692871094,35.589542388916016,79.19902038574219,113.01482391357422,90.21558380126953,82.91618347167969,22.237810134887695,41.798614501953125,303.6499938964844
2025-04-24,539.1051635742188,191.5355224609375,52.690975189208984,35.91179275512695,79.2947998046875,113.39852142333984,90.7032699584961,83.78978729248047,22.481325149536133,42.284305572509766,308.07000732421875
2025-04-25,543.0003662109375,191.59474182128906,53.02452087402344,35.95917892456055,79.36186218261719,113.66709899902344,91.04755401611328,84.40701293945312,22.37417984008789,42.20659255981445,304.7300109863281
2025-04-28,543.2073974609375,192.40408325195312,53.19606018066406,36.19612503051758,79.4768295288086,114.0028305053711,91.41091918945312,84.93875122070312,22.50080680847168,42.284305572509766,309.07000732421875
2025-04-29,546.6292724609375,193.53912353515625,53.27230453491211,36.34777069091797,79.52472686767578,114.24263000488281,91.72650146484375,85.65093231201172,22.481325149536133,42.40087127685547,306.05999755859375
2025-04-30,546.8462524414062,192.3251190185547,53.10076141357422,36.1108283996582,79.63011169433594,114.52081298828125,91.86994934082031,84.95774841308594,22.481325149536133,42.50772476196289,303.7699890136719
2025-05-01,550.7216186523438,193.51939392089844,53.12935256958008,35.902313232421875,79.46576690673828,114.10237121582031,91.4698715209961,84.52696990966797,22.299884796142578,42.498008728027344,297.4599914550781
2025-05-02,558.8966674804688,197.87200927734375,54.120460510253906,36.58472442626953,79.31200408935547,113.5636978149414,90.85585021972656,83.6120376586914,22.338899612426758,43.71223831176758,297.9800109863281
2025-05-05,555.6918334960938,196.35205078125,54.30153274536133,36.62263488769531,79.30240631103516,113.48674774169922,90.69274139404297,83.14502716064453,22.42669677734375,44.04250717163086,306.8800048828125
2025-05-06,551.047119140625,194.2102508544922,54.206233978271484,36.55628967285156,79.36968231201172,113.6983642578125,90.92300415039062,83.4214096069336,22.543758392333984,43.86766052246094,315.4800109863281
2025-05-07,553.364501953125,194.85183715820312,54.02516174316406,36.4235954284668,79.39851379394531,113.81380462646484,91.16284942626953,83.77405548095703,22.41693878173828,43.36254119873047,310.75
2025-05-08,557.2202758789062,198.5629119873047,54.006103515625,36.12030792236328,79.2351303100586,113.22703552246094,90.45289611816406,82.84004974365234,22.114540100097656,43.33340072631836,304.6300048828125
2025-05-09,556.51025390625,198.19772338867188,54.454010009765625,36.2909049987793,79.2735595703125,113.29437255859375,90.52005004882812,82.96395874023438,22.21208953857422,43.62481689453125,306.8399963378906
2025-05-12,574.9014892578125,205.16587829589844,54.520721435546875,36.2435188293457,79.12942504882812,112.7460708618164,89.94441986083984,82.19196319580078,21.802377700805664,44.56705856323242,298.19000244140625
2025-05-13,578.6981201171875,205.916015625,54.901920318603516,36.41411590576172,79.11019134521484,112.7364501953125,89.87725067138672,81.85839080810547,21.948705673217773,44.6447639465332,299.4599914550781
2025-05-14,579.437744140625,204.09007263183594,54.77802658081055,36.252994537353516,79.05253601074219,112.47673034667969,89.54145050048828,81.3151626586914,21.89992904663086,44.9847526550293,293.1600036621094
2025-05-15,582.2679443359375,205.42250061035156,55.19734573364258,36.7742805480957,79.20630645751953,112.95771026611328,90.126708984375,82.02996063232422,22.056011199951172,44.96532440185547,297.8399963378906
2025-05-16,585.9559936523438,207.1201171875,55.340293884277344,36.86906051635742,79.18708038330078,112.96732330322266,90.15547180175781,82.24913787841797,21.997478485107422,44.936180114746094,294.239990234375
2025-05-19,586.5969848632812,206.2515869140625,56.007389068603516,37.276607513427734,79.21592712402344,113.03466033935547,90.10749816894531,82.0108871459961,22.1438045501709,45.03331756591797,298.0299987792969
2025-05-20,584.6246337890625,206.3601531982422,56.44576644897461,37.5419921875,79.22553253173828,113.00579833984375,89.99237823486328,81.41998291015625,22.114540100097656,44.9847526550293,303.5799865722656
2025-05-21,574.7733154296875,200.56649780273438,56.131282806396484,37.37139129638672,79.1774673461914,112.65950012207031,89.36876678466797,80.02852630615234,22.114540100097656,44.86818313598633,305.82000732421875
2025-05-22,575.000244140625,200.55661010742188,56.12174987792969,37.46616744995117,79.22553253173828,112.89998626708984,89.70455932617188,80.44786834716797,22.104782104492188,44.722476959228516,303.1099853515625
2025-05-23,571.0753173828125,199.92494201660156,55.6738395690918,37.79789352416992,79.2735595703125,113.0827407836914,89.96360778808594,80.58130645751953,22.387680053710938,44.907039642333984,309.75
2025-05-27,582.9482421875,204.9980926513672,56.56965637207031,37.97797393798828,79.30240631103516,113.28475952148438,90.33777618408203,81.7059097290039,22.348655700683594,44.80018615722656,304.5
2025-05-28,579.5758056640625,202.83657836914062,56.007389068603516,37.598854064941406,79.24474334716797,113.1115951538086,90.08833312988281,81.35328674316406,22.260868072509766,44.596195220947266,303.80999755859375
2025-05-29,581.863525390625,203.43862915039062,56.283756256103516,37.71259307861328,79.33125305175781,113.38093566894531,90.46248626708984,82.106201171875,22.41693878173828,44.76133346557617,305.6099853515625
2025-05-30,581.2127685546875,202.4022979736328,56.2170524597168,37.8358039855957,79.42732238769531,113.6887435913086,90.73110961914062,82.23009490966797,22.37792205810547,44.21735763549805,303.6000061035156
2025-06-02,584.4866943359375,203.03399658203125,56.78884506225586,38.18648910522461,79.36176300048828,113.45042419433594,90.423095703125,81.46479797363281,22.49715232849121,44.53791046142578,311.6700134277344
2025-06-03,587.8197631835938,206.31080627441406,56.369529724121094,37.96849822998047,79.34249114990234,113.35393524169922,90.33647918701172,81.32131958007812,22.399423599243164,44.6447639465332,308.9100036621094
2025-06-04,587.6619873046875,205.72848510742188,56.68401336669922,38.091705322265625,79.48712158203125,113.84602355957031,91.00064849853516,82.64143371582031,22.52646827697754,45.19845199584961,310.8999938964844
2025-06-05,584.8218994140625,205.81729125976562,56.77931594848633,38.120140075683594,79.40033721923828,113.55656433105469,90.73110961914062,82.6988296508789,22.46783447265625,45.43158721923828,309.3299865722656
2025-06-06,590.8275756835938,209.14344787597656,56.91273498535156,38.24335479736328,79.2653579711914,112.9969253540039,90.00920104980469,81.64656829833984,22.389652252197266,45.577293395996094,305.17999267578125
2025-06-09,591.3599243164062,210.58447265625,56.8841438293457,38.23387908935547,79.32320404052734,113.13201141357422,90.1728515625,81.73265075683594,22.448286056518555,45.96584701538086,306.6199951171875
2025-06-10,594.7128295898438,211.71949768066406,56.893672943115234,38.205448150634766,79.32320404052734,113.19954681396484,90.32683563232422,82.15357208251953,22.47760581970215,46.228118896484375,306.7099914550781
2025-06-11,593.0166015625,210.85096740722656,56.81743240356445,38.30022430419922,79.44855499267578,113.55656433105469,90.70225524902344,82.40226745605469,22.51669692993164,46.422401428222656,308.3699951171875
2025-06-12,595.37353515625,210.0120086669922,57.1890983581543,38.650901794433594,79.51602935791016,113.83638000488281,91.09690856933594,83.38758087158203,22.800107955932617,46.50010681152344,312.20001220703125
2025-06-13,588.7171630859375,206.17262268066406,56.22658157348633,38.30970001220703,79.45819854736328,113.62410736083984,90.760009765625,82.58404541015625,22.633974075317383,45.76185989379883,316.2900085449219
2025-06-16,594.318359375,208.60336303710938,56.71117401123047,38.320343017578125,79.44855499267578,113.47936248779297,90.50010681152344,81.75178527832031,22.65351676940918,46.32286834716797,311.7799987792969
2025-06-17,589.2398071289062,206.40618896484375,55.777015686035156,37.914119720458984,79.48712158203125,113.7591781616211,90.94287872314453,82.74667358398438,22.52646827697754,45.714778900146484,311.94000244140625
2025-06-18,589.1510620117188,207.494873046875,55.73809051513672,37.93346405029297,79.52568817138672,113.81708526611328,91.00064849853516,82.89014434814453,22.536243438720703,45.7049674987793,310.260009765625
2025-06-20,587.7673950195312,207.05941772460938,55.59212875366211,37.62396240234375,79.58354949951172,113.93285369873047,91.05840301513672,82.73709869384766,22.487377166748047,45.44015884399414,310.1300048828125
2025-06-23,593.572998046875,209.5930938720703,56.11758804321289,37.885101318359375,79.68958282470703,114.24162292480469,91.37605285644531,83.00494384765625,22.59488296508789,45.8128547668457,311.0799865722656
2025-06-24,600.1304321289062,212.26535034179688,56.98363494873047,38.11722946166992,79.75709533691406,114.47319793701172,91.6937026977539,83.60762023925781,22.761022567749023,46.99961471557617,306.19000244140625
2025-06-25,600.4666748046875,209.79103088378906,56.63332748413086,37.991493225097656,79.7667465209961,114.5503921508789,91.7322006225586,83.71283721923828,22.770788192749023,47.038848876953125,307.1199951171875
2025-06-26,605.16455078125,213.1956787109375,56.964176177978516,38.38804244995117,79.8631362915039,114.8302001953125,92.05945587158203,84.13372802734375,22.89784049987793,47.35270309448242,306.7799987792969
2025-06-27,608.1713256835938,213.2649383544922,57.68425369262695,38.41706085205078,79.834228515625,114.67581939697266,91.8188247680664,83.5980453491211,22.819656372070312,47.166351318359375,301.2200012207031
2025-06-30,611.0790405273438,213.57174682617188,57.84967803955078,38.41706085205078,79.89207458496094,114.90738677978516,92.18458557128906,84.42072296142578,22.956478118896484,47.313472747802734,304.8299865722656
2025-07-01,610.88134765625,215.76893615722656,57.723175048828125,38.54279327392578,79.80889129638672,114.6577377319336,92.01367950439453,84.63003540039062,23.006404876708984,47.4017448425293,307.54998779296875
2025-07-02,613.650634765625,218.75790405273438,58.073486328125,38.310672760009766,79.7992172241211,114.56096649169922,91.82054138183594,84.09234619140625,22.93787384033203,47.60771179199219,309.25
2025-07-03,618.4869995117188,220.7868194580078,58.00537109375,38.51377868652344,79.71216583251953,114.260986328125,91.50189208984375,83.50664520263672,22.88892364501953,47.823482513427734,307.1400146484375
2025-07-07,613.8780517578125,217.47125244140625,57.674522399902344,38.12689971923828,79.69282531738281,114.15455627441406,91.21221923828125,82.7096939086914,22.732284545898438,47.14673614501953,307.3699951171875
2025-07-08,613.5418090820312,218.9756317138672,58.287567138671875,38.484764099121094,79.7024917602539,114.05779266357422,91.07704162597656,82.60408020019531,22.66375732421875,47.440975189208984,304.1600036621094
2025-07-09,617.2210083007812,221.3509521484375,59.00764465332031,38.697547912597656,79.77018737792969,114.38678741455078,91.5501937866211,83.4682388305664,22.70292091369629,47.36251449584961,305.5199890136719
2025-07-10,618.9617919921875,222.48915100097656,58.628143310546875,38.94902038574219,79.77018737792969,114.35775756835938,91.50189208984375,83.5258560180664,22.66375732421875,47.490013122558594,306.20001220703125
2025-07-11,616.7858276367188,219.42100524902344,58.073486328125,38.61050033569336,79.7508544921875,114.13520050048828,91.07704162597656,82.37361907958984,22.556066513061523,47.33308792114258,309.1400146484375
2025-07-14,617.9627685546875,220.89569091796875,58.00537109375,38.71689224243164,79.7605209350586,114.11583709716797,91.03840637207031,82.20079040527344,22.477750778198242,47.4017448425293,308.010009765625
2025-07-15,615.3220825195312,216.57061767578125,57.33394241333008,38.29132843017578,79.68314361572266,113.84490203857422,90.68113708496094,81.62469482421875,22.36026954650879,47.745018005371094,306.7300109863281
2025-07-16,617.3792724609375,218.74801635742188,57.509098052978516,38.54279327392578,79.78954315185547,114.13520050048828,90.93220520019531,81.73989868164062,22.48753547668457,47.970603942871094,308.260009765625
2025-07-17,621.1574096679688,221.61817932128906,57.664791107177734,38.52345275878906,79.7605209350586,114.06745147705078,90.9032211303711,81.720703125,22.409217834472656,48.24522399902344,307.5899963378906
2025-07-18,620.7024536132812,220.0445556640625,57.509098052978516,38.49443435668945,79.8282241821289,114.30937194824219,91.15428161621094,81.84554290771484,22.38964080810547,48.1373405456543,308.3900146484375
2025-07-21,621.87939453125,219.1537628173828,57.723175048828125,38.697547912597656,79.8766098022461,114.52226257324219,91.47293853759766,82.57527160644531,22.585433959960938,48.45119094848633,313.1300048828125
2025-07-22,621.9683837890625,220.97486877441406,57.91779327392578,39.1037712097168,79.93463134765625,114.69644165039062,91.733642578125,83.07454681396484,22.722497940063477,48.480613708496094,316.1000061035156
2025-07-23,627.2598876953125,224.3498077392578,59.2022590637207,39.55835723876953,79.86693572998047,114.44483947753906,91.40534210205078,82.61367797851562,22.66375732421875,48.971012115478516,312.17999267578125
2025-07-24,627.4674682617188,221.25201416015625,58.472450256347656,39.4326171875,79.7992172241211,114.30937194824219,91.27015686035156,82.46964263916016,22.614805221557617,48.706199645996094,310.2699890136719
2025-07-25,630.1181640625,222.07347106933594,58.66706466674805,39.306880950927734,79.84758758544922,114.44483947753906,91.48258972167969,82.98814392089844,22.56585693359375,48.55907440185547,307.3999938964844
2025-07-28,629.9598388671875,221.81613159179688,57.518829345703125,38.80393981933594,79.8379135131836,114.34808349609375,91.27981567382812,82.45044708251953,22.38964080810547,48.235416412353516,305.4100036621094
2025-07-29,628.29833984375,220.4008331298828,57.723175048828125,39.06508255004883,79.9056167602539,114.70611572265625,91.87850189208984,83.84268951416016,22.37005615234375,48.255035400390625,306.25
2025-07-30,627.5070190429688,219.28244018554688,57.226905822753906,38.726566314697266,79.81855773925781,114.45451354980469,91.55984497070312,83.41061401367188,22.1448917388916,47.901947021484375,300.9599914550781
2025-07-31,625.1531372070312,217.13475036621094,56.5068244934082,38.50410842895508,79.81855773925781,114.48355865478516,91.63709259033203,83.4586181640625,22.105728149414062,47.62732696533203,302.9599914550781
2025-08-01,614.9066162109375,212.71070861816406,55.95216751098633,38.629844665527344,80.21643829345703,115.50358581542969,92.69208526611328,84.6451187133789,22.464773178100586,47.27424240112305,309.1099853515625
2025-08-04,624.2530517578125,217.47125244140625,56.65278625488281,38.890987396240234,80.23584747314453,115.57152557373047,92.81802368164062,84.87645721435547,22.523630142211914,47.7646369934082,310.9100036621094
2025-08-05,621.088134765625,218.57974243164062,56.73063278198242,38.91033172607422,80.20673370361328,115.47447204589844,92.75020599365234,85.13668823242188,22.49420166015625,47.901947021484375,311.1600036621094
2025-08-06,625.845458984375,218.29273986816406,57.226905822753906,39.05541229248047,80.23584747314453,115.4938735961914,92.68240356445312,84.6451187133789,22.592302322387695,48.12752914428711,310.5
2025-08-07,625.3212890625,217.58010864257812,57.927520751953125,39.16180419921875,80.19703674316406,115.42594909667969,92.61457061767578,84.50053405761719,22.61192512512207,48.5296516418457,313.1199951171875
2025-08-08,630.1972045898438,218.05520629882812,58.16106414794922,39.20048904418945,80.17761993408203,115.23184204101562,92.40145874023438,84.13429260253906,22.54325294494629,48.490421295166016,313.04998779296875
2025-08-11,628.9509887695312,218.00570678710938,57.75236892700195,39.306880950927734,80.17761993408203,115.25125122070312,92.4305191040039,84.23065185546875,22.474584579467773,48.353111267089844,308.54998779296875
2025-08-12,635.6469116210938,224.47848510742188,58.32648468017578,39.68408966064453,80.23584747314453,115.29006958007812,92.41114807128906,83.80656433105469,22.5334415435791,48.94158935546875,308.2699890136719
2025-08-13,637.82275390625,228.84315490722656,58.813026428222656,40.003265380859375,80.34259796142578,115.59093475341797,92.74052429199219,84.50053405761719,22.651165008544922,49.53006362915039,309.2099914550781
2025-08-14,637.882080078125,225.89378356933594,59.09522247314453,40.138671875,80.25525665283203,115.34829711914062,92.4402084350586,83.87403869628906,22.504013061523438,48.921974182128906,307.25
2025-08-15,636.3886108398438,224.7952117919922,59.39687728881836,39.91621780395508,80.22613525390625,115.26094818115234,92.25614166259766,83.27645874023438,22.504013061523438,48.98081970214844,307.42999267578125
2025-08-18,636.2501220703125,225.61666870117188,59.08549118041992,39.93556213378906,80.22613525390625,115.2124252319336,92.16895294189453,83.03550720214844,22.454965591430664,49.26525115966797,306.95001220703125
2025-08-19,632.7984008789062,223.8846435546875,59.2022590637207,39.93556213378906,80.26496124267578,115.3774185180664,92.40145874023438,83.51742553710938,22.43534278869629,48.86312484741211,305.2699890136719
2025-08-20,631.1170043945312,223.09286499023438,59.35795211791992,40.35145568847656,80.2940902709961,115.4550552368164,92.5370864868164,83.7005386352539,22.464773178100586,48.794471740722656,308.3599853515625
2025-08-21,628.5850830078125,223.6471405029297,58.9297981262207,40.29342269897461,80.22613525390625,115.23184204101562,92.26582336425781,83.2861099243164,22.32743263244629,48.68658447265625,307.2900085449219
2025-08-22,638.2380981445312,232.41604614257812,59.8444938659668,40.699649810791016,80.40082550048828,115.726806640625,92.7792739868164,83.90296173095703,22.5628719329834,49.657569885253906,310.5799865722656
2025-08-25,635.4292602539062,229.97142028808594,58.82276153564453,40.419158935546875,80.36200714111328,115.60063934326172,92.59521484375,83.66199493408203,22.386295318603516,49.373138427734375,309.8299865722656
2025-08-26,638.0897827148438,231.87168884277344,58.58921813964844,40.37080001831055,80.42993927001953,115.84326934814453,92.83739471435547,83.6137924194336,22.474584579467773,49.245635986328125,312.0799865722656
2025-08-27,639.543701171875,233.51463317871094,58.345947265625,40.29342269897461,80.48816680908203,116.0179672241211,93.01177978515625,83.51742553710938,22.484394073486328,48.95139694213867,312.7099914550781
2025-08-28,641.80859375,233.791748046875,58.560028076171875,40.20637512207031,80.45905303955078,116.08590698242188,93.22491455078125,84.06681823730469,22.5628719329834,49.13774490356445,315.0299987792969
2025-08-29,637.9810180664062,232.75254821777344,58.19998550415039,40.09998321533203,80.52698516845703,116.16355895996094,93.14740753173828,83.4692153930664,22.5628719329834,48.90235900878906,318.07000732421875
2025-09-02,633.2533569335938,231.49560546875,57.450714111328125,39.55835723876953,80.48609161376953,115.96693420410156,92.86943817138672,82.84808349609375,22.36925506591797,48.86312484741211,325.5899963378906
2025-09-03,636.6853637695312,231.2679443359375,57.55775451660156,39.829166412353516,80.54450225830078,116.16160583496094,93.1901626586914,83.75753784179688,22.428224563598633,49.04947280883789,328.1400146484375
2025-09-04,642.00634765625,234.15792846679688,57.878868103027344,40.03227996826172,80.60291290283203,116.41468048095703,93.60811614990234,84.39611053466797,22.467538833618164,48.892547607421875,326.69000244140625
2025-09-05,640.1469116210938,235.32582092285156,58.04429626464844,40.18703079223633,80.7197265625,116.71642303466797,94.06492614746094,85.68289184570312,22.664100646972656,49.48102569580078,331.04998779296875
2025-09-08,641.7196044921875,235.80088806152344,58.58921813964844,40.34178161621094,80.76840209960938,116.88190460205078,94.35650634765625,86.82455444335938,22.713247299194336,49.93218994140625,334.82000732421875
2025-09-09,643.2031860351562,234.415283203125,58.58921813964844,40.380470275878906,80.70024871826172,116.69696044921875,94.1329574584961,86.33112335205078,22.664100646972656,50.206809997558594,334.05999755859375
2025-09-10,645.0625,233.99960327148438,58.336219787597656,40.37080001831055,80.70999908447266,116.78455352783203,94.38567352294922,86.82455444335938,22.664100646972656,50.55009078979492,335.260009765625
2025-09-11,650.4231567382812,238.3246612548828,58.9979133605957,40.806034088134766,80.73918914794922,116.81376647949219,94.5314712524414,87.40505981445312,22.74273109436035,51.28568649291992,334.760009765625
2025-09-12,650.2054443359375,235.88995361328125,58.95899200439453,40.564239501953125,80.72946166992188,116.6482925415039,94.25932312011719,87.0277328491211,22.664100646972656,51.25625991821289,335.4200134277344
2025-09-15,653.6671142578125,236.88958740234375,59.523372650146484,40.709320068359375,80.75865936279297,116.77481842041016,94.4148178100586,87.23090362548828,22.76238441467285,51.62895965576172,338.9100036621094
2025-09-16,652.7671508789062,236.49949645996094,59.36768341064453,40.51587677001953,80.79759979248047,116.8624267578125,94.47314453125,87.41474151611328,22.870500564575195,52.011470794677734,339.5899963378906
2025-09-17,651.9561157226562,237.10494995117188,59.05629348754883,40.419158935546875,80.75865936279297,116.65802764892578,94.26902770996094,87.19221496582031,22.82135772705078,52.23705291748047,336.9700012207031
2025-09-18,655.0023803710938,243.01046752929688,59.53310775756836,40.29342269897461,80.72946166992188,116.50228118896484,93.95801544189453,86.29243469238281,22.68376350402832,52.109554290771484,335.6199951171875
2025-09-19,658.2465209960938,241.16439819335938,59.4066047668457,40.003265380859375,80.75865936279297,116.49254608154297,93.91912841796875,86.12794494628906,22.64444923400879,51.99185562133789,339.17999267578125
2025-09-22,661.3607788085938,242.5638427734375,59.53310775756836,40.24506378173828,80.7197265625,116.38548278808594,93.76361083984375,85.81834411621094,22.69359016418457,52.24686050415039,345.04998779296875
2025-09-23,657.7606201171875,242.0179443359375,59.679073333740234,40.109657287597656,80.7489242553711,116.55093383789062,94.02604675292969,86.41820526123047,22.713247299194336,52.276283264160156,346.4599914550781
2025-09-24,655.6678466796875,239.79469299316406,59.377418518066406,39.99359130859375,80.70999908447266,116.3465576171875,93.77334594726562,86.0892562866211,22.536338806152344,52.0997428894043,343.32000732421875
2025-09-25,652.6429443359375,237.50193786621094,58.91033935546875,39.693763732910156,80.64183807373047,116.1226806640625,93.5692367553711,86.0892562866211,22.398740768432617,51.79569625854492,344.75
2025-09-26,656.3820190429688,239.53663635253906,59.63041687011719,40.21604919433594,80.69052124023438,116.14214324951172,93.52063751220703,86.01184844970703,22.45771026611328,51.69761657714844,346.739990234375
2025-09-29,658.2266845703125,239.81454467773438,59.863956451416016,40.264408111572266,80.7197265625,116.28813934326172,93.79279327392578,86.71813201904297,22.57564926147461,52.16839599609375,352.4599914550781
2025-09-30,660.7061157226562,240.1520233154297,60.272647857666016,40.593257904052734,80.75865936279297,116.32707977294922,93.75389862060547,86.4665756225586,22.605138778686523,52.374366760253906,355.4700012207031
2025-10-01,662.9574584960938,240.6780548095703,60.94407653808594,41.10586929321289,80.85240936279297,116.62579345703125,94.06977844238281,86.68988800048828,22.636642456054688,52.78629684448242,356.0299987792969
2025-10-02,663.7210693359375,242.1966094970703,61.304115295410156,40.87373733520508,80.87194061279297,116.67459869384766,94.1672592163086,86.94231414794922,22.6169490814209,53.031494140625,354.7900085449219
2025-10-03,663.7112426757812,243.99310302734375,61.411155700683594,41.241275787353516,80.84263610839844,116.50865936279297,93.98204040527344,86.77725982666016,22.60710334777832,53.18842315673828,357.6400146484375
2025-10-06,666.0914916992188,244.96575927734375,61.05111312866211,41.18324661254883,80.82310485839844,116.35245513916016,93.70906066894531,86.08793640136719,22.44956398010254,53.43362045288086,364.3800048828125
2025-10-07,663.6219482421875,242.3355712890625,60.44779968261719,41.05751037597656,80.86216735839844,116.53793334960938,93.94303894042969,86.58309173583984,22.351102828979492,53.021690368652344,366.260009765625
2025-10-08,667.5791625976562,244.87644958496094,60.837039947509766,41.279964447021484,80.85240936279297,116.4891357421875,93.96251678466797,86.65105438232422,22.34125328063965,53.44343185424805,372.29998779296875
2025-10-09,665.6452026367188,243.29832458496094,60.2531852722168,40.68997573852539,80.84263610839844,116.45008850097656,93.89429473876953,86.58309173583984,22.232946395874023,52.89418411254883,365.42999267578125
2025-10-10,647.6542358398438,236.01316833496094,59.377418518066406,40.36112594604492,80.97935485839844,116.92842102050781,94.47924041748047,87.98115539550781,22.38063621520996,50.942405700683594,369.1199951171875
2025-10-13,657.5919189453125,242.58370971679688,59.82503128051758,40.61260223388672,81.13557434082031,117.03580474853516,94.52798461914062,87.93260955810547,22.360942840576172,52.423404693603516,378.0899963378906
2025-10-14,656.78857421875,246.047607421875,60.16561508178711,40.68030548095703,81.0770034790039,117.20175170898438,94.77172088623047,88.21416473388672,22.429868698120117,51.9526252746582,380.7900085449219
2025-10-15,659.7044067382812,248.45947265625,60.32130432128906,40.64161682128906,81.0379409790039,117.1041259765625,94.66447448730469,88.01998901367188,22.508642196655273,52.80591583251953,387.3900146484375
2025-10-16,655.2116088867188,243.2288360595703,60.895423889160156,40.61260223388672,81.14533996582031,117.48484802246094,95.10319519042969,88.68018341064453,22.676027297973633,53.14918899536133,396.45001220703125
2025-10-17,658.9308471679688,241.5911865234375,60.87596130371094,40.68997573852539,81.13557434082031,117.31889343261719,94.94719696044922,88.54425811767578,22.6169490814209,53.139381408691406,388.989990234375
2025-10-20,665.7840576171875,246.30567932128906,61.187347412109375,40.77701950073242,81.14533996582031,117.38722229003906,95.07393646240234,88.88407135009766,22.64649200439453,53.865169525146484,403.1499938964844
2025-10-21,665.7741088867188,245.14443969726562,60.73972702026367,40.58358383178711,81.16487121582031,117.4946060180664,95.24940490722656,89.32096862792969,22.548025131225586,53.26689147949219,377.239990234375
2025-10-22,662.3128051757812,241.52169799804688,60.55484390258789,41.018821716308594,81.16487121582031,117.51412963867188,95.26892852783203,89.37922668457031,22.557870864868164,53.21784591674805,377.2799987792969
2025-10-23,666.2402954101562,244.57867431640625,60.99272918701172,41.20258331298828,81.10629272460938,117.26031494140625,94.95695495605469,88.76757049560547,22.498794555664062,53.688629150390625,378.7900085449219
2025-10-24,671.6851806640625,247.56617736816406,60.963539123535156,41.37668228149414,81.15510559082031,117.33841705322266,95.04468536376953,88.80640411376953,22.479103088378906,54.04171371459961,377.5199890136719
2025-10-27,679.6094970703125,248.4296875,61.43061828613281,41.570125579833984,81.13557434082031,117.27007293701172,95.04468536376953,89.10736846923828,22.548025131225586,54.63999938964844,367.010009765625
2025-10-28,681.41455078125,247.09971618652344,61.343040466308594,41.512088775634766,81.14533996582031,117.32865142822266,95.13243865966797,89.34037780761719,22.587413787841797,54.62038040161133,364.3800048828125
2025-10-29,681.7418823242188,244.9955291748047,61.138694763183594,41.425045013427734,80.9891128540039,116.84056091308594,94.51822662353516,88.43746185302734,22.351102828979492,54.934234619140625,363.0
2025-10-30,674.2440185546875,243.02041625976562,60.73972702026367,41.3476676940918,80.99887084960938,116.801513671875,94.38174438476562,87.92288970947266,22.38063621520996,54.36537551879883,370.1300048828125
2025-10-31,676.45556640625,244.3900909423828,60.496456146240234,41.27029037475586,81.0281753540039,116.89913177490234,94.42074584960938,87.6607666015625,22.38063621520996,54.23787307739258,368.1199951171875
2025-11-03,677.7251586914062,243.6060028076172,60.47699737548828,41.134883880615234,81.03112030029297,116.8658447265625,94.37576293945312,87.44152069091797,22.27508544921875,54.581153869628906,368.7799987792969
2025-11-04,669.6917114257812,239.39767456054688,59.76664733886719,40.796363830566406,81.06050109863281,116.97354888916016,94.49312591552734,87.63641357421875,22.255353927612305,53.58074188232422,362.32000732421875
2025-11-05,672.012451171875,242.85166931152344,60.262916564941406,41.212257385253906,81.00172424316406,116.65040588378906,94.04324340820312,86.68150329589844,22.215896606445312,54.06132888793945,366.510009765625
2025-11-06,664.8021850585938,238.55404663085938,59.89314651489258,41.22193145751953,81.09967803955078,117.0420913696289,94.52246856689453,87.46101379394531,22.33427619934082,53.659202575683594,366.07000732421875
2025-11-07,665.4567260742188,239.80462646484375,60.10722732543945,41.46372985839844,81.13887023925781,117.11062622070312,94.56158447265625,87.27587890625,22.33427619934082,53.50227737426758,368.30999755859375
2025-11-10,675.8406982421875,242.20654296875,60.85649871826172,42.01503372192383,81.1192626953125,116.9637451171875,94.43444061279297,87.25639343261719,22.33427619934082,54.4438362121582,378.3800048828125
2025-11-11,677.3878784179688,242.41497802734375,61.391693115234375,42.21814727783203,81.18783569335938,117.2281265258789,94.72783660888672,87.65589141845703,22.373735427856445,54.502685546875,379.8699951171875
2025-11-12,677.7648315429688,241.81944274902344,62.04365921020508,42.08273696899414,81.15846252441406,117.20854187011719,94.74739837646484,87.81180572509766,22.34413719177246,54.51249313354492,385.989990234375
2025-11-13,666.5180053710938,235.02064514160156,61.63496398925781,41.62815856933594,81.10948181152344,117.01271057128906,94.47355651855469,87.09074401855469,22.4033260345459,53.87498092651367,382.8699951171875
2025-11-14,666.4088745117188,235.7054901123047,61.099769592285156,41.36701202392578,81.13887023925781,116.93437194824219,94.31709289550781,86.59382629394531,22.294815063476562,53.90440368652344,375.9599914550781
2025-11-17,660.2003173828125,231.02073669433594,60.17534255981445,41.04783630371094,81.12907409667969,116.98333740234375,94.4246597290039,86.80817413330078,22.27508544921875,53.26689147949219,371.6499938964844
2025-11-18,654.65625,231.72544860839844,59.42607116699219,40.806034088134766,81.17805480957031,117.15959167480469,94.58113861083984,86.77893829345703,22.1961669921875,53.002071380615234,374.3500061035156
2025-11-19,657.185302734375,231.6857452392578,59.309303283691406,40.36112594604492,81.16825866699219,117.13021850585938,94.5126724243164,86.60355377197266,22.067922592163086,52.81571960449219,374.9599914550781
2025-11-20,647.1683349609375,227.3980255126953,58.46271896362305,39.98392105102539,81.23683166503906,117.32605743408203,94.73761749267578,86.94459533691406,22.018596649169922,52.089935302734375,374.8500061035156
2025-11-21,653.6149291992188,233.8395233154297,59.14387512207031,40.68030548095703,81.33478546142578,117.58063507080078,95.05057525634766,87.20767211914062,22.067922592163086,52.08012771606445,374.2699890136719
2025-11-24,663.235107421875,238.10739135742188,59.0660285949707,40.544891357421875,81.34458923339844,117.63937377929688,95.19727325439453,87.70462036132812,22.09751319885254,52.629371643066406,380.20001220703125
2025-11-25,669.4735107421875,243.29832458496094,60.097496032714844,41.125213623046875,81.39353942871094,117.84503173828125,95.44176483154297,87.92872619628906,22.215896606445312,52.81571960449219,380.0799865722656
2025-11-26,674.09521484375,245.45211791992188,60.73972702026367,41.57979965209961,81.38375854492188,117.86460876464844,95.52000427246094,88.3184814453125,22.22576332092285,53.19823455810547,383.1199951171875
2025-11-28,677.7747192382812,246.89126586914062,60.973270416259766,41.73454666137695,81.38375854492188,117.75690460205078,95.35375213623047,87.89948272705078,22.255353927612305,53.276695251464844,387.8800048828125
2025-12-01,674.6802978515625,243.78466796875,60.895423889160156,41.52176284790039,81.31400299072266,117.41316986083984,94.84172821044922,86.80523681640625,22.17728042602539,53.237464904785156,389.75
2025-12-02,675.9300537109375,243.3380126953125,61.255462646484375,41.59914016723633,81.36312866210938,117.51139068603516,94.92018127441406,86.84435272216797,22.19704818725586,53.257080078125,387.239990234375
2025-12-03,678.2706298828125,247.7646942138672,61.67388916015625,42.03437805175781,81.41226196289062,117.64887237548828,95.11637115478516,87.08882904052734,22.28598976135254,53.29631423950195,386.8800048828125
2025-12-04,678.7664794921875,249.9383544921875,61.64469528198242,41.995689392089844,81.35330200195312,117.442626953125,94.82210540771484,86.61945343017578,22.21681022644043,53.28650665283203,387.1300048828125
2025-12-05,680.0557861328125,248.89617919921875,61.63496398925781,41.802249908447266,81.32382202148438,117.27568817138672,94.62593078613281,86.2185287475586,22.246458053588867,53.688629150390625,386.44000244140625
2025-12-08,678.0127563476562,248.9954376220703,61.67388916015625,41.66684341430664,81.30418395996094,117.09891510009766,94.42975616455078,85.9349594116211,22.17728042602539,53.57093048095703,385.4200134277344
2025-12-09,677.4275512695312,249.51153564453125,61.50846481323242,41.47340393066406,81.26488494873047,116.97125244140625,94.29241943359375,86.02296447753906,22.147632598876953,53.482662200927734,387.3999938964844
2025-12-10,681.92041015625,252.90599060058594,62.11177444458008,42.03437805175781,81.40243530273438,117.28550720214844,94.59650421142578,86.35543060302734,22.246458053588867,54.0809440612793,389.04998779296875
2025-12-11,683.5072021484375,255.87364196777344,62.685890197753906,42.21814727783203,81.41226196289062,117.32479858398438,94.60630798339844,86.23809814453125,22.2662296295166,53.8259391784668,393.239990234375
2025-12-12,676.1581420898438,251.9531707763672,62.25773239135742,41.86027908325195,81.42208099365234,117.2167739868164,94.35128021240234,85.40689849853516,22.246458053588867,53.19823455810547,395.44000244140625
2025-12-15,675.1365356445312,250.04750061035156,62.59831619262695,42.31486511230469,81.47120666503906,117.30514526367188,94.42975616455078,85.465576171875,22.325525283813477,53.04130554199219,395.79998779296875
2025-12-16,673.2918701171875,248.8644256591797,62.470603942871094,42.12656021118164,81.51051330566406,117.51139068603516,94.69458770751953,85.9349594116211,22.355173110961914,52.70604705810547,395.8900146484375
2025-12-17,665.8832397460938,246.21546936035156,61.90081024169922,42.333595275878906,81.52033996582031,117.51139068603516,94.67497253417969,85.85671997070312,22.246458053588867,52.32801055908203,399.2900085449219
2025-12-18,670.9114990234375,247.6793670654297,62.33306884765625,42.520912170410156,81.57928466796875,117.69798278808594,94.92018127441406,86.2674331665039,22.257356643676758,52.92491149902344,398.57000732421875
2025-12-19,676.9923095703125,249.75074768066406,62.667083740234375,42.92512512207031,81.56451416015625,117.56103515625,94.70664978027344,85.94544219970703,22.13849449157715,53.442222595214844,399.0199890136719
2025-12-22,681.2098999023438,252.52919006347656,62.84391403198242,43.171592712402344,81.52508544921875,117.4625244140625,94.60824584960938,85.75892639160156,22.207828521728516,53.73072052001953,408.2300109863281
2025-12-23,684.3233032226562,251.035400390625,62.97162628173828,43.358909606933594,81.48565673828125,117.35416412353516,94.56887817382812,85.89635467529297,22.32669448852539,54.029170989990234,413.6400146484375
2025-12-24,686.7305297851562,251.66281127929688,63.069862365722656,43.457496643066406,81.5349349975586,117.53148651123047,94.81489562988281,86.41663360595703,22.405935287475586,54.13859939575195,411.92999267578125
2025-12-26,686.660888671875,250.3781280517578,63.19757843017578,43.615238189697266,81.59407043457031,117.67924499511719,94.9034652709961,86.13196563720703,22.386125564575195,54.51663589477539,416.739990234375
2025-12-29,684.2138671875,248.8445281982422,62.97162628173828,43.398345947265625,81.63349151611328,117.80730438232422,95.0412368774414,86.4559097290039,22.376222610473633,54.37736129760742,398.6000061035156
2025-12-30,683.3783569335938,247.00218200683594,63.28599166870117,43.59552001953125,81.6531982421875,117.77775573730469,94.94282531738281,86.249755859375,22.346506118774414,54.596221923828125,398.8900146484375
2025-12-31,678.3152465820312,245.1399383544922,62.97162628173828,43.358909606933594,81.6236343383789,117.57088470458984,94.62792205810547,85.56259155273438,22.316789627075195,54.427101135253906,396.30999755859375
2026-01-02,679.55859375,247.74908447265625,63.86560821533203,43.832130432128906,81.66305541992188,117.54133605957031,94.54920196533203,85.43497467041016,22.26725959777832,55.94919204711914,398.2799987792969
2026-01-05,684.0845336914062,251.6826934814453,64.39610290527344,44.177188873291016,81.692626953125,117.73834991455078,94.83458709716797,85.85709381103516,22.306884765625,56.565982818603516,408.760009765625
2026-01-06,688.1529541015625,255.01881408691406,64.4845199584961,44.413795471191406,81.70248413085938,117.72850036621094,94.76570129394531,85.6803970336914,22.26725959777832,56.98381042480469,413.17999267578125
2026-01-07,685.9347534179688,254.4213104248047,64.31751251220703,43.86170959472656,81.692626953125,117.78760528564453,94.94282531738281,86.18104553222656,22.27716636657715,56.556034088134766,409.2300109863281
2026-01-08,685.8651123046875,257.1997375488281,64.30768585205078,43.970149993896484,81.66305541992188,117.59059143066406,94.6574478149414,85.74909973144531,22.237546920776367,56.575931549072266,411.489990234375
2026-01-09,690.4010009765625,259.1516418457031,64.7694091796875,44.157470703125,81.63349151611328,117.55118560791016,94.76570129394531,86.3184814453125,22.178112030029297,56.84453582763672,414.4700012207031
2026-01-12,691.4852294921875,260.4163818359375,65.17218780517578,44.45323181152344,81.63349151611328,117.50192260742188,94.6476058959961,86.06324005126953,22.22764015197754,57.64039611816406,422.2300109863281
2026-01-13,690.1026000976562,260.2669982910156,64.90694427490234,44.34478759765625,81.6531982421875,117.62999725341797,94.76570129394531,86.21048736572266,22.11867904663086,57.21261978149414,421.6300048828125
2026-01-14,686.7106323242188,262.099365234375,64.9167709350586,44.64054870605469,81.67290496826172,117.73834991455078,94.96250915527344,86.71114349365234,22.188018798828125,57.45138168334961,425.94000244140625
2026-01-15,688.5806884765625,264.4097595214844,64.75958251953125,44.45323181152344,81.61376953125,117.51177978515625,94.76570129394531,86.6915054321289,22.108776092529297,57.78962326049805,423.3299865722656
2026-01-16,688.0037231445312,264.6587219238281,64.8971176147461,44.541961669921875,81.59407043457031,117.30491638183594,94.40158081054688,86.19086456298828,22.128585815429688,57.57075881958008,421.2900085449219
2026-01-20,673.9981689453125,261.49188232421875,63.78701400756836,44.06874084472656,81.60392761230469,117.14730072021484,94.02764892578125,85.06193542480469,22.11867904663086,57.01365661621094,437.2300109863281
2026-01-21,681.77685546875,266.6802978515625,64.50416564941406,44.52224349975586,81.64334869384766,117.28520965576172,94.2736587524414,85.70983123779297,22.108776092529297,57.958744049072266,443.6000061035156
2026-01-22,685.3379516601562,268.6719970703125,64.87747955322266,44.43351364135742,81.61376953125,117.21625518798828,94.26382446289062,86.0828857421875,22.24744987487793,58.39646911621094,451.7900085449219
2026-01-23,685.5865478515625,263.712646484375,65.2999038696289,44.92645263671875,81.64334869384766,117.32461547851562,94.42127990722656,86.3184814453125,22.42574691772461,58.764556884765625,458.0
2026-01-26,689.0680541992188,262.8861083984375,65.77145385742188,45.18278503417969,81.67290496826172,117.4034194946289,94.55902862548828,86.73077392578125,22.594139099121094,58.864036560058594,464.70001220703125
2026-01-27,691.8134765625,263.63299560546875,66.80297088623047,45.84332275390625,81.692626953125,117.41327667236328,94.45079803466797,86.19086456298828,22.821964263916016,60.02798843383789,476.1000061035156
2026-01-28,691.7438354492188,262.2088928222656,65.98757934570312,45.58699417114258,81.692626953125,117.36402130126953,94.37206268310547,85.9945297241211,22.77243423461914,60.43586730957031,494.55999755859375
2026-01-29,690.3711547851562,262.27862548828125,66.0268783569336,45.7841682434082,81.7221908569336,117.49207305908203,94.47047424316406,86.01415252685547,22.77243423461914,60.127471923828125,495.8999938964844
2026-01-30,688.3120727539062,258.57403564453125,65.48656463623047,45.508121490478516,81.79117584228516,117.57088470458984,94.41143035888672,85.53314208984375,22.623855590820312,58.79439926147461,444.95001220703125
2026-02-02,691.7339477539062,261.0935363769531,66.08582305908203,45.882755279541016,81.75163269042969,117.40982818603516,94.22582244873047,85.28875732421875,22.51272964477539,58.97346878051758,427.1300048828125
2026-02-03,685.885009765625,261.6910400390625,65.88934326171875,45.81374740600586,81.74175262451172,117.4493637084961,94.3146743774414,85.49569702148438,22.522653579711914,59.291812896728516,454.2900085449219
2026-02-04,682.5626831054688,259.4403991699219,65.70268249511719,46.38555145263672,81.78129577636719,117.4493637084961,94.29492950439453,85.27890014648438,22.463119506835938,58.49595260620117,453.9700012207031
2026-02-05,674.0379638671875,254.7698516845703,64.99536895751953,45.291229248046875,81.90980529785156,117.94342041015625,94.84780883789062,86.20520782470703,22.463119506835938,58.22734832763672,441.8800048828125
2026-02-06,686.96923828125,263.9217529296875,66.16441345214844,46.237674713134766,81.90980529785156,117.89401245117188,94.84780883789062,86.26432800292969,22.5028076171875,59.75938415527344,455.4599914550781
2026-02-09,690.2816772460938,265.7740783691406,67.18610382080078,46.35597610473633,81.92957305908203,117.96318054199219,94.86754608154297,86.24461364746094,22.651636123657227,60.19710922241211,467.0299987792969
2026-02-10,688.4613037109375,265.05706787109375,66.99945068359375,46.079933166503906,81.97899627685547,118.22008514404297,95.2822036743164,87.23989868164062,22.7508544921875,60.286643981933594,462.3999938964844
2026-02-11,688.3021850585938,263.8520812988281,67.05839538574219,46.760189056396484,81.89991760253906,117.98294067382812,95.01564025878906,86.77674865722656,22.790542602539062,61.24168014526367,467.6300048828125
2026-02-12,677.668701171875,258.4644775390625,66.43948364257812,46.34611892700195,81.97899627685547,118.39796447753906,95.59813690185547,87.92969512939453,22.859996795654297,60.5452995300293,451.3900146484375
2026-02-13,678.1461181640625,261.87030029296875,66.18406677246094,46.58272933959961,82.10750579833984,118.71416473388672,95.97329711914062,88.41255950927734,22.899682998657227,60.803955078125,462.6199951171875
2026-02-17,679.2402954101562,261.9499816894531,66.6850814819336,46.750328063964844,82.07785034179688,118.6548843383789,95.96343231201172,88.56037902832031,22.889759063720703,60.55524826049805,448.20001220703125
2026-02-18,682.662109375,262.8960266113281,66.92086029052734,47.203834533691406,82.02843475341797,118.49677276611328,95.7659683227539,88.22532653808594,22.7508544921875,60.873592376708984,458.2799987792969
2026-02-19,680.8616333007812,263.5035400390625,66.61631774902344,47.006656646728516,82.02843475341797,118.53630065917969,95.85482025146484,88.31401824951172,22.74093246459961,60.724369049072266,459.55999755859375
2026-02-20,685.7855834960938,263.5134582519531,67.47100067138672,47.361572265625,82.0383071899414,118.5955810546875,95.85482025146484,88.10708618164062,22.7508544921875,62.01764678955078,468.6199951171875
2026-02-23,678.7827758789062,259.4105224609375,67.22540283203125,47.21369171142578,82.10750579833984,118.90190124511719,96.20037841796875,88.43225860595703,22.869915008544922,61.331214904785156,481.2799987792969
2026-02-24,683.7164916992188,262.23876953125,67.33346557617188,47.30242156982422,82.10750579833984,118.84261322021484,96.18063354492188,88.58993530273438,22.81038475036621,62.296199798583984,474.6099853515625
2026-02-25,689.4859008789062,263.48358154296875,68.01132202148438,47.972816467285156,82.08773803710938,118.74380493164062,96.10164642333984,88.59980010986328,22.800464630126953,62.98263168334961,473.4200134277344
2026-02-26,685.6561889648438,264.88775634765625,67.84431457519531,47.92352294921875,82.11738586425781,118.95130920410156,96.35834503173828,88.95454406738281,22.850074768066406,62.38573455810547,477.4800109863281
2026-02-27,682.3637084960938,260.3267517089844,67.37276458740234,47.99253463745117,82.22613525390625,119.28727722167969,96.74337768554688,89.49652862548828,22.850074768066406,62.25640869140625,483.75
2026-03-02,682.751708984375,262.7167663574219,65.63391876220703,47.4404411315918,82.0804214477539,118.7829360961914,96.16217041015625,88.5978012084961,22.582698822021484,61.18199157714844,490.0
2026-03-03,676.7337036132812,258.1657409667969,63.3940544128418,46.099647521972656,82.07051849365234,118.7234878540039,96.05325317382812,88.41983032226562,22.354087829589844,58.117916107177734,468.1400146484375
2026-03-04,681.5082397460938,260.67529296875,64.17997741699219,46.572872161865234,82.02096557617188,118.5054931640625,95.85521697998047,88.14299774169922,22.433605194091797,58.744659423828125,471.79998779296875
2026-03-05,677.70849609375,255.6959991455078,62.83409118652344,45.58699417114258,81.96149444580078,118.30732727050781,95.55818176269531,87.78706359863281,22.264631271362305,57.33200454711914,466.1300048828125
2026-03-06,668.82568359375,249.850341796875,62.195533752441406,45.37010192871094,82.00113677978516,118.3172378540039,95.49876403808594,87.46078491210938,22.22487449645996,57.02360534667969,473.510009765625
2026-03-09,674.6845703125,252.5690155029297,62.74567413330078,45.636287689208984,82.04077911376953,118.5054931640625,95.79581451416016,88.22209167480469,22.27457046508789,58.147762298583984,472.5299987792969
2026-03-10,673.6002807617188,252.31008911132812,62.912681579589844,45.75459289550781,81.99122619628906,118.28750610351562,95.48888397216797,87.28282165527344,22.25469207763672,58.37657165527344,477.8599853515625
2026-03-11,672.7548217773438,251.80221557617188,62.912681579589844,45.656005859375,81.91192626953125,118.01007080078125,95.05321502685547,86.15570068359375,22.14535903930664,58.52579879760742,476.239990234375
2026-03-12,662.5390625,246.384765625,61.881168365478516,45.232078552246094,81.77316284179688,117.63356018066406,94.74626922607422,85.98761749267578,21.936626434326172,56.655517578125,466.8800048828125
2026-03-13,658.7890014648438,245.56814575195312,61.075599670410156,44.68984603881836,81.82272338867188,117.66328430175781,94.64725494384766,85.5624771118164,21.76765251159668,56.50629425048828,460.8399963378906
2026-03-16,665.493408203125,247.8885040283203,62.097293853759766,45.45882797241211,81.92184448242188,118.00016021728516,95.07301330566406,86.22490692138672,21.956506729125977,58.078125,460.42999267578125
2026-03-17,667.2440185546875,249.45677185058594,62.411659240722656,45.64614486694336,81.93175506591797,118.07943725585938,95.24134063720703,86.46218872070312,22.02608299255371,58.44620895385742,459.2699890136719
2026-03-18,657.9335327148438,245.43634033203125,61.29172897338867,44.739139556884766,81.78307342529297,117.66328430175781,94.80567932128906,85.97772979736328,21.837230682373047,57.262367248535156,444.739990234375
2026-03-19,656.3121948242188,247.04251098632812,61.31137466430664,44.47294998168945,81.76325225830078,117.63356018066406,94.7957763671875,86.50173950195312,22.05590057373047,57.322052001953125,426.4100036621094
2026-03-20,646.9034423828125,241.64535522460938,59.130455017089844,43.230743408203125,81.58483123779297,116.99940490722656,93.94425964355469,84.86050415039062,21.787534713745117,55.352291107177734,413.3800048828125
2026-03-23,653.6959228515625,246.86293029785156,60.81035614013672,43.93071746826172,81.70378112792969,117.27684783935547,94.24130249023438,85.41417694091797,21.986324310302734,57.01365661621094,404.0400085449219
2026-03-24,651.5015869140625,248.18978881835938,60.44686508178711,43.772979736328125,81.58483123779297,116.9300537109375,93.92445373535156,85.03845977783203,21.847169876098633,56.22774124145508,404.1300048828125
2026-03-25,655.1322021484375,251.2225799560547,61.18366241455078,44.502525329589844,81.67404174804688,117.29666137695312,94.41952514648438,85.85907745361328,21.90680694580078,57.123085021972656,416.2900085449219
2026-03-26,643.432373046875,246.85296630859375,59.91637420654297,43.59552001953125,81.49563598632812,116.66251373291016,93.65711975097656,85.13733673095703,21.668258666992188,55.18317413330078,400.6400146484375
2026-03-27,632.4606323242188,242.5232696533203,59.18939971923828,43.49692916870117,81.66413116455078,116.88050842285156,93.66702270507812,84.67263793945312,21.59868049621582,54.91456985473633,414.70001220703125
2026-03-30,630.3460693359375,239.04153442382812,59.287635803222656,43.81241226196289,81.77316284179688,117.34619903564453,94.33040618896484,85.79975891113281,21.588743209838867,54.466896057128906,414.5799865722656
2026-03-31,648.6688842773438,247.41163635253906,61.53732681274414,44.916595458984375,81.84254455566406,117.5146484375,94.49874114990234,85.71077728271484,21.817354202270508,56.49634552001953,430.2900085449219
2026-04-01,653.5562744140625,248.96792602539062,62.40183639526367,45.695438385009766,81.83956146240234,117.41625213623047,94.4162826538086,85.62640380859375,21.872129440307617,56.9340705871582,437.82000732421875
2026-04-02,654.144775390625,250.69381713867188,61.999053955078125,45.57713317871094,81.87933349609375,117.5653305053711,94.63483428955078,86.15251159667969,21.792449951171875,56.29737854003906,429.4100036621094
2026-04-06,657.23681640625,251.76129150390625,62.45095443725586,45.76445007324219,81.79978942871094,117.3466796875,94.38648223876953,86.01353454589844,21.772533416748047,56.814693450927734,427.6499938964844
2026-04-07,657.5260009765625,252.3099822998047,62.37236404418945,45.665863037109375,81.85943603515625,117.5653305053711,94.62490844726562,86.00360870361328,21.84225082397461,57.01365661621094,431.80999755859375
2026-04-08,674.27294921875,259.85205078125,65.0936050415039,47.14468002319336,81.93897247314453,117.76410675048828,94.83352661132812,86.28155517578125,22.16097068786621,60.127471923828125,434.5299987792969
2026-04-09,678.162841796875,261.3385009765625,65.18201446533203,46.967220306396484,81.95886993408203,117.78398895263672,94.80372619628906,86.06316375732422,22.13109016418457,59.968299865722656,437.9100036621094
2026-04-10,677.7140502929688,260.6800537109375,65.42761993408203,46.996795654296875,81.92903900146484,117.69453430175781,94.64476776123047,85.85470581054688,22.08129119873047,60.24685287475586,437.1300048828125
2026-04-13,684.3369750976562,264.4411315917969,65.899169921875,47.18411636352539,81.98868560791016,117.84362030029297,94.8533935546875,86.11280059814453,22.121129989624023,60.754215240478516,435.3599853515625
2026-04-14,692.675537109375,268.0824890136719,66.50824737548828,47.39114761352539,82.04833221435547,118.09208679199219,95.16136169433594,86.56941986083984,22.290449142456055,61.91816711425781,445.0899963378906
2026-04-15,698.1414184570312,268.75091552734375,66.23318481445312,47.124961853027344,82.02845764160156,117.94300842285156,94.9527359008789,86.19221496582031,22.250612258911133,61.87837219238281,440.4599914550781
2026-04-16,699.8569946289062,269.3095703125,65.85987091064453,47.164398193359375,81.99862670898438,117.84362030029297,94.78385925292969,85.64625549316406,22.180891036987305,62.127079010009766,440.0799865722656
2026-04-17,708.3152465820312,275.125732421875,67.01910400390625,47.568607330322266,82.1576919555664,118.29086303710938,95.3004379272461,86.43045806884766,22.330291748046875,63.3109245300293,445.92999267578125
2026-04-20,706.8988037109375,276.6920166015625,66.75385284423828,47.32213592529297,82.11792755126953,118.19147491455078,95.21102905273438,86.41059875488281,22.360172271728516,62.85330581665039,442.0899963378906
2026-04-21,702.2708129882812,273.8587646484375,65.2999038696289,46.27710723876953,81.99862670898438,117.80386352539062,94.79378509521484,85.93412780761719,22.151010513305664,61.9281120300293,429.57000732421875
2026-04-22,709.3825073242188,275.8240661621094,65.38832092285156,46.4841423034668,82.03839111328125,117.90325164794922,94.89312744140625,86.10287475585938,22.16097068786621,63.052268981933594,435.260009765625
2026-04-23,706.6295776367188,274.8663330078125,64.79888153076172,46.13908386230469,81.99862670898438,117.76410675048828,94.7441177368164,85.9142837524414,22.08129119873047,62.02759552001953,431.0400085449219
2026-04-24,712.10546875,275.99365234375,65.33920288085938,46.3264045715332,82.08809661865234,117.962890625,94.93286895751953,86.0730972290039,22.16097068786621,63.41040802001953,433.25
2026-04-27,713.332275390625,276.4825134277344,64.98554229736328,45.95176696777344,82.06822204589844,117.84362030029297,94.71430969238281,85.64625549316406,22.101211547851562,63.3109245300293,429.8900146484375
2026-04-28,709.8612060546875,273.2601623535156,64.65151977539062,45.89261245727539,82.01850891113281,117.71441650390625,94.62490844726562,85.735595703125,22.04145050048828,62.66428756713867,421.9100036621094
2026-04-29,709.7515258789062,271.4344787597656,64.01296997070312,45.34052658081055,81.90914916992188,117.31686401367188,94.1778564453125,85.07051086425781,21.89204978942871,62.36583709716797,417.4100036621094
2026-04-30,716.8132934570312,277.310546875,65.447265625,46.4841423034668,81.99862670898438,117.50570678710938,94.35668182373047,84.99110412597656,22.180891036987305,63.65911865234375,423.6600036621094
2026-05-01,718.7982177734375,278.617431640625,65.51603698730469,46.35597610473633,82.01158905029297,117.54557800292969,94.42843627929688,85.29498291015625,22.18488311767578,63.79838943481445,423.17999267578125
2026-05-04,716.1649780273438,277.22076416015625,63.97367477416992,45.76445007324219,81.91188049316406,117.27641296386719,94.07958984375,84.64736938476562,22.085084915161133,63.7685432434082,414.7099914550781
2026-05-05,721.9102172851562,281.8896484375,65.41779327392578,45.794029235839844,81.95176696777344,117.33622741699219,94.21913146972656,85.11564636230469,22.085084915161133,65.06182861328125,418.2699890136719
2026-05-06,731.9443359375,286.11956787109375,67.51029968261719,46.77004623413086,82.06144714355469,117.69511413574219,94.68758392333984,85.76325225830078,22.294660568237305,67.1410140991211,430.9599914550781
2026-05-07,729.7001342773438,281.5903625488281,66.01705169677734,45.61656951904297,81.99165344238281,117.50570678710938,94.3985366821289,85.3348388671875,22.264720916748047,66.24566650390625,431.67999267578125
2026-05-08,735.724609375,283.495849609375,66.66543579101562,46.040496826171875,82.06144714355469,117.68515014648438,94.64772033691406,85.76325225830078,22.344558715820312,67.58869171142578,433.7699890136719
2026-05-11,737.4002685546875,284.6530456542969,66.41983795166016,45.99120330810547,81.98168182373047,117.43592071533203,94.32876586914062,85.24516296386719,22.244762420654297,67.53894805908203,434.6499938964844
2026-05-12,736.2831420898438,281.8996276855469,65.60444641113281,45.9419059753418,81.92185974121094,117.166748046875,94.00981903076172,84.67726135253906,22.09506607055664,65.47965240478516,432.92999267578125
2026-05-13,740.4025268554688,281.9993896484375,66.07600402832031,46.237674713134766,81.95176696777344,117.21659851074219,94.00981903076172,84.48796844482422,22.065128326416016,66.86246490478516,430.5
2026-05-14,746.2474975585938,283.7751770019531,66.10546875,45.97148513793945,81.92185974121094,117.09696960449219,93.95001983642578,84.6075210571289,22.005247116088867,67.03158569335938,427.2099914550781
2026-05-15,737.2706298828125,276.94140625,64.77923583984375,44.92645263671875,81.8221435546875,116.58853912353516,93.2024917602539,83.35215759277344,21.765735626220703,64.73352813720703,417.2900085449219
2026-05-18,736.751953125,275.3152770996094,65.59461975097656,45.97148513793945,81.86202239990234,116.57857513427734,93.1626205444336,83.25252532958984,21.855552673339844,64.63404846191406,418.42999267578125
2026-05-19,731.8446044921875,272.3523254394531,65.04447937011719,45.636287689208984,81.80220031738281,116.30941009521484,92.80380249023438,82.71450805664062,21.695877075195312,63.9277229309082,411.5
2026-05-20,739.3452758789062,279.2060241699219,66.63597106933594,46.39541244506836,81.91188049316406,116.7779541015625,93.43172454833984,83.60124206542969,21.905452728271484,65.12151336669922,417.3999938964844
2026-05-21,740.8114624023438,281.8197937011719,67.0682144165039,46.67145919799805,81.90190887451172,116.79789733886719,93.49153900146484,83.91009521484375,21.895471572875977,65.68856811523438,416.989990234375
2026-05-22,743.7239990234375,284.4435729980469,66.81279754638672,46.42498779296875,81.88197326660156,116.7779541015625,93.5712661743164,84.36840057373047,21.8854923248291,65.53933715820312,413.82000732421875
2026-05-26,748.6613159179688,289.82080078125,67.94255828857422,46.750328063964844,81.97171020507812,117.07703399658203,93.96995544433594,84.78685760498047,21.995269775390625,68.04631042480469,414.0
2026-05-27,748.5316162109375,289.6811218261719,67.77554321289062,46.563011169433594,81.98168182373047,117.11691284179688,94.00981903076172,84.98612213134766,21.995269775390625,68.03636169433594,408.489990234375
2026-05-28,752.6609497070312,291.3371887207031,67.5888900756836,46.33626174926758,82.02156829833984,117.24650573730469,94.2291030883789,85.42449951171875,22.065128326416016,68.2552261352539,412.7699890136719
2026-05-29,754.5361328125,289.740966796875,67.56924438476562,46.267250061035156,82.06144714355469,117.3760986328125,94.33873748779297,85.4444351196289,22.1250057220459,68.24527740478516,417.1199951171875
2026-06-01,756.5908203125,288.29443359375,67.62818145751953,46.030635833740234,81.77229309082031,116.86768341064453,93.86031341552734,85.1554946899414,21.98529052734375,69.7176284790039,411.260009765625
2026-06-02,757.6182250976562,290.9680480957031,68.119384765625,46.267250061035156,81.77229309082031,116.85771179199219,93.93008422851562,85.3348388671875,21.975309371948242,70.43390655517578,411.95001220703125
2026-06-03,752.3018798828125,286.9875183105469,67.34329223632812,45.76445007324219,81.73240661621094,116.70817565917969,93.69087219238281,84.99608612060547,21.84557342529297,69.5584487915039,407.8699951171875
2026-06-04,755.1445922851562,291.3172302246094,68.08991241455078,46.21795654296875,81.79222869873047,116.81783294677734,93.81048583984375,85.18538665771484,21.8854923248291,68.74269104003906,411.2699890136719
2026-06-05,735.65478515625,280.9817810058594,66.43948364257812,45.72501754760742,81.62272644042969,116.36922454833984,93.31212615966797,84.74700164794922,21.695877075195312,64.25601196289062,396.239990234375
2026-06-08,737.3204345703125,283.4359436035156,66.8815689086914,45.77431106567383,81.66260528564453,116.34928894042969,93.21244812011719,84.30862426757812,21.655960083007812,65.4100112915039,397.2699890136719
2026-06-09,735.1560668945312,284.3437805175781,67.29417419433594,45.626426696777344,81.7024917602539,116.52873229980469,93.47159576416016,84.8067855834961,21.735797882080078,65.47965240478516,390.7799987792969
2026-06-10,723.56591796875,281.3808288574219,66.2528305053711,45.16306686401367,81.7024917602539,116.48885345458984,93.38189697265625,84.56766510009766,21.675918579101562,64.32565307617188,374.5799865722656
2026-06-11,735.8642578125,289.72100830078125,68.6989974975586,46.237674713134766,81.85205078125,116.9873046875,94.02975463867188,85.66361999511719,21.895471572875977,67.15096282958984,386.32000732421875
2026-06-12,739.843994140625,292.2550048828125,68.6989974975586,46.49399948120117,81.83211517333984,116.84774017333984,93.87028503417969,85.45439147949219,21.895471572875977,67.52899932861328,386.5400085449219
2026-06-15,752.890380859375,294.6400146484375,69.27999877929688,46.209999084472656,81.87200164794922,116.97733306884766,93.96995544433594,85.40457916259766,21.955350875854492,69.75,396.54998779296875
2026-06-16,748.4019775390625,292.0799865722656,69.33999633789062,46.5099983215332,81.89193725585938,117.12687683105469,94.20915985107422,85.87284851074219,22.015228271484375,68.63999938964844,397.6300048828125
2026-06-17,739.0560302734375,289.8800048828125,68.97000122070312,45.91999816894531,81.64266204833984,116.53870391845703,93.71080780029297,86.01233673095703,21.82561492919922,68.55999755859375,388.6000061035156
2026-06-18,746.739990234375,295.5899963378906,69.30999755859375,45.459999084472656,81.7523422241211,116.82780456542969,94.04969024658203,86.4307861328125,21.775714874267578,70.79000091552734,387.1199951171875
2026-06-22,744.3900146484375,298.17999267578125,69.3499984741211,45.689998626708984,81.6725845336914,116.55863952636719,93.69087219238281,85.77320861816406,21.675918579101562,71.20999908447266,384.5899963378906
2026-06-23,733.5800170898438,295.32000732421875,67.98999786376953,45.56999969482422,81.73240661621094,116.70817565917969,93.81048583984375,85.88280487060547,21.626020431518555,67.16999816894531,377.32000732421875
2026-06-24,733.239990234375,296.69000244140625,67.5199966430664,45.45000076293945,81.83211517333984,117.10694122314453,94.4184799194336,87.05846405029297,21.616039276123047,67.25,365.9200134277344
2026-06-25,734.2999877929688,298.9100036621094,68.4000015258789,45.880001068115234,81.85205078125,117.20662689208984,94.47827911376953,87.02857971191406,21.63599967956543,67.95999908447266,369.4599914550781
2026-06-26,728.989990234375,299.8299865722656,67.73999786376953,45.7599983215332,81.95176696777344,117.44588470458984,94.71748352050781,87.03854370117188,21.685897827148438,67.19000244140625,373.6300048828125
2026-06-29,741.0,298.9700012207031,68.5999984741211,46.150001525878906,81.93182373046875,117.41597747802734,94.74738311767578,87.12820434570312,21.70585823059082,67.43000030517578,368.5799865722656
2026-06-30,746.77001953125,300.45001220703125,69.5,46.13999938964844,81.87200164794922,117.08699798583984,94.25900268554688,86.10199737548828,21.63599967956543,68.41000366210938,368.3800048828125
2026-07-01,745.760009765625,299.32000732421875,68.3499984741211,45.939998626708984,81.83999633789062,116.94999694824219,94.02999877929688,85.5199966430664,21.59000015258789,66.4800033569336,370.6000061035156
2026-07-02,744.780029296875,297.5799865722656,69.22000122070312,47.15999984741211,81.94000244140625,117.11000061035156,94.12000274658203,85.51000213623047,21.68000030517578,65.69999694824219,378.1300048828125
2026-07-06,751.280029296875,298.8999938964844,69.87999725341797,47.220001220703125,81.9800033569336,117.19999694824219,94.18000030517578,85.44999694824219,21.670000076293945,67.56999969482422,382.1300048828125
2026-07-07,746.469970703125,296.0150146484375,69.08000183105469,47.28499984741211,81.93499755859375,117.00499725341797,93.92990112304688,84.91999816894531,21.610000610351562,65.54000091552734,381.3450012207031
