Date,SPY,QQQ,IWM,EFA,EEM,XLK,XLF,XLE,XLV,XLU,TLT,IEF,LQD,HYG,GLD,DBC,VNQ
2015-01-02,169.68783569335938,94.5611572265625,102.54315185546875,43.09861373901367,30.198091506958008,18.06273651123047,16.217979431152344,25.36513328552246,56.80729293823242,16.40650749206543,92.65928649902344,82.31924438476562,80.1242904663086,48.57123947143555,114.08000183105469,15.41232681274414,52.09073257446289
2015-01-05,166.6233673095703,93.174072265625,101.17218017578125,42.081268310546875,29.660648345947266,17.78700828552246,15.876956939697266,24.315826416015625,56.51758575439453,16.205921173095703,94.11479187011719,82.82151794433594,80.45195770263672,48.12130355834961,115.80000305175781,15.192513465881348,52.37583541870117
2015-01-06,165.05392456054688,91.92475891113281,99.42192077636719,41.6046028137207,29.536022186279297,17.572542190551758,15.634316444396973,23.9586238861084,56.32722091674805,16.216297149658203,95.81050109863281,83.37789916992188,80.77958679199219,47.9370002746582,117.12000274658203,15.048789978027344,52.89533615112305
2015-01-07,167.11070251464844,93.10974884033203,100.64627075195312,42.067047119140625,30.174718856811523,17.721349716186523,15.79826545715332,24.009653091430664,57.6515998840332,16.375381469726562,95.62128448486328,83.36244201660156,80.88653564453125,48.235137939453125,116.43000030517578,14.955792427062988,53.7063102722168
2015-01-08,170.0760498046875,94.89186096191406,102.35343170166016,42.63618469238281,30.688796997070312,18.11087989807129,16.03435707092285,24.54865837097168,58.63657760620117,16.48950958251953,94.35496520996094,83.02243041992188,80.6257553100586,48.59831237792969,115.94000244140625,15.014970779418945,53.9090461730957
2015-01-09,168.71315002441406,94.2671890258789,101.37053680419922,42.42986297607422,30.587535858154297,18.05398178100586,15.817934036254883,24.354095458984375,58.1151237487793,16.38575553894043,95.38844299316406,83.4319839477539,80.83973693847656,48.842288970947266,117.26000213623047,14.989606857299805,53.934383392333984
2015-01-12,167.39151000976562,93.28431701660156,101.03424835205078,42.330265045166016,30.338287353515625,17.843900680541992,15.686779975891113,23.652441024780273,58.13994216918945,16.34771156311035,95.93424987792969,83.72563934326172,80.9935302734375,48.78265380859375,118.55999755859375,14.659887313842773,54.346187591552734
2015-01-13,166.92071533203125,93.25669860839844,101.11185455322266,42.54369354248047,30.603120803833008,17.830778121948242,15.634316444396973,23.464265823364258,57.88337326049805,16.392671585083008,95.93424987792969,83.80292510986328,81.06707763671875,48.78265380859375,118.16000366210938,14.6007080078125,54.26383972167969
2015-01-14,165.91299438476562,92.74232482910156,100.70661163330078,42.42275619506836,30.431760787963867,17.730106353759766,15.411346435546875,23.537630081176758,57.79230499267578,16.534465789794922,96.66201782226562,84.1893081665039,81.20750427246094,48.66878128051758,117.97000122070312,14.761338233947754,54.732643127441406
2015-01-15,164.39312744140625,91.5389404296875,99.008056640625,42.69309616088867,30.501861572265625,17.502513885498047,15.221160888671875,23.237815856933594,57.171504974365234,16.665884017944336,98.1830062866211,84.90792083740234,81.62873840332031,48.370628356933594,120.94000244140625,14.558436393737793,54.8593635559082
2015-01-16,166.54901123046875,92.61370849609375,100.6203842163086,43.248016357421875,30.758909225463867,17.673208236694336,15.404784202575684,23.99370574951172,58.24757385253906,16.814594268798828,96.93123626708984,84.28199005126953,81.17407989501953,48.55497360229492,122.5199966430664,14.837430000305176,55.33452606201172
2015-01-20,166.9042205810547,93.34859466552734,100.19789123535156,43.39741516113281,30.7121639251709,17.8220157623291,15.339202880859375,24.022415161132812,58.24757385253906,16.85610008239746,98.21942138671875,84.47517395019531,81.36125946044922,48.46824645996094,124.19999694824219,14.63452434539795,54.897396087646484
2015-01-21,167.74671936035156,93.8262710571289,99.87889099121094,43.73891067504883,31.389816284179688,17.85265350341797,15.378551483154297,24.5103759765625,58.36344528198242,17.018640518188477,97.08407592773438,84.07333374023438,81.32787322998047,48.728416442871094,124.2300033569336,14.727523803710938,54.8593635559082
2015-01-22,170.24134826660156,95.56243896484375,101.9137191772461,43.90253448486328,31.989564895629883,18.145896911621094,15.758920669555664,24.62519073486328,59.05873489379883,16.946012496948242,96.73474884033203,83.86474609375,81.2877197265625,48.793487548828125,125.2300033569336,14.710611343383789,55.83503723144531
2015-01-23,169.3079071044922,95.7737045288086,101.84473419189453,43.653533935546875,31.74810791015625,18.14152717590332,15.588410377502441,24.449783325195312,58.719390869140625,16.99443244934082,98.08114624023438,84.41334533691406,81.7624282836914,48.793487548828125,124.2300033569336,14.617615699768066,55.67665481567383
2015-01-26,169.70436096191406,95.66346740722656,102.8276596069336,44.25113296508789,31.763687133789062,18.067110061645508,15.667110443115234,24.800621032714844,59.02564239501953,16.984052658081055,97.7828369140625,84.2201919555664,81.742431640625,49.015743255615234,122.98999786376953,14.566889762878418,56.145477294921875
2015-01-27,167.46588134765625,93.18324279785156,102.33621978759766,44.315162658691406,31.592327117919922,17.546289443969727,15.496596336364746,24.78466796875,58.603477478027344,17.00826644897461,97.93557739257812,84.33612823486328,81.80257415771484,48.977806091308594,124.4000015258789,14.642979621887207,56.164493560791016
2015-01-28,165.31822204589844,92.70555114746094,100.61177062988281,43.653533935546875,31.249608993530273,17.51564598083496,15.214600563049316,23.808717727661133,57.75920486450195,16.863012313842773,99.53669738769531,84.98517608642578,82.35755157470703,48.87480163574219,123.41999816894531,14.431620597839355,55.79069900512695
2015-01-29,166.8463592529297,93.59661102294922,101.99992370605469,44.25113296508789,31.249608993530273,17.681961059570312,15.339202880859375,23.888452529907227,58.24757385253906,17.087800979614258,98.88172912597656,84.68383026123047,82.16368103027344,49.0482292175293,120.76000213623047,14.363983154296875,55.98710250854492
2015-01-30,164.74827575683594,92.87091064453125,99.75818634033203,43.55393981933594,30.3928165435791,17.4631290435791,15.089999198913574,24.095767974853516,57.33704376220703,16.710844039916992,100.63558197021484,85.4256362915039,82.83897399902344,48.91273498535156,123.44999694824219,14.710611343383789,54.83403396606445
2015-02-02,166.78855895996094,93.67927551269531,100.67210388183594,44.08040237426758,30.938053131103516,17.64257049560547,15.332642555236816,24.83250617980957,57.659873962402344,16.783472061157227,100.25564575195312,85.31881713867188,82.91608428955078,49.10049057006836,122.41999816894531,14.913519859313965,54.68832015991211
2015-02-03,169.2004852294922,94.57952117919922,102.47412872314453,44.78470993041992,31.52223014831543,17.843900680541992,15.588410377502441,25.5118465423584,58.04890823364258,16.845720291137695,98.13357543945312,84.5990219116211,82.24566650390625,49.37808609008789,121.05000305175781,15.327781677246094,55.16346740722656
2015-02-04,168.5561981201172,94.496826171875,102.09476470947266,44.41476058959961,31.36644172668457,17.87891387939453,15.549059867858887,25.090852737426758,57.32049560546875,16.641674041748047,98.30133056640625,84.73834991455078,82.3595962524414,49.171302795410156,121.58000183105469,14.989606857299805,54.935386657714844
2015-02-05,170.25778198242188,95.31440734863281,103.41398620605469,45.02659606933594,31.553369522094727,18.04523277282715,15.706453323364258,25.451244354248047,58.28895568847656,16.793842315673828,97.22200775146484,84.42871856689453,82.09812927246094,49.459774017333984,121.79000091552734,15.192513465881348,55.59428024291992
2015-02-06,169.78697204589844,94.73567199707031,103.30187225341797,44.46457290649414,31.01593017578125,17.988338470458984,15.831056594848633,25.457632064819336,57.75920486450195,16.102170944213867,95.50104522705078,83.48443603515625,81.23989868164062,49.49786376953125,118.63999938964844,15.234784126281738,53.97874450683594
2015-02-09,169.0270233154297,94.43254852294922,102.48277282714844,44.25113296508789,30.969200134277344,17.962078094482422,15.752361297607422,25.483131408691406,57.08046340942383,15.960380554199219,95.34790802001953,83.44572448730469,81.2935791015625,49.37808609008789,119.16999816894531,15.386964797973633,53.59859085083008
2015-02-10,170.82781982421875,95.9023208618164,103.13804626464844,44.65665817260742,30.89130973815918,18.229055404663086,15.876956939697266,25.470388412475586,58.04062271118164,16.288921356201172,94.58949279785156,83.23678588867188,81.07231140136719,49.546844482421875,118.47000122070312,15.192513465881348,53.769657135009766
2015-02-11,170.92681884765625,96.2513656616211,102.99147033691406,44.41476058959961,30.665430068969727,18.2990779876709,15.876956939697266,25.291772842407227,58.098567962646484,15.936165809631348,94.7645034790039,83.20578002929688,81.1259536743164,49.53050994873047,117.06999969482422,15.074152946472168,53.61126708984375
2015-02-12,172.5706329345703,97.37208557128906,104.16407775878906,45.104862213134766,31.319711685180664,18.548553466796875,16.03435707092285,25.62346649169922,58.305484771728516,15.863542556762695,94.450927734375,83.23678588867188,81.33383178710938,49.52507400512695,117.33999633789062,15.302421569824219,54.25115203857422
2015-02-13,173.28099060058594,98.2080078125,104.7848892211914,45.40365982055664,31.678003311157227,18.666728973388672,16.021236419677734,26.165668487548828,58.537269592285156,15.621455192565918,93.48108673095703,82.95806121826172,81.01200103759766,49.595848083496094,117.9800033569336,15.471506118774414,53.89004135131836
2015-02-17,173.55361938476562,98.29986572265625,105.11250305175781,45.510372161865234,31.607913970947266,18.67547607421875,16.073699951171875,26.245403289794922,58.959407806396484,15.607623100280762,92.07363891601562,82.36984252929688,80.6364974975586,49.56315994262695,116.01000213623047,15.479963302612305,53.75699234008789
2015-02-18,173.5701141357422,98.43766021728516,105.2246322631836,45.78071594238281,31.600109100341797,18.6929874420166,15.975333213806152,25.932842254638672,59.02564239501953,15.977663040161133,92.62053680419922,82.76461791992188,80.9248275756836,49.731876373291016,116.33999633789062,15.293966293334961,54.25749969482422
2015-02-19,173.44618225097656,98.92452239990234,105.23323822021484,45.83763885498047,31.46770668029785,18.758638381958008,15.909753799438477,25.811647415161133,59.12497329711914,15.797835350036621,92.00797271728516,82.55561065673828,80.9113998413086,49.61759567260742,115.94000244140625,15.243241310119629,53.091758728027344
2015-02-20,174.48696899414062,99.58589935302734,105.51776123046875,46.26449203491211,31.678003311157227,18.85492706298828,16.027790069580078,25.68726348876953,59.74576187133789,15.801290512084961,92.2778091430664,82.50914764404297,81.03209686279297,49.753665924072266,115.27999877929688,15.184057235717773,53.604949951171875
2015-02-23,174.4622039794922,99.68694305419922,105.62125396728516,46.10087966918945,31.358652114868164,18.868061065673828,15.988449096679688,25.582006454467773,60.018898010253906,15.908504486083984,93.33518981933594,82.8884506225586,81.30704498291016,49.791805267333984,115.43000030517578,15.082608222961426,54.03575897216797
2015-02-24,174.9578399658203,99.76045227050781,105.75918579101562,46.385433197021484,31.810415267944336,18.924959182739258,16.067140579223633,25.65217399597168,59.944419860839844,16.026084899902344,94.56035614013672,83.43798828125,81.83667755126953,49.84074401855469,115.26000213623047,15.091060638427734,52.97137451171875
2015-02-25,174.80914306640625,99.51243591308594,105.87989807128906,46.4210090637207,31.74810791015625,18.806781768798828,16.067140579223633,25.792518615722656,59.91960906982422,15.763252258300781,94.96868133544922,83.51538848876953,81.91038513183594,50.00407028198242,115.69999694824219,15.319331169128418,52.98405456542969
2015-02-26,174.60260009765625,100.01766967773438,106.26789093017578,46.29294967651367,31.75589370727539,18.924959182739258,16.027790069580078,25.314104080200195,60.08510208129883,15.659502983093262,93.67061614990234,83.02001190185547,81.4679183959961,49.99315643310547,116.06999969482422,15.192513465881348,52.40752029418945
2015-02-27,174.0078887939453,99.57672882080078,105.6902084350586,46.314300537109375,31.732528686523438,18.85930061340332,15.968774795532227,25.20247459411621,59.795406341552734,15.642207145690918,94.45823669433594,83.31414031982422,81.66234588623047,50.00407028198242,116.16000366210938,15.361599922180176,52.81932830810547
2015-03-02,175.10650634765625,100.47698211669922,106.45758056640625,46.385433197021484,31.685800552368164,19.008113861083984,16.08681869506836,25.027061462402344,60.33345031738281,15.341322898864746,92.69877624511719,82.69393157958984,80.95445251464844,49.99472427368164,115.68000030517578,15.141788482666016,53.123435974121094
2015-03-03,174.38787841796875,100.00846862792969,105.82816314697266,46.10087966918945,31.444337844848633,18.881183624267578,16.040912628173828,25.11954689025879,59.7871208190918,15.434703826904297,92.36268615722656,82.5156478881836,80.90740966796875,49.85261917114258,115.47000122070312,15.234784126281738,53.0220832824707
2015-03-04,173.65267944335938,99.62266540527344,105.50052642822266,45.91590118408203,31.101621627807617,18.806781768798828,15.942543029785156,25.084470748901367,60.076866149902344,15.348248481750488,92.39191436767578,82.57769012451172,80.85357666015625,49.75968551635742,115.11000061035156,15.099517822265625,52.51520919799805
2015-03-05,173.8427276611328,99.79718780517578,105.81092071533203,46.02261734008789,31.054882049560547,18.784896850585938,16.00812339782715,24.9345703125,60.29205322265625,15.469294548034668,92.27501678466797,82.62417602539062,80.96118927001953,49.85261917114258,115.0,15.04033374786377,52.667266845703125
2015-03-06,171.39768981933594,98.66730499267578,104.47447967529297,45.396549224853516,30.579750061035156,18.552932739257812,15.890081405639648,24.488059997558594,59.108428955078125,15.005867958068848,90.23646545410156,81.77914428710938,80.10064697265625,49.53557586669922,111.86000061035156,14.854337692260742,50.91865921020508
2015-03-09,172.1080780029297,98.95207977294922,104.93145751953125,45.46769332885742,30.462919235229492,18.640466690063477,15.962218284606934,24.312641143798828,59.47261047363281,15.033534049987793,91.06945037841797,82.15904998779297,80.42335510253906,49.43170166015625,111.97000122070312,14.8120698928833,51.32415008544922
2015-03-10,169.3160858154297,97.1148681640625,103.724365234375,44.47879409790039,29.785268783569336,18.259693145751953,15.621198654174805,23.97456169128418,58.8104133605957,15.005867958068848,92.26773071289062,82.50788879394531,80.55105590820312,49.24040222167969,111.41999816894531,14.617615699768066,51.2861442565918
2015-03-11,168.919677734375,96.55451202392578,104.36239624023438,44.59263229370117,30.011152267456055,18.14152717590332,15.719564437866211,24.044729232788086,58.77731704711914,14.909035682678223,92.93992614746094,82.65522766113281,80.96118927001953,49.37705612182617,110.75,14.693703651428223,51.330474853515625
2015-03-12,171.06729125976562,97.1883773803711,106.09544372558594,45.14754104614258,30.198091506958008,18.259693145751953,16.06058120727539,23.89163589477539,59.555362701416016,15.192617416381836,92.87415313720703,82.7326889038086,80.88048553466797,49.4754638671875,110.72000122070312,14.626070976257324,52.22378921508789
2015-03-13,170.01829528808594,96.76579284667969,105.716064453125,44.88431167602539,29.832008361816406,18.159034729003906,15.949095726013184,23.802331924438477,59.43950271606445,15.036995887756348,92.58924865722656,82.60867309570312,80.65193176269531,49.3060188293457,110.87999725341797,14.330166816711426,52.192108154296875
2015-03-16,172.28981018066406,98.01509857177734,106.33689880371094,45.38942337036133,30.19029998779297,18.373483657836914,16.145837783813477,24.124473571777344,60.755584716796875,15.296372413635254,93.48063659667969,82.89552307128906,80.7325668334961,49.25679397583008,110.80999755859375,14.313258171081543,52.73063659667969
2015-03-17,171.77764892578125,98.1712646484375,106.62139892578125,45.27560043334961,30.540802001953125,18.37786293029785,16.106489181518555,24.031980514526367,60.58177947998047,15.272162437438965,94.25508880615234,83.06607055664062,80.86707305908203,49.010807037353516,110.20999908447266,14.211806297302246,52.71162796020508
2015-03-18,173.8427276611328,99.13579559326172,107.47499084472656,46.24314880371094,31.288555145263672,18.62733268737793,16.19830322265625,24.73044776916504,61.368099212646484,15.683700561523438,96.07441711425781,84.01963806152344,81.86200714111328,49.448116302490234,112.37000274658203,14.6007080078125,53.81399917602539
2015-03-19,173.0497283935547,99.28279876708984,107.68192291259766,45.70245361328125,30.758909225463867,18.574813842773438,16.04746437072754,24.33814811706543,61.72404098510742,15.538457870483398,95.58493041992188,83.62422943115234,81.44518280029297,49.0545768737793,112.29000091552734,14.355530738830566,53.78865432739258
2015-03-20,174.57720947265625,99.9254379272461,108.63034057617188,46.71269607543945,31.218446731567383,18.694787979125977,16.26535415649414,24.69619369506836,62.17059326171875,15.678230285644531,96.08908081054688,83.96532440185547,81.6737289428711,49.43717575073242,113.56999969482422,14.549981117248535,55.13813018798828
2015-03-23,174.23707580566406,99.73207092285156,108.5354995727539,46.94746017456055,31.31192398071289,18.694787979125977,16.17319107055664,24.6094913482666,61.996280670166016,15.688682556152344,95.97212982177734,84.0738525390625,81.86200714111328,49.4754638671875,114.29000091552734,14.719069480895996,55.06845474243164
2015-03-24,173.25796508789062,99.37300109863281,108.5096435546875,46.847869873046875,31.43655776977539,18.63326644897461,16.041547775268555,24.44571876525879,61.456764221191406,15.51440143585205,96.90007019042969,84.32974243164062,81.9830322265625,49.55199432373047,114.56999969482422,14.6007080078125,54.59959411621094
2015-03-25,170.71908569335938,97.09883880615234,105.9177017211914,46.6273193359375,30.938053131103516,18.154247283935547,15.784828186035156,24.763612747192383,60.336204528808594,15.333155632019043,96.081787109375,83.96532440185547,81.71410369873047,49.420799255371094,114.7300033569336,14.642979621887207,53.65762710571289
2015-03-26,170.31259155273438,96.7673568725586,105.7879638671875,46.22181701660156,30.649850845336914,18.167430877685547,15.771662712097168,24.734716415405273,60.1950798034668,15.204187393188477,94.58385467529297,83.49246215820312,81.20989990234375,49.41531753540039,115.4800033569336,14.82052230834961,53.37718963623047
2015-03-27,170.7025146484375,97.15408325195312,106.46257019042969,46.342750549316406,30.735530853271484,18.180620193481445,15.751917839050293,24.532421112060547,60.626712799072266,15.29481029510498,95.76026153564453,83.81806182861328,81.5325927734375,49.45360565185547,115.05999755859375,14.524618148803711,53.447303771972656
2015-03-30,172.7850341796875,98.26814270019531,107.90682983398438,46.3712158203125,31.327499389648438,18.400344848632812,15.98230266571045,25.059038162231445,61.24095916748047,15.483036994934082,95.28533935546875,83.81031799316406,81.6737289428711,49.59025955200195,113.75,14.6007080078125,54.21210861206055
2015-03-31,171.27499389648438,97.22773742675781,107.5608901977539,45.65266036987305,31.25739860534668,18.211383819580078,15.870403289794922,24.911333084106445,60.17848587036133,15.486520767211914,95.48989868164062,84.02733612060547,81.82166290283203,49.53010559082031,113.66000366210938,14.431620597839355,53.734092712402344
2015-04-01,170.66928100585938,96.72135925292969,107.60415649414062,45.97993087768555,31.646846771240234,18.185009002685547,15.857236862182617,24.904916763305664,59.57254409790039,15.500462532043457,96.74414825439453,84.42720794677734,82.05693054199219,49.63225555419922,115.5999984741211,14.693703651428223,53.65762710571289
2015-04-02,171.28330993652344,96.7857894897461,107.80307006835938,46.37833023071289,32.121986389160156,18.180620193481445,15.936225891113281,24.956279754638672,59.75517654418945,15.528348922729492,95.7190933227539,84.18651580810547,81.92208862304688,49.670692443847656,115.27999877929688,14.617615699768066,54.065513610839844
2015-04-06,172.43661499023438,97.5776138305664,108.27872467041016,46.847869873046875,32.53479766845703,18.35639762878418,15.962553977966309,25.405834197998047,59.846466064453125,15.744454383850098,95.18462371826172,84.29524993896484,82.02996826171875,49.79697036743164,116.69000244140625,14.80361270904541,54.62638854980469
2015-04-07,171.98020935058594,97.41191101074219,107.58686828613281,46.783843994140625,32.37123107910156,18.316850662231445,15.87697696685791,25.421886444091797,59.987552642822266,15.563200950622559,95.98272705078125,84.36512756347656,82.32658386230469,50.060550689697266,116.11000061035156,14.8797025680542,53.66398620605469
2015-04-08,172.56105041503906,98.18529510498047,108.51222229003906,46.9830436706543,33.04887008666992,18.373981475830078,15.936225891113281,25.216373443603516,60.49391174316406,15.517899513244629,96.01200103759766,84.28749084472656,82.29960632324219,50.04954147338867,115.47000122070312,14.592253684997559,53.74686050415039
2015-04-09,173.3243408203125,98.80216217041016,108.12308502197266,47.04706954956055,33.37601089477539,18.422317504882812,15.962553977966309,25.620973587036133,60.95042037963867,15.451662063598633,94.7672348022461,83.94584655761719,81.88162231445312,50.00011444091797,114.66999816894531,14.592253684997559,52.63151168823242
2015-04-10,174.2702178955078,99.20729064941406,108.64198303222656,47.139564514160156,33.399383544921875,18.49263572692871,15.955974578857422,25.733354568481445,61.47335433959961,15.566691398620605,94.9063949584961,83.92253875732422,81.99628448486328,50.115447998046875,115.97000122070312,14.744430541992188,52.59326934814453
2015-04-13,173.48199462890625,98.95869445800781,108.71114349365234,46.84075164794922,33.20466232299805,18.439903259277344,16.015213012695312,25.476470947265625,61.141353607177734,15.413317680358887,95.03816986083984,84.09337615966797,81.96929168701172,50.022098541259766,115.13999938964844,14.676797866821289,52.45306396484375
2015-04-14,173.81390380859375,98.67322540283203,108.68522644042969,47.18935775756836,33.35264587402344,18.38277244567871,16.015213012695312,25.935649871826172,61.24095916748047,15.49000072479248,95.71175384521484,84.34185028076172,82.15803527832031,50.044063568115234,114.44000244140625,14.744430541992188,52.63788986206055
2015-04-15,174.59376525878906,99.2901382446289,109.4462890625,47.40278244018555,33.58632278442383,18.545373916625977,16.0744571685791,26.555383682250977,61.398658752441406,15.528348922729492,95.6312484741211,84.3884506225586,82.21199035644531,50.24175262451172,115.43000030517578,15.04033374786377,52.24272918701172
2015-04-16,174.5440216064453,99.15205383300781,109.38574981689453,47.53084182739258,33.85114288330078,18.479450225830078,16.100791931152344,26.494380950927734,61.36546325683594,15.427258491516113,95.15531158447266,84.45049285888672,82.164794921875,50.13740158081055,115.02999877929688,15.200966835021973,52.37656021118164
2015-04-17,172.5361328125,97.605224609375,107.61280059814453,46.9332389831543,33.25918197631836,18.224563598632812,15.883563995361328,26.301713943481445,60.83424377441406,15.371500015258789,96.24627685546875,84.62139892578125,82.38720703125,49.98363494873047,115.5999984741211,15.167150497436523,52.13439178466797
2015-04-20,174.11257934570312,99.06915283203125,108.66791534423828,46.9830436706543,33.228023529052734,18.536588668823242,15.949393272399902,26.401248931884766,61.2077522277832,15.601548194885254,95.3968734741211,84.46609497070312,82.19175720214844,50.09345626831055,114.72000122070312,15.099517822265625,52.21085739135742
2015-04-21,173.90518188476562,99.4926986694336,108.55545806884766,47.40278244018555,33.42274856567383,18.52779197692871,15.870403289794922,26.121896743774414,61.614498138427734,15.46212387084961,94.96495056152344,84.28749084472656,82.1715316772461,50.12642288208008,115.37999725341797,14.989606857299805,52.30009078979492
2015-04-22,174.7597198486328,100.0359115600586,108.71978759765625,47.495269775390625,33.781036376953125,18.71676254272461,15.98230266571045,26.295289993286133,61.714073181152344,15.493496894836426,93.51520538330078,83.7982406616211,81.63898468017578,50.07699203491211,113.83000183105469,15.04033374786377,52.408443450927734
2015-04-23,175.19947814941406,100.41342163085938,109.21277618408203,47.67313766479492,34.03030014038086,18.791465759277344,16.00863265991211,26.475107192993164,61.946502685546875,15.580635070800781,93.91788482666016,84.05455780029297,81.84793090820312,50.060550689697266,114.66000366210938,15.226329803466797,52.548641204833984
2015-04-24,175.60606384277344,101.77606964111328,108.84952545166016,47.95058059692383,34.15491485595703,18.95406723022461,15.98230266571045,26.324186325073242,61.747276306152344,15.737488746643066,94.50365447998047,84.34959411621094,82.00301361083984,50.142879486083984,113.05000305175781,15.217877388000488,52.6569938659668
2015-04-27,174.87591552734375,101.5182876586914,107.64739990234375,48.18535614013672,34.287330627441406,19.00680923461914,15.923051834106445,26.295289993286133,60.626712799072266,15.549263000488281,94.50365447998047,84.21760559082031,81.94234466552734,50.15936279296875,115.33000183105469,15.217877388000488,52.5869026184082
2015-04-28,175.43173217773438,101.31570434570312,108.244140625,48.24227523803711,34.34185791015625,19.068334579467773,16.015213012695312,26.426950454711914,60.92554473876953,15.660799980163574,93.2003402709961,83.82936096191406,81.4570083618164,50.08249282836914,116.33000183105469,15.243241310119629,52.48493194580078
2015-04-29,174.70997619628906,100.68043518066406,107.06797790527344,47.82253646850586,33.913448333740234,18.976041793823242,16.00863265991211,26.6324520111084,60.369415283203125,15.59458065032959,92.0581283569336,83.51870727539062,80.78291320800781,49.9891357421875,115.51000213623047,15.34469223022461,51.426937103271484
2015-04-30,172.95925903320312,99.0968017578125,104.80204010009766,47.317413330078125,33.399383544921875,18.712364196777344,15.883563995361328,26.54895782470703,59.52275466918945,15.413317680358887,92.21922302246094,83.49547576904297,80.85030364990234,49.96172332763672,113.47000122070312,15.463053703308105,50.59202194213867
2015-05-01,174.8343505859375,100.40421295166016,105.48527526855469,47.84387969970703,33.60189437866211,18.940885543823242,16.021800994873047,26.609973907470703,60.32790756225586,15.500462532043457,90.9778060913086,83.03898620605469,80.40416717529297,50.07313919067383,113.08000183105469,15.446146011352539,50.974422454833984
2015-05-04,175.33221435546875,100.56995391845703,105.86578369140625,47.79407501220703,33.7966194152832,18.958463668823242,16.17977523803711,26.542545318603516,60.70970916748047,15.615485191345215,90.119384765625,82.86785125732422,80.14730834960938,50.06206512451172,114.0999984741211,15.437689781188965,51.025413513183594
2015-05-05,173.3243408203125,98.93109130859375,104.51666259765625,47.082645416259766,33.430545806884766,18.664026260375977,16.034963607788086,26.215009689331055,59.946075439453125,15.266924858093262,89.9946517944336,82.72789001464844,80.01213836669922,49.99589157104492,114.41999816894531,15.564507484436035,49.916446685791016
2015-05-06,172.6107940673828,98.24974060058594,104.87987518310547,47.203582763671875,33.01771545410156,18.505823135375977,15.955974578857422,26.112255096435547,59.7136344909668,15.183277130126953,88.45390319824219,82.32351684570312,79.66738891601562,49.84698486328125,114.36000061035156,15.564507484436035,49.82081985473633
2015-05-07,173.2994384765625,98.83899688720703,105.2777099609375,47.04706954956055,32.97098159790039,18.642059326171875,16.0678768157959,25.829689025878906,59.99589920043945,15.239047050476074,89.64251708984375,82.6734619140625,79.98507690429688,49.841453552246094,113.41999816894531,15.319331169128418,50.58563995361328
2015-05-08,175.58111572265625,100.07273864746094,106.06471252441406,48.13555908203125,33.39158630371094,18.91012191772461,16.298267364501953,26.253549575805664,60.967041015625,15.347101211547852,89.8846206665039,82.9922866821289,80.44475555419922,50.233062744140625,113.97000122070312,15.403873443603516,51.29308319091797
2015-05-11,174.74313354492188,99.68604278564453,106.12527465820312,47.715816497802734,33.07224655151367,18.813434600830078,16.239017486572266,25.759044647216797,61.000244140625,15.24252986907959,87.69821166992188,82.17572784423828,79.63359069824219,49.91865921020508,113.52999877929688,15.336238861083984,50.52190399169922
2015-05-12,174.22042846679688,99.23491668701172,105.93500518798828,47.68735122680664,32.963199615478516,18.712364196777344,16.17977523803711,25.877843856811523,60.6101188659668,15.225101470947266,87.92564392089844,82.23804473876953,79.51866149902344,49.913150787353516,114.5,15.496870040893555,50.67487335205078
2015-05-13,174.25363159179688,99.43745422363281,105.93500518798828,48.04307174682617,33.025508880615234,18.791465759277344,16.18636131286621,25.8104190826416,60.676517486572266,15.07522201538086,87.2213363647461,82.12909698486328,79.44435119628906,49.841453552246094,116.55000305175781,15.513779640197754,50.19050598144531
2015-05-14,176.0706024169922,100.89217376708984,107.05931854248047,48.61933898925781,33.35264587402344,19.094703674316406,16.331174850463867,25.800783157348633,61.514869689941406,15.249503135681152,87.45609283447266,82.40907287597656,79.71471405029297,50.0841178894043,117.18000030517578,15.606778144836426,51.15925598144531
2015-05-15,176.26148986816406,100.89217376708984,106.9382095336914,48.6762580871582,33.60969161987305,19.033170700073242,16.25876808166504,25.903547286987305,61.63937759399414,15.448184967041016,89.20958709716797,83.0000991821289,80.26897430419922,50.194480895996094,117.52999877929688,15.598322868347168,51.6818733215332
2015-05-18,176.80906677246094,101.3341293334961,108.14900207519531,48.51262664794922,33.2669677734375,19.125469207763672,16.350929260253906,25.926023483276367,62.00458526611328,15.507433891296387,87.71289825439453,82.44017028808594,79.65387725830078,50.111717224121094,117.5199966430664,15.556052207946777,51.54801559448242
2015-05-19,176.75103759765625,101.22364807128906,108.00196075439453,48.327659606933594,33.32149887084961,19.07712173461914,16.44307518005371,25.55673599243164,62.29512405395508,15.542293548583984,86.9352035522461,82.07465362548828,79.2280502319336,50.03449249267578,115.88999938964844,15.226329803466797,51.36957550048828
2015-05-20,176.62655639648438,101.28809356689453,108.20088958740234,48.420135498046875,33.298133850097656,19.090309143066406,16.39699935913086,25.604917526245117,62.37813186645508,15.566691398620605,87.08190155029297,82.2535171508789,79.32263946533203,49.97384262084961,116.08000183105469,15.192513465881348,51.32495880126953
2015-05-21,177.14100646972656,101.81291198730469,108.07978820800781,48.6762580871582,33.18128967285156,19.173799514770508,16.357507705688477,25.84573745727539,62.38640213012695,15.559715270996094,88.29979705810547,82.74342346191406,79.701171875,50.0455436706543,115.69000244140625,15.378510475158691,51.082759857177734
2015-05-22,176.7178497314453,101.71163940429688,107.61280059814453,48.363224029541016,33.290340423583984,19.16062355041504,16.364086151123047,25.75261688232422,62.23698806762695,15.535317420959473,88.3365478515625,82.55685424804688,79.64714050292969,50.0841178894043,115.5999984741211,15.209423065185547,51.01902770996094
2015-05-26,174.81785583496094,100.54232025146484,106.58363342285156,47.495269775390625,32.760684967041016,18.883758544921875,16.17977523803711,25.344818115234375,61.606170654296875,15.437719345092773,89.84794616699219,83.07005310058594,79.99857330322266,49.9793586730957,113.91000366210938,14.913519859313965,50.6302490234375
2015-05-27,176.4772186279297,102.16278076171875,107.88956451416016,47.957698822021484,32.768463134765625,19.23972511291504,16.357507705688477,25.29986000061035,62.32000732421875,15.500462532043457,90.05337524414062,83.0234146118164,80.07977294921875,50.08963394165039,113.88999938964844,14.710611343383789,51.12738037109375
2015-05-28,176.27813720703125,101.9325942993164,107.7944107055664,47.87232971191406,32.34006881713867,19.20017433166504,16.337757110595703,25.2003231048584,62.361515045166016,15.535317420959473,89.83328247070312,83.1012191772461,79.91070556640625,50.06759262084961,114.0199966430664,14.786703109741211,51.025413513183594
2015-05-29,175.18284606933594,101.32492065429688,107.14578247070312,47.4099006652832,32.028507232666016,19.059545516967773,16.19294548034668,25.17142677307129,62.20382308959961,15.510924339294434,90.03132629394531,83.14781951904297,79.94454956054688,50.13928985595703,114.0999984741211,14.972700119018555,50.43907165527344
2015-06-01,175.53968811035156,101.66560363769531,107.48307800292969,47.28184127807617,31.903884887695312,19.112279891967773,16.20610809326172,25.107206344604492,62.45280838012695,15.531834602355957,89.06370544433594,82.78099822998047,79.49647521972656,50.2234992980957,114.0,14.938882827758789,51.057289123535156
2015-06-02,175.3654022216797,101.34333038330078,107.69064331054688,47.50239181518555,32.028507232666016,19.07272720336914,16.232431411743164,25.280593872070312,62.04610061645508,15.32618522644043,87.82110595703125,82.20464324951172,79.08976745605469,50.12932205200195,114.45999908447266,15.116423606872559,50.58563995361328
2015-06-03,175.8300323486328,101.64716339111328,108.7630615234375,47.7656135559082,31.864948272705078,19.112279891967773,16.370668411254883,25.107206344604492,62.16229248046875,15.099618911743164,86.40941619873047,81.50360107421875,78.5814208984375,49.85786819458008,113.63999938964844,14.92197322845459,49.859092712402344
2015-06-04,174.34487915039062,100.87378692626953,107.67332458496094,47.253387451171875,31.382020950317383,18.936494827270508,16.22585678100586,24.766836166381836,61.73069763183594,15.078703880310059,87.53435516357422,81.90081787109375,78.98809051513672,49.69721603393555,112.83999633789062,14.786703109741211,49.76347732543945
2015-06-05,174.04617309570312,100.63438415527344,108.45170593261719,46.691349029541016,31.241823196411133,18.87497329711914,16.31801414489746,24.940221786499023,61.705772399902344,14.890482902526855,86.46822357177734,81.30884552001953,78.58818817138672,49.54764175415039,112.23999786376953,14.854337692260742,49.208984375
2015-06-08,172.9758758544922,99.61238098144531,107.95008850097656,46.6273193359375,31.234024047851562,18.664026260375977,16.21927261352539,24.79894256591797,61.398658752441406,14.803343772888184,86.37261962890625,81.42570495605469,78.53394317626953,49.54764175415039,112.56999969482422,14.862794876098633,49.11976623535156
2015-06-09,172.95098876953125,99.44667053222656,107.6214599609375,46.3712158203125,31.047100067138672,18.62007713317871,16.25876808166504,24.79572868347168,61.382057189941406,14.768492698669434,85.6888656616211,81.16088104248047,78.18148040771484,49.46452331542969,112.81999969482422,15.099517822265625,48.76285934448242
2015-06-10,175.0252685546875,100.80933380126953,108.96195220947266,47.34587097167969,31.49886703491211,18.91012191772461,16.489158630371094,25.10078239440918,62.13740158081055,14.841681480407715,84.93885803222656,80.84931945800781,77.9713363647461,49.531044006347656,113.77999877929688,15.158698081970215,49.107025146484375
2015-06-11,175.5894317626953,100.95664978027344,109.23870086669922,47.47393035888672,31.34308433532715,18.918916702270508,16.554981231689453,24.988393783569336,62.56071090698242,14.960197448730469,86.7256088256836,81.48802185058594,78.6627197265625,49.63075637817383,113.26000213623047,15.023426055908203,49.40658187866211
2015-06-12,174.2452850341797,100.12799072265625,108.91008758544922,47.09687042236328,31.34308433532715,18.751911163330078,16.482572555541992,24.70903205871582,61.78876876831055,14.827739715576172,86.7256088256836,81.4413070678711,78.52714538574219,49.44794464111328,113.2300033569336,14.871246337890625,49.36195373535156
2015-06-15,173.49856567382812,99.63079833984375,108.56414031982422,46.812294006347656,30.992563247680664,18.63766098022461,16.4101619720459,24.65122413635254,61.86347579956055,14.803343772888184,86.86526489257812,81.6360092163086,78.51364135742188,49.21525192260742,113.7300033569336,14.80361270904541,49.09427261352539
2015-06-16,174.4444580078125,100.17401885986328,109.33384704589844,46.798072814941406,31.00035858154297,18.760704040527344,16.5023250579834,24.843891143798828,62.17059326171875,14.873053550720215,87.5490493774414,81.94757080078125,78.71019744873047,49.492225646972656,113.31999969482422,14.845884323120117,49.48942565917969
2015-06-17,174.72653198242188,100.45024108886719,109.1695327758789,46.691349029541016,31.18729591369629,18.769495010375977,16.482572555541992,24.782878875732422,62.22871780395508,14.99853515625,86.87266540527344,81.99429321289062,78.70339965820312,49.44794464111328,113.8499984741211,14.88815689086914,49.910057067871094
2015-06-18,176.5436248779297,101.9141845703125,110.63108825683594,47.11111068725586,31.475494384765625,18.936494827270508,16.633968353271484,24.766836166381836,63.10856246948242,15.197216033935547,86.44619750976562,81.93196105957031,78.56102752685547,49.63075637817383,115.31999969482422,14.88815689086914,50.598388671875
2015-06-19,175.75985717773438,101.41034698486328,110.57921600341797,46.99726867675781,31.20287322998047,18.77889633178711,16.35630226135254,24.537010192871094,63.059410095214844,15.050540924072266,87.55646514892578,82.36820220947266,78.9813003540039,49.65843200683594,115.12000274658203,14.752886772155762,50.20961380004883
2015-06-22,176.66033935546875,102.15782928466797,111.34030151367188,47.88656234741211,31.654630661010742,18.933399200439453,16.607528686523438,24.83761978149414,63.55082702636719,15.029443740844727,85.76974487304688,81.6749038696289,78.35772705078125,49.758148193359375,113.63999938964844,14.80361270904541,49.6933708190918
2015-06-23,176.78530883789062,102.24087524414062,111.57377624511719,48.014617919921875,31.966196060180664,18.94664764404297,16.64057731628418,24.918432235717773,63.675758361816406,14.82543659210205,85.25501251220703,81.42570495605469,78.18148040771484,49.724918365478516,112.88999938964844,14.981151580810547,49.27910232543945
2015-06-24,175.50143432617188,101.71485137939453,110.63108825683594,47.601985931396484,31.740314483642578,18.85835838317871,16.501741409301758,24.763273239135742,63.03443908691406,14.709365844726562,85.9902572631836,81.66719818115234,78.39840698242188,49.5919303894043,112.58999633789062,14.8797025680542,49.01141357421875
2015-06-25,174.96780395507812,101.51184844970703,110.57057189941406,47.58100509643555,31.631248474121094,18.814208984375,16.402578353881836,24.511144638061523,63.38426208496094,14.610883712768555,85.6888656616211,81.46463012695312,78.26963806152344,49.4423828125,112.44000244140625,14.89660930633545,48.51428985595703
2015-06-26,174.93446350097656,100.83817291259766,110.26789093017578,47.559303283691406,31.333065032958984,18.655296325683594,16.45546531677246,24.591957092285156,63.2926139831543,14.69881534576416,84.72563934326172,81.07518768310547,77.91035461425781,49.29833221435547,112.55999755859375,14.964245796203613,48.86321258544922
2015-06-29,171.2660369873047,98.45723724365234,107.48307800292969,46.09795379638672,30.634679794311523,18.25800132751465,16.058786392211914,24.12649917602539,61.74342727661133,14.621435165405273,86.96821594238281,82.0177001953125,78.58818817138672,48.960418701171875,113.06999969482422,14.89660930633545,48.10356140136719
2015-06-30,171.6245880126953,98.80792999267578,107.98468017578125,45.931556701660156,31.089794158935547,18.275659561157227,16.1182918548584,24.294574737548828,61.95997619628906,14.582746505737305,86.36532592773438,81.79181671142578,78.43905639648438,49.19308853149414,112.37000274658203,15.217877388000488,48.084232330322266
2015-07-01,173.00022888183594,99.59232330322266,108.30469512939453,46.22816467285156,31.06624984741211,18.39925765991211,16.36290740966797,23.98427391052246,62.62629699707031,14.670671463012695,85.19951629638672,81.36428833007812,78.18756103515625,49.20143508911133,111.9800033569336,15.031880378723145,48.876094818115234
2015-07-02,172.841796875,99.62003326416016,107.5047836303711,46.28603744506836,31.21535873413086,18.425752639770508,16.290184020996094,24.0909366607666,62.33477783203125,14.853574752807617,85.47953796386719,81.65293884277344,78.48664093017578,49.38505554199219,111.76000213623047,15.00651741027832,48.9984016418457
2015-07-06,172.34986877441406,99.38931274414062,107.47002410888672,45.3527946472168,30.344335556030273,18.3507080078125,16.224069595336914,23.774158477783203,62.3098030090332,14.913372039794922,87.06388854980469,82.23021697998047,78.79930114746094,49.22368240356445,112.05999755859375,14.516162872314453,49.30743408203125
2015-07-07,173.4337921142578,99.63848114013672,107.59160614013672,45.367252349853516,29.88921356201172,18.377193450927734,16.257125854492188,23.9907283782959,62.609676361083984,15.282687187194824,87.88177490234375,82.44866180419922,79.1256332397461,49.26263427734375,110.76000213623047,14.431620597839355,50.0799674987793
2015-07-08,170.5240020751953,97.90353393554688,105.95012664794922,44.311038970947266,28.86125946044922,18.07701301574707,15.972844123840332,23.505874633789062,61.53520584106445,15.201790809631348,88.64080047607422,82.77627563476562,79.23435974121094,49.0178108215332,111.08999633789062,14.363983154296875,49.886837005615234
2015-07-09,170.83255004882812,97.84819030761719,106.332275390625,45.04170608520508,29.418405532836914,18.006372451782227,16.098459243774414,23.625484466552734,61.86837387084961,15.032960891723633,86.89434051513672,82.19898986816406,78.71095275878906,49.129085540771484,111.36000061035156,14.533072471618652,49.64863586425781
2015-07-10,172.9835205078125,99.34317779541016,107.80874633789062,46.51753234863281,30.163860321044922,18.29331398010254,16.290184020996094,23.7547664642334,62.70126724243164,15.113859176635742,85.51641082763672,81.62950897216797,78.20793151855469,49.41289520263672,111.48999786376953,14.6007080078125,50.06064987182617
2015-07-13,174.8927764892578,101.08731842041016,109.02470397949219,46.6911735534668,30.367877960205078,18.571420669555664,16.4885196685791,23.922847747802734,63.23432922363281,15.120893478393555,85.2510986328125,81.41107177734375,78.03800964355469,49.4573860168457,110.98999786376953,14.609162330627441,50.13146209716797
2015-07-14,175.6514892578125,101.75178527832031,109.63265228271484,47.081825256347656,30.422807693481445,18.64205551147461,16.528186798095703,24.094173431396484,63.867332458496094,15.099791526794434,85.53108215332031,81.66852569580078,78.10594940185547,49.4073371887207,110.73999786376953,14.558436393737793,50.2344856262207
2015-07-15,175.5931396484375,101.86250305175781,109.05069732666016,46.908199310302734,30.077533721923828,18.64647102355957,16.667022705078125,23.670724868774414,63.950653076171875,15.173646926879883,86.43751525878906,81.98057556152344,78.30987548828125,49.4073371887207,110.16000366210938,14.389348983764648,50.31816101074219
2015-07-16,177.00218200683594,103.30211639404297,109.70213317871094,47.313323974609375,30.454198837280273,18.884841918945312,16.832305908203125,23.703052520751953,64.2504653930664,15.398752212524414,87.03438568115234,81.94940185546875,78.43225860595703,49.48526382446289,109.76000213623047,14.321712493896484,50.7237663269043
2015-07-17,177.15220642089844,104.82479095458984,109.22445678710938,47.2337532043457,30.414960861206055,19.176197052001953,16.78603172302246,23.415372848510742,64.10888671875,15.247514724731445,87.48387145996094,81.9571304321289,78.48664093017578,49.351680755615234,108.6500015258789,14.245624542236328,50.54350280761719
2015-07-20,177.243896484375,105.18470764160156,108.63384246826172,47.35673522949219,30.21878433227539,19.277725219726562,16.805862426757812,23.10506248474121,64.31710052490234,15.170132637023926,87.11544036865234,81.79337310791016,78.30310821533203,49.12352752685547,105.69999694824219,14.017354965209961,50.6014404296875
2015-07-21,176.5435791015625,105.12012481689453,108.1214370727539,47.21929168701172,30.22662925720215,19.14970588684082,16.78603172302246,23.11475372314453,64.03390502929688,15.032960891723633,87.58706665039062,82.01956939697266,78.46624755859375,49.03450393676758,105.37000274658203,14.07653522491455,50.45979690551758
2015-07-22,176.22674560546875,103.92965698242188,108.5209732055664,46.85755920410156,29.795047760009766,18.840707778930664,16.911643981933594,22.92728614807129,64.1755142211914,15.099791526794434,88.13236999511719,82.12097930908203,78.56820678710938,48.717350006103516,104.80000305175781,13.87363052368164,50.6786994934082
2015-07-23,175.23460388183594,103.54206085205078,107.3223876953125,46.73457717895508,29.504701614379883,18.80097007751465,16.766199111938477,22.90789031982422,63.94230270385742,14.874678611755371,89.23030853271484,82.45645904541016,78.79930114746094,48.689483642578125,104.33000183105469,13.755270004272461,50.047794342041016
2015-07-24,173.41702270507812,102.52693939208984,105.59404754638672,46.22092819213867,29.080970764160156,18.699440002441406,16.607528686523438,22.468280792236328,62.34310531616211,14.888753890991211,89.45140075683594,82.53443908691406,78.76533508300781,48.550384521484375,105.3499984741211,13.645362854003906,50.26023864746094
2015-07-27,172.4082794189453,101.67793273925781,104.71685791015625,45.88091278076172,28.531681060791016,18.53169059753418,16.4885196685791,22.14504623413086,62.28481674194336,15.078680992126465,89.9303970336914,82.8074951171875,78.77216339111328,48.344512939453125,104.86000061035156,13.38327693939209,50.35035705566406
2015-07-28,174.5259552001953,102.55464935302734,105.6114273071289,46.45965576171875,28.822019577026367,18.699440002441406,16.55463218688965,22.77858543395996,63.40924835205078,15.149027824401855,89.2745590209961,82.5734634399414,78.71095275878906,48.606040954589844,105.0199966430664,13.493185043334961,50.382568359375
2015-07-29,175.72654724121094,102.9422378540039,105.90670013427734,46.62605285644531,29.104503631591797,18.823043823242188,16.71991539001465,23.088895797729492,63.51752471923828,15.205301284790039,88.94291687011719,82.45645904541016,78.64298248291016,48.88980484008789,105.16999816894531,13.535456657409668,50.71088790893555
2015-07-30,175.76820373535156,103.43132019042969,106.210693359375,46.58988571166992,28.814172744750977,18.85835838317871,16.71991539001465,22.92728614807129,63.4258918762207,15.317862510681152,89.6282730102539,82.55004119873047,78.68376922607422,49.03450393676758,104.2699966430664,13.484729766845703,50.45979690551758
2015-07-31,175.50143432617188,103.31134796142578,106.7926025390625,46.86478805541992,29.128049850463867,18.79654884338379,16.667022705078125,22.42625617980957,63.79237747192383,15.472620964050293,90.29150390625,83.03369903564453,79.09162139892578,48.951045989990234,104.93000030517578,13.298731803894043,50.858951568603516
2015-08-03,174.9095458984375,102.9883804321289,106.26280212402344,46.74180221557617,28.641544342041016,18.695018768310547,16.64719581604004,21.954334259033203,63.742401123046875,15.553512573242188,91.24192810058594,83.2868423461914,79.27568054199219,48.85935592651367,104.0999984741211,13.078919410705566,51.174407958984375
2015-08-04,174.56764221191406,102.79458618164062,106.01092529296875,46.777984619140625,28.743547439575195,18.58466339111328,16.620746612548828,21.879995346069336,63.709083557128906,15.303792953491211,90.5181655883789,82.85714721679688,78.87345886230469,48.887325286865234,104.30999755859375,13.155009269714355,50.80099868774414
2015-08-05,175.1428985595703,103.58821868896484,106.25411224365234,47.023956298828125,28.75139808654785,18.76565933227539,16.68686294555664,21.715137481689453,64.24215698242188,15.342480659484863,89.83877563476562,82.53680419921875,78.56674194335938,48.82022476196289,103.93000030517578,13.10428237915039,50.46623992919922
2015-08-06,173.70887756347656,101.92711639404297,104.82105255126953,46.8286247253418,28.50028419494629,18.58025550842285,16.62735939025879,22.060998916625977,62.84284973144531,15.423373222351074,90.63631439208984,82.82585906982422,78.71673583984375,48.61901092529297,104.38999938964844,13.09582805633545,50.53704833984375
2015-08-07,173.3754119873047,101.79789733886719,104.11758422851562,46.74180221557617,28.484596252441406,18.59349250793457,16.66042137145996,21.666648864746094,62.73460388183594,15.613314628601074,91.82530212402344,83.154052734375,78.98939514160156,48.46809768676758,104.6500015258789,13.045103073120117,50.7237663269043
2015-08-10,175.55978393554688,102.96067810058594,105.3161392211914,47.313323974609375,28.9632625579834,18.884841918945312,16.81908416748047,22.35838508605957,63.24263000488281,15.54999828338623,90.6880111694336,82.81026458740234,78.67576599121094,48.60783004760742,105.72000122070312,13.324097633361816,50.56281661987305
2015-08-11,173.9756622314453,101.64102172851562,104.41287994384766,46.58988571166992,28.327655792236328,18.602313995361328,16.667022705078125,22.400405883789062,62.70960235595703,15.627386093139648,92.12812805175781,83.35717010498047,79.00300598144531,48.38424301147461,106.26000213623047,13.146554946899414,50.89757537841797
2015-08-12,174.1841278076172,101.99169921875,104.21309661865234,46.25709533691406,27.888229370117188,18.686201095581055,16.514963150024414,22.807682037353516,62.751220703125,15.905250549316406,91.62594604492188,83.3259506225586,78.88034057617188,48.31714630126953,107.75,13.10428237915039,51.05852508544922
2015-08-13,173.96734619140625,101.82559204101562,103.86569213867188,46.22816467285156,27.841142654418945,18.633228302001953,16.574474334716797,22.46181869506836,62.609676361083984,15.908769607543945,91.33049774169922,83.10710906982422,78.60758972167969,48.255706787109375,106.86000061035156,13.045103073120117,51.116458892822266
2015-08-14,174.6009521484375,101.98248291015625,104.53446960449219,46.30051040649414,27.880380630493164,18.72593116760254,16.693471908569336,22.413333892822266,62.78456497192383,16.028352737426758,91.54473876953125,83.02120971679688,78.68262481689453,48.283634185791016,106.8499984741211,12.960556983947754,51.393272399902344
2015-08-17,175.57643127441406,102.83148193359375,105.63745880126953,46.213687896728516,27.5743465423584,18.831872940063477,16.726531982421875,22.46181869506836,63.4175910949707,16.105735778808594,91.9582290649414,83.16966247558594,78.934814453125,48.283634185791016,107.12999725341797,12.909832954406738,51.83107376098633
2015-08-18,175.06785583496094,102.30547332763672,104.79499053955078,45.8664436340332,27.27615737915039,18.734750747680664,16.713308334350586,22.377771377563477,63.32594680786133,16.067045211791992,91.23452758789062,83.03684997558594,78.6349105834961,48.22214889526367,107.11000061035156,12.842195510864258,51.97269821166992
2015-08-19,173.6838836669922,101.63179016113281,103.70938110351562,45.461307525634766,26.93874168395996,18.611148834228516,16.561250686645508,21.760393142700195,63.06774139404297,16.13387680053711,92.13550567626953,83.5447006225586,79.01667785644531,48.17743682861328,108.55000305175781,12.69847297668457,51.66368103027344
2015-08-20,170.05714416503906,98.81714630126953,101.08643341064453,44.36167907714844,26.514997482299805,18.156471252441406,16.210847854614258,21.269071578979492,61.601829528808594,16.038904190063477,93.06600952148438,83.77125549316406,79.0643539428711,47.942649841308594,110.44000244140625,12.732290267944336,51.283851623535156
2015-08-21,164.93798828125,94.49830627441406,99.90528106689453,43.34884262084961,25.698915481567383,17.463397979736328,15.629058837890625,20.525619506835938,59.71945571899414,15.845453262329102,93.34664916992188,84.1072006225586,79.08482360839844,47.76936721801758,111.12999725341797,12.520931243896484,50.33104705810547
2015-08-24,157.99298095703125,90.86231994628906,96.0056381225586,41.851322174072266,24.576793670654297,16.77475929260254,14.961316108703613,19.423383712768555,57.1790885925293,15.251035690307617,93.31713104248047,84.24789428710938,78.8666763305664,47.37811279296875,110.52999877929688,12.208118438720703,47.97480010986328
2015-08-25,156.13377380371094,90.52088165283203,95.26739501953125,42.24922180175781,24.890674591064453,16.6423282623291,14.76297378540039,19.142169952392578,56.60439682006836,14.783226013183594,91.81794738769531,83.78685760498047,78.4644546508789,47.47312545776367,109.16000366210938,12.258846282958984,46.65503692626953
2015-08-26,162.1283721923828,95.07966613769531,97.69056701660156,43.247562408447266,25.714611053466797,17.48105812072754,15.31833267211914,19.80156707763672,58.99482727050781,15.047029495239258,90.0455322265625,83.27118682861328,78.416748046875,47.87001037597656,107.66999816894531,12.182756423950195,47.9168586730957
2015-08-27,166.13856506347656,97.48825073242188,99.43627166748047,43.77568435668945,26.852426528930664,17.88718605041504,15.695164680480957,20.780981063842773,60.14423370361328,15.22289752960205,90.09724426269531,83.2243423461914,78.49176788330078,48.22770309448242,107.7300033569336,12.622384071350098,48.84390640258789
2015-08-28,166.14688110351562,97.46981048583984,100.4177017211914,43.7105712890625,26.50715446472168,17.922504425048828,15.622445106506348,21.252910614013672,59.80276870727539,15.177165985107422,90.36309814453125,83.2399673461914,78.6349105834961,48.2724494934082,108.69999694824219,12.952103614807129,48.77309036254883
2015-08-31,164.80458068847656,96.26089477539062,100.05291748046875,43.3850212097168,26.554241180419922,17.75916862487793,15.490222930908203,21.472715377807617,58.71163558959961,14.934473037719727,89.66891479492188,83.09934997558594,78.43717193603516,48.20537185668945,108.81999969482422,13.264915466308594,47.65933609008789
2015-09-01,159.88555908203125,93.25244903564453,97.18683624267578,41.9308967590332,25.526283264160156,17.189712524414062,14.987756729125977,20.716331481933594,57.170780181884766,14.529983520507812,90.31503295898438,83.47261047363281,78.9123764038086,48.04987335205078,109.19999694824219,12.825288772583008,46.751609802246094
2015-09-02,162.92034912109375,95.88256072998047,98.93254089355469,42.55306625366211,25.89508819580078,17.604663848876953,15.192713737487793,20.90704345703125,58.345157623291016,14.540534019470215,89.53789520263672,83.24568176269531,78.79613494873047,48.24635696411133,108.62000274658203,12.93519401550293,47.23445129394531
2015-09-03,163.037109375,95.4118881225586,98.7762222290039,42.65434646606445,25.997098922729492,17.617910385131836,15.278660774230957,20.965225219726562,57.928714752197266,14.60736083984375,89.97455596923828,83.44910430908203,79.17218780517578,48.3137321472168,107.83999633789062,13.019739151000977,47.36320495605469
2015-09-04,160.5692138671875,94.27684783935547,98.0292739868164,41.67768478393555,25.22024917602539,17.348630905151367,14.974541664123535,20.61935806274414,57.20404815673828,14.406874656677246,90.79607391357422,83.70738983154297,79.3499526977539,48.2631950378418,107.48999786376953,12.859106063842773,46.48122024536133
2015-09-08,164.6044921875,96.9345703125,100.27005004882812,42.90031433105469,26.020639419555664,17.834213256835938,15.357993125915527,20.942594528198242,58.803245544433594,14.712883949279785,89.45646667480469,83.33959197998047,78.9807357788086,48.527069091796875,107.5199966430664,12.952103614807129,47.182945251464844
2015-09-09,162.4034423828125,95.84562683105469,99.11492919921875,42.72669219970703,25.887237548828125,17.600248336791992,15.14643383026123,20.548254013061523,57.89540481567383,14.529983520507812,89.8857192993164,83.3708724975586,79.15165710449219,48.465309143066406,106.12999725341797,12.7830171585083,46.64216232299805
2015-09-10,163.28717041015625,96.888427734375,99.56654357910156,43.00883483886719,26.154043197631836,17.77682876586914,15.219156265258789,20.667844772338867,58.45343780517578,14.505367279052734,89.27886962890625,83.18305969238281,78.99436950683594,48.5832405090332,106.37999725341797,12.892922401428223,46.74518585205078
2015-09-11,164.0292510986328,97.42365264892578,100.03556060791016,43.001590728759766,26.25605010986328,17.860698699951172,15.285270690917969,20.483596801757812,58.8282585144043,14.614399909973145,89.84131622314453,83.40214538574219,79.04911804199219,48.56639862060547,106.16000366210938,12.876015663146973,47.6400260925293
2015-09-14,163.42054748535156,97.12834167480469,99.57524871826172,42.67605209350586,26.216814041137695,17.816553115844727,15.252209663391113,20.305818557739258,58.64500427246094,14.649572372436523,89.98193359375,83.48042297363281,79.04227447509766,48.48218536376953,106.22000122070312,12.715381622314453,47.665775299072266
2015-09-15,165.46327209472656,98.27267456054688,100.69560241699219,42.965415954589844,26.46792221069336,18.046106338500977,15.470389366149902,20.532085418701172,59.48624801635742,14.726949691772461,88.25749969482422,82.8231201171875,78.44743347167969,48.4709587097168,105.9000015258789,12.757655143737793,48.135738372802734
2015-09-16,166.89724731445312,98.82635498046875,101.56413269042969,43.62376022338867,27.111371994018555,18.121152877807617,15.569552421569824,21.113920211791992,59.65283966064453,14.874678611755371,87.92446899414062,82.79962158203125,78.59098052978516,48.29689407348633,107.30999755859375,12.969013214111328,48.650760650634766
2015-09-17,166.52207946777344,98.86329650878906,101.91152954101562,43.64546585083008,27.04860496520996,17.997549057006836,15.351381301879883,21.100984573364258,60.194190979003906,15.078680992126465,88.99762725830078,83.4882583618164,79.2405014038086,48.336181640625,108.41000366210938,12.884469985961914,49.204429626464844
2015-09-18,163.80079650878906,97.45716094970703,100.5045394897461,42.55306625366211,26.5463924407959,17.763864517211914,15.054412841796875,20.546777725219727,59.275535583496094,14.99382495880127,90.3667984008789,83.87954711914062,79.47985076904297,48.20140838623047,109.20999908447266,12.690018653869629,49.12074661254883
2015-09-21,164.6473388671875,97.76244354248047,100.32212829589844,42.53136444091797,26.499311447143555,17.941238403320312,15.227143287658691,20.66400146484375,58.48975372314453,15.054186820983887,88.89401245117188,83.40214538574219,79.07644653320312,48.11161804199219,108.52999877929688,12.83374309539795,49.5391960144043
2015-09-22,162.51025390625,96.30083465576172,98.80228424072266,41.51853561401367,26.004947662353516,17.63970184326172,15.034485816955566,20.445833206176758,58.13029861450195,14.866005897521973,90.12998962402344,83.81689453125,79.41831970214844,47.76350784301758,107.79000091552734,12.757655143737793,48.914737701416016
2015-09-23,162.2504119873047,96.37482452392578,98.50696563720703,41.32320785522461,25.58905601501465,17.68404197692871,15.041129112243652,20.182083129882812,58.071815490722656,14.905057907104492,90.12258911132812,83.72303009033203,79.37042236328125,47.679290771484375,108.22000122070312,12.656200408935547,49.22161865234375
2015-09-24,161.6637725830078,96.02327728271484,98.34195709228516,41.20744705200195,25.479198455810547,17.68404197692871,14.934823036193848,20.26999282836914,57.47829055786133,15.02578353881836,90.73687744140625,83.84823608398438,79.38410186767578,47.44346237182617,110.48999786376953,12.732290267944336,48.75998306274414
2015-09-25,161.62191772460938,95.209228515625,97.04763793945312,41.56916809082031,25.424270629882812,17.652999877929688,15.154067993164062,20.30907440185547,55.9067497253418,15.171354293823242,89.95240783691406,83.62911224365234,79.14482116699219,47.20206069946289,109.80999755859375,12.808379173278809,48.95503616333008
2015-09-28,157.56561279296875,92.49874114990234,94.33011627197266,40.75167465209961,24.882827758789062,17.24948501586914,14.801957130432129,19.498268127441406,53.741703033447266,15.096790313720703,91.49178314208984,84.10649108886719,79.28157806396484,46.477752685546875,108.41999816894531,12.630837440490723,48.19428634643555
2015-09-29,157.6577911376953,92.0177001953125,93.65939331054688,40.69380569458008,25.000530242919922,17.174100875854492,14.828530311584473,19.468969345092773,54.23489761352539,15.10034465789795,91.75081634521484,84.39595794677734,79.38410186767578,46.47214126586914,107.9800033569336,12.715381622314453,48.70794677734375
2015-09-30,160.59945678710938,94.13614654541016,95.11399841308594,41.467891693115234,25.722454071044922,17.515531539916992,15.054412841796875,19.9280948638916,55.36341094970703,15.370179176330566,91.43257904052734,84.41165924072266,79.37042236328125,46.76408386230469,106.86000061035156,12.808379173278809,49.11760330200195
2015-10-01,161.0185089111328,94.56167602539062,94.94850158691406,41.598121643066406,25.86370086669922,17.52440643310547,15.061052322387695,19.96717071533203,55.923458099365234,15.189105987548828,91.82266998291016,84.47748565673828,79.35264587402344,46.46396255493164,106.7300033569336,12.723835945129395,49.358177185058594
2015-10-02,163.42376708984375,96.21756744384766,96.35955047607422,42.307090759277344,26.554241180419922,17.772727966308594,15.0809907913208,20.79098892211914,57.08540725708008,15.391487121582031,92.3789291381836,84.88501739501953,79.7022933959961,46.50909423828125,108.98999786376953,12.808379173278809,49.715797424316406
2015-10-05,166.33181762695312,97.59591674804688,98.65898132324219,43.14628219604492,27.127065658569336,18.12303924560547,15.399884223937988,21.419450759887695,57.23586654663086,15.590312957763672,91.12553405761719,84.4147720336914,79.48979187011719,47.067596435546875,108.7699966430664,12.97746753692627,50.55458068847656
2015-10-06,165.76197814941406,97.13338470458984,97.97960662841797,43.196922302246094,27.079988479614258,18.145206451416016,15.326801300048828,21.894853591918945,55.89002227783203,15.483799934387207,91.51860046386719,84.58721160888672,79.6474838256836,47.3271484375,109.86000061035156,13.231098175048828,50.43754577636719
2015-10-07,167.11961364746094,97.7161865234375,99.71290588378906,43.7395133972168,27.801910400390625,18.229461669921875,15.446389198303223,22.1716251373291,56.78446960449219,15.4305419921875,91.21452331542969,84.37559509277344,79.9285659790039,47.81229782104492,109.69999694824219,13.205735206604004,51.0162353515625
2015-10-08,168.62811279296875,98.10472869873047,100.61004638671875,44.086769104003906,28.100088119506836,18.31371307373047,15.539395332336426,22.59493637084961,56.95164489746094,15.62226390838623,90.45065307617188,84.15614318847656,79.6131591796875,48.00974655151367,109.13999938964844,13.264915466308594,51.44538879394531
2015-10-09,168.72872924804688,98.54878234863281,100.81038665771484,44.166343688964844,28.202104568481445,18.39352798461914,15.439743995666504,22.44841194152832,57.210811614990234,15.54770278930664,90.68797302246094,84.20315551757812,79.6474838256836,48.01539611816406,110.87000274658203,13.324097633361816,51.36086654663086
2015-10-12,168.8880157470703,98.78927612304688,100.66230773925781,44.07952880859375,27.990232467651367,18.415706634521484,15.453033447265625,22.15860939025879,57.36128234863281,15.686182022094727,91.3777084350586,84.4853286743164,79.96971130371094,47.92511749267578,111.30999755859375,13.112737655639648,51.7249755859375
2015-10-13,167.82357788085938,98.15099334716797,99.28612518310547,43.52248001098633,27.535110473632812,18.37579345703125,15.33344841003418,21.927410125732422,56.64238357543945,15.650672912597656,91.53341674804688,84.56369018554688,79.90801239013672,47.81229782104492,111.86000061035156,13.028192520141602,51.321842193603516
2015-10-14,167.01904296875,97.99373626708984,98.31060791015625,43.60928726196289,27.746980667114258,18.340316772460938,15.2072172164917,22.11627960205078,56.533695220947266,15.647123336791992,92.33438110351562,85.02611541748047,80.22346496582031,47.778446197509766,113.80999755859375,13.062010765075684,50.93821716308594
2015-10-15,169.58352661132812,99.60333251953125,100.66230773925781,44.35445022583008,28.421829223632812,18.575334548950195,15.55268669128418,22.51354217529297,57.79594802856445,15.87790298461914,91.88198852539062,84.73612213134766,80.18914031982422,47.891273498535156,113.29000091552734,13.028192520141602,51.63393020629883
2015-10-16,170.3545684814453,100.01964569091797,100.53166961669922,44.31826400756836,28.445362091064453,18.610816955566406,15.645694732666016,22.542835235595703,58.31421661376953,15.899202346801758,91.91163635253906,84.66555786132812,80.21656036376953,48.111305236816406,112.48999786376953,13.03664779663086,52.024078369140625
2015-10-19,170.43838500976562,100.59320068359375,100.72328186035156,44.166343688964844,28.155029296875,18.681758880615234,15.632404327392578,22.096738815307617,58.523189544677734,15.909860610961914,91.65949249267578,84.62641143798828,80.20970153808594,48.241058349609375,112.0199966430664,12.799924850463867,52.752315521240234
2015-10-20,170.22048950195312,100.07515716552734,100.58391571044922,43.98548126220703,28.147171020507812,18.632986068725586,15.725417137145996,22.15860939025879,57.60369110107422,15.963111877441406,91.09585571289062,84.33639526367188,80.0588607788086,48.286190032958984,112.7300033569336,12.825288772583008,52.73282241821289
2015-10-21,169.16452026367188,99.464599609375,99.05094909667969,43.963775634765625,27.739131927490234,18.491085052490234,15.612480163574219,21.885082244873047,57.08540725708008,15.931164741516113,92.00068664550781,84.62641143798828,80.45658111572266,48.23543930053711,111.7300033569336,12.715381622314453,52.537757873535156
2015-10-22,172.02232360839844,101.49053192138672,99.92193603515625,44.45572280883789,28.311969757080078,18.907913208007812,15.864936828613281,22.27908706665039,56.74269104003906,16.115785598754883,92.15643310546875,84.71260833740234,80.62796783447266,48.25234603881836,111.69000244140625,12.757655143737793,52.99940490722656
2015-10-23,173.90797424316406,104.33052062988281,100.90618133544922,44.89702224731445,28.47675323486328,19.43560028076172,16.03766632080078,22.22698974609375,57.95478057861328,15.831747055053711,91.37027740478516,84.23455047607422,80.3331069946289,48.42161560058594,111.5,12.681563377380371,52.48573684692383
2015-10-26,173.4805908203125,104.39530181884766,100.21808624267578,44.730628967285156,28.21779441833496,19.36020851135254,15.971240997314453,21.683197021484375,58.18046188354492,15.774938583374023,91.97842407226562,84.45397186279297,80.47711944580078,48.370811462402344,111.43000030517578,12.647747039794922,52.47270584106445
2015-10-27,173.1453399658203,104.6080551147461,99.12063598632812,44.3399772644043,27.896074295043945,19.249353408813477,15.878217697143555,21.422700881958008,59.25044250488281,15.718133926391602,92.20831298828125,84.66555786132812,80.49766540527344,48.212867736816406,111.68000030517578,12.588565826416016,52.453216552734375
2015-10-28,175.1148223876953,105.47761535644531,102.01238250732422,44.62934112548828,27.5743465423584,19.537586212158203,16.250261306762695,21.898109436035156,59.74367141723633,15.551255226135254,91.83751678466797,84.22667694091797,80.1822509765625,48.342620849609375,110.77999877929688,12.799924850463867,52.49875259399414
2015-10-29,175.01426696777344,105.31110382080078,100.92362213134766,44.303810119628906,27.315393447875977,19.484376907348633,16.23033332824707,22.008817672729492,60.01115036010742,15.462495803833008,90.37643432617188,83.70941162109375,79.6199951171875,48.218502044677734,109.72000122070312,12.723835945129395,52.42721939086914
2015-10-30,174.2599639892578,104.83932495117188,100.46196746826172,44.20975112915039,27.362478256225586,19.355785369873047,15.997807502746582,22.1520938873291,59.63498306274414,15.533504486083984,91.05876922607422,83.87400817871094,79.82572174072266,48.27494812011719,109.30000305175781,12.850651741027832,51.9460334777832
2015-11-02,176.32167053222656,106.02339935302734,102.5523910522461,44.62934112548828,27.903919219970703,19.528711318969727,16.21704864501953,22.669836044311523,60.90559768676758,15.551255226135254,90.64030456542969,83.63307189941406,79.48261260986328,48.42454147338867,108.58999633789062,12.7830171585083,53.051422119140625
2015-11-03,176.83290100097656,106.39346313476562,103.08370971679688,44.61488342285156,28.27273178100586,19.630706787109375,16.243621826171875,23.24945640563965,60.68824768066406,15.597413063049316,89.8970947265625,83.41324615478516,79.48949432373047,48.47555923461914,106.9800033569336,13.011284828186035,52.51823043823242
2015-11-04,176.29647827148438,106.40269470214844,103.03144073486328,44.36890411376953,28.045162200927734,19.652881622314453,16.19710922241211,23.041038513183594,60.420753479003906,15.6790771484375,90.00112915039062,83.32696533203125,79.4001235961914,48.33382797241211,105.97000122070312,12.791471481323242,52.284149169921875
2015-11-05,176.12051391601562,106.11593627929688,103.10987091064453,44.289329528808594,28.092252731323242,19.595232009887695,16.263545989990234,22.845666885375977,60.228485107421875,15.544153213500977,89.7633285522461,83.27197265625,79.42073059082031,48.146827697753906,105.63999938964844,12.690018653869629,52.49223709106445
2015-11-06,176.02830505371094,106.18993377685547,103.84148406982422,44.086769104003906,27.699893951416016,19.661745071411133,16.429649353027344,22.728443145751953,59.97770309448242,15.000925064086914,88.44770812988281,82.70684814453125,78.90498352050781,47.914451599121094,104.0999984741211,12.61392879486084,50.860191345214844
2015-11-09,174.38572692871094,105.06133270263672,102.62207794189453,43.63099670410156,27.009363174438477,19.471073150634766,16.250261306762695,22.50377082824707,59.51793670654297,15.039979934692383,87.94971466064453,82.56555938720703,78.77436828613281,47.716094970703125,104.4000015258789,12.504022598266602,49.988887786865234
2015-11-10,174.7880096435547,104.79306030273438,102.92691802978516,43.602054595947266,26.891658782958984,19.342472076416016,16.32334327697754,22.5526123046875,59.91918182373047,15.174905776977539,88.20989990234375,82.72251892089844,78.9737548828125,47.60837936401367,104.18000030517578,12.478658676147461,50.561073303222656
2015-11-11,174.10073852539062,104.66353607177734,102.02978515625,43.82632827758789,26.94658851623535,19.33360481262207,16.27019691467285,22.073945999145508,59.3256950378418,15.306276321411133,88.02409362792969,82.68324279785156,78.96684265136719,47.49504852294922,103.83000183105469,12.35184383392334,50.61961364746094
2015-11-12,171.67031860351562,103.64594268798828,100.0787582397461,43.25480270385742,26.687633514404297,19.165098190307617,16.024375915527344,21.572492599487305,58.29750061035156,15.1607027053833,88.44770812988281,82.73039245605469,78.93939208984375,47.177642822265625,103.8499984741211,12.174301147460938,50.27497863769531
2015-11-13,169.74278259277344,101.61077117919922,99.35577392578125,42.8930778503418,26.318830490112305,18.78818702697754,15.89150619506836,21.484573364257812,58.155391693115234,15.103890419006348,88.953125,83.04435729980469,79.17318725585938,47.0416145324707,103.55999755859375,12.081302642822266,49.70280456542969
2015-11-16,172.3240203857422,103.07242584228516,100.20938110351562,43.435672760009766,26.82888412475586,19.076419830322266,16.084177017211914,22.200937271118164,58.88263702392578,15.359526634216309,88.87136840820312,83.15422058105469,79.18692016601562,47.26266098022461,103.70999908447266,12.140484809875488,50.27497863769531
2015-11-17,172.19839477539062,103.13716888427734,99.82615661621094,43.55141830444336,26.750417709350586,19.080852508544922,16.05095863342285,21.95671844482422,59.13343048095703,15.082585334777832,89.0200424194336,83.1307144165039,79.26940155029297,47.29667663574219,102.33999633789062,11.954487800598145,50.27497863769531
2015-11-18,174.93040466308594,105.1168441772461,101.51589965820312,43.94930648803711,27.04074478149414,19.369083404541016,16.336626052856445,22.318161010742188,60.28701400756836,15.178451538085938,89.20585632324219,83.09148406982422,79.2900161743164,47.38734436035156,102.43000030517578,12.005213737487793,50.717132568359375
2015-11-19,174.77960205078125,105.19084167480469,101.089111328125,44.1735725402832,27.284008026123047,19.457767486572266,16.363201141357422,22.018590927124023,59.275535583496094,15.341771125793457,89.80044555664062,83.27197265625,79.52388000488281,46.962284088134766,103.55999755859375,12.005213737487793,50.8731803894043
2015-11-20,175.41650390625,105.90313720703125,101.74236297607422,44.07229232788086,27.558643341064453,19.59966468811035,16.3897762298584,21.784143447875977,59.78544616699219,15.405685424804688,89.52542877197266,83.16207885742188,79.51008605957031,46.95093536376953,103.08999633789062,11.98830509185791,51.5103874206543
2015-11-23,175.21539306640625,105.59788513183594,102.24754333496094,43.79738998413086,27.299707412719727,19.484376907348633,16.32334327697754,21.940444946289062,59.63498306274414,15.263667106628418,89.80044555664062,83.27197265625,79.53763580322266,46.91127014160156,102.26000213623047,12.081302642822266,51.620933532714844
2015-11-24,175.45005798339844,105.50537109375,102.9966049194336,43.80461883544922,27.440956115722656,19.488805770874023,16.276838302612305,22.409326553344727,59.81891632080078,15.242364883422852,89.7929916381836,83.35051727294922,79.56513977050781,46.9736442565918,102.94000244140625,12.27575397491455,51.34784698486328
2015-11-25,175.42491149902344,105.59788513183594,103.79794311523438,43.9058952331543,27.229082107543945,19.426725387573242,16.290119171142578,22.22698974609375,60.144901275634766,15.150046348571777,90.00112915039062,83.39753723144531,79.6407241821289,47.02463150024414,102.45999908447266,12.258846282958984,51.555908203125
2015-11-27,175.62603759765625,105.74590301513672,104.18989562988281,43.91313171386719,26.63270378112793,19.471073150634766,16.32999038696289,22.06743049621582,60.26190948486328,15.178451538085938,89.91193389892578,83.48384094238281,79.66826629638672,47.09830093383789,101.25,12.072847366333008,52.004554748535156
2015-11-30,174.8969268798828,105.47761535644531,103.73694610595703,43.8769645690918,26.67194366455078,19.493244171142578,16.316694259643555,22.148839950561523,59.442726135253906,15.203309059143066,90.26866149902344,83.51524353027344,79.70268249511719,47.06996154785156,101.91999816894531,11.996759414672852,51.620933532714844
2015-12-01,176.56468200683594,106.5322265625,104.42505645751953,44.3399772644043,26.875965118408203,19.666181564331055,16.49607276916504,22.324676513671875,60.44584655761719,15.324026107788086,91.48799896240234,83.9594955444336,80.30193328857422,47.40483093261719,102.27999877929688,12.132030487060547,52.33617401123047
2015-12-02,174.7627716064453,105.87538146972656,103.30147552490234,43.86973190307617,26.554241180419922,19.542020797729492,16.303407669067383,21.634357452392578,59.93593215942383,14.983174324035645,91.51778411865234,83.72366333007812,80.10884094238281,47.30799865722656,100.69000244140625,11.878399848937988,51.26981735229492
2015-12-03,172.31568908691406,104.08075714111328,101.5594482421875,43.65992736816406,26.40514373779297,19.289264678955078,16.03766632080078,21.201276779174805,58.623504638671875,14.869559288024902,89.03003692626953,82.84315490722656,79.04682922363281,47.182716369628906,101.76000213623047,12.01366901397705,50.46355056762695
2015-12-04,175.67628479003906,106.51371002197266,102.58724975585938,44.01441955566406,26.58562469482422,19.76373291015625,16.462860107421875,21.067771911621094,60.002784729003906,15.079038619995117,89.81205749511719,83.1497573852539,79.47438049316406,47.07450866699219,104.0199966430664,11.996759414672852,51.42588424682617
2015-12-07,174.61199951171875,106.0326919555664,101.04556274414062,43.73228454589844,26.146196365356445,19.666181564331055,16.310056686401367,20.266740798950195,59.668426513671875,15.146498680114746,90.6835708618164,83.41702270507812,79.61231231689453,46.74422073364258,102.66999816894531,11.650131225585938,51.28282165527344
2015-12-08,173.4386749267578,106.04190063476562,100.48810577392578,43.088409423828125,25.855852127075195,19.61739730834961,16.10410499572754,20.058347702026367,59.802162170410156,15.125197410583496,90.72821807861328,83.46419525146484,79.50888061523438,46.163333892822266,102.83999633789062,11.590949058532715,51.2373161315918
2015-12-09,172.08935546875,104.43228912353516,99.36449432373047,42.8930778503418,25.643985748291016,19.32917594909668,15.918084144592285,20.322097778320312,59.20028305053711,15.128748893737793,90.63145446777344,83.59001922607422,79.48818969726562,46.402496337890625,102.63999938964844,11.599403381347656,50.95121765136719
2015-12-10,172.53353881835938,104.90406036376953,99.69549560546875,42.90031433105469,25.471351623535156,19.38238525390625,15.931367874145508,20.452346801757812,59.64334487915039,14.88021183013916,90.7506332397461,83.40917205810547,79.30197143554688,46.20890426635742,102.55000305175781,11.557132720947266,50.58708953857422
2015-12-11,169.1896514892578,102.48963928222656,97.47440338134766,42.08281326293945,24.75727653503418,18.978862762451172,15.579252243041992,19.687137603759766,58.7656135559082,14.837605476379395,92.18070983886719,84.07740783691406,79.43991088867188,45.28630065917969,103.11000061035156,11.438770294189453,50.49605941772461
2015-12-14,170.04457092285156,103.26669311523438,96.77760314941406,42.14793014526367,25.157470703125,19.125194549560547,15.612480163574219,19.791332244873047,59.150150299072266,14.91215991973877,90.9889144897461,83.45637512207031,78.853759765625,44.893367767333984,101.79000091552734,11.36268138885498,50.73012924194336
2015-12-15,171.8295440673828,103.89571380615234,98.17122650146484,42.35772705078125,25.541973114013672,19.209444046020508,15.977882385253906,20.289535522460938,59.91918182373047,15.029337882995605,90.45264434814453,83.24404907226562,78.86065673828125,45.62800598144531,101.5199966430664,11.33731746673584,51.28282165527344
2015-12-16,174.3437957763672,105.44058990478516,99.66938018798828,43.211395263671875,26.044185638427734,19.471073150634766,16.236976623535156,20.156030654907227,60.69660568237305,15.4092378616333,90.25902557373047,83.02399444580078,78.84691619873047,45.97539138793945,102.75,11.286592483520508,52.284149169921875
2015-12-17,171.6871337890625,103.90497589111328,98.60674285888672,42.66157913208008,25.706758499145508,19.165098190307617,16.004453659057617,19.66108512878418,60.04459762573242,15.441189765930176,91.27942657470703,83.369873046875,78.93648529052734,45.46284103393555,100.5,11.168230056762695,52.024078369140625
2015-12-18,168.62847900390625,101.91185760498047,97.09988403320312,42.21303176879883,25.620447158813477,18.793424606323242,15.576600074768066,19.316740036010742,59.174049377441406,15.249274253845215,91.78595733642578,83.66859436035156,78.93648529052734,45.2919921875,102.04000091552734,11.21895694732666,51.41938400268555
2015-12-21,170.01954650878906,103.04390716552734,97.8315200805664,42.408626556396484,25.820476531982422,18.985057830810547,15.730353355407715,19.336456298828125,59.7113151550293,15.23851203918457,91.7635726928711,83.70793151855469,78.99166870117188,45.14962387084961,103.1500015258789,11.168230056762695,51.620933532714844
2015-12-22,171.56234741210938,103.72125244140625,98.7286605834961,42.729740142822266,26.027673721313477,19.12320899963379,15.877431869506836,19.56317138671875,60.11425018310547,15.367650985717773,91.10066223144531,83.4720458984375,78.88823699951172,45.69635772705078,102.61000061035156,11.117504119873047,51.82901382446289
2015-12-23,173.6868438720703,104.49140167236328,99.97421264648438,43.444942474365234,26.394262313842773,19.283647537231445,16.064619064331055,20.414175033569336,60.760677337646484,15.604410171508789,90.41542053222656,83.28338623046875,78.9571762084961,45.98678207397461,102.30999755859375,11.320409774780273,52.36173629760742
2015-12-24,173.4001922607422,104.47286224365234,100.16315460205078,43.37195587158203,26.29863166809082,19.274734497070312,16.051252365112305,20.230167388916016,60.81941223144531,15.593649864196777,90.93341827392578,83.43614959716797,79.21446228027344,46.080650329589844,103.05000305175781,11.320409774780273,52.36173629760742
2015-12-28,173.0039520263672,104.41716766357422,99.69952392578125,43.269798278808594,26.11533546447754,19.261362075805664,16.03787612915039,19.862167358398438,60.53398513793945,15.622346878051758,91.20211791992188,83.45187377929688,79.11761474609375,45.80586624145508,102.2699966430664,11.15977668762207,52.65180969238281
2015-12-29,174.85025024414062,106.05956268310547,100.77550506591797,43.700374603271484,26.139244079589844,19.52430534362793,16.20500373840332,20.000171661376953,61.272708892822266,15.708436965942383,89.68697357177734,83.01094055175781,78.70960235595703,46.06922912597656,102.19999694824219,11.345771789550781,53.21223068237305
2015-12-30,173.61094665527344,105.10379791259766,99.76075744628906,43.437644958496094,25.73280906677246,19.359407424926758,16.09135627746582,19.73073959350586,61.01247024536133,15.694087982177734,89.59736633300781,83.04253387451172,78.70960235595703,46.103538513183594,101.41999816894531,11.235865592956543,53.02763366699219
2015-12-31,171.87428283691406,103.79547882080078,98.51859283447266,42.853797912597656,25.65311622619629,19.087560653686523,15.93091106414795,19.819454193115234,60.46684646606445,15.52549934387207,90.00039672851562,83.13692474365234,78.84103393554688,46.13218688964844,101.45999908447266,11.295045852661133,52.566104888916016
2016-01-04,169.47154235839844,101.60567474365234,96.23538208007812,42.196983337402344,24.951820373535156,18.837987899780273,15.623391151428223,19.81287956237793,59.375545501708984,15.49319839477539,90.64979553222656,83.49125671386719,78.79948425292969,45.857398986816406,102.88999938964844,11.210501670837402,51.93318557739258
2016-01-05,169.7581787109375,101.42931365966797,96.4453353881836,42.13130187988281,25.00760841369629,18.788965225219727,15.68355941772461,19.888458251953125,59.66096115112305,15.604410171508789,90.2840347290039,83.46763610839844,78.84103393554688,45.94327163696289,103.18000030517578,11.100594520568848,52.93531799316406
2016-01-06,167.61679077148438,100.4550552368164,94.97566986083984,41.437992095947266,24.529449462890625,18.557222366333008,15.442893028259277,19.122880935668945,59.174049377441406,15.575712203979492,91.50067901611328,83.97157287597656,79.15219116210938,45.94327163696289,104.66999816894531,10.923054695129395,52.79027557373047
2016-01-07,163.59544372558594,97.30941772460938,92.43878936767578,40.57682800292969,23.77236557006836,18.009063720703125,15.008346557617188,18.656309127807617,57.973609924316406,15.471678733825684,91.66487884521484,84.15263366699219,79.21446228027344,45.645591735839844,106.1500015258789,10.872326850891113,51.76176834106445
2016-01-08,161.79971313476562,96.51142120361328,90.84668731689453,40.08786392211914,23.517353057861328,17.866455078125,14.774367332458496,18.41645050048828,57.1005744934082,15.464512825012207,92.0754623413086,84.36524963378906,79.27665710449219,45.52534103393555,105.68000030517578,10.821600914001465,51.06950378417969
2016-01-11,161.95989990234375,96.80834197998047,90.45303344726562,40.25571823120117,23.509384155273438,17.982328414916992,14.794422149658203,18.02216148376465,56.42060470581055,15.547011375427246,91.06777954101562,84.09748840332031,79.02084350585938,45.456634521484375,104.73999786376953,10.5256986618042,51.359588623046875
2016-01-12,163.2666778564453,97.93112182617188,90.72420501708984,40.445465087890625,23.55719757080078,18.196239471435547,14.908072471618652,18.06488037109375,57.14255142211914,15.486030578613281,92.38139343261719,84.4754638671875,79.20060729980469,45.50244140625,104.20999908447266,10.458063125610352,51.01673889160156
2016-01-13,159.1946563720703,94.55355072021484,87.81117248535156,39.817840576171875,23.310152053833008,17.706016540527344,14.52032470703125,17.631168365478516,55.44682312011719,15.478856086730957,93.29204559326172,84.8061294555664,79.44265747070312,44.99866485595703,104.72000122070312,10.398882865905762,50.284934997558594
2016-01-14,161.80813598632812,96.56710815429688,89.02713775634766,40.328697204589844,23.61298370361328,18.040258407592773,14.64734935760498,18.390167236328125,56.932674407958984,15.712019920349121,92.41873931884766,84.63290405273438,79.0484619140625,45.19901657104492,103.0199966430664,10.424246788024902,50.1662483215332
2016-01-15,158.33474731445312,93.56996154785156,87.58370971679688,38.869102478027344,22.68057632446289,17.532211303710938,14.319765090942383,17.857879638671875,56.135196685791016,15.572120666503906,93.85930633544922,85.02662658691406,78.93090057373047,44.603633880615234,104.08000183105469,10.204431533813477,49.82339859008789
2016-01-19,158.5454864501953,93.77412414550781,86.40274810791016,39.22669982910156,23.015287399291992,17.55003547668457,14.313088417053223,17.47344970703125,56.12678146362305,15.805296897888184,93.56820678710938,84.91636657714844,78.57826232910156,44.44905090332031,103.9800033569336,10.119888305664062,50.087127685546875
2016-01-20,156.51373291015625,93.48648071289062,86.76142883300781,38.33634567260742,22.513219833374023,17.41187858581543,14.032303810119629,17.01016616821289,56.235931396484375,15.450159072875977,94.55343627929688,85.33367919921875,78.69579315185547,44.151329040527344,105.37000274658203,10.04379940032959,48.74215316772461
2016-01-21,157.3905029296875,93.57926940917969,86.56023406982422,38.620975494384766,22.60088348388672,17.509925842285156,13.972139358520508,17.53917121887207,56.068023681640625,15.435812950134277,93.91154479980469,85.12109375,78.46759033203125,44.44905090332031,105.48999786376953,10.179069519042969,49.012481689453125
2016-01-22,160.6194610595703,96.28873443603516,88.67720031738281,39.75946044921875,23.373903274536133,17.995697021484375,14.226177215576172,18.31459617614746,56.95786666870117,15.712019920349121,93.55331420898438,84.93211364746094,78.51599884033203,45.130332946777344,105.0,10.48342514038086,50.377220153808594
2016-01-25,158.19140625,94.8597412109375,86.70893859863281,39.22669982910156,22.97543716430664,17.78623390197754,13.938714027404785,17.460309982299805,56.42900848388672,15.579296112060547,94.06082916259766,85.21558380126953,78.4330062866211,44.68376922607422,106.08000183105469,10.255157470703125,50.060760498046875
2016-01-26,160.3496856689453,95.71344757080078,88.44102478027344,39.927310943603516,23.310152053833008,17.96004295349121,14.172696113586426,18.120738983154297,56.85712432861328,15.686914443969727,94.10562896728516,85.27852630615234,78.6543197631836,45.08452224731445,107.29000091552734,10.458063125610352,51.10905075073242
2016-01-27,158.6045379638672,93.3287124633789,87.22505950927734,39.671875,23.230453491210938,17.590147018432617,14.119211196899414,18.03531265258789,56.21073913574219,15.722795486450195,94.08316802978516,85.34153747558594,78.4399642944336,45.01583480834961,107.69000244140625,10.584878921508789,50.12009048461914
2016-01-28,159.43075561523438,94.64634704589844,87.20757293701172,39.78865051269531,23.597047805786133,17.81743049621582,14.125897407531738,18.584022521972656,54.90117263793945,15.97389030456543,94.21757507324219,85.45174407958984,78.52984619140625,45.244815826416016,106.54000091552734,10.703239440917969,49.73772048950195
2016-01-29,163.31724548339844,96.62274932861328,90.06812286376953,40.489253997802734,24.362096786499023,18.378957748413086,14.52032470703125,19.126169204711914,55.79940414428711,16.293155670166016,95.01620483398438,85.90840911865234,78.93787384033203,45.3936767578125,106.94999694824219,10.804692268371582,50.75962448120117
2016-02-01,163.25823974609375,96.88259887695312,89.65697479248047,40.445465087890625,24.130985260009766,18.445810317993164,14.460158348083496,18.80746078491211,55.88334274291992,16.447402954101562,94.72529602050781,85.71051788330078,78.68604278564453,45.12384796142578,108.05000305175781,10.601786613464355,50.84532165527344
2016-02-02,160.3159637451172,94.78553009033203,87.72370147705078,39.5040283203125,23.349992752075195,18.116024017333984,14.05904483795166,18.179882049560547,55.077449798583984,16.519149780273438,96.4826431274414,86.31765747070312,78.83171844482422,44.8016242980957,108.08999633789062,10.415790557861328,50.383811950683594
2016-02-03,161.2770233154297,94.33084869384766,87.83741760253906,39.83243942260742,24.01144790649414,18.093740463256836,14.072416305541992,18.827165603637695,55.43842315673828,16.723623275756836,95.68251037597656,86.22301483154297,78.63749694824219,45.02027130126953,109.25,10.677876472473145,50.720069885253906
2016-02-04,161.5299835205078,94.32159423828125,88.1785659790039,39.883522033691406,24.19473648071289,18.111568450927734,14.192749977111816,18.81730842590332,55.136226654052734,16.65187644958496,96.14617919921875,86.42805480957031,78.67221069335938,44.876441955566406,110.56999969482422,10.660968780517578,50.74642562866211
2016-02-05,158.45274353027344,91.04608154296875,85.76416015625,39.270484924316406,23.915815353393555,17.603513717651367,14.005566596984863,18.38031005859375,54.06169891357422,16.7056827545166,96.25830078125,86.5384292602539,78.65831756591797,44.531246185302734,112.31999969482422,10.593332290649414,49.78386688232422
2016-02-08,156.31982421875,89.65422058105469,84.35578155517578,38.54069137573242,23.58907699584961,17.349489212036133,13.651250839233398,18.285022735595703,53.32298278808594,16.648283004760742,98.32978057861328,87.18502807617188,79.06753540039062,44.01342010498047,113.83000183105469,10.542608261108398,48.35976791381836
2016-02-09,156.3282928466797,89.37582397460938,83.78713989257812,38.095516204833984,23.26233673095703,17.269269943237305,13.631189346313477,17.8447322845459,53.717529296875,16.7056827545166,98.43443298339844,87.20077514648438,78.79705810546875,43.84659957885742,113.58000183105469,10.272067070007324,47.4697151184082
2016-02-10,156.1934051513672,89.71917724609375,83.83088684082031,38.051734924316406,23.357961654663086,17.296003341674805,13.557650566101074,17.772451400756836,54.19601821899414,16.687747955322266,99.30189514160156,87.46102905273438,78.89414978027344,43.78329086303711,114.45999908447266,10.288976669311523,47.799354553222656
2016-02-11,154.16162109375,89.58924865722656,82.9211196899414,37.49707794189453,22.96747398376465,17.260356903076172,13.143169403076172,17.696876525878906,53.32298278808594,16.393598556518555,99.99738311767578,87.86309814453125,79.15769958496094,43.489898681640625,119.05999755859375,10.415790557861328,47.12027359008789
2016-02-12,157.3399658203125,90.95329284667969,84.49571990966797,38.153907775878906,23.365936279296875,17.501014709472656,13.698040962219238,18.1634521484375,54.036521911621094,16.343379974365234,98.33724975585938,87.19293212890625,78.71382141113281,44.140018463134766,118.36000061035156,10.567970275878906,47.660911560058594
2016-02-16,159.99557495117188,93.0039291381836,86.49898529052734,38.927486419677734,23.883939743041992,17.81298065185547,13.918656349182129,18.344167709350586,55.052268981933594,16.447402954101562,97.29776000976562,86.93269348144531,78.33926391601562,44.18028259277344,114.7699966430664,10.44960880279541,48.537784576416016
2016-02-17,162.60902404785156,95.11028289794922,87.85489654541016,39.59889602661133,24.3541259765625,18.178415298461914,14.105842590332031,18.945457458496094,55.7490348815918,16.415119171142578,96.69956970214844,86.71981811523438,78.3184814453125,44.5427360534668,115.4800033569336,10.66942310333252,48.953121185302734
2016-02-18,161.94305419921875,94.02462768554688,87.43502807617188,39.39455795288086,24.210681915283203,18.10710906982422,14.025623321533203,18.70888328552246,55.40486526489258,16.684162139892578,97.8885269165039,87.12193298339844,78.95658874511719,44.58302307128906,118.29000091552734,10.610240936279297,49.44761276245117
2016-02-19,161.86720275878906,94.3030014038086,87.87240600585938,39.350772857666016,24.099105834960938,18.1204833984375,14.025623321533203,18.666170120239258,55.3460807800293,16.572959899902344,97.97083282470703,87.12193298339844,78.9011001586914,44.66933822631836,117.58000183105469,10.517243385314941,49.73111343383789
2016-02-22,164.21083068847656,95.83405303955078,88.85218048095703,39.79594802856445,24.696805953979492,18.361133575439453,14.24622917175293,19.142601013183594,56.135196685791016,16.76667022705078,97.91844177246094,87.03521728515625,79.06059265136719,45.05481719970703,115.48999786376953,10.677876472473145,50.205810546875
2016-02-23,162.13693237304688,94.2566146850586,88.03861999511719,39.14642333984375,24.170833587646484,18.071462631225586,13.99219799041748,18.488740921020508,55.71544647216797,16.781017303466797,98.31477355957031,87.2087173461914,79.22013092041016,44.962738037109375,117.22000122070312,10.534152030944824,50.07395935058594
2016-02-24,162.8788299560547,95.15670013427734,88.88716125488281,39.00777053833008,24.115049362182617,18.209606170654297,13.958771705627441,18.676025390625,55.9001350402832,16.85993766784668,98.1203842163086,87.2087173461914,79.29644775390625,45.03754425048828,117.61000061035156,10.66942310333252,50.01461410522461
2016-02-25,164.85162353515625,96.09387969970703,89.70072174072266,39.47482681274414,24.19473648071289,18.436899185180664,14.152637481689453,18.692447662353516,56.59688186645508,17.032123565673828,98.47183990478516,87.4688949584961,79.74029541015625,45.2791748046875,117.91999816894531,10.660968780517578,51.03652572631836
2016-02-26,164.47219848632812,95.97323608398438,90.26932525634766,39.372657775878906,23.95566177368164,18.387874603271484,14.25291919708252,18.804166793823242,56.49616241455078,16.562196731567383,97.52212524414062,87.04309844970703,79.71259307861328,45.584110260009766,117.11000061035156,10.644060134887695,50.77280807495117
2016-02-29,163.18228149414062,95.11028289794922,89.8669204711914,39.139129638671875,24.162864685058594,18.258634567260742,14.099156379699707,18.590599060058594,55.597938537597656,16.608823776245117,97.94837951660156,87.18502807617188,79.7680892944336,46.073150634765625,118.63999938964844,10.779329299926758,50.57501983642578
2016-03-01,167.0182647705078,98.1631088256836,91.8001937866211,40.160850524902344,25.023548126220703,18.80233383178711,14.573811531066895,19.076885223388672,56.78996276855469,16.526325225830078,96.22367858886719,86.50357055664062,79.33334350585938,46.80130386352539,117.7699966430664,10.787784576416016,51.99911117553711
2016-03-02,167.7685546875,98.20022583007812,92.74494934082031,40.43817138671875,25.35825538635254,18.855815887451172,14.734258651733398,19.543453216552734,56.882320404052734,16.612422943115234,96.62068176269531,86.35350799560547,79.49330139160156,46.483211517333984,118.68000030517578,10.846962928771973,52.37491226196289
2016-03-03,168.4261474609375,98.01461791992188,93.71597290039062,40.83225631713867,25.645151138305664,18.855815887451172,14.834532737731934,19.839170455932617,56.72279739379883,16.712860107421875,96.97291564941406,86.45616912841797,79.86892700195312,46.6393928527832,120.7300033569336,10.906145095825195,52.65180969238281
2016-03-04,168.97410583496094,98.05175018310547,94.23210144042969,41.131473541259766,26.155183792114258,18.90484046936035,14.894706726074219,20.029743194580078,56.588497161865234,16.899391174316406,96.35100555419922,86.16404724121094,79.8550033569336,46.772396087646484,120.54000091552734,11.117504119873047,52.65840148925781
2016-03-07,169.10899353027344,97.44862365722656,95.255615234375,41.08039855957031,26.11533546447754,18.788965225219727,14.888016700744629,20.499595642089844,57.04180145263672,16.99266242980957,96.3210220336914,85.99030303955078,79.94544982910156,46.83024978637695,121.13999938964844,11.320409774780273,52.79686737060547
2016-03-08,167.26271057128906,96.64134216308594,92.95491790771484,40.67901611328125,25.669057846069336,18.673097610473633,14.64734935760498,19.63874053955078,56.34505844116211,17.161264419555664,97.38497161865234,86.4878158569336,80.36978149414062,46.50056457519531,120.58000183105469,11.168230056762695,52.256248474121094
2016-03-09,168.08895874023438,97.26304626464844,93.42728424072266,40.83225631713867,25.828445434570312,18.83353614807129,14.667401313781738,19.95745277404785,56.44578552246094,17.240182876586914,96.79308319091797,86.1482162475586,80.27934265136719,46.6162223815918,119.58000183105469,11.33731746673584,52.546321868896484
2016-03-10,168.22384643554688,97.11458587646484,92.66622924804688,40.76657485961914,25.8682918548584,18.815706253051758,14.654036521911621,19.9738826751709,56.4793815612793,17.254531860351562,96.39600372314453,85.84027862548828,80.61319732666016,46.94013595581055,121.5,11.320409774780273,52.35511779785156
2016-03-11,170.9385223388672,98.81263732910156,94.6520004272461,41.83208465576172,26.41020393371582,19.10538673400879,15.035085678100586,20.4897403717041,57.57905578613281,17.272464752197266,95.4220199584961,85.59551239013672,80.84278106689453,47.50691223144531,119.41000366210938,11.36268138885498,53.528682708740234
2016-03-14,170.71929931640625,98.97964477539062,94.40708923339844,41.74451446533203,26.250812530517578,19.12766456604004,14.988295555114746,20.355026245117188,57.335628509521484,17.293989181518555,95.7216796875,85.6586685180664,81.07923126220703,47.3738899230957,117.87000274658203,11.261229515075684,53.535282135009766
2016-03-15,170.4411163330078,98.94256591796875,92.93743133544922,41.35042190551758,25.876262664794922,19.198972702026367,14.981609344482422,20.315601348876953,56.44578552246094,17.326282501220703,95.81159210205078,85.64291381835938,81.05143737792969,46.93431854248047,117.95999908447266,11.168230056762695,53.5616569519043
2016-03-16,171.4274444580078,99.82404327392578,93.59351348876953,41.7153205871582,26.394262313842773,19.42180061340332,14.948179244995117,20.66717529296875,56.31146240234375,17.591724395751953,96.09623718261719,86.0929946899414,81.44097137451172,47.24666213989258,120.58999633789062,11.36268138885498,54.2077751159668
2016-03-17,172.5149688720703,99.76836395263672,95.02818298339844,42.03643035888672,26.97601890563965,19.493106842041016,15.128684997558594,20.949745178222656,55.65669250488281,17.68858528137207,96.49341583251953,86.18778228759766,81.69137573242188,47.547401428222656,120.12999725341797,11.489497184753418,54.97256088256836
2016-03-18,173.19293212890625,99.92472839355469,95.88546752929688,41.96345901489258,27.11946678161621,19.52446174621582,15.262979507446289,21.009977340698242,56.31128692626953,17.57581901550293,96.69564819335938,86.33775329589844,81.87921142578125,47.657283782958984,119.80000305175781,11.481042861938477,54.73522186279297
2016-03-21,173.4386444091797,100.31562042236328,95.65802001953125,41.897769927978516,27.175243377685547,19.59164810180664,15.236123085021973,20.937166213989258,56.63985824584961,17.557756423950195,95.95391845703125,86.0929946899414,81.78184509277344,47.60523223876953,118.95999908447266,11.514860153198242,54.241188049316406
2016-03-22,173.3454132080078,100.62273406982422,95.54429626464844,41.82479476928711,27.11150360107422,19.596128463745117,15.189115524291992,20.82134246826172,57.2043342590332,17.499921798706055,95.93143463134766,85.91134643554688,81.62877655029297,47.477996826171875,119.30999755859375,11.599403381347656,54.241188049316406
2016-03-23,172.20143127441406,99.79444885253906,93.778076171875,41.40150833129883,26.649280548095703,19.484146118164062,15.074962615966797,20.364673614501953,56.79991912841797,17.63003158569336,97.01782989501953,86.30619812011719,82.03917694091797,47.25819396972656,116.61000061035156,11.354227066040039,53.94786834716797
2016-03-24,172.1251678466797,99.82233428955078,94.0588150024414,41.12417221069336,26.585521697998047,19.537899017333984,14.980955123901367,20.463956832885742,56.774654388427734,17.677021026611328,97.0552749633789,86.21932983398438,82.00440979003906,47.050010681152344,116.33000183105469,11.286592483520508,53.96785354614258
2016-03-28,172.22686767578125,99.6827621459961,94.17290496826172,41.372310638427734,26.673185348510742,19.48862648010254,15.027963638305664,20.354753494262695,56.61457824707031,17.611961364746094,97.18267059326172,86.34564208984375,82.05310821533203,46.83603286743164,116.5999984741211,11.320409774780273,54.45452117919922
2016-03-29,173.81997680664062,101.2834701538086,96.78759002685547,41.81748962402344,27.03977394104004,19.793209075927734,15.054825782775879,20.45071792602539,57.271724700927734,17.8721866607666,98.20164489746094,86.92996978759766,82.42178344726562,47.015323638916016,118.76000213623047,11.295045852661133,55.63454818725586
2016-03-30,174.58262634277344,101.77676391601562,96.79637145996094,42.13130187988281,27.31869888305664,19.909664154052734,15.14211368560791,20.490432739257812,57.28014373779297,17.828813552856445,97.16771697998047,86.81153869628906,82.32439422607422,47.18303680419922,117.0999984741211,11.252774238586426,55.527889251708984
2016-03-31,174.158935546875,101.62781524658203,97.06836700439453,41.7153205871582,27.294788360595703,19.86935043334961,15.108534812927246,20.480501174926758,57.103233337402344,17.93362808227539,97.85696411132812,87.12738037109375,82.65133666992188,47.24666213989258,117.63999938964844,11.235865592956543,55.86789321899414
2016-04-01,175.34532165527344,102.70740509033203,97.4983139038086,41.270145416259766,27.215103149414062,20.02164649963379,15.242840766906738,20.205835342407227,57.75194549560547,18.002296447753906,98.1122055053711,87.10208129882812,82.91777038574219,47.280941009521484,116.93000030517578,11.04141616821289,55.79457092285156
2016-04-04,174.77755737304688,102.3165054321289,96.68230438232422,41.18256378173828,26.888351440429688,19.945493698120117,15.168973922729492,20.056922912597656,58.442787170410156,17.9263973236084,98.17228698730469,87.20486450195312,82.92477416992188,47.16469192504883,116.1500015258789,10.889236450195312,55.714561462402344
2016-04-05,173.0319061279297,101.33001708984375,95.5855484008789,40.372493743896484,26.36238670349121,19.752899169921875,14.954096794128418,19.921249389648438,57.68452835083008,17.590272903442383,99.2459487915039,87.55284881591797,83.18988037109375,46.99041748046875,117.66000366210938,10.863873481750488,55.347904205322266
2016-04-06,174.9216766357422,102.99589538574219,96.66474151611328,41.029300689697266,26.681148529052734,19.945493698120117,15.034674644470215,20.351442337036133,59.23468017578125,17.568592071533203,98.52519226074219,87.36305236816406,83.12007904052734,47.385528564453125,116.94000244140625,10.982233047485352,55.48122787475586
2016-04-07,172.8285369873047,101.51615905761719,95.35741424560547,40.430870056152344,26.147212982177734,19.658830642700195,14.75264835357666,20.2323055267334,58.58597183227539,17.561363220214844,99.74142456054688,87.81380462646484,83.34330749511719,47.15311813354492,118.61000061035156,10.948417663574219,55.13454055786133
2016-04-08,173.29458618164062,101.44168853759766,95.73468780517578,41.2044563293457,26.60146713256836,19.658830642700195,14.806365966796875,20.639339447021484,58.42591857910156,17.655332565307617,99.11076354980469,87.6794204711914,83.15495300292969,47.36809539794922,118.43000030517578,11.210501670837402,55.441219329833984
2016-04-11,172.8878631591797,101.06941986083984,95.43637084960938,41.22635269165039,26.944143295288086,19.605083465576172,14.866801261901855,20.553295135498047,57.979393005371094,17.579431533813477,98.98318481445312,87.66357421875,83.1479721069336,47.432003021240234,120.02999877929688,11.295045852661133,55.3278923034668
2016-04-12,174.4979705810547,101.91632080078125,96.46292877197266,41.83938217163086,27.358545303344727,19.739463806152344,15.054825782775879,21.16550064086914,58.45119094848633,17.702314376831055,98.2999496459961,87.31559753417969,82.82010650634766,47.7109260559082,120.05000305175781,11.540223121643066,55.72789764404297
2016-04-13,176.26052856445312,103.21927642822266,98.54242706298828,42.50351333618164,27.844669342041016,19.941024780273438,15.397274017333984,21.264772415161133,58.998809814453125,17.593900680541992,98.64524841308594,87.37882995605469,83.10609436035156,48.024688720703125,118.7699966430664,11.599403381347656,55.48122787475586
2016-04-14,176.26901245117188,103.22855377197266,98.4195785522461,42.64216995239258,27.709192276000977,19.93653678894043,15.430855751037598,21.314422607421875,59.03250503540039,17.572206497192383,98.17228698730469,87.17324829101562,83.0503158569336,48.00725555419922,117.11000061035156,11.5064058303833,55.1745491027832
2016-04-15,176.0740966796875,102.9679946899414,98.66523742675781,42.54729080200195,27.549808502197266,19.860393524169922,15.377137184143066,21.02651023864746,58.99037170410156,17.669790267944336,99.01321411132812,87.43421173095703,83.39910888671875,47.93174743652344,117.91999816894531,11.464133262634277,55.5879020690918
2016-04-18,177.31129455566406,103.51705169677734,99.41107177734375,42.91218185424805,27.677318572998047,19.945493698120117,15.491290092468262,21.373977661132812,59.53799057006836,17.73845863342285,98.5852279663086,87.34723663330078,83.48978424072266,48.20481491088867,117.73999786376953,11.514860153198242,55.85455322265625
2016-04-19,177.87057495117188,102.88423156738281,99.4900131225586,43.656585693359375,28.099685668945312,19.833518981933594,15.686023712158203,21.800859451293945,59.74861145019531,17.76738166809082,98.27738952636719,87.20486450195312,83.64324188232422,48.408199310302734,119.58000183105469,11.760038375854492,55.88125228881836
2016-04-20,178.0400848388672,102.9679946899414,99.63919067382812,43.69306945800781,27.97218132019043,19.873836517333984,15.806891441345215,21.99610137939453,60.06875228881836,17.322826385498047,97.1962890625,86.76203155517578,83.41301727294922,48.501155853271484,118.97000122070312,11.98830509185791,54.93455123901367
2016-04-21,177.08250427246094,102.97727966308594,99.13905334472656,43.43034362792969,27.693254470825195,19.802167892456055,15.665875434875488,21.867046356201172,60.4225959777832,16.961408615112305,96.6181869506836,86.61962127685547,83.37816619873047,48.35007858276367,119.41999816894531,11.937578201293945,53.95454406738281
2016-04-22,177.08250427246094,101.423095703125,100.12178039550781,43.45224380493164,27.525901794433594,19.457273483276367,15.813603401184082,22.184728622436523,60.548973083496094,17.11319923400879,96.37042236328125,86.5247802734375,83.46885681152344,48.460479736328125,117.88999938964844,11.886853218078613,54.541202545166016
2016-04-25,176.77740478515625,101.423095703125,99.41107177734375,43.23330307006836,27.35057830810547,19.461755752563477,15.780031204223633,21.936538696289062,60.31306838989258,17.145736694335938,95.97250366210938,86.4299087524414,83.2735366821289,48.27456283569336,118.2300033569336,11.878399848937988,54.99454879760742
2016-04-26,177.04013061523438,100.92985534667969,100.3849868774414,43.386558532714844,27.645442962646484,19.367691040039062,15.880753517150879,22.28731346130371,60.08559036254883,17.171031951904297,95.53703308105469,86.24797821044922,83.23863220214844,48.437255859375,118.69999694824219,12.0305757522583,55.207889556884766
2016-04-27,177.40451049804688,100.12015533447266,100.7359619140625,43.41575241088867,27.812795639038086,19.278112411499023,15.907615661621094,22.710886001586914,60.0181999206543,17.420406341552734,96.49059295654297,86.7224349975586,83.76882934570312,48.72196578979492,119.04000091552734,12.140484809875488,55.1745491027832
2016-04-28,175.7943878173828,98.9103012084961,99.58653259277344,42.824607849121094,27.525901794433594,19.036245346069336,15.739737510681152,22.373340606689453,59.73176193237305,17.39510726928711,96.88848876953125,87.02297973632812,83.84552764892578,48.64061737060547,121.29000091552734,12.208118438720703,55.061222076416016
2016-04-29,174.8453826904297,98.38912200927734,98.69158172607422,42.64216995239258,27.406352996826172,18.87051010131836,15.652446746826172,22.336946487426758,58.79661560058594,17.499921798706055,97.13624572753906,86.99139404296875,83.93620300292969,48.72196578979492,123.6500015258789,12.326480865478516,54.55453872680664
2016-05-02,176.23512268066406,99.31979370117188,99.56900024414062,43.043548583984375,27.334640502929688,19.009361267089844,15.793461799621582,22.31378746032715,59.13359832763672,17.6408748626709,96.15825653076172,86.73873138427734,83.82775115966797,48.74065017700195,123.23999786376953,12.157392501831055,55.40122604370117
2016-05-03,174.70127868652344,98.3984603881836,97.93702697753906,42.33564376831055,26.561616897583008,18.83467674255371,15.592012405395508,21.78762435913086,58.94824981689453,17.626419067382812,97.36943054199219,87.2535171508789,83.9747085571289,48.425418853759766,122.95999908447266,11.971396446228027,55.48789596557617
2016-05-04,173.7267608642578,97.76560974121094,97.1297607421875,41.846683502197266,26.13128089904785,18.77644920349121,15.47114372253418,21.47325325012207,58.38380432128906,17.832427978515625,97.90353393554688,87.41188049316406,83.8348159790039,48.24449157714844,122.20999908447266,11.979850769042969,56.28125
2016-05-05,173.69288635253906,97.73765563964844,96.74373626708984,41.75910568237305,26.123306274414062,18.785409927368164,15.464425086975098,21.648639678955078,58.62810516357422,17.763755798339844,98.55805969238281,87.64949798583984,84.00263977050781,48.20366668701172,122.06999969482422,11.861489295959473,56.44123840332031
2016-05-06,174.32843017578125,98.25888061523438,97.31402587890625,41.875877380371094,26.163156509399414,18.92426109313965,15.531582832336426,21.59900665283203,58.28268814086914,17.648103713989258,98.13674926757812,87.44357299804688,83.82081604003906,48.174434661865234,123.18000030517578,11.937578201293945,57.061256408691406
2016-05-09,174.4725341796875,98.53805541992188,97.59481048583984,41.788307189941406,25.828445434570312,18.92426109313965,15.491290092468262,21.284629821777344,58.94824981689453,17.74930191040039,98.44522857666016,87.60993194580078,83.73687744140625,48.08687210083008,120.6500015258789,11.675493240356445,57.687931060791016
2016-05-10,176.64186096191406,99.88751983642578,98.5774917602539,42.386741638183594,26.322538375854492,19.170612335205078,15.712881088256836,21.658567428588867,59.445316314697266,17.76738166809082,98.45271301269531,87.59406280517578,83.87673950195312,48.49549102783203,120.9800033569336,11.96294116973877,57.681278228759766
2016-05-11,174.9893798828125,98.98477172851562,97.3578872680664,42.02184295654297,26.2587833404541,19.031763076782227,15.54500961303711,21.724746704101562,58.72921371459961,17.832427978515625,99.00944519042969,87.72869873046875,83.9676513671875,48.46046447753906,122.12000274658203,12.241935729980469,56.44792556762695
2016-05-12,175.04025268554688,98.54736328125,96.84024047851562,42.007240295410156,26.187063217163086,18.978010177612305,15.551719665527344,21.784318923950195,58.38380432128906,17.937238693237305,98.55805969238281,87.49108123779297,83.79287719726562,48.53635025024414,121.16000366210938,12.258846282958984,56.77459716796875
2016-05-13,173.51486206054688,98.18439483642578,96.1997299194336,41.576663970947266,25.716873168945312,18.90633773803711,15.363706588745117,21.506343841552734,58.24900436401367,17.85049819946289,99.51342010498047,87.8237533569336,83.94671630859375,48.320396423339844,121.70999908447266,12.241935729980469,56.26792907714844
2016-05-16,175.22671508789062,99.41287231445312,97.4193115234375,42.072914123535156,26.027673721313477,19.170612335205078,15.444283485412598,21.8703556060791,59.04091262817383,17.8721866607666,98.65581512451172,87.50691223144531,83.66693115234375,48.58888244628906,121.80000305175781,12.37720775604248,56.80125045776367
2016-05-17,173.59120178222656,98.16576385498047,95.87507629394531,41.766395568847656,25.908130645751953,18.978010177612305,15.356989860534668,21.972938537597656,58.42591857910156,17.568592071533203,98.82137298583984,87.38814544677734,83.63892364501953,48.48964309692383,122.22000122070312,12.47020435333252,55.747901916503906
2016-05-18,173.6420440673828,98.51944732666016,96.37520599365234,41.7809944152832,25.65311622619629,19.013837814331055,15.625585556030273,21.761150360107422,58.670249938964844,17.239702224731445,97.41455841064453,86.68324279785156,82.92554473876953,48.49549102783203,120.0999984741211,12.37720775604248,54.87454605102539
2016-05-19,173.04037475585938,98.0075912475586,95.60306549072266,41.481788635253906,25.414037704467773,18.910823822021484,15.477855682373047,21.764461517333984,58.17318344116211,17.413188934326172,97.8359146118164,86.77035522460938,83.12137603759766,48.36124038696289,119.87000274658203,12.343388557434082,54.261199951171875
2016-05-20,174.133544921875,99.08715057373047,97.20875549316406,41.82479476928711,25.669057846069336,19.13925552368164,15.585301399230957,21.893522262573242,58.712364196777344,17.452939987182617,97.91105651855469,86.82581329345703,83.17733764648438,48.53050994873047,119.70999908447266,12.394115447998047,54.69456100463867
2016-05-23,173.89625549316406,98.95687103271484,97.09469604492188,41.68613052368164,25.621240615844727,19.103424072265625,15.571871757507324,21.837265014648438,58.476470947265625,17.297529220581055,98.12921905517578,86.88127899169922,83.17733764648438,48.54218292236328,119.37000274658203,12.326480865478516,54.70119857788086
2016-05-24,176.15042114257812,100.93914794921875,99.09520721435547,42.291866302490234,25.884227752685547,19.461755752563477,15.806891441345215,21.946470260620117,59.3189582824707,17.471006393432617,97.69288635253906,86.73873138427734,83.03743743896484,48.83404541015625,117.30000305175781,12.326480865478516,55.38121795654297
2016-05-25,177.34519958496094,101.66504669189453,99.67427825927734,42.73703384399414,26.195030212402344,19.596128463745117,15.97475814819336,22.29393196105957,59.68963623046875,17.420406341552734,97.3243179321289,86.69912719726562,83.18431854248047,48.90995788574219,116.9800033569336,12.47020435333252,55.38121795654297
2016-05-26,177.39605712890625,101.96287536621094,99.56021118164062,42.853797912597656,26.3703556060791,19.658830642700195,15.880753517150879,22.201274871826172,59.698055267333984,17.619192123413086,97.82827758789062,86.96839904785156,83.42210388183594,48.76984786987305,116.58000183105469,12.461749076843262,55.48789596557617
2016-05-27,178.1587371826172,102.49335479736328,100.55167388916016,42.81001663208008,26.36238670349121,19.752899169921875,15.988187789916992,22.21451187133789,59.96765899658203,17.648103713989258,97.68538665771484,86.80204010009766,83.35918426513672,48.85155487060547,115.62000274658203,12.51247787475586,55.78791809082031
2016-05-31,177.81976318359375,102.68876647949219,100.90267181396484,42.60567855834961,26.394262313842773,19.793209075927734,15.947901725769043,22.128469467163086,60.110862731933594,17.763755798339844,97.9185791015625,86.9050064086914,83.50606536865234,48.80486297607422,116.05999755859375,12.436387062072754,55.781211853027344
2016-06-01,178.1841278076172,102.69806671142578,101.5870132446289,42.569183349609375,26.378314971923828,19.74393653869629,15.981473922729492,22.13509178161621,60.32991027832031,17.81074333190918,98.31586456298828,86.87565612792969,83.56497192382812,48.88228988647461,115.94000244140625,12.563201904296875,55.827880859375
2016-06-02,178.72650146484375,102.9121322631836,102.36795043945312,42.569183349609375,26.593494415283203,19.72602081298828,16.01504898071289,22.105308532714844,61.10500717163086,17.81796646118164,99.02446746826172,87.14539337158203,83.73329162597656,48.894012451171875,115.66999816894531,12.588565826416016,56.11457824707031
2016-06-03,178.192626953125,102.4281997680664,101.75376892089844,42.84650802612305,26.99993133544922,19.68123435974121,15.786744117736816,22.01926612854004,60.90281295776367,18.099876403808594,100.43417358398438,87.95439910888672,84.40665435791016,48.98201370239258,118.87999725341797,12.673110008239746,56.34125518798828
2016-06-06,179.099365234375,102.80046081542969,102.85053253173828,43.08734130859375,27.286819458007812,19.717065811157227,15.880753517150879,22.50572395324707,61.231353759765625,18.07457733154297,99.68789672851562,87.72438049316406,84.2032470703125,49.199031829833984,118.91999816894531,12.825288772583008,55.90790557861328
2016-06-07,179.37893676757812,102.53988647460938,103.14881896972656,43.40115737915039,27.53386688232422,19.797687530517578,15.847174644470215,23.015329360961914,60.852264404296875,18.06012535095215,99.92906188964844,87.85127258300781,84.3294906616211,49.41603088378906,118.81999969482422,12.952103614807129,56.247920989990234
2016-06-08,179.96371459960938,102.71670532226562,103.91219329833984,43.48872756958008,27.733097076416016,19.83800506591797,15.860605239868164,22.96238136291504,61.062889099121094,18.168548583984375,100.46434020996094,87.95439910888672,84.61001586914062,49.603736877441406,120.58000183105469,13.171917915344238,56.60792922973633
2016-06-09,179.71791076660156,102.54920196533203,103.24536895751953,42.95596694946289,27.414329528808594,19.84247589111328,15.746453285217285,22.78700065612793,60.961795806884766,18.323955535888672,101.11264038085938,88.08921813964844,84.72928619384766,49.41013717651367,121.25,13.146554946899414,56.73458480834961
2016-06-10,178.01461791992188,101.38587188720703,101.84149932861328,41.708030700683594,26.721006393432617,19.69019317626953,15.551719665527344,22.29393196105957,60.4731330871582,18.276979446411133,101.60262298583984,88.39856719970703,84.82746887207031,49.169681549072266,121.73999786376953,12.985920906066895,56.467899322509766
2016-06-13,176.64186096191406,100.53897857666016,100.7359619140625,41.1022834777832,26.34644889831543,19.470706939697266,15.444283485412598,22.227746963500977,59.992923736572266,18.255294799804688,102.054931640625,88.57304382324219,84.70123291015625,48.8411979675293,122.63999938964844,12.985920906066895,56.48124694824219
2016-06-14,176.29443359375,100.53897857666016,100.44640350341797,40.445465087890625,26.2587833404541,19.515504837036133,15.215978622436523,22.21451187133789,60.08559036254883,18.352872848510742,101.97953033447266,88.54924774169922,84.51190185546875,48.676971435546875,122.7699966430664,12.901378631591797,56.3345832824707
2016-06-15,176.04859924316406,100.25047302246094,100.51660919189453,40.71549987792969,26.537704467773438,19.466232299804688,15.236123085021973,22.16156768798828,59.67278289794922,18.23721694946289,102.3715591430664,88.81893920898438,84.82746887207031,48.70045471191406,123.68000030517578,12.83374309539795,56.8679313659668
2016-06-16,176.5740509033203,100.54824829101562,100.50782775878906,40.803070068359375,26.442073822021484,19.506542205810547,15.276409149169922,22.0556697845459,59.8834114074707,18.352872848510742,102.86911010742188,88.91413879394531,84.95379638671875,48.729793548583984,122.37999725341797,12.61392879486084,57.18793487548828
2016-06-17,175.9164581298828,99.3697280883789,100.077880859375,41.2044563293457,26.51380157470703,19.376466751098633,15.263585090637207,22.28083610534668,59.261680603027344,18.419185638427734,102.22831726074219,88.61272430419922,84.70123291015625,48.75910949707031,123.94999694824219,12.909832954406738,57.094608306884766
2016-06-20,177.04934692382812,99.99491119384766,101.16588592529297,42.22618103027344,26.983985900878906,19.457483291625977,15.351343154907227,22.474040985107422,59.63386535644531,18.349964141845703,101.13520812988281,88.23200225830078,84.59607696533203,49.04651641845703,123.20999908447266,13.028192520141602,57.174598693847656
2016-06-21,177.55191040039062,100.31217193603516,100.97284698486328,42.569183349609375,27.191192626953125,19.59251594543457,15.439108848571777,22.740514755249023,59.43086242675781,18.375463485717773,100.66785430908203,88.03372955322266,84.5188980102539,49.23418045043945,120.83999633789062,12.926740646362305,57.392520904541016
2016-06-22,177.26231384277344,100.06957244873047,100.5780029296875,42.54311752319336,27.26026725769043,19.524995803833008,15.425597190856934,22.613943099975586,59.60004806518555,18.28801155090332,100.83366394042969,88.20816802978516,84.6732177734375,49.28110885620117,120.9000015258789,12.850651741027832,57.305118560791016
2016-06-23,179.5707550048828,101.49726867675781,102.49958038330078,43.71990203857422,27.91887855529785,19.79054832458496,15.749641418457031,22.987009048461914,60.37822341918945,18.33902931213379,99.68030548095703,87.7878189086914,84.58901977539062,49.644805908203125,120.11000061035156,12.952103614807129,57.5943603515625
2016-06-24,173.12258911132812,97.31682586669922,98.60384368896484,39.96609878540039,26.224151611328125,19.029895782470703,14.905789375305176,22.24420166015625,58.627288818359375,18.368173599243164,102.3564682006836,89.00135803222656,84.98882293701172,48.829490661621094,126.0,12.690018653869629,57.0831184387207
2016-06-27,170.02198791503906,95.3852310180664,95.36619567871094,39.19895553588867,25.886808395385742,18.64731788635254,14.480490684509277,21.5313720703125,57.84062957763672,18.59408950805664,104.9120101928711,89.77076721191406,85.3465347290039,48.1256217956543,126.68000030517578,12.664654731750488,57.12347412109375
2016-06-28,173.0884552001953,97.4754638671875,96.84024047851562,40.226776123046875,26.64983367919922,19.016393661499023,14.851784706115723,22.13094711303711,58.96565628051758,18.66331672668457,105.13059997558594,89.7549057006836,85.81648254394531,48.729793548583984,125.31999969482422,12.867559432983398,58.32756042480469
2016-06-29,176.03567504882812,99.20174407958984,99.04254913330078,40.964134216308594,27.324525833129883,19.3089542388916,15.189321517944336,22.550647735595703,60.090633392333984,18.714332580566406,104.32398986816406,89.38999938964844,85.78837585449219,49.34564971923828,125.83999633789062,13.053555488586426,59.03385925292969
2016-06-30,178.43785095214844,100.34952545166016,100.88512420654297,41.57487869262695,27.597604751586914,19.52050018310547,15.432353019714355,22.730514526367188,60.6573600769043,19.118797302246094,104.70836639404297,89.58834075927734,86.09000396728516,49.679954528808594,126.47000122070312,12.97746753692627,59.64601516723633
2016-07-01,178.81260681152344,100.85343933105469,101.24485778808594,41.57487869262695,27.862661361694336,19.565502166748047,15.351343154907227,22.850435256958008,61.03801345825195,19.122434616088867,106.16231536865234,89.82501220703125,86.54082489013672,49.778385162353516,128.41000366210938,13.138100624084473,59.666175842285156
2016-07-05,177.52639770507812,100.23751068115234,99.75326538085938,40.77048873901367,27.268295288085938,19.421476364135742,15.121818542480469,22.39076042175293,60.978797912597656,19.264541625976562,107.49148559570312,90.31745910644531,86.83621215820312,49.495506286621094,129.47000122070312,12.766108512878418,60.32539367675781
2016-07-06,178.5911407470703,101.0586929321289,100.4775619506836,40.69600296020508,27.196008682250977,19.556501388549805,15.162322998046875,22.48736000061035,61.663944244384766,19.304616928100586,107.66510772705078,90.33336639404297,86.99092864990234,49.71357345581055,130.22999572753906,12.81683349609375,60.06306076049805
2016-07-07,178.4803924560547,101.3572769165039,100.68930053710938,40.532142639160156,27.123720169067383,19.556501388549805,15.182571411132812,22.257522583007812,61.57090377807617,18.947528839111328,107.65764617919922,90.21419525146484,87.00505065917969,49.778385162353516,129.74000549316406,12.45329475402832,59.44419479370117
2016-07-08,181.13807678222656,102.92498016357422,103.03604888916016,41.150333404541016,27.710050582885742,19.86256980895996,15.472864151000977,22.55398178100586,62.33220291137695,19.144298553466797,108.45061492919922,90.38894653320312,87.49024963378906,50.43840026855469,130.52000427246094,12.580111503601074,60.40610885620117
2016-07-11,181.77688598632812,103.51285552978516,104.22706604003906,41.753623962402344,27.9751033782959,19.97959327697754,15.560616493225098,22.597286224365234,62.163028717041016,19.12972640991211,107.49901580810547,89.91239166259766,87.26524353027344,50.46790313720703,129.2899932861328,12.52938461303711,60.80971908569336
2016-07-12,183.0972442626953,104.03538513183594,105.62097930908203,42.31967544555664,28.368667602539062,20.141620635986328,15.75639820098877,23.156885147094727,62.467529296875,18.867374420166016,105.73174285888672,89.38018035888672,86.77288818359375,50.60929489135742,127.1500015258789,12.766108512878418,60.80298614501953
2016-07-13,183.07171630859375,103.783447265625,105.20633697509766,42.27497863769531,28.320470809936523,20.14612579345703,15.75639820098877,22.957027435302734,62.44215393066406,19.016761779785156,106.9778823852539,89.61058044433594,87.11051177978516,50.46196365356445,128.32000732421875,12.605474472045898,61.139320373535156
2016-07-14,184.09390258789062,104.49264526367188,105.31220245361328,42.63993453979492,28.730100631713867,20.276655197143555,15.904912948608398,23.073612213134766,62.71283721923828,18.892873764038086,105.42212677001953,89.23723602294922,86.89952087402344,50.562164306640625,127.33000183105469,12.656200408935547,60.59447479248047
2016-07-15,183.84686279296875,104.3246841430664,105.60334014892578,42.42394256591797,28.66584014892578,20.25864601135254,15.877909660339355,23.060287475585938,62.662113189697266,18.947528839111328,104.51585388183594,88.89572143554688,86.56900024414062,50.46196365356445,126.83999633789062,12.622384071350098,60.614654541015625
2016-07-18,184.34091186523438,105.01519012451172,105.77977752685547,42.52821731567383,28.922861099243164,20.393680572509766,15.931915283203125,23.076940536499023,62.68746566772461,19.0021915435791,104.41770935058594,88.8718490600586,86.56900024414062,50.63288116455078,127.04000091552734,12.563201904296875,60.776092529296875
2016-07-19,184.1535186767578,104.63261413574219,105.2504653930664,42.19306182861328,28.62568473815918,20.348669052124023,15.938663482666016,22.947031021118164,62.5521240234375,18.969396591186523,105.00675201416016,89.11019134521484,86.72371673583984,50.497337341308594,127.20999908447266,12.487113952636719,61.07207489013672
2016-07-20,184.920166015625,105.85503387451172,105.9385986328125,42.57291030883789,28.770263671875,20.614225387573242,15.965675354003906,22.913726806640625,63.11884689331055,18.860078811645508,104.43279266357422,88.92748260498047,86.69554138183594,50.62693786621094,125.38999938964844,12.402569770812988,61.07879638671875
2016-07-21,184.22166442871094,105.61239624023438,105.43572235107422,42.4015998840332,28.68191146850586,20.506202697753906,15.884661674499512,22.687217712402344,63.30492401123047,18.973039627075195,104.6442642211914,89.12606048583984,86.79399108886719,50.55625915527344,127.30000305175781,12.33493423461914,61.19989013671875
2016-07-22,185.0479278564453,106.05097198486328,106.22088623046875,42.48352813720703,28.89073944091797,20.62773323059082,15.985917091369629,22.757171630859375,63.431800842285156,19.224458694458008,104.82551574707031,89.05455017089844,86.74478149414062,50.78018569946289,126.3499984741211,12.309572219848633,61.738014221191406
2016-07-25,184.54531860351562,106.06031036376953,106.06209564208984,42.431400299072266,28.601591110229492,20.60072135925293,15.952170372009277,22.30415916442871,63.36415100097656,19.191667556762695,104.74994659423828,88.98311614990234,86.69554138183594,50.538612365722656,125.47000122070312,12.174301147460938,61.62364196777344
2016-07-26,184.63055419921875,106.18159484863281,106.57379150390625,42.61015319824219,28.82648468017578,20.645721435546875,15.965675354003906,22.434070587158203,63.254215240478516,19.024051666259766,104.9161148071289,89.0386734008789,86.61117553710938,50.344120025634766,126.0,12.123575210571289,61.32095718383789
2016-07-27,184.43460083007812,106.9188003540039,106.87374114990234,42.76655960083008,28.922861099243164,20.816762924194336,15.958916664123535,22.214221954345703,63.54179382324219,18.80542755126953,106.22269439697266,89.41993713378906,86.96984100341797,50.497337341308594,128.02999877929688,12.005213737487793,60.84336471557617
2016-07-28,184.64752197265625,107.29205322265625,106.60026550292969,42.721866607666016,28.930891036987305,20.83026695251465,15.992680549621582,22.217548370361328,63.482574462890625,18.878307342529297,106.02631378173828,89.46759033203125,86.88543701171875,50.28520965576172,127.66000366210938,11.971396446228027,61.408409118652344
2016-07-29,184.9456787109375,107.52535247802734,106.81201934814453,43.22834014892578,29.083507537841797,20.906780242919922,15.965675354003906,22.444059371948242,63.60945129394531,18.991262435913086,106.90995025634766,89.80912780761719,87.20196533203125,50.33230972290039,128.97999572753906,12.072847366333008,62.188716888427734
2016-08-01,184.79238891601562,108.09453582763672,106.90022277832031,42.945308685302734,29.027278900146484,20.947294235229492,15.925165176391602,21.704586029052734,64.0154800415039,19.0021915435791,105.75079345703125,89.49736022949219,86.71046447753906,50.049964904785156,129.22000122070312,11.861489295959473,62.32327651977539
2016-08-02,183.6083526611328,107.27337646484375,105.40924835205078,42.72931671142578,28.81845474243164,20.789762496948242,15.790146827697754,21.901111602783203,63.770179748535156,18.878307342529297,104.66130828857422,89.2825698852539,86.22386932373047,49.97891616821289,130.27000427246094,11.844579696655273,61.327693939208984
2016-08-03,184.14498901367188,107.62799072265625,106.2650146484375,42.58034896850586,28.914836883544922,20.861774444580078,15.952170372009277,22.324138641357422,63.5925407409668,18.76534652709961,104.72183990478516,89.33026885986328,86.33674621582031,50.20387268066406,129.64999389648438,12.039031028747559,60.971168518066406
2016-08-04,184.34091186523438,107.93592834472656,106.36206817626953,42.826148986816406,29.07547950744629,20.974300384521484,15.911664009094238,22.29083251953125,63.499515533447266,18.75441551208496,105.50873565673828,89.5450668334961,86.70342254638672,50.52353286743164,129.8699951171875,12.089757919311523,60.722286224365234
2016-08-05,185.8486328125,108.97168731689453,107.89714813232422,43.01978302001953,29.412811279296875,21.176830291748047,16.2154483795166,22.494028091430664,63.65174865722656,18.48477554321289,104.41165924072266,88.98831176757812,86.35081481933594,50.636009216308594,127.55000305175781,12.140484809875488,60.76263427734375
2016-08-08,185.7378692626953,108.85038757324219,107.84422302246094,43.10915756225586,29.62164878845215,21.172332763671875,16.235702514648438,22.79380989074707,63.110374450683594,18.47749137878418,104.60832977294922,88.94055938720703,86.4072494506836,50.843177795410156,127.44000244140625,12.208118438720703,60.87027359008789
2016-08-09,185.8486328125,109.1023178100586,107.95890808105469,43.451778411865234,29.82244110107422,21.217344284057617,16.24920082092285,22.673892974853516,63.262657165527344,18.473844528198242,105.6373519897461,89.25873565673828,86.91497039794922,51.02075958251953,127.95999908447266,12.174301147460938,61.19989013671875
2016-08-10,185.3886260986328,108.82240295410156,107.18253326416016,43.600730895996094,29.83047103881836,21.149831771850586,16.120933532714844,22.42740249633789,63.05119705200195,18.47749137878418,106.04586791992188,89.49736022949219,87.16173553466797,50.92606735229492,128.55999755859375,12.0305757522583,61.13261032104492
2016-08-11,186.2489471435547,109.28897094726562,107.6942138671875,43.913551330566406,30.216005325317383,21.226348876953125,16.15468978881836,22.757171630859375,63.41492462158203,18.52121925354004,105.10015106201172,89.06782531738281,86.87260437011719,51.05037307739258,127.66999816894531,12.216572761535645,60.43975830078125
2016-08-12,186.087158203125,109.36360931396484,107.80010986328125,43.80183029174805,30.103559494018555,21.203834533691406,16.107439041137695,22.883747100830078,63.254215240478516,18.54671859741211,105.9853286743164,89.3860092163086,87.26753997802734,51.091796875,127.4000015258789,12.309572219848633,60.69536590576172
2016-08-15,186.6237335205078,109.83016967773438,108.86761474609375,43.97313690185547,30.416799545288086,21.307363510131836,16.2154483795166,23.066944122314453,63.36415100097656,18.26250457763672,104.98663330078125,89.1235122680664,86.99952697753906,51.24569320678711,127.83999633789062,12.51247787475586,60.63483810424805
2016-08-16,185.66127014160156,109.22364807128906,107.98535919189453,43.90610885620117,30.28025245666504,21.149831771850586,16.174943923950195,23.103588104248047,62.79745864868164,18.04752540588379,104.70669555664062,88.9723892211914,86.84442901611328,51.139156341552734,128.47000122070312,12.61392879486084,59.908329010009766
2016-08-17,186.0104217529297,109.41959381103516,107.66777801513672,43.89120101928711,30.087488174438477,21.14082908630371,16.228958129882812,23.173540115356445,62.924320220947266,18.317161560058594,105.3346939086914,89.11557006835938,87.08417510986328,51.21021270751953,128.5,12.664654731750488,60.1505012512207
2016-08-18,186.4278564453125,109.44760131835938,108.46177673339844,44.11465072631836,30.36861228942871,21.149831771850586,16.2154483795166,23.649871826171875,62.94969177246094,18.54307746887207,105.50115966796875,89.2746353149414,87.29570770263672,51.41144943237305,129.11000061035156,12.825288772583008,59.92851638793945
2016-08-19,186.15524291992188,109.41959381103516,108.46177673339844,43.78694152832031,30.199935913085938,21.1633358001709,16.208702087402344,23.453340530395508,62.898929595947266,18.317161560058594,104.94881439208984,88.9723892211914,87.03480529785156,51.25752258300781,127.97000122070312,12.7830171585083,59.54510498046875
2016-08-22,186.146728515625,109.50359344482422,108.70881652832031,43.83161926269531,29.79833984375,21.1633358001709,16.208702087402344,23.18352699279785,63.02581024169922,18.364530563354492,105.83399963378906,89.17122650146484,87.33094024658203,51.174686431884766,127.77999877929688,12.664654731750488,59.86798095703125
2016-08-23,186.52154541015625,109.69953155517578,109.4675064086914,44.017826080322266,29.67786407470703,21.239845275878906,16.228958129882812,23.346752166748047,63.08500671386719,18.284364700317383,105.94754791259766,89.16327667236328,87.4297103881836,51.34634017944336,127.76000213623047,12.715381622314453,59.901588439941406
2016-08-24,185.5675048828125,108.99034881591797,108.57645416259766,43.913551330566406,29.758180618286133,21.122821807861328,16.222200393676758,23.25348663330078,62.09535598754883,18.277082443237305,105.6978530883789,89.1314468383789,87.373291015625,51.20431137084961,126.33999633789062,12.563201904296875,59.63928985595703
2016-08-25,185.43971252441406,108.81306457519531,108.78817749023438,43.73479080200195,29.782272338867188,21.167831420898438,16.255958557128906,23.190200805664062,61.57090377807617,18.28801155090332,105.29680633544922,88.98831176757812,87.28863525390625,51.29899597167969,126.2300033569336,12.61392879486084,59.908329010009766
2016-08-26,185.09043884277344,108.97168731689453,108.567626953125,43.474117279052734,29.5252628326416,21.176830291748047,16.276199340820312,23.110260009765625,61.80777359008789,17.9090633392334,104.68402862548828,88.64627838134766,87.01366424560547,51.239810943603516,126.05000305175781,12.571656227111816,59.3163948059082
2016-08-29,186.00193786621094,109.12100982666016,109.13225555419922,43.60818099975586,29.750152587890625,21.257854461669922,16.4179744720459,23.266809463500977,61.9431037902832,18.054811477661133,106.08370971679688,89.01216888427734,87.50728607177734,51.494346618652344,126.30000305175781,12.520931243896484,59.901588439941406
2016-08-30,185.69529724121094,108.76641845703125,109.3351821899414,43.54860305786133,29.66982650756836,21.185842514038086,16.56648826599121,23.186864852905273,61.731651306152344,17.865333557128906,105.6751480102539,89.00419616699219,87.39443969726562,51.52396011352539,125.02999877929688,12.402569770812988,59.787254333496094
2016-08-31,185.16717529296875,108.65442657470703,108.7176284790039,43.45921325683594,29.340524673461914,21.149831771850586,16.579998016357422,22.820457458496094,61.545570373535156,17.93821144104004,105.82645416259766,88.90074920654297,87.35920715332031,51.322662353515625,124.77999877929688,12.165846824645996,59.847816467285156
2016-09-01,185.17568969726562,108.93435668945312,108.79701232910156,43.757137298583984,29.56541633605957,21.217344284057617,16.512481689453125,22.753843307495117,61.38483428955078,17.84711456298828,105.94319152832031,89.04019927978516,87.3591537475586,51.42436218261719,125.29000091552734,12.0305757522583,59.69981384277344
2016-09-02,186.0104217529297,109.28897094726562,109.84688568115234,44.26359939575195,30.04733657836914,21.311861038208008,16.586746215820312,23.01032829284668,61.452510833740234,18.08396339416504,105.07911682128906,88.80915832519531,87.20364379882812,51.66213607788086,126.56999969482422,12.165846824645996,60.2177734375
2016-09-06,186.5726776123047,109.97013854980469,109.95276641845703,44.5615348815918,30.689884185791016,21.419885635375977,16.559743881225586,23.356748580932617,61.672447204589844,18.28072738647461,105.84468078613281,89.22339630126953,87.50763702392578,51.72157287597656,128.7100067138672,12.250391006469727,60.68189239501953
2016-09-07,186.5555877685547,110.03546142578125,110.6408920288086,44.583866119384766,30.593503952026367,21.473899841308594,16.55298614501953,23.489980697631836,61.672447204589844,18.284364700317383,105.7688217163086,89.27115631103516,87.38742065429688,51.57892990112305,128.27000427246094,12.360297203063965,61.045162200927734
2016-09-08,186.1297149658203,109.3916244506836,110.42032623291016,44.457252502441406,30.51319122314453,21.298358917236328,16.539493560791016,23.929668426513672,61.72317886352539,18.346311569213867,104.44241333007812,88.83309936523438,86.77237701416016,51.483787536621094,127.58999633789062,12.580111503601074,60.29849624633789
2016-09-09,181.67471313476562,106.63885498046875,106.97079467773438,43.59328079223633,29.48509979248047,20.77625274658203,16.228958129882812,23.21685028076172,60.488197326660156,17.657642364501953,102.72177124023438,88.41093444824219,86.12197875976562,50.99034881591797,126.75,12.385661125183105,57.910499572753906
2016-09-12,184.28128051757812,108.55177307128906,108.46177673339844,43.950782775878906,29.685895919799805,21.122821807861328,16.411226272583008,23.44668960571289,61.38483428955078,17.97100257873535,102.77484893798828,88.49063873291016,86.12905883789062,51.168704986572266,126.58999633789062,12.385661125183105,58.59661102294922
2016-09-13,181.63211059570312,107.58130645751953,106.37972259521484,43.06447219848633,28.938928604125977,20.96979522705078,16.120933532714844,22.77715492248535,60.5643424987793,17.723228454589844,101.60760498046875,88.1640396118164,85.84628295898438,50.77629852294922,125.75,12.225028038024902,57.125484466552734
2016-09-14,181.56398010253906,108.09453582763672,106.39734649658203,43.004886627197266,29.027278900146484,21.06882095336914,16.0804386138916,22.507349014282227,60.5643424987793,17.792465209960938,101.75912475585938,88.36317443847656,85.90283966064453,50.764434814453125,126.18000030517578,12.132030487060547,57.308353424072266
2016-09-15,183.3783721923828,109.7741928100586,107.66777801513672,43.37730407714844,29.5252628326416,21.415388107299805,16.174943923950195,22.78714370727539,61.190250396728516,17.92728614807129,101.31950378417969,88.38711547851562,85.95939636230469,51.06168746948242,125.37000274658203,12.19120979309082,57.52509689331055
2016-09-16,182.66946411132812,109.7218017578125,107.50896453857422,42.818695068359375,29.324460983276367,21.33674430847168,16.021650314331055,22.603168487548828,61.23188781738281,18.102203369140625,102.13815307617188,88.48265075683594,86.05836486816406,51.073570251464844,125.05999755859375,12.208118438720703,57.55220413208008
2016-09-19,182.70375061035156,109.24470520019531,108.22357177734375,43.04212951660156,29.55739402770996,21.296072006225586,16.123807907104492,22.589771270751953,61.01108932495117,18.282272338867188,101.80463409423828,88.33129119873047,86.03007507324219,51.10329818725586,125.31999969482422,12.199664115905762,58.073734283447266
2016-09-20,182.71226501464844,109.45050048828125,107.76480865478516,43.30281448364258,29.573450088500977,21.28251075744629,16.132156372070312,22.425567626953125,61.19792175292969,18.249191284179688,102.16085815429688,88.46669006347656,86.14318084716797,51.043861389160156,125.44000244140625,12.241935729980469,57.985679626464844
2016-09-21,184.76702880859375,110.52632141113281,109.32637023925781,44.06251525878906,30.40073013305664,21.52205467224121,16.232362747192383,22.944990158081055,61.809295654296875,18.62034797668457,102.98710632324219,88.61006927490234,86.58153533935547,51.46592712402344,127.2699966430664,12.394115447998047,58.730735778808594
2016-09-22,185.93128967285156,111.40564727783203,110.89674377441406,44.509395599365234,30.617591857910156,21.653121948242188,16.265764236450195,22.9717960357666,62.27634048461914,18.734275817871094,103.80569458007812,88.8729019165039,86.93502807617188,51.63835906982422,127.56999969482422,12.461749076843262,59.78058624267578
2016-09-23,184.91250610351562,110.69467163085938,110.11155700683594,44.136993408203125,30.22403335571289,21.463293075561523,16.1822566986084,22.66684341430664,62.08103942871094,18.719572067260742,103.70713806152344,88.9127197265625,86.87142181396484,51.57892990112305,127.6500015258789,12.318024635314941,59.96345520019531
2016-09-26,183.41433715820312,109.76856994628906,109.01811218261719,43.727352142333984,29.782272338867188,21.33674430847168,15.923410415649414,22.566308975219727,61.35926055908203,18.671802520751953,104.36661529541016,89.16758728027344,87.00569915771484,51.352962493896484,127.55000305175781,12.402569770812988,60.10570526123047
2016-09-27,184.55291748046875,110.8537368774414,109.46044158935547,43.93589782714844,30.20797348022461,21.571765899658203,16.04865837097168,22.41551399230957,61.79232406616211,18.429269790649414,105.13213348388672,89.31897735595703,87.21778106689453,51.501625061035156,126.62000274658203,12.284208297729492,59.46901321411133
2016-09-28,185.46902465820312,111.04081726074219,110.30088806152344,44.248714447021484,30.48105812072754,21.612442016601562,16.123807907104492,23.383983612060547,61.698909759521484,18.40353775024414,104.9047622680664,89.27911376953125,87.27436065673828,51.846435546875,126.22000122070312,12.571656227111816,59.956695556640625
2016-09-29,183.79103088378906,110.23632049560547,108.69076538085938,43.69755172729492,29.950946807861328,21.481372833251953,15.898360252380371,23.34377670288086,60.611995697021484,18.127927780151367,105.17007446289062,89.33486938476562,87.23900604248047,51.650264739990234,126.06999969482422,12.647747039794922,59.15742874145508
2016-09-30,185.1779022216797,111.05952453613281,109.88506317138672,44.04018020629883,30.079465866088867,21.594358444213867,16.115459442138672,23.66212272644043,61.23188781738281,18.00298309326172,104.23017120361328,89.11186981201172,87.0834732055664,51.87617111206055,125.63999938964844,12.690018653869629,58.751075744628906
2016-10-03,184.7327423095703,110.9005126953125,109.5400390625,43.92100524902344,30.288286209106445,21.53108787536621,16.040307998657227,23.645360946655273,61.180938720703125,17.749422073364258,103.88619232177734,88.90452575683594,86.83678436279297,51.843936920166016,125.31999969482422,12.799924850463867,57.653785705566406
2016-10-04,183.79103088378906,110.73210144042969,109.0003890991211,43.913551330566406,29.950946807861328,21.454259872436523,16.107107162475586,23.404085159301758,61.06206130981445,17.378259658813477,102.6712417602539,88.49774169921875,86.43280029296875,51.75435256958008,120.97000122070312,12.766108512878418,56.86808395385742
2016-10-05,184.604248046875,111.12501525878906,109.65504455566406,44.09231185913086,30.384675979614258,21.53108787536621,16.3659610748291,23.76265525817871,61.2998161315918,17.341514587402344,102.19281768798828,88.2983627319336,86.34062957763672,51.89167785644531,120.77999877929688,12.842195510864258,55.71664810180664
2016-10-06,184.7327423095703,111.06891632080078,109.5400390625,43.85396957397461,30.40876007080078,21.580799102783203,16.391002655029297,23.799514770507812,61.07053756713867,17.337839126586914,101.6233139038086,88.11488342285156,86.34770202636719,51.9215202331543,119.66000366210938,12.867559432983398,55.73699188232422
2016-10-07,184.09922790527344,110.82565307617188,108.66419982910156,43.630531311035156,30.27222442626953,21.52205467224121,16.382658004760742,23.66212272644043,61.028079986572266,17.3157901763916,101.69165802001953,88.24256896972656,86.55327606201172,52.040958404541016,119.73999786376953,12.83374309539795,55.64214324951172
2016-10-10,185.0580596923828,111.52727508544922,109.96471405029297,43.757137298583984,30.60153579711914,21.67119598388672,16.466150283813477,24.034095764160156,61.30830001831055,17.459110260009766,101.09176635742188,88.01124572753906,86.55327606201172,52.190277099609375,120.16000366210938,12.97746753692627,55.98758316040039
2016-10-11,182.7208251953125,109.93694305419922,107.95648193359375,43.138954162597656,29.89472198486328,21.427143096923828,16.315860748291016,23.75930404663086,59.771331787109375,17.260671615600586,100.86398315429688,87.98728942871094,86.2839126586914,51.89763259887695,119.55000305175781,12.901378631591797,55.44572067260742
2016-10-12,182.96058654785156,109.84342956542969,107.86800384521484,43.04212951660156,29.838510513305664,21.463293075561523,16.299156188964844,23.65877342224121,59.49114990234375,17.429710388183594,100.96269989013672,87.98728942871094,86.39732360839844,51.8797492980957,119.73999786376953,12.808379173278809,56.08240509033203
2016-10-13,182.3612518310547,109.45050048828125,106.97449493408203,42.878273010253906,29.573450088500977,21.327707290649414,16.140506744384766,23.528076171875,59.516605377197266,17.64652442932129,101.34235382080078,88.17076873779297,86.60997009277344,51.74837112426758,120.02999877929688,12.892922401428223,56.52265930175781
2016-10-14,182.45541381835938,109.58147430419922,106.54102325439453,42.95275115966797,29.62164878845215,21.409059524536133,16.21565818786621,23.390676498413086,59.11749267578125,17.547300338745117,99.9223861694336,87.8995361328125,86.20597076416016,51.8677978515625,119.36000061035156,12.901378631591797,56.272056579589844
2016-10-17,181.8219757080078,109.28211212158203,106.41715240478516,42.826148986816406,29.58951187133789,21.363862991333008,16.140506744384766,23.276742935180664,58.92218017578125,17.642854690551758,100.5601806640625,88.09101104736328,86.48947143554688,51.79613494873047,119.68000030517578,12.918286323547363,56.393978118896484
2016-10-18,182.96058654785156,110.25498962402344,107.02757263183594,43.250675201416016,30.111587524414062,21.481372833251953,16.274105072021484,23.370576858520508,59.62697982788086,17.793514251708984,100.88677215576172,88.26643371582031,86.70211791992188,52.005130767822266,120.41999816894531,12.943650245666504,56.75297546386719
2016-10-19,183.44854736328125,110.24567413330078,107.478759765625,43.36984634399414,30.296321868896484,21.52205467224121,16.41605567932129,23.70233726501465,59.406219482421875,17.753101348876953,100.97026062011719,88.30636596679688,86.81551361083984,52.154449462890625,121.11000061035156,13.028192520141602,56.87486267089844
2016-10-20,183.1061248779297,110.11466979980469,107.1602783203125,43.43687438964844,30.20797348022461,21.422611236572266,16.41605567932129,23.67552375793457,59.686424255371094,17.74207305908203,101.07658386230469,88.22657775878906,86.78717041015625,52.16040802001953,120.73999786376953,12.909832954406738,56.746185302734375
2016-10-21,183.19171142578125,110.52632141113281,107.10720825195312,43.340049743652344,30.199935913085938,21.481372833251953,16.407705307006836,23.52137565612793,59.19392013549805,17.63916778564453,101.22846221923828,88.32225036621094,86.83678436279297,52.1723518371582,120.83000183105469,12.960556983947754,56.536216735839844
2016-10-24,183.97073364257812,111.85468292236328,107.78839111328125,43.332603454589844,30.32845115661621,21.689271926879883,16.457805633544922,23.451004028320312,59.083534240722656,17.705322265625,100.78800964355469,88.2026596069336,86.58872985839844,52.202178955078125,120.55999755859375,12.969013214111328,56.66490173339844
2016-10-25,183.35440063476562,111.49917602539062,106.98332214355469,43.30281448364258,30.360576629638672,21.612442016601562,16.44110870361328,23.34377670288086,58.91372299194336,17.815567016601562,101.05384063720703,88.18669128417969,86.52493286132812,52.1723518371582,121.47000122070312,12.909832954406738,56.563316345214844
2016-10-26,182.9862823486328,110.741455078125,105.9217300415039,43.10915756225586,30.03929901123047,21.49040985107422,16.541309356689453,23.39738655090332,58.55706787109375,17.859661102294922,100.37039947509766,87.99526977539062,86.1634292602539,51.96333312988281,120.79000091552734,12.825288772583008,55.82501220703125
2016-10-27,182.49822998046875,110.23632049560547,104.70973205566406,43.05702590942383,29.782272338867188,21.463293075561523,16.583049774169922,23.31025505065918,58.82879638671875,17.753101348876953,99.27694702148438,87.69216918945312,85.77359008789062,51.77223587036133,121.01000213623047,12.901378631591797,54.36199951171875
2016-10-28,181.95892333984375,109.54408264160156,104.41777038574219,43.04212951660156,29.661802291870117,21.440698623657227,16.50790786743164,23.246578216552734,57.55509567260742,17.80821990966797,99.05669403076172,87.7081527709961,85.67436218261719,51.521453857421875,121.58000183105469,12.81683349609375,54.49068832397461
2016-10-31,181.96746826171875,109.44116973876953,104.83360290527344,43.06447219848633,29.83047103881836,21.431655883789062,16.48285675048828,22.99524688720703,57.19843673706055,18.164674758911133,99.66419982910156,87.77992248535156,85.7522964477539,51.3661994934082,121.94000244140625,12.647747039794922,55.37799835205078
2016-11-01,180.64901733398438,108.61795043945312,103.55083465576172,42.878273010253906,29.58951187133789,21.24635887145996,16.41605567932129,22.99860191345215,56.89274978637695,17.83394432067871,99.67185974121094,87.78314208984375,85.64424896240234,51.16584396362305,122.7300033569336,12.706926345825195,54.1723518371582
2016-11-02,179.56178283691406,107.74796295166016,102.23267364501953,42.58780288696289,29.23611068725586,21.110769271850586,16.307506561279297,22.74392318725586,56.59555435180664,17.609779357910156,100.10547637939453,88.04669952392578,85.77220153808594,50.937896728515625,123.63999938964844,12.554749488830566,53.379886627197266
2016-11-03,178.7399444580078,106.69086456298828,101.73725891113281,42.54311752319336,29.155792236328125,20.907392501831055,16.324203491210938,22.834392547607422,56.060585021972656,17.675931930541992,99.33707427978516,87.99079132080078,85.60162353515625,50.949928283691406,124.30000305175781,12.51247787475586,52.96670913696289
2016-11-04,178.5430145263672,106.3166732788086,102.39189910888672,42.13347625732422,28.858610153198242,20.871238708496094,16.274105072021484,22.710405349731445,56.45119857788086,17.620800018310547,100.22723388671875,88.2623291015625,85.85749816894531,50.973915100097656,124.38999938964844,12.427932739257812,53.38664627075195
2016-11-07,182.4811553955078,108.84244537353516,104.89552307128906,42.714420318603516,29.902755737304688,21.32318687438965,16.683256149291992,23.19966697692871,57.89474868774414,17.929485321044922,99.37510681152344,87.89488983154297,85.80064392089844,51.68770980834961,122.1500015258789,12.478658676147461,54.32135772705078
2016-11-08,183.30303955078125,109.55342102050781,105.16976928710938,42.833580017089844,30.095523834228516,21.427143096923828,16.69161033630371,23.229835510253906,58.05607604980469,18.069128036499023,98.97187805175781,87.58345031738281,85.60875701904297,51.573760986328125,121.63999938964844,12.461749076843262,54.605831146240234
2016-11-09,185.24639892578125,110.0585708618164,108.40766143798828,42.87083053588867,29.115633010864258,21.4000186920166,17.401351928710938,23.608505249023438,60.1025276184082,17.403982162475586,94.7723159790039,86.24969482421875,84.35084533691406,51.21383285522461,121.55999755859375,12.520931243896484,53.77949905395508
2016-11-10,185.7086944580078,108.28118133544922,110.1416244506836,42.75165939331055,28.28834342956543,21.05653190612793,18.04429817199707,23.70903968811035,60.76484298706055,16.98505973815918,93.3724365234375,85.73052215576172,84.27979278564453,50.542015075683594,119.75,12.419478416442871,52.878662109375
2016-11-11,185.2806396484375,108.32795715332031,112.67179107666016,42.49097442626953,27.750205993652344,21.11980438232422,18.094398498535156,23.276742935180664,59.85627746582031,16.915233612060547,92.84745025634766,85.55480194091797,83.9173355102539,50.068172454833984,117.0999984741211,12.182756423950195,53.19699478149414
2016-11-14,185.42620849609375,107.2334213256836,114.2553482055664,42.26008605957031,27.549415588378906,20.798919677734375,18.536951065063477,23.407434463500977,59.6694450378418,16.90420913696289,92.29205322265625,85.05960083007812,83.48385620117188,50.44004440307617,116.11000061035156,12.157392501831055,54.45683288574219
2016-11-15,186.8730010986328,108.72084045410156,114.60920715332031,42.446292877197266,28.103612899780273,21.09269142150879,18.520246505737305,24.067602157592773,59.839298248291016,17.176149368286133,92.74857330322266,85.05960083007812,83.73967742919922,51.105892181396484,117.12000274658203,12.427932739257812,54.00301742553711
2016-11-16,186.52198791503906,109.3663330078125,114.60033416748047,41.99940872192383,27.870685577392578,21.287031173706055,18.253049850463867,23.900049209594727,59.58453369140625,17.05855369567871,93.58541107177734,85.13949584960938,83.8604736328125,50.90192413330078,116.7699966430664,12.27575397491455,53.84723663330078
2016-11-17,187.48086547851562,110.1614990234375,115.27272033691406,42.31967544555664,27.910846710205078,21.422611236572266,18.503557205200195,23.739194869995117,59.82229995727539,17.062227249145508,92.20841979980469,84.76409912109375,83.32743835449219,50.76393127441406,116.16999816894531,12.301117897033691,53.2985954284668
2016-11-18,187.06137084960938,109.74987030029297,115.88313293457031,41.85789489746094,27.78233528137207,21.404537200927734,18.503557205200195,23.836376190185547,59.18544006347656,17.010780334472656,91.94215393066406,84.38875579833984,82.85839080810547,50.76393127441406,115.1500015258789,12.402569770812988,53.454383850097656
2016-11-21,188.47396850585938,110.89115905761719,116.42279815673828,42.21540069580078,28.05542755126953,21.621479034423828,18.570348739624023,24.4027156829834,59.397743225097656,17.190845489501953,92.17034912109375,84.46062469482422,82.94369506835938,51.171844482421875,115.58000183105469,12.749198913574219,53.291831970214844
2016-11-22,188.8421173095703,111.22791290283203,117.48442840576172,42.31967544555664,28.481111526489258,21.689271926879883,18.578699111938477,24.389310836791992,58.54010009765625,17.256994247436523,92.13995361328125,84.5404281616211,83.15689849853516,51.54971694946289,115.54000091552734,12.732290267944336,54.22654724121094
2016-11-23,188.94473266601562,110.77890014648438,118.21870422363281,42.170711517333984,28.175899505615234,21.6033992767334,18.68724822998047,24.48984146118164,58.76934051513672,17.08427619934082,91.7823486328125,84.2369613647461,82.85126495361328,51.357810974121094,113.25,12.7830171585083,53.99625015258789
2016-11-25,189.6468048095703,111.1343765258789,118.60794067382812,42.29732894897461,28.312442779541016,21.693790435791016,18.712303161621094,24.369205474853516,58.998634338378906,17.330488204956055,91.9193344116211,84.16506958007812,82.85839080810547,51.42375183105469,112.61000061035156,12.690018653869629,54.307823181152344
2016-11-28,188.75643920898438,110.88179016113281,117.06858825683594,42.07388687133789,28.42488670349121,21.71187400817871,18.495193481445312,24.030742645263672,58.55706787109375,17.664897918701172,92.596435546875,84.5484619140625,83.23506927490234,51.41779327392578,113.80000305175781,12.732290267944336,54.55841827392578
2016-11-29,189.1245574951172,111.26533508300781,117.00666809082031,42.34201431274414,28.465049743652344,21.725425720214844,18.54530143737793,23.73583984375,58.93918228149414,17.73839569091797,92.98445129394531,84.6363296508789,83.34877014160156,51.35179901123047,113.2699966430664,12.478658676147461,55.079978942871094
2016-11-30,188.67088317871094,109.91824340820312,116.43164825439453,42.29732894897461,28.51323890686035,21.467817306518555,18.795799255371094,24.942249298095703,58.378761291503906,17.17981719970703,91.47805786132812,84.06927490234375,83.03610229492188,51.37582015991211,111.75,12.859106063842773,54.45004653930664
2016-12-01,187.97743225097656,108.01924896240234,115.86543273925781,42.13347625732422,28.175899505615234,21.024892807006836,19.121450424194336,25.002559661865234,57.954193115234375,17.04385757446289,90.51217651367188,83.7485122680664,82.57073974609375,51.13540267944336,111.54000091552734,13.09582805633545,53.65081787109375
2016-12-02,188.0715789794922,108.23440551757812,115.80352020263672,42.23774719238281,28.208026885986328,21.10173225402832,18.912704467773438,25.07628631591797,58.09004211425781,17.198192596435547,91.17543029785156,84.12445831298828,82.94841003417969,51.442665100097656,112.13999938964844,13.188827514648438,54.1859016418457
2016-12-05,189.20162963867188,109.07630920410156,117.79402160644531,42.65482711791992,28.44095230102539,21.30510902404785,19.138147354125977,25.297460556030273,57.98815155029297,17.220245361328125,91.07630920410156,84.09243774414062,83.12657928466797,51.575199127197266,111.54000091552734,13.256463050842285,54.58552551269531
2016-12-06,189.8009490966797,109.33824920654297,119.06794738769531,42.945308685302734,28.593557357788086,21.368377685546875,19.30514907836914,25.250537872314453,58.14948272705078,17.187166213989258,91.00770568847656,84.12445831298828,83.1194076538086,51.83429718017578,111.43000030517578,13.197279930114746,54.9377326965332
2016-12-07,192.28367614746094,110.72276306152344,120.22689056396484,43.58584213256836,29.07547950744629,21.7751407623291,19.605751037597656,25.45160675048828,57.64849853515625,17.411333084106445,91.78528594970703,84.40433502197266,83.4686050415039,52.093406677246094,111.83000183105469,13.09582805633545,56.03498840332031
2016-12-08,192.75450134277344,110.91920471191406,122.12008666992188,43.54860305786133,29.2039852142334,21.829376220703125,19.78944969177246,25.589012145996094,57.75886917114258,17.440738677978516,90.7027359008789,84.0844497680664,83.12657928466797,52.08736801147461,111.56999969482422,13.12119197845459,56.421085357666016
2016-12-09,193.91885375976562,111.78921508789062,122.35891723632812,43.73479080200195,29.05137062072754,21.987565994262695,19.831199645996094,25.669431686401367,58.463645935058594,17.624479293823242,89.57447814941406,83.65251922607422,82.805908203125,52.111454010009766,110.4000015258789,13.188827514648438,56.360107421875
2016-12-12,193.6962890625,111.28404235839844,121.06732940673828,43.54114532470703,28.858610153198242,21.919767379760742,19.63914680480957,25.790077209472656,58.743892669677734,17.80821990966797,89.74222564697266,83.66854858398438,82.72749328613281,52.03919219970703,110.81999969482422,13.273369789123535,56.73263168334961
2016-12-13,194.98904418945312,112.68726348876953,121.076171875,44.0103759765625,29.17989730834961,22.195459365844727,19.68924331665039,26.081615447998047,59.21940994262695,17.991952896118164,90.0624008178711,83.71653747558594,82.91277313232422,52.16568374633789,110.44999694824219,13.307188034057617,56.70554733276367
2016-12-14,193.37953186035156,112.45339965820312,119.56339263916016,43.362403869628906,28.312442779541016,22.118627548217773,19.59739875793457,25.5588436126709,58.91372299194336,17.620800018310547,89.05612182617188,83.02069091796875,82.38543701171875,51.77405548095703,108.83000183105469,13.18037223815918,55.46604919433594
2016-12-15,194.17567443847656,112.63114166259766,120.45693969726562,43.26557540893555,28.36063575744629,22.21805191040039,19.764404296875,25.61581802368164,59.29582595825195,17.745744705200195,89.50593566894531,82.78874206542969,82.44248962402344,51.798160552978516,107.33999633789062,13.163463592529297,55.140926361083984
2016-12-16,193.7958984375,112.2136001586914,120.2357177734375,43.29537582397461,28.232126235961914,22.05735969543457,19.59412384033203,25.774816513061523,59.34272384643555,17.962060928344727,89.30005645751953,82.89271545410156,82.37832641601562,51.84634017944336,108.05000305175781,13.222643852233887,55.967254638671875
2016-12-19,194.21788024902344,112.67337036132812,121.02311706542969,43.22834014892578,28.039363861083984,22.21624183654785,19.602516174316406,25.656917572021484,59.09541702270508,18.02884864807129,90.26058197021484,83.27664947509766,82.77738952636719,51.97889709472656,108.58999633789062,13.146554946899414,56.570064544677734
2016-12-20,194.9670867919922,113.1049575805664,122.04930877685547,43.37730407714844,28.135740280151367,22.297948837280273,19.84575843811035,25.599639892578125,59.052772521972656,18.05111312866211,89.8108139038086,83.10071563720703,82.72749328613281,52.051212310791016,107.79000091552734,13.205735206604004,56.698768615722656
2016-12-21,194.42454528808594,113.0205078125,121.25310516357422,43.38933181762695,28.018760681152344,22.252553939819336,19.79543113708496,25.64006805419922,58.72013473510742,17.97690200805664,90.20720672607422,83.23667907714844,82.99115753173828,52.141563415527344,107.8499984741211,13.129646301269531,55.83858108520508
2016-12-22,194.0886993408203,112.70150756835938,120.20758056640625,43.2915153503418,27.685688018798828,22.20716094970703,19.745105743408203,25.7445011138916,58.79689025878906,18.039981842041016,90.04597473144531,83.20059204101562,82.99685668945312,52.254024505615234,107.58999633789062,13.112737655639648,55.74519729614258
2016-12-23,194.3728790283203,112.77655029296875,120.84711456298828,43.404388427734375,27.848163604736328,22.229862213134766,19.778657913208008,25.720922470092773,59.240413665771484,18.03626823425293,90.22940063476562,83.28072357177734,83.1255111694336,52.350730895996094,107.93000030517578,13.138100624084473,55.890438079833984
2016-12-27,194.8551483154297,113.35826110839844,121.38900756835938,43.351707458496094,27.970020294189453,22.32065200805664,19.803821563720703,25.77819061279297,59.35978698730469,18.05111312866211,89.93893432617188,83.16056823730469,82.97544860839844,52.30238723754883,108.55999755859375,13.341004371643066,56.00798034667969
2016-12-28,193.2447509765625,112.47632598876953,120.14535522460938,43.186153411865234,28.18123435974121,22.12091064453125,19.602516174316406,25.49858283996582,58.90777587890625,17.88043785095215,90.5962905883789,83.46495819091797,83.28269958496094,52.22983932495117,108.86000061035156,13.34946060180664,55.669132232666016
2016-12-29,193.2017059326172,112.3167953491211,120.25199127197266,43.2915153503418,28.644285202026367,22.12545394897461,19.459922790527344,25.448047637939453,59.01012420654297,18.121606826782227,90.91730499267578,83.7213134765625,83.60425567626953,52.30238723754883,110.29000091552734,13.366368293762207,56.36066436767578
2016-12-30,192.4955596923828,111.16278076171875,119.79008483886719,43.44200897216797,28.44118881225586,21.952957153320312,19.50185203552246,25.373926162719727,58.79689025878906,18.02143096923828,91.05487823486328,83.9696273803711,83.73290252685547,52.3205451965332,109.61000061035156,13.391731262207031,57.072975158691406
2017-01-03,193.9681396484375,112.15731811523438,120.38521575927734,43.71290969848633,28.782394409179688,22.14815330505371,19.719947814941406,25.660289764404297,59.564476013183594,17.97690200805664,91.44464874267578,83.92959594726562,83.80433654785156,52.53814697265625,110.47000122070312,13.231098175048828,57.25969696044922
2017-01-04,195.12216186523438,112.76715087890625,122.39282989501953,44.209564208984375,29.001733779907227,22.225322723388672,19.879314422607422,25.60638427734375,60.03358459472656,18.043689727783203,91.79631805419922,84.02574157714844,84.09019470214844,52.822242736816406,110.86000061035156,13.332551002502441,58.0964469909668
2017-01-05,194.9670867919922,113.40518188476562,120.98042297363281,44.5858154296875,29.318559646606445,22.261632919311523,19.67800521850586,25.542373657226562,60.34060287475586,18.062246322631836,93.23323059082031,84.57046508789062,84.54035186767578,52.74369812011719,112.58000183105469,13.400186538696289,58.28316116333008
2017-01-06,195.66461181640625,114.39971160888672,120.5362319946289,44.4353141784668,29.196706771850586,22.425060272216797,19.745105743408203,25.565954208374023,60.51116180419922,18.11789894104004,92.37715911865234,84.18592834472656,84.09732818603516,52.731605529785156,111.75,13.38327693939209,58.29008483886719
2017-01-09,195.0187530517578,114.7750015258789,119.74568176269531,44.367591857910156,29.172327041625977,22.420515060424805,19.61089324951172,25.195383071899414,60.76704788208008,17.88043785095215,93.11857604980469,84.50637817382812,84.26167297363281,52.71949768066406,112.66999816894531,13.18037223815918,57.76449966430664
2017-01-10,195.0187530517578,115.02833557128906,120.89154052734375,44.3751220703125,29.342927932739258,22.425060272216797,19.65283966064453,24.966304779052734,60.98027038574219,17.82477569580078,93.0573959350586,84.46630096435547,84.2116470336914,52.72553253173828,113.1500015258789,13.12119197845459,57.27350616455078
2017-01-11,195.5699005126953,115.33793640136719,121.1047592163086,44.60839080810547,29.69224739074707,22.52946662902832,19.778657913208008,25.23581314086914,60.36618423461914,18.010295867919922,93.37081146240234,84.56244659423828,84.34029388427734,52.75577926635742,113.5,13.264915466308594,56.92081832885742
2017-01-12,195.07901000976562,115.15968322753906,120.17202758789062,44.67611312866211,29.82223129272461,22.474987030029297,19.61089324951172,25.131376266479492,60.42587661743164,18.02513885498047,93.1644515991211,84.61051177978516,84.3331527709961,52.76786422729492,113.91000366210938,13.459365844726562,57.211273193359375
2017-01-13,195.52685546875,115.55374145507812,121.0425796508789,44.841670989990234,29.797861099243164,22.543087005615234,19.719947814941406,25.05726432800293,60.485591888427734,17.99916648864746,92.72108459472656,84.42626953125,84.1616439819336,52.785987854003906,114.20999908447266,13.434002876281738,57.1282844543457
2017-01-17,194.83792114257812,115.20659637451172,119.39918518066406,44.67611312866211,29.781604766845703,22.456836700439453,19.250211715698242,25.212230682373047,60.17854690551758,18.195819854736328,93.69182586669922,84.85084533691406,84.52606964111328,52.731605529785156,115.8499984741211,13.425548553466797,57.570892333984375
2017-01-18,195.2685089111328,115.44115447998047,119.79008483886719,44.54819107055664,29.6191349029541,22.515846252441406,19.409589767456055,25.15495491027832,60.101806640625,18.173555374145508,92.49182891845703,84.24999237060547,83.96868133544922,52.77994918823242,114.87000274658203,13.307188034057617,57.66769790649414
2017-01-19,194.5450897216797,115.38485717773438,118.81292724609375,44.4353141784668,29.529773712158203,22.48407745361328,19.325712203979492,25.0168399810791,59.71800231933594,18.01400375366211,91.85742950439453,83.92959594726562,83.68286895751953,52.61069869995117,114.7699966430664,13.264915466308594,57.079898834228516
2017-01-20,195.2598876953125,115.63818359375,119.42584228515625,44.691158294677734,29.586637496948242,22.606639862060547,19.41797637939453,25.111164093017578,59.564476013183594,18.04739761352539,91.6739501953125,83.9696273803711,83.83292388916016,52.71346664428711,115.05000305175781,13.417095184326172,57.49479675292969
2017-01-23,194.7517852783203,115.73202514648438,118.92837524414062,44.80404281616211,30.025318145751953,22.647485733032227,19.29215431213379,24.845027923583984,59.317161560058594,17.954639434814453,92.59115600585938,84.41023254394531,84.21880340576172,52.71346664428711,115.79000091552734,13.417095184326172,57.97890090942383
2017-01-24,196.00051879882812,116.51074981689453,120.7493896484375,44.91691207885742,30.2121639251709,22.788211822509766,19.535402297973633,25.117902755737305,58.90777587890625,17.950927734375,91.95682525634766,84.08984375,83.96868133544922,52.749752044677734,115.2699966430664,13.450911521911621,57.99271774291992
2017-01-25,197.69699096679688,117.6835708618164,121.8864974975586,45.38347244262695,30.545242309570312,23.0061092376709,19.86253547668457,25.249284744262695,59.46213912963867,17.950927734375,90.80267333984375,83.67327880859375,83.64710235595703,52.93709945678711,114.31999969482422,13.366368293762207,57.612369537353516
2017-01-26,197.4903106689453,117.8055191040039,121.39789581298828,45.20286560058594,30.41526222229004,22.94255828857422,19.91286277770996,25.26950454711914,59.00160598754883,17.958351135253906,91.1083984375,83.78535461425781,83.74716186523438,52.912940979003906,113.26000213623047,13.425548553466797,57.501705169677734
2017-01-27,197.1802978515625,118.03071594238281,120.98042297363281,45.12761306762695,30.439638137817383,23.033349990844727,19.83737564086914,25.006732940673828,59.487728118896484,17.954639434814453,91.43708801269531,83.88954162597656,83.84721374511719,52.961299896240234,113.48999786376953,13.315641403198242,56.94157791137695
2017-01-30,195.9573974609375,117.11125946044922,119.2925796508789,44.80404281616211,30.27716064453125,22.847230911254883,19.67800521850586,24.548574447631836,59.197750091552734,17.9694881439209,91.16191101074219,83.86548614501953,83.70430755615234,52.852508544921875,113.97000122070312,13.23955249786377,56.5543098449707
2017-01-31,195.9402313232422,116.87664031982422,120.12759399414062,44.87176513671875,30.33401870727539,22.733739852905273,19.552181243896484,24.558685302734375,60.14443588256836,18.247764587402344,91.79631805419922,84.15390014648438,83.8543701171875,52.798099517822266,115.55000305175781,13.315641403198242,56.96232604980469
2017-02-01,196.01773071289062,117.6835708618164,120.05654907226562,45.0523681640625,30.35027313232422,22.906240463256836,19.57734489440918,24.376760482788086,60.66469192504883,17.9323787689209,91.22869110107422,83.99263763427734,83.75116729736328,52.99359893798828,115.19999694824219,13.459365844726562,56.27770233154297
2017-02-02,196.14686584472656,117.58036804199219,119.75450897216797,45.0749397277832,30.480253219604492,22.8608455657959,19.50185203552246,24.514883041381836,60.64764404296875,18.121606826782227,91.19039154052734,84.02466583251953,83.77268981933594,53.023963928222656,115.83999633789062,13.459365844726562,56.94850540161133
2017-02-03,197.49887084960938,117.91812896728516,121.58443450927734,45.25554275512695,30.667097091674805,23.01064682006836,19.896089553833008,24.72711944580078,60.912017822265625,18.143875122070312,91.15211486816406,84.08892822265625,83.8658447265625,53.11502456665039,116.12999725341797,13.450911521911621,57.25969696044922
2017-02-06,197.14584350585938,118.0588607788086,120.66946411132812,44.93196487426758,30.593978881835938,23.024274826049805,19.803821563720703,24.518253326416016,60.98027038574219,18.106773376464844,91.70358276367188,84.49004364013672,84.13095092773438,53.07857131958008,117.69999694824219,13.366368293762207,57.16286849975586
2017-02-07,197.15444946289062,118.49044036865234,120.13646697998047,44.886817932128906,30.439638137817383,23.11505699157715,19.75349235534668,24.1712646484375,61.03995895385742,18.151294708251953,92.37765502929688,84.6424789428711,84.27427673339844,52.99966049194336,117.45999908447266,13.307188034057617,56.96232604980469
2017-02-08,197.4127960205078,118.68748474121094,119.92327880859375,44.962059020996094,30.62647247314453,23.155914306640625,19.619287490844727,24.22853660583496,60.94615936279297,18.32938575744629,93.63388061523438,84.98747253417969,84.5680160522461,53.03611755371094,118.19000244140625,13.357913970947266,57.41182327270508
2017-02-09,198.583984375,119.11908721923828,121.611083984375,45.150184631347656,30.76458168029785,23.228548049926758,19.8876953125,24.50140380859375,61.167869567871094,18.173555374145508,92.5538330078125,84.48204803466797,84.23125457763672,53.10895538330078,117.29000091552734,13.425548553466797,57.550140380859375
2017-02-10,199.3675994873047,119.51313018798828,122.53491973876953,45.25554275512695,31.048917770385742,23.296640396118164,19.94641876220703,24.686689376831055,61.28727722167969,18.288576126098633,92.50020599365234,84.42585754394531,84.20976257324219,53.14541244506836,117.5999984741211,13.5692720413208,57.95814514160156
2017-02-13,200.4527130126953,120.18866729736328,122.85474395751953,45.43614196777344,31.146394729614258,23.401050567626953,20.172882080078125,24.733858108520508,61.66255187988281,18.377626419067383,92.20913696289062,84.29753112792969,84.1739273071289,53.224300384521484,116.80000305175781,13.417095184326172,57.97890090942383
2017-02-14,201.25357055664062,120.59209442138672,123.26335906982422,45.368412017822266,31.178892135620117,23.47821807861328,20.40775489807129,24.81471061706543,62.14868927001953,18.244050979614258,91.54275512695312,83.99263763427734,83.97332000732422,53.26074981689453,116.93000030517578,13.434002876281738,57.67462921142578
2017-02-15,202.30416870117188,121.30518341064453,124.00064849853516,45.54149627685547,31.43073081970215,23.555389404296875,20.567119598388672,24.71701431274414,62.82246780395508,18.199525833129883,91.1214599609375,83.83216094970703,83.90885162353516,53.278961181640625,117.44999694824219,13.450911521911621,57.48099136352539
2017-02-16,202.13197326660156,121.26764678955078,123.65425109863281,45.64684295654297,31.31699562072754,23.609859466552734,20.51679229736328,24.380128860473633,62.73716354370117,18.38133430480957,91.61933898925781,84.16915893554688,84.14531707763672,53.23649597167969,118.08000183105469,13.366368293762207,57.81982421875
2017-02-17,202.45062255859375,121.79303741455078,123.57427978515625,45.52644729614258,31.187013626098633,23.69157600402832,20.52518081665039,24.245380401611328,62.82246780395508,18.392465591430664,92.16319274902344,84.39376831054688,84.3602294921875,53.29111862182617,117.68000030517578,13.341004371643066,57.930477142333984
2017-02-21,203.65618896484375,122.3935546875,124.54254913330078,45.676944732666016,31.52821922302246,23.81413459777832,20.625837326049805,24.410451889038086,63.1038932800293,18.585407257080078,92.00236511230469,84.35365295410156,84.39600372314453,53.46717834472656,117.75,13.324097633361816,58.67042922973633
2017-02-22,203.47535705566406,122.4404525756836,123.99180603027344,45.676944732666016,31.625694274902344,23.84137725830078,20.642616271972656,24.039873123168945,63.01007080078125,18.663326263427734,92.15555572509766,84.49004364013672,84.46053314208984,53.491477966308594,117.91000366210938,13.256463050842285,58.47677993774414
2017-02-23,203.61312866210938,121.98070526123047,123.25450134277344,45.7747688293457,31.633831024169922,23.836843490600586,20.642616271972656,24.14094352722168,63.47064208984375,18.856273651123047,92.4312744140625,84.71469116210938,84.67548370361328,53.540069580078125,118.94000244140625,13.298731803894043,58.78108596801758
2017-02-24,203.87152099609375,122.2152328491211,123.1656494140625,45.443668365478516,31.260122299194336,23.89130973815918,20.483238220214844,23.91522979736328,63.77763748168945,19.1419734954834,93.45773315429688,85.10782623291016,85.10536193847656,53.582550048828125,119.69999694824219,13.273369789123535,59.057716369628906
2017-02-27,204.1901397705078,122.36537170410156,124.36491394042969,45.47376251220703,31.162643432617188,23.8776912689209,20.59228515625,24.120729446411133,64.08470916748047,19.034366607666016,92.90621948242188,84.80294799804688,84.9047622680664,53.64934158325195,119.12000274658203,13.23955249786377,59.36887741088867
2017-02-28,203.6389923095703,121.9900894165039,122.44611358642578,45.40604019165039,30.86206817626953,23.764204025268555,20.583894729614258,24.046615600585938,63.95674514770508,19.20876121520996,93.25090026855469,84.7628402709961,84.96208190917969,53.60682678222656,119.2300033569336,13.290279388427734,58.96086883544922
2017-03-01,206.48944091796875,123.32239532470703,124.68468475341797,45.880123138427734,31.341371536254883,24.100122451782227,21.171049118041992,24.528350830078125,64.596435546875,19.038076400756836,91.68833923339844,84.17236328125,84.45990753173828,53.80439376831055,119.05999755859375,13.34946060180664,58.78108596801758
2017-03-02,205.18911743164062,122.7031478881836,123.25450134277344,45.5791130065918,30.788957595825195,23.941251754760742,20.84391975402832,24.295909881591797,64.39173889160156,19.17535972595215,91.35832977294922,83.93132019042969,84.33055877685547,53.6336669921875,117.58000183105469,13.138100624084473,58.46297836303711
2017-03-03,205.31826782226562,122.9283218383789,123.1656494140625,45.85002136230469,31.024539947509766,23.9957218170166,20.94457244873047,24.25211524963379,64.64761352539062,19.115999221801758,91.59626007080078,84.01168060302734,84.41677856445312,53.65803909301758,117.51000213623047,13.205735206604004,58.23476028442383
2017-03-06,204.70684814453125,122.65625,122.3217544555664,45.7070426940918,31.040788650512695,23.95940589904785,20.785205841064453,24.306015014648438,64.4002685546875,19.078893661499023,91.1587905883789,83.9955825805664,84.26592254638672,53.48733901977539,116.72000122070312,13.188827514648438,57.97196578979492
2017-03-07,204.0954132080078,122.44979858398438,121.52228546142578,45.549015045166016,31.07328224182129,23.95940589904785,20.72649574279785,24.09041976928711,63.948238372802734,19.067758560180664,90.88250732421875,83.87506866455078,83.84922790527344,53.13970947265625,115.77999877929688,13.129646301269531,57.69534683227539
2017-03-08,203.71652221679688,122.66561126708984,120.7227783203125,45.38347244262695,30.780834197998047,23.98663330078125,20.73487663269043,23.463817596435547,64.2041015625,18.793190002441406,90.39132690429688,83.59390258789062,83.590576171875,52.78602981567383,115.05999755859375,12.83374309539795,56.63040542602539
2017-03-09,203.974853515625,122.75945281982422,120.24308776855469,45.556549072265625,30.537120819091797,23.982105255126953,20.81036949157715,23.61878204345703,64.55378723144531,18.75238037109375,89.66989135742188,83.36090850830078,83.13793182373047,52.645790100097656,114.47000122070312,12.723835945129395,55.779788970947266
2017-03-10,204.68963623046875,123.27548217773438,120.77606201171875,45.94031524658203,30.878307342529297,24.109203338623047,20.793588638305664,23.5850887298584,64.80109405517578,18.908212661743164,89.98462677001953,83.53768920898438,83.34632873535156,52.62749099731445,114.72000122070312,12.605474472045898,55.60689163208008
2017-03-13,204.79295349121094,123.48189544677734,121.06034851074219,46.181114196777344,31.308876037597656,24.13190460205078,20.84391975402832,23.58846092224121,64.74994659423828,18.963871002197266,89.41667938232422,83.32876586914062,83.06608581542969,52.67015075683594,114.73999786376953,12.588565826416016,55.74519729614258
2017-03-14,204.00927734375,123.1816177368164,120.48295593261719,45.82744216918945,31.130149841308594,24.077430725097656,20.785205841064453,23.32232093811035,64.51114654541016,18.945322036743164,89.84646606445312,83.4171371459961,83.13793182373047,52.51161575317383,114.12000274658203,12.53783893585205,55.73137664794922
2017-03-15,205.77467346191406,123.94164276123047,122.34843444824219,46.482120513916016,31.94252586364746,24.240856170654297,20.75165367126465,23.84111785888672,65.32135772705078,19.24956703186035,90.94391632080078,84.14830017089844,83.8564224243164,53.23725891113281,116.25,12.647747039794922,56.858585357666016
2017-03-16,205.36996459960938,123.85720825195312,122.5083236694336,46.7078742980957,32.13749313354492,24.254467010498047,20.785205841064453,23.67267608642578,64.69023895263672,19.038076400756836,90.48345184326172,83.91524505615234,83.73424530029297,53.08483123779297,116.7300033569336,12.630837440490723,56.74795150756836
2017-03-17,205.00924682617188,123.81394958496094,122.99687194824219,46.828277587890625,32.08062744140625,24.306867599487305,20.581491470336914,23.655397415161133,64.33419036865234,19.152851104736328,91.0513687133789,84.14016723632812,83.92829895019531,53.10314178466797,116.98999786376953,12.673110008239746,57.01073455810547
2017-03-20,204.78439331054688,123.9267349243164,122.46390533447266,46.730438232421875,32.45431900024414,24.329666137695312,20.41313934326172,23.621503829956055,64.23999786376953,19.025739669799805,91.44277954101562,84.34103393554688,84.12222290039062,52.999446868896484,117.51000213623047,12.664654731750488,56.96232604980469
2017-03-21,202.15505981445312,122.0463638305664,119.00830078125,46.51974105834961,32.096866607666016,23.97421646118164,19.840728759765625,23.455442428588867,63.734981536865234,19.294925689697266,92.20252990722656,84.62225341796875,84.33055877685547,52.621368408203125,118.54000091552734,12.597020149230957,56.7133674621582
2017-03-22,202.63079833984375,122.87374114990234,119.03497314453125,46.527278900146484,32.251220703125,24.12459945678711,19.798643112182617,23.421550750732422,63.752105712890625,19.38838005065918,92.5709228515625,84.78290557861328,84.54611206054688,52.74944305419922,118.83000183105469,12.588565826416016,56.68201446533203
2017-03-23,202.41453552246094,122.5634994506836,119.72784423828125,46.632625579833984,32.25935363769531,24.060800552368164,19.840728759765625,23.326663970947266,63.555240631103516,19.328571319580078,92.44046020507812,84.69454956054688,84.48860931396484,52.76771926879883,118.66999816894531,12.563201904296875,57.09996795654297
2017-03-24,202.26751708984375,122.81733703613281,119.81430053710938,46.76054763793945,32.34059524536133,24.079021453857422,19.815475463867188,23.23515510559082,63.58948516845703,19.399599075317383,92.77049255371094,84.74276733398438,84.57483673095703,52.95067596435547,118.86000061035156,12.605474472045898,57.037269592285156
2017-03-27,202.0598907470703,123.01477813720703,120.03699493408203,46.880950927734375,32.251220703125,24.079021453857422,19.73971939086914,23.126710891723633,63.76066589355469,19.3248291015625,93.19254302978516,84.95162200927734,84.75444030761719,52.895774841308594,119.52999877929688,12.588565826416016,56.521812438964844
2017-03-28,203.5303192138672,123.76691436767578,120.97241973876953,47.10670471191406,32.34059524536133,24.252197265625,20.00908088684082,23.455442428588867,63.80344772338867,19.309871673583984,92.5709228515625,84.66240692138672,84.57483673095703,53.18852615356445,119.04000091552734,12.664654731750488,56.76560592651367
2017-03-29,203.7205352783203,124.34040069580078,121.36444854736328,47.10670471191406,32.39744186401367,24.29320526123047,19.8828182220459,23.77739906311035,63.82057189941406,19.257532119750977,93.12347412109375,84.90345764160156,84.84786224365234,53.298282623291016,119.33000183105469,12.7830171585083,57.08603286743164
2017-03-30,204.36920166015625,124.54728698730469,122.28203582763672,46.94115447998047,32.22685623168945,24.338769912719727,20.14376449584961,23.7706241607666,63.82915496826172,19.107988357543945,92.37136840820312,84.66240692138672,84.62508392333984,53.54829406738281,118.47000122070312,12.83374309539795,57.19054412841797
2017-03-31,203.89352416992188,124.4626235961914,122.4780044555664,46.8734245300293,31.9993839263916,24.29320526123047,19.97541046142578,23.68929100036621,63.649383544921875,19.182764053344727,92.63999938964844,84.83111572265625,84.71135711669922,53.53000259399414,118.72000122070312,12.859106063842773,57.5318717956543
2017-04-03,203.5388946533203,124.38743591308594,121.18621063232422,46.805702209472656,32.17811584472656,24.270414352416992,19.93332290649414,23.64862060546875,63.70075607299805,19.17902183532715,93.57441711425781,85.24871826171875,85.0916976928711,53.50123596191406,119.3499984741211,12.808379173278809,57.69906234741211
2017-04-04,203.66860961914062,124.58488464355469,121.0436782836914,46.79065704345703,32.194358825683594,24.288639068603516,19.908071517944336,23.82145881652832,63.666507720947266,19.238845825195312,93.06684112548828,85.1280517578125,84.86837768554688,53.51959991455078,119.62000274658203,12.93519401550293,57.69906234741211
2017-04-05,203.06320190429688,124.07711791992188,119.67173767089844,46.54232406616211,32.096866607666016,24.188396453857422,19.75655174255371,23.746902465820312,63.469669342041016,19.347259521484375,93.35139465332031,85.2889404296875,84.97645568847656,53.47673416137695,119.62000274658203,12.960556983947754,57.78263473510742
2017-04-06,203.63406372070312,124.14300537109375,120.7853012084961,46.54984664916992,32.04001235961914,24.19294548034668,19.8828182220459,23.93668556213379,63.580894470214844,19.298662185668945,93.21295166015625,85.2326431274414,85.05567169189453,53.54411315917969,119.18000030517578,12.994376182556152,58.089141845703125
2017-04-07,203.4264678955078,124.07711791992188,120.73188018798828,46.51974105834961,31.98313331604004,24.179279327392578,19.798643112182617,23.845178604125977,63.69219970703125,19.21640968322754,92.8360824584961,84.97513580322266,84.84677124023438,53.51959991455078,119.45999908447266,13.028192520141602,58.172752380371094
2017-04-10,203.5475616455078,124.12421417236328,120.99917602539062,46.467071533203125,31.85317039489746,24.133708953857422,19.74813461303711,24.02480125427246,63.57233810424805,19.25005531311035,93.26679992675781,85.1280517578125,85.00530242919922,53.593116760253906,119.45999908447266,13.129646301269531,58.53495788574219
2017-04-11,203.30535888671875,123.58824157714844,121.96127319335938,46.685298919677734,31.780052185058594,24.042566299438477,19.689208984375,24.02819061279297,63.48674011230469,19.242582321166992,94.15123748779297,85.52229309082031,85.4014892578125,53.488983154296875,121.19000244140625,13.155009269714355,58.938968658447266
2017-04-12,202.41453552246094,123.08998107910156,120.30424499511719,46.64768600463867,31.934406280517578,23.960546493530273,19.52927589416504,23.926509857177734,63.48674011230469,19.384645462036133,94.66648864746094,85.78780364990234,85.68240356445312,53.525718688964844,122.0199966430664,13.155009269714355,58.834503173828125
2017-04-13,201.0998992919922,122.60108184814453,119.1282958984375,46.346683502197266,31.796297073364258,23.864845275878906,19.27674102783203,23.48933219909668,63.32413101196289,19.321086883544922,94.95878601074219,86.04532623291016,85.82647705078125,53.41549301147461,122.5999984741211,13.197279930114746,58.70216369628906
2017-04-17,202.88160705566406,123.61649322509766,120.52696228027344,46.632625579833984,32.12936019897461,24.083589553833008,19.613452911376953,23.5401668548584,63.555240631103516,19.407079696655273,94.66648864746094,85.90846252441406,85.6607666015625,53.57468795776367,122.23999786376953,13.12119197845459,59.41267776489258
2017-04-18,202.27615356445312,123.42847442626953,120.5537338256836,46.42191696166992,31.723175048828125,24.079021453857422,19.42825698852539,23.319883346557617,62.861900329589844,19.451940536499023,95.90473937988281,86.39933776855469,86.16508483886719,53.56246566772461,122.81999969482422,13.070465087890625,59.57289123535156
2017-04-19,201.9042510986328,123.62589263916016,120.97241973876953,46.23379135131836,31.52821922302246,24.060800552368164,19.369327545166016,22.97759246826172,63.050235748291016,19.317352294921875,95.38178253173828,86.17402648925781,85.90577697753906,53.513450622558594,121.7300033569336,12.842195510864258,59.48931884765625
2017-04-20,203.5475616455078,124.6601333618164,122.5136489868164,46.6025276184082,31.918149948120117,24.279537200927734,19.6976261138916,23.08942985534668,63.44396209716797,19.242582321166992,95.01262664794922,85.98091125488281,85.78326416015625,53.69105911254883,121.95999908447266,12.791471481323242,59.496273040771484
2017-04-21,202.8988494873047,124.63186645507812,122.23748016357422,46.632625579833984,31.918149948120117,24.229406356811523,19.495601654052734,22.974197387695312,63.06733322143555,19.339784622192383,95.01262664794922,86.02114868164062,85.78326416015625,53.648193359375,122.30999755859375,12.664654731750488,59.28032302856445
2017-04-24,205.13035583496094,126.13623809814453,123.76084899902344,47.81404495239258,32.373085021972656,24.51649284362793,19.93332290649414,23.109760284423828,63.69219970703125,19.440723419189453,94.5434799194336,85.84416198730469,85.66806030273438,53.8993034362793,121.4800033569336,12.622384071350098,58.625511169433594
2017-04-25,206.32391357421875,127.04821014404297,124.96360778808594,48.152679443359375,32.657405853271484,24.64409065246582,20.11009979248047,23.30632209777832,63.96611404418945,19.414554595947266,93.40524291992188,85.40160369873047,85.32945251464844,53.99728012084961,120.25,12.681563377380371,58.86933898925781
2017-04-26,206.19419860839844,126.86955261230469,125.60494232177734,48.0172233581543,32.53554916381836,24.616748809814453,20.09326171875,23.228376388549805,64.3170394897461,19.354740142822266,93.9205322265625,85.62687683105469,85.53836059570312,53.948280334472656,120.83999633789062,12.61392879486084,58.43046569824219
2017-04-27,206.36717224121094,127.63111877441406,125.56934356689453,48.0623664855957,32.494930267333984,24.71700096130371,20.000667572021484,22.974197387695312,64.45399475097656,19.422033309936523,93.88975524902344,85.68323516845703,85.61756896972656,53.985023498535156,120.38999938964844,12.546294212341309,58.27724075317383
2017-04-28,205.91738891601562,127.85675811767578,123.88558959960938,48.009708404541016,32.543678283691406,24.78079605102539,19.80706024169922,22.991147994995117,64.62518310546875,19.328571319580078,94.0973892211914,85.77171325683594,85.71842956542969,53.96669006347656,120.7699966430664,12.51247787475586,57.67120361328125
2017-05-01,206.43634033203125,128.99435424804688,124.59835052490234,48.20535659790039,32.73052215576172,24.96763801574707,19.93332290649414,22.9267520904541,64.77070617675781,19.21266746520996,93.315185546875,85.5864028930664,85.45263671875,53.994354248046875,119.66999816894531,12.53783893585205,58.01251220703125
2017-05-02,206.51419067382812,129.2106475830078,123.96576690673828,48.453678131103516,32.96611022949219,25.02231788635254,19.908071517944336,22.811527252197266,64.95045471191406,19.235105514526367,93.79305267333984,85.76366424560547,85.70545196533203,54.012760162353516,119.6500015258789,12.402569770812988,57.91498947143555
2017-05-03,206.26339721679688,128.7969512939453,123.19961547851562,48.35586166381836,32.74678421020508,24.97675132751465,20.068012237548828,22.875917434692383,64.63375854492188,19.16780662536621,93.85465240478516,85.5864028930664,85.6620864868164,54.06199264526367,117.9800033569336,12.35184383392334,57.14177703857422
2017-05-04,206.50550842285156,128.8439483642578,123.03036499023438,48.814884185791016,32.3812141418457,24.958520889282227,20.1016788482666,22.45568084716797,65.06170654296875,19.235105514526367,93.39227294921875,85.39302062988281,85.4959487915039,53.7729377746582,116.79000091552734,12.055940628051758,56.863128662109375
2017-05-05,207.31857299804688,129.3140411376953,123.82318878173828,49.3566780090332,32.64928436279297,25.049657821655273,20.068012237548828,22.811527252197266,65.0274658203125,19.339784622192383,93.47698974609375,85.40908813476562,85.52484130859375,53.86516189575195,117.01000213623047,12.225028038024902,57.39950942993164
2017-05-08,207.28396606445312,129.59609985351562,123.30652618408203,48.98794937133789,32.64116287231445,25.159027099609375,20.051176071166992,22.974197387695312,64.62518310546875,19.332305908203125,92.96833038330078,85.19956970214844,85.37316131591797,53.92670440673828,116.75,12.174301147460938,56.995479583740234
2017-05-09,207.09368896484375,130.04745483398438,123.25306701660156,48.86756134033203,33.05547332763672,25.190929412841797,19.97541046142578,22.784420013427734,64.70223236083984,19.190237045288086,92.96066284179688,85.10286712646484,85.38761901855469,53.88977813720703,116.05000305175781,12.115120887756348,56.688987731933594
2017-05-10,207.465576171875,130.1226348876953,124.01920318603516,48.942813873291016,33.274818420410156,25.2866268157959,20.042757034301758,23.086040496826172,64.51388549804688,19.22014808654785,92.85274505615234,85.07068634033203,85.50318145751953,54.12351989746094,116.04000091552734,12.309572219848633,57.13478088378906
2017-05-11,207.04176330566406,130.0192108154297,123.15508270263672,48.82240676879883,33.347923278808594,25.254724502563477,19.916488647460938,23.038597106933594,64.54815673828125,19.246318817138672,92.85274505615234,85.13511657714844,85.54652404785156,54.129669189453125,116.5,12.360297203063965,56.84921646118164
2017-05-12,206.69580078125,130.31069946289062,122.50472259521484,49.09331130981445,33.48603439331055,25.318523406982422,19.832307815551758,22.960649490356445,64.43687438964844,19.339784622192383,93.55406951904297,85.57025146484375,85.97989654541016,54.1111946105957,116.83000183105469,12.360297203063965,56.619327545166016
2017-05-15,207.8374786376953,130.72434997558594,123.45797729492188,49.34162902832031,33.82723617553711,25.45979118347168,19.98383140563965,23.1402645111084,64.85629272460938,19.422033309936523,93.2997817993164,85.51385498046875,85.97269439697266,54.23422622680664,117.13999938964844,12.427932739257812,56.7864990234375
2017-05-16,207.647216796875,131.26963806152344,123.50250244140625,49.65768051147461,33.85972595214844,25.57827377319336,20.042757034301758,23.025043487548828,64.60807037353516,19.279972076416016,93.64657592773438,85.62667083740234,86.09549713134766,54.314144134521484,117.6500015258789,12.444841384887695,56.403385162353516
2017-05-17,203.96275329589844,127.93199920654297,120.17064666748047,49.09331130981445,33.28294372558594,24.88105583190918,19.411420822143555,22.797971725463867,63.76066589355469,19.328571319580078,95.0106430053711,86.31163024902344,86.622802734375,54.07429885864258,119.79000091552734,12.52938461303711,56.633270263671875
2017-05-18,204.78439331054688,129.05079650878906,120.60717010498047,49.17608642578125,32.73052215576172,25.026878356933594,19.487180709838867,22.79119873046875,64.04314422607422,19.395862579345703,95.11856079101562,86.28740692138672,86.60832977294922,54.13578796386719,118.80999755859375,12.495567321777344,56.94672393798828
2017-05-19,206.11631774902344,129.59609985351562,121.18621063232422,49.74798583984375,33.42917251586914,25.172697067260742,19.655536651611328,23.072479248046875,64.22286224365234,19.47063446044922,95.34208679199219,86.26326751708984,86.65894317626953,54.23422622680664,119.4000015258789,12.740744590759277,57.253231048583984
2017-05-22,207.16290283203125,130.68670654296875,122.0058364868164,49.80819320678711,33.46166229248047,25.37320899963379,19.706043243408203,23.021648406982422,64.39408874511719,19.638872146606445,95.08003234863281,86.16656494140625,86.58670043945312,54.4002571105957,119.9000015258789,12.825288772583008,57.476158142089844
2017-05-23,207.6212921142578,130.81834411621094,122.40670776367188,49.81570816040039,33.49415969848633,25.418773651123047,19.857561111450195,23.075864791870117,64.60807037353516,19.691213607788086,94.44035339355469,85.94093322753906,86.3194580078125,54.39409255981445,119.13999938964844,12.7830171585083,57.524906158447266
2017-05-24,208.1056365966797,131.42007446289062,122.48690795898438,49.84581756591797,33.624141693115234,25.52358627319336,19.849145889282227,22.953866958618164,64.77070617675781,19.803369522094727,94.97216796875,86.11820983886719,86.4566650390625,54.48637390136719,119.61000061035156,12.757655143737793,57.99161911010742
2017-05-25,209.1002960205078,132.5388946533203,122.56709289550781,49.84581756591797,33.78660583496094,25.705860137939453,19.8828182220459,22.537010192871094,65.07884979248047,19.964126586914062,95.00294494628906,86.16656494140625,86.49278259277344,54.44330978393555,119.4800033569336,12.478658676147461,57.998592376708984
2017-05-26,209.0570068359375,132.77401733398438,122.53145599365234,49.70283889770508,33.90847396850586,25.69219398498535,19.874401092529297,22.574296951293945,64.9590072631836,19.964126586914062,95.16484069824219,86.22295379638672,86.55781555175781,54.47406005859375,120.54000091552734,12.571656227111816,57.580631256103516
2017-05-30,208.8754119873047,132.88677978515625,121.56930541992188,49.65016555786133,33.72975540161133,25.801557540893555,19.73971939086914,22.272672653198242,64.8648452758789,20.027687072753906,95.63494110107422,86.44051361083984,86.7600326538086,54.529388427734375,120.13999938964844,12.47020435333252,57.21840286254883
2017-05-31,208.82347106933594,132.83973693847656,121.44458770751953,49.710350036621094,33.46977615356445,25.760555267333984,19.571353912353516,22.177780151367188,65.12163543701172,20.12862777709961,95.87384796142578,86.48085021972656,86.86117553710938,54.523258209228516,120.62000274658203,12.33493423461914,57.253231048583984
2017-06-01,210.48414611816406,133.35687255859375,123.78756713867188,50.033939361572266,33.75411605834961,25.8243465423584,19.815475463867188,22.316730499267578,65.84066772460938,20.270692825317383,95.88389587402344,86.4356460571289,86.87995147705078,54.68199920654297,120.72000122070312,12.250391006469727,57.552764892578125
2017-06-02,211.18472290039062,134.87997436523438,124.58941650390625,50.58326721191406,33.92471694946289,26.061307907104492,19.73971939086914,22.059165954589844,66.26863098144531,20.29312515258789,97.0191879272461,86.8149642944336,87.28559112548828,54.71287536621094,121.61000061035156,12.19120979309082,58.14487838745117
2017-06-05,211.0290069580078,134.85179138183594,123.81433868408203,50.30482864379883,33.884090423583984,26.084089279174805,19.773386001586914,22.09983253479004,66.08033752441406,20.22956657409668,96.41679382324219,86.66969299316406,87.03936004638672,54.66347122192383,121.7300033569336,12.123575210571289,57.89409255981445
2017-06-06,210.35440063476562,134.31585693359375,123.69850158691406,50.161865234375,33.90034484863281,26.03396987915039,19.689208984375,22.360788345336914,65.91767120361328,20.18470573425293,96.94198608398438,86.944091796875,87.29286193847656,54.576995849609375,123.0999984741211,12.208118438720703,57.615455627441406
2017-06-07,210.7435760498047,134.8423614501953,123.81433868408203,50.17690658569336,33.85972595214844,26.11598777770996,19.840728759765625,22.045608520507812,66.09744262695312,20.252002716064453,96.47854614257812,86.78271484375,87.18418884277344,54.465843200683594,122.44999694824219,12.039031028747559,58.019493103027344
2017-06-08,210.8473663330078,134.98345947265625,125.50704193115234,50.08660888671875,34.06281661987305,26.175233840942383,20.068012237548828,21.981218338012695,65.90913391113281,20.083772659301758,96.22370910644531,86.64550018310547,87.0320816040039,54.509063720703125,121.6500015258789,12.039031028747559,57.880165100097656
2017-06-09,210.52737426757812,131.608154296875,126.15731811523438,49.89847183227539,33.8028564453125,25.528146743774414,20.446809768676758,22.509904861450195,66.35423278808594,20.06507110595703,96.07695770263672,86.56475830078125,86.94519805908203,54.55227279663086,120.54000091552734,12.106666564941406,58.2841796875
2017-06-12,210.48414611816406,130.90301513671875,125.95240783691406,49.710350036621094,33.624141693115234,25.377761840820312,20.4888973236084,22.669189453125,66.26863098144531,20.027687072753906,96.04611206054688,86.54867553710938,86.9669418334961,54.644962310791016,120.36000061035156,11.996759414672852,58.806640625
2017-06-13,211.51336669921875,131.96539306640625,126.5938491821289,50.09413528442383,33.78660583496094,25.56003761291504,20.598331451416016,22.838638305664062,66.40560150146484,20.076284408569336,96.06153106689453,86.58091735839844,87.06106567382812,54.74378204345703,120.4800033569336,12.047486305236816,58.938968658447266
2017-06-14,211.24526977539062,131.39186096191406,125.8454818725586,50.0565071105957,33.77848815917969,25.43700408935547,20.632001876831055,22.425186157226562,66.72228240966797,20.18470573425293,97.54439544677734,87.0328369140625,87.65496826171875,54.749961853027344,119.81999969482422,11.836126327514648,59.02259826660156
2017-06-15,210.8387451171875,130.8090057373047,125.20407104492188,49.537288665771484,33.42917251586914,25.323083877563477,20.547826766967773,22.25572395324707,66.65382385253906,20.300600051879883,97.38990020751953,86.8795166015625,87.44490051269531,54.539955139160156,119.31999969482422,11.886853218078613,59.322120666503906
2017-06-16,210.88485717773438,130.241455078125,124.89228057861328,49.95867919921875,33.48603439331055,25.27869987487793,20.525009155273438,22.623924255371094,66.76382446289062,20.393693923950195,97.58299255371094,86.92800903320312,87.51736450195312,54.44729995727539,119.33999633789062,11.937578201293945,59.16885757446289
2017-06-19,212.64047241210938,132.41921997070312,125.81879425048828,50.161865234375,33.8191032409668,25.65388298034668,20.73626136779785,22.480602264404297,67.45989227294922,20.325855255126953,97.4439697265625,86.68580627441406,87.40872192382812,54.61406707763672,118.43000030517578,11.861489295959473,59.175846099853516
2017-06-20,211.20640563964844,131.3821563720703,124.54481506347656,49.75810623168945,33.44532012939453,25.44798469543457,20.558809280395508,22.19396209716797,67.68334197998047,20.33716583251953,98.31670379638672,86.90373992919922,87.60425567626953,54.42259979248047,118.18000030517578,11.743128776550293,59.03651428222656
2017-06-21,211.1542205810547,132.6831817626953,124.2330322265625,49.696937561035156,33.518768310546875,25.58982276916504,20.38981056213379,21.835660934448242,68.54268646240234,20.216556549072266,98.51752471923828,86.89566040039062,87.6477279663086,54.10757064819336,118.5199966430664,11.616312026977539,58.918113708496094
2017-06-22,211.05865478515625,132.6454620361328,124.70516967773438,49.68928909301758,33.690162658691406,25.59897804260254,20.263057708740234,21.822021484375,69.2559585571289,20.122337341308594,98.73372650146484,86.97638702392578,87.72012329101562,54.25583267211914,118.91999816894531,11.633221626281738,58.973812103271484
2017-06-23,211.31069946289062,133.15451049804688,125.53369140625,49.81163787841797,33.86970138549805,25.759109497070312,20.187013626098633,21.968751907348633,69.15283966064453,20.054494857788086,98.68749237060547,87.00059509277344,87.76360321044922,54.47819519042969,119.43000030517578,11.683947563171387,59.178470611572266
2017-06-26,211.44973754882812,132.5323486328125,125.6851577758789,49.895748138427734,34.196163177490234,25.621845245361328,20.296863555908203,21.92097282409668,69.08409881591797,20.190176010131836,99.05811309814453,87.07320404052734,87.92292785644531,54.55227279663086,118.36000061035156,11.709310531616211,59.60041809082031
2017-06-27,209.7462615966797,130.12826538085938,124.58045196533203,49.88809585571289,33.7962532043457,25.200918197631836,20.398258209228516,21.886852264404297,68.456787109375,19.964040756225586,98.00009155273438,86.64550018310547,87.52456665039062,54.37934494018555,118.80999755859375,11.844579696655273,59.06594467163086
2017-06-28,211.62355041503906,132.00440979003906,126.48690032958984,50.323974609375,34.05741500854492,25.516613006591797,20.719356536865234,22.00628662109375,68.81770324707031,19.771821975708008,97.6756820678711,86.56475830078125,87.61871337890625,54.60170364379883,118.9000015258789,11.920671463012695,59.20659637451172
2017-06-29,209.76364135742188,129.7135009765625,125.7386703491211,49.826934814453125,33.6248664855957,25.059083938598633,20.863006591796875,22.05405616760254,68.19036865234375,19.613527297973633,96.85700988769531,86.24195098876953,87.35075378417969,54.465843200683594,118.31999969482422,11.971396446228027,58.5314826965332
2017-06-30,210.15476989746094,129.76065063476562,125.54263305664062,49.857521057128906,33.77993392944336,25.036205291748047,20.846105575561523,22.153013229370117,68.0958251953125,19.583377838134766,96.63306427001953,86.04023742675781,87.27835845947266,54.59553909301758,118.0199966430664,12.216572761535645,58.5314826965332
2017-07-03,210.5111083984375,128.39366149902344,126.5938491821289,49.79634475708008,33.97581100463867,24.86234474182129,21.150304794311523,22.579566955566406,68.21615600585938,19.492918014526367,96.32193756103516,85.72416687011719,87.08952331542969,54.56884765625,116.08999633789062,12.343388557434082,59.27692413330078
2017-07-05,210.99783325195312,129.6569366455078,126.13951110839844,49.79634475708008,33.910518646240234,25.10940933227539,21.184104919433594,22.122312545776367,68.62004852294922,19.398700714111328,96.34517669677734,85.7888412475586,87.23477172851562,54.52543640136719,116.5199966430664,12.157392501831055,58.44005584716797
2017-07-06,209.06829833984375,128.4879150390625,124.49229431152344,49.574588775634766,33.502437591552734,24.880643844604492,21.023561477661133,21.876615524291992,67.73489379882812,19.39116668701172,95.54801177978516,85.627197265625,87.0096435546875,54.38899230957031,116.47000122070312,12.165846824645996,57.34297561645508
2017-07-07,210.42416381835938,129.8737335205078,125.70021057128906,49.58222579956055,33.56774139404297,25.168888092041016,21.167207717895508,21.842491149902344,68.0786361694336,19.406238555908203,94.97532653808594,85.48980712890625,86.9370346069336,54.33934783935547,115.27999877929688,12.047486305236816,57.66648483276367
2017-07-10,210.65017700195312,130.72225952148438,125.15441131591797,49.7045783996582,33.88603210449219,25.35190200805664,21.14185905456543,21.91415023803711,67.9497299194336,19.39116668701172,95.11461639404297,85.60294342041016,87.0822525024414,54.40137481689453,115.47000122070312,12.098211288452148,57.13905715942383
2017-07-11,210.4936981201172,131.08993530273438,125.521240234375,49.81929016113281,34.16351318359375,25.406810760498047,20.95595359802246,22.033588409423828,67.87239837646484,19.379850387573242,95.27713012695312,85.716064453125,87.11858367919922,54.36414337158203,115.62000274658203,12.216572761535645,57.07575607299805
2017-07-12,212.07550048828125,132.6454620361328,126.4875717163086,50.216922760009766,34.82459259033203,25.736228942871094,21.023561477661133,22.09501075744629,68.33643341064453,19.545686721801758,95.93494415283203,85.96669006347656,87.50344848632812,54.717750549316406,116.02999877929688,12.157392501831055,57.77899169921875
2017-07-13,212.43182373046875,132.937744140625,126.59496307373047,50.36220932006836,34.9959716796875,25.78656578063965,21.150304794311523,22.18372917175293,68.39661407470703,19.477842330932617,95.3312759399414,85.87776184082031,87.3509292602539,54.76116180419922,115.81999969482422,12.148938179016113,57.87043762207031
2017-07-14,213.4226531982422,133.9841766357422,126.80964660644531,50.71397018432617,35.43669128417969,26.01532554626465,21.05735969543457,22.31681251525879,68.86064147949219,19.568294525146484,95.4474105834961,85.99900817871094,87.55430603027344,54.916229248046875,116.7699966430664,12.284208297729492,58.425994873046875
2017-07-17,213.3966064453125,134.05014038085938,127.10490417480469,50.61455535888672,35.273460388183594,26.0199031829834,20.98975944519043,22.289512634277344,68.6114273071289,19.65875244140625,95.71055603027344,86.10404968261719,87.63417053222656,54.93484115600586,117.29000091552734,12.241935729980469,58.89716720581055
2017-07-18,213.509521484375,134.94570922851562,126.77388763427734,50.66044616699219,35.37955856323242,26.138866424560547,20.95595359802246,22.18372917175293,68.66300964355469,19.71529197692871,96.54632568359375,86.41927337646484,88.01178741455078,54.95965576171875,118.11000061035156,12.292662620544434,58.77057647705078
2017-07-19,214.66555786132812,135.7376708984375,128.035400390625,50.8821907043457,35.67337417602539,26.271549224853516,20.964405059814453,22.50790023803711,69.22158813476562,19.798206329345703,96.58503723144531,86.41927337646484,87.98272705078125,55.05268478393555,118.08000183105469,12.402569770812988,59.21365737915039
2017-07-20,214.76112365722656,135.9167938232422,128.12489318847656,51.08866500854492,35.6325569152832,26.326454162597656,20.95595359802246,22.439655303955078,69.67703247070312,19.941425323486328,96.8636245727539,86.44354248046875,88.06256866455078,55.083736419677734,118.23999786376953,12.385661125183105,58.939361572265625
2017-07-21,214.5699462890625,135.86026000976562,127.54337310791016,50.88984298706055,35.60808563232422,26.29442024230957,20.95595359802246,22.217851638793945,69.5997085571289,20.08464241027832,97.27383422851562,86.59709167480469,88.26593017578125,55.04030227661133,119.26000213623047,12.216572761535645,58.89716720581055
2017-07-24,214.5177764892578,136.4824676513672,127.72229766845703,50.75221252441406,35.71417236328125,26.35847282409668,21.048913955688477,22.176897048950195,69.57390594482422,19.896203994750977,96.89463806152344,86.54051208496094,88.16423034667969,55.083736419677734,119.30999755859375,12.241935729980469,58.78464889526367
2017-07-25,215.0392303466797,136.13363647460938,128.88543701171875,50.821022033691406,35.6244010925293,26.308147430419922,21.310853958129883,22.456714630126953,69.07549285888672,19.783124923706055,95.63319396972656,86.05553436279297,87.64144134521484,55.10853576660156,118.91999816894531,12.37720775604248,58.86199951171875
2017-07-26,215.04795837402344,136.57676696777344,128.1696319580078,51.13453674316406,35.918209075927734,26.40880584716797,21.167207717895508,22.480602264404297,68.8434829711914,19.971576690673828,95.78795623779297,86.33036804199219,87.93186950683594,55.18918228149414,119.87999725341797,12.495567321777344,59.269874572753906
2017-07-27,214.84805297851562,135.7187957763672,127.35541534423828,51.019832611083984,35.72233963012695,26.308147430419922,21.048913955688477,22.709224700927734,68.37081909179688,20.02057456970215,95.31584930419922,86.19297790527344,87.71405029296875,55.14575958251953,119.79000091552734,12.571656227111816,59.34021759033203
2017-07-28,214.59597778320312,135.605712890625,127.01546478271484,51.0733642578125,35.70602035522461,26.280696868896484,21.048913955688477,22.68193244934082,68.71455383300781,19.99042510986328,95.88076782226562,86.33843994140625,87.94641876220703,55.1519775390625,120.69000244140625,12.63929271697998,59.178470611572266
2017-07-31,214.4743194580078,135.03065490722656,126.61280822753906,51.180419921875,35.74681854248047,26.152585983276367,21.20100975036621,22.733123779296875,68.65440368652344,20.058259963989258,95.99691772460938,86.36272430419922,87.94641876220703,55.1519775390625,120.75,12.715381622314453,59.25584030151367
2017-08-01,214.95236206054688,135.34173583984375,126.85437774658203,51.46336364746094,35.85292053222656,26.285263061523438,21.35310173034668,22.729703903198242,68.4997329711914,20.171327590942383,96.67089080810547,86.57721710205078,88.26531982421875,55.20677947998047,120.6500015258789,12.571656227111816,59.52305221557617
2017-08-02,215.05661010742188,135.7093963623047,125.46758270263672,51.486305236816406,35.88557434082031,26.35847282409668,21.38690185546875,22.644397735595703,68.34503173828125,20.25801658630371,96.72518157958984,86.49624633789062,88.12696075439453,55.219215393066406,120.4000015258789,12.597020149230957,58.9815673828125
2017-08-03,214.63943481445312,135.18145751953125,124.84124755859375,51.51688766479492,35.73866271972656,26.298995971679688,21.310853958129883,22.327045440673828,68.456787109375,20.359773635864258,97.72567749023438,86.79579162597656,88.25074005126953,55.11333084106445,120.58999633789062,12.504022598266602,58.86199951171875
2017-08-04,215.0305633544922,135.42657470703125,125.4496841430664,51.58570098876953,35.86924362182617,26.35847282409668,21.45450782775879,22.398706436157227,68.30207061767578,20.269323348999023,96.89582824707031,86.56100463867188,87.90853881835938,55.12577819824219,119.6500015258789,12.52938461303711,59.05891036987305
2017-08-07,215.4303741455078,136.28448486328125,125.65546417236328,51.608638763427734,36.11408996582031,26.51861572265625,21.420711517333984,22.22808837890625,68.44815826416016,20.33339500427246,97.00439453125,86.60961151123047,87.9303970336914,55.100868225097656,119.51000213623047,12.554749488830566,58.99558639526367
2017-08-08,214.9002227783203,136.04879760742188,125.26181030273438,51.3333625793457,36.122249603271484,26.482006072998047,21.361560821533203,22.176897048950195,68.13021087646484,20.416311264038086,96.65540313720703,86.5367431640625,87.50811004638672,54.86417007446289,119.86000061035156,12.563201904296875,58.71430969238281
2017-08-09,214.89149475097656,135.86965942382812,124.17916870117188,51.249244689941406,35.79579544067383,26.468280792236328,21.361560821533203,22.197376251220703,68.20755004882812,20.3107852935791,97.18278503417969,86.64198303222656,87.5954818725586,54.65239334106445,121.30999755859375,12.647747039794922,58.51741409301758
2017-08-10,211.85821533203125,132.95654296875,121.92445373535156,50.522789001464844,34.94701385498047,25.946697235107422,20.981307983398438,21.961923599243164,67.35675048828125,20.374849319458008,98.01266479492188,86.96580505371094,87.56632995605469,54.30361557006836,122.20999908447266,12.45329475402832,58.095458984375
2017-08-11,212.17112731933594,133.9652862548828,122.10342407226562,50.43103790283203,35.028621673583984,26.125133514404297,20.896800994873047,21.818607330322266,67.54583740234375,20.254243850708008,98.0592041015625,87.06291198730469,87.72652435302734,54.39700698852539,122.79000091552734,12.495567321777344,57.7368049621582
2017-08-14,214.2744140625,135.69052124023438,123.95547485351562,50.79808044433594,35.38772201538086,26.541484832763672,21.184104919433594,21.75377082824707,68.00128936767578,20.371078491210938,97.55503845214844,86.85243225097656,87.66824340820312,54.68354415893555,121.91999816894531,12.385661125183105,58.700279235839844
2017-08-15,214.2483367919922,135.78475952148438,122.93547058105469,50.75984573364258,35.42852783203125,26.582670211791992,21.20100975036621,21.671875,68.00128936767578,20.484155654907227,97.14398956298828,86.59339904785156,87.56632995605469,54.70220184326172,120.9800033569336,12.326480865478516,58.524452209472656
2017-08-16,214.62208557128906,136.0205535888672,122.97126007080078,51.05042266845703,35.79579544067383,26.660446166992188,21.158756256103516,21.463720321655273,68.19036865234375,20.567068099975586,97.50080108642578,86.75532531738281,87.81391906738281,54.70844650268555,121.87000274658203,12.292662620544434,58.75652313232422
2017-08-17,211.2759246826172,133.2394256591797,120.72549438476562,50.47691345214844,35.33875274658203,26.138866424560547,20.795413970947266,21.160015106201172,67.339599609375,20.420080184936523,98.22979736328125,87.06291198730469,87.90127563476562,54.40323257446289,122.48999786376953,12.326480865478516,58.39082336425781
2017-08-18,210.94566345214844,133.14512634277344,120.71653747558594,50.61455535888672,35.6407356262207,26.111406326293945,20.80385971069336,21.26580810546875,67.03021240234375,20.540687561035156,98.20658111572266,87.07915496826172,87.8429946899414,54.48420715332031,122.30000305175781,12.546294212341309,57.80009841918945
2017-08-21,211.1107635498047,132.97543334960938,120.63605499267578,50.599266052246094,35.77131271362305,26.10225486755371,20.744709014892578,21.1566104888916,67.33099365234375,20.616065979003906,98.44701385498047,87.13580322265625,87.9668197631836,54.540279388427734,122.76000213623047,12.394115447998047,58.41896438598633
2017-08-22,213.3184356689453,135.0023651123047,121.94233703613281,50.84396743774414,36.17121124267578,26.491165161132812,20.972854614257812,21.29651641845703,68.14739990234375,20.66129493713379,98.06695556640625,86.96580505371094,87.87940979003906,54.76451110839844,122.20999908447266,12.427932739257812,58.25016784667969
2017-08-23,212.55355834960938,134.5215606689453,121.74547576904297,50.851600646972656,36.34260559082031,26.42710304260254,20.905254364013672,21.38864517211914,67.63175201416016,20.729124069213867,98.73397827148438,87.2652816772461,88.21434783935547,54.7707405090332,122.66999816894531,12.53783893585205,58.84794235229492
2017-08-24,212.05813598632812,134.1256103515625,122.12130737304688,50.73690414428711,36.45686340332031,26.40423011779785,20.905254364013672,21.402299880981445,67.82942962646484,20.714054107666016,98.3694839477539,87.127685546875,88.04690551757812,54.85169982910156,122.29000091552734,12.52938461303711,58.665096282958984
2017-08-25,212.55355834960938,133.84271240234375,122.47022247314453,51.04278564453125,36.66905212402344,26.399656295776367,20.964405059814453,21.497844696044922,67.84661865234375,20.781892776489258,98.74951171875,87.27338409423828,88.25074005126953,54.95138168334961,122.73999786376953,12.504022598266602,58.946407318115234
2017-08-28,212.5622100830078,134.257568359375,122.98917388916016,51.04278564453125,36.538475036621094,26.449975967407227,20.829206466674805,21.402299880981445,68.20755004882812,20.819589614868164,98.68745422363281,87.35433959960938,88.25074005126953,54.957637786865234,124.69000244140625,12.51247787475586,58.49631118774414
2017-08-29,212.80555725097656,134.7855224609375,123.01602172851562,50.8363151550293,36.47319412231445,26.564369201660156,20.761606216430664,21.375,68.33643341064453,20.77435302734375,99.00542449951172,87.55672454833984,88.3162841796875,54.88909149169922,124.41999816894531,12.51247787475586,58.43303298950195
2017-08-30,213.8137664794922,136.36932373046875,123.80339050292969,50.76749038696289,36.53031539916992,26.756528854370117,20.846105575561523,21.385234832763672,68.68878936767578,20.714054107666016,98.97440338134766,87.48385620117188,88.3891372680664,55.03857421875,124.36000061035156,12.419478416442871,58.7635612487793
2017-08-31,215.10009765625,137.83059692382812,125.02017211914062,51.15747833251953,36.587440490722656,26.916671752929688,20.8714599609375,21.48760986328125,69.85752868652344,20.717823028564453,99.26911926269531,87.62145233154297,88.5420150756836,55.18809509277344,125.81999969482422,12.766108512878418,59.10109329223633
2017-09-01,215.40428161621094,137.64207458496094,125.72705841064453,51.22629928588867,36.856773376464844,26.89379119873047,20.93060874938965,21.69576072692871,69.80595397949219,20.65375328063965,98.50981140136719,87.3636474609375,88.19158172607422,55.244388580322266,126.05999755859375,12.7830171585083,59.30504608154297
2017-09-05,213.8572235107422,136.40707397460938,124.51912689208984,50.8821907043457,36.375244140625,26.655868530273438,20.48275375366211,21.815196990966797,69.50518035888672,20.706520080566406,100.072021484375,87.97172546386719,88.73908233642578,55.11927795410156,127.45999908447266,12.808379173278809,59.1432991027832
2017-09-06,214.58729553222656,136.82186889648438,124.77863311767578,51.195716857910156,36.6119270324707,26.678752899169922,20.533458709716797,22.170076370239258,69.84032440185547,20.612293243408203,99.45802307128906,87.76090240478516,88.42516326904297,55.08172607421875,126.80999755859375,12.93519401550293,59.298011779785156
2017-09-07,214.5612335205078,137.1424102783203,124.46546936035156,51.616302490234375,36.881248474121094,26.7702579498291,20.178558349609375,22.211027145385742,70.61376190185547,20.766820907592773,100.47612762451172,88.1419677734375,88.76827239990234,55.08799743652344,128.1300048828125,12.926740646362305,59.67778396606445
2017-09-08,214.30914306640625,135.95448303222656,124.5638427734375,51.62394332885742,36.63640213012695,26.550636291503906,20.364456176757812,21.97557830810547,70.93172454833984,20.864809036254883,100.25851440429688,88.07711791992188,88.5055160522461,54.91286849975586,127.97000122070312,12.7830171585083,59.72700500488281
2017-09-11,216.594970703125,137.51950073242188,125.87017059326172,52.02922058105469,37.1260986328125,26.925817489624023,20.719356536865234,22.18372917175293,71.4817123413086,21.041955947875977,99.0616455078125,87.57447052001953,88.23535919189453,55.08799743652344,126.19000244140625,12.808379173278809,60.27553939819336
2017-09-12,217.3250274658203,137.8494415283203,126.63970947265625,52.18981170654297,37.08529281616211,26.989871978759766,20.964405059814453,22.32022476196289,71.63640594482422,20.691448211669922,98.54090881347656,87.3636474609375,88.1404800415039,55.15679168701172,126.55999755859375,12.842195510864258,59.565250396728516
2017-09-13,217.42935180664062,138.0380096435547,127.01546478271484,51.906864166259766,36.8894157409668,26.953269958496094,20.998207092285156,22.60003662109375,71.37000274658203,20.589679718017578,98.15229034423828,87.18528747558594,88.05290222167969,55.175594329833984,125.61000061035156,12.901378631591797,59.41054153442383
2017-09-14,217.35977172851562,137.227294921875,126.89910888671875,51.99863815307617,36.98735046386719,26.86175537109375,20.95595359802246,22.709224700927734,71.46452331542969,20.763051986694336,98.55646514892578,87.20155334472656,88.27188110351562,55.25064468383789,126.16000366210938,12.909832954406738,59.90282440185547
2017-09-15,217.65240478515625,137.69859313964844,127.41806030273438,52.044525146484375,37.20771026611328,26.97150421142578,21.017898559570312,22.762821197509766,71.23595428466797,20.79229164123535,98.59527587890625,87.3069076538086,88.34488677978516,55.300682067871094,125.52999877929688,12.969013214111328,60.015323638916016
2017-09-18,218.11529541015625,137.5181427001953,128.28594970703125,52.11334228515625,37.338294982910156,26.994464874267578,21.263973236083984,22.859617233276367,71.21871948242188,20.579618453979492,98.02798461914062,86.96640014648438,88.25727081298828,55.275657653808594,124.36000061035156,12.952103614807129,59.69182205200195
2017-09-19,218.3336639404297,137.75439453125,128.28594970703125,52.35804748535156,37.419898986816406,27.113842010498047,21.425188064575195,22.952970504760742,70.65805053710938,20.5378475189209,97.78703308105469,86.869140625,88.30838775634766,55.331932067871094,124.62000274658203,12.926740646362305,59.298011779785156
2017-09-20,218.41229248046875,137.3292236328125,128.69754028320312,52.24333953857422,37.24851989746094,27.003639221191406,21.55246925354004,23.108545303344727,70.72704315185547,20.385940551757812,97.85699462890625,86.69889068603516,88.19886779785156,55.32566833496094,123.62000274658203,13.03664779663086,59.13628387451172
2017-09-21,217.8270721435547,136.48829650878906,128.5633544921875,52.13628005981445,37.24851989746094,26.856704711914062,21.603376388549805,23.115461349487305,70.36481475830078,20.382144927978516,97.80257415771484,86.58535766601562,88.19886779785156,55.256874084472656,122.68000030517578,12.985920906066895,59.02375793457031
2017-09-22,217.87078857421875,136.35601806640625,129.10910034179688,52.2968635559082,37.036319732666016,26.870485305786133,21.577924728393555,23.233003616333008,70.36481475830078,20.215049743652344,98.08236694335938,86.73942565917969,88.31571960449219,55.31319808959961,123.23999786376953,13.03664779663086,58.607421875
2017-09-25,217.42530822753906,134.91989135742188,129.28805541992188,51.99863815307617,36.40788269042969,26.553661346435547,21.55246925354004,23.5683650970459,70.15779876708984,20.40113639831543,98.69637298583984,86.99884033203125,88.64419555664062,55.344451904296875,124.52999877929688,13.256463050842285,58.948421478271484
2017-09-26,217.55633544921875,135.26943969726562,129.6997833251953,51.883934020996094,36.30995559692383,26.65009117126465,21.543983459472656,23.557994842529297,70.0456771850586,20.363155364990234,98.51763153076172,86.92584991455078,88.62958526611328,55.41326904296875,123.13999938964844,13.138100624084473,59.047908782958984
2017-09-27,218.403564453125,136.48829650878906,132.2379608154297,51.92216491699219,36.17938232421875,26.921003341674805,21.807024002075195,23.658252716064453,70.01979064941406,20.089725494384766,97.03309631347656,86.47997283935547,88.2864761352539,55.43828582763672,121.9800033569336,13.087373733520508,58.515045166015625
2017-09-28,218.6656036376953,136.44105529785156,132.5877685546875,52.0598258972168,36.15488815307617,26.953144073486328,21.84096908569336,23.678998947143555,70.08018493652344,20.161874771118164,96.74556732177734,86.46375274658203,88.41786193847656,55.43828582763672,122.20999908447266,13.087373733520508,58.912906646728516
2017-09-29,219.43417358398438,137.42367553710938,132.9016571044922,52.36568832397461,36.57112121582031,27.136802673339844,21.942792892456055,23.675540924072266,70.49418640136719,20.146690368652344,96.96318054199219,86.35836791992188,88.4981918334961,55.51961135864258,121.58000183105469,13.019739151000977,59.03369140625
2017-10-02,220.38629150390625,137.5465087890625,134.5339813232422,52.31980514526367,36.57929229736328,27.178123474121094,22.129459381103516,23.668624877929688,71.21007537841797,20.18086814880371,96.78565216064453,86.26012420654297,88.58087158203125,55.4913215637207,120.7699966430664,12.909832954406738,58.948421478271484
2017-10-03,220.85794067382812,137.8394317626953,134.83001708984375,52.49569320678711,37.15874099731445,27.24241065979004,22.205829620361328,23.644424438476562,71.19283294677734,20.123897552490234,96.87911224365234,86.38191223144531,88.77854919433594,55.59183120727539,120.83000183105469,12.918286323547363,58.863182067871094
2017-10-04,221.11997985839844,137.9716339111328,134.39950561523438,52.39627456665039,37.15058135986328,27.224042892456055,22.10401153564453,23.627140045166016,71.53785705566406,20.325178146362305,96.88690185546875,86.3575439453125,88.72727966308594,55.535282135009766,121.16999816894531,12.93519401550293,59.161598205566406
2017-10-05,222.4301300048828,139.32276916503906,134.7671661376953,52.36568832397461,37.428070068359375,27.48577308654785,22.333110809326172,23.734317779541016,71.58958435058594,20.306190490722656,96.52084350585938,86.26830291748047,88.60282897949219,55.6043701171875,120.5199966430664,13.078919410705566,59.374717712402344
2017-10-06,222.17684936523438,139.51170349121094,134.57884216308594,52.327457427978516,37.240352630615234,27.527095794677734,22.358564376831055,23.533798217773438,71.49468994140625,20.291000366210938,96.24829864501953,86.16267395019531,88.52961730957031,55.52272033691406,121.08999633789062,12.876015663146973,59.18291473388672
2017-10-09,221.8099822998047,139.35113525390625,134.02279663085938,52.34273910522461,37.21587371826172,27.595972061157227,22.273710250854492,23.58219337463379,71.04618835449219,20.317581176757812,96.5520248413086,86.26012420654297,88.60282897949219,55.52899169921875,122.08000183105469,12.884469985961914,59.32500076293945
2017-10-10,222.3951873779297,139.4550323486328,134.40843200683594,52.83979415893555,37.5831298828125,27.623523712158203,22.375534057617188,23.602941513061523,71.21007537841797,20.515058517456055,96.7077407836914,86.29261016845703,88.66143035888672,55.57294845581055,122.4000015258789,13.03664779663086,59.50263595581055
2017-10-11,222.7445526123047,139.87069702148438,134.3097686767578,52.96977996826172,37.7545280456543,27.715354919433594,22.333110809326172,23.658252716064453,71.34809112548828,20.6024112701416,96.89464569091797,86.39006042480469,88.61750030517578,55.51645278930664,122.79000091552734,13.062010765075684,59.70154571533203
2017-10-12,222.41265869140625,139.61563110351562,134.2111053466797,52.92390441894531,37.73820114135742,27.6464786529541,22.163408279418945,23.571826934814453,71.2704849243164,20.70874786376953,97.30741119384766,86.47119903564453,88.63945770263672,55.453636169433594,122.88999938964844,13.045103073120117,60.0852165222168
2017-10-13,222.6834259033203,140.15423583984375,133.96893310546875,53.19919204711914,38.08097839355469,27.779632568359375,22.17188835144043,23.557994842529297,71.08930969238281,20.564434051513672,98.00827026367188,86.76351928710938,88.99078369140625,55.478763580322266,123.81999969482422,13.171917915344238,60.24152374267578
2017-10-16,222.98037719726562,140.63604736328125,133.85235595703125,53.16095733642578,38.05649948120117,27.880657196044922,22.316137313842773,23.60985565185547,70.77883911132812,20.518856048583984,97.93817138671875,86.61734771728516,88.86634063720703,55.51018142700195,122.97000122070312,13.205735206604004,59.9431266784668
2017-10-17,223.1375732421875,140.81556701660156,133.46665954589844,53.023311614990234,37.860618591308594,27.880657196044922,22.205829620361328,23.623687744140625,71.72762298583984,20.640390396118164,98.06282043457031,86.58491516113281,88.85173034667969,55.59183120727539,122.12999725341797,13.188827514648438,60.014163970947266
2017-10-18,223.35598754882812,140.64553833007812,134.10348510742188,53.17625045776367,37.95038604736328,27.94953155517578,22.324621200561523,23.457725524902344,71.83108520507812,20.6024112701416,97.41643524169922,86.36567687988281,88.71996307373047,55.64835739135742,121.66999816894531,13.18037223815918,59.95020294189453
2017-10-19,223.41708374023438,140.12586975097656,133.89723205566406,53.09214782714844,37.61577606201172,27.86688232421875,22.341596603393555,23.385129928588867,72.27098846435547,20.818880081176758,97.58775329589844,86.45498657226562,88.85173034667969,55.65464401245117,122.38999938964844,13.12119197845459,59.7725830078125
2017-10-20,224.57005310058594,140.50376892089844,134.5160369873047,53.023311614990234,37.7545280456543,28.055137634277344,22.604637145996094,23.43007469177246,72.34861755371094,20.834068298339844,96.5520248413086,86.09774780273438,88.61016845703125,55.70488739013672,121.61000061035156,13.188827514648438,59.43159103393555
2017-10-23,223.69654846191406,139.58729553222656,133.5115509033203,52.90861511230469,37.452552795410156,27.921985626220703,22.58766746520996,23.30906867980957,72.16746520996094,20.845458984375,96.72332763671875,86.17896270751953,88.697998046875,55.64207077026367,121.80000305175781,13.188827514648438,59.2042236328125
2017-10-24,224.08969116210938,139.82351684570312,133.78958129882812,52.99271774291992,37.452552795410156,28.000041961669922,22.748882293701172,23.354021072387695,71.68449401855469,20.86444854736328,96.12368774414062,85.91912078857422,88.4784164428711,55.64207077026367,121.33000183105469,13.324097633361816,58.8489875793457
2017-10-25,222.98037719726562,139.2943878173828,133.14382934570312,52.78627014160156,37.37093734741211,27.848514556884766,22.61311912536621,23.19152069091797,71.5809555053711,20.7733097076416,95.6642074584961,85.7811050415039,88.24417877197266,55.485042572021484,121.3499984741211,13.341004371643066,58.6784553527832
2017-10-26,223.2686767578125,138.85035705566406,133.42178344726562,52.77861785888672,37.11793518066406,27.963306427001953,22.740398406982422,23.239925384521484,70.86505889892578,20.7771053314209,95.34492492675781,85.66739654541016,88.23686218261719,55.415985107421875,120.33000183105469,13.400186538696289,58.19533920288086
2017-10-27,225.09414672851562,142.8941650390625,134.34561157226562,52.90096664428711,37.65658950805664,28.716344833374023,22.723432540893555,23.281410217285156,70.84781646728516,20.90622329711914,95.97570037841797,85.94347381591797,88.5003662109375,55.566715240478516,120.9000015258789,13.467822074890137,58.458229064941406
2017-10-30,224.25563049316406,143.21539306640625,132.9285430908203,53.023311614990234,37.419898986816406,28.780624389648438,22.63009262084961,23.402420043945312,70.08879852294922,20.91002655029297,96.89464569091797,86.25202941894531,88.79315948486328,55.554115295410156,121.12999725341797,13.501638412475586,58.40847396850586
2017-10-31,224.60498046875,143.75392150878906,133.87030029296875,53.24507522583008,37.77084732055664,28.90459632873535,22.570695877075195,23.478477478027344,69.95940399169922,20.93280792236328,96.92586517333984,86.19514465332031,88.66873168945312,55.566715240478516,120.66999816894531,13.535456657409668,58.40137481689453
2017-11-01,224.9019317626953,143.7066650390625,132.98231506347656,53.29860305786133,37.96672058105469,28.909194946289062,22.604637145996094,23.744686126708984,70.1319351196289,20.815080642700195,97.35736083984375,86.2472152709961,88.80890655517578,55.51371765136719,121.11000061035156,13.543910026550293,58.68556213378906
2017-11-02,224.98928833007812,143.43272399902344,133.3769989013672,53.459190368652344,38.01568603515625,28.922962188720703,22.8167667388916,23.675540924072266,69.81278991699219,20.891027450561523,97.78661346435547,86.36107635498047,88.79423522949219,55.48219299316406,121.19000244140625,13.62845516204834,59.18291473388672
2017-11-03,225.74041748046875,144.8120880126953,133.28733825683594,53.37507629394531,37.81980895996094,29.152555465698242,22.723432540893555,23.744686126708984,70.39068603515625,20.96698570251465,98.0519790649414,86.49930572509766,88.89698028564453,55.488487243652344,120.62000274658203,13.712996482849121,59.03369140625
2017-11-06,226.08985900878906,145.303466796875,133.4397735595703,53.451541900634766,38.24420166015625,29.216829299926758,22.69797134399414,24.287487030029297,70.175048828125,20.887229919433594,98.41874694824219,86.60501861572266,88.91900634765625,55.494789123535156,121.6500015258789,13.97508430480957,59.43159103393555
2017-11-07,225.93258666992188,145.38851928710938,131.84332275390625,53.252723693847656,37.999366760253906,29.230606079101562,22.384016036987305,24.256364822387695,70.32167053222656,21.13788414001465,98.83235168457031,86.6375503540039,88.84559631347656,55.33710861206055,121.20999908447266,13.890539169311523,59.91468811035156
2017-11-08,226.3169403076172,145.97427368164062,132.02267456054688,53.42859649658203,38.17891311645508,29.391321182250977,22.273710250854492,24.138822555541992,70.48555755615234,21.15306854248047,98.61385345458984,86.5318374633789,88.72816467285156,55.091182708740234,121.62999725341797,13.865177154541016,60.21310043334961
2017-11-09,225.49591064453125,145.20895385742188,131.55630493164062,53.122737884521484,37.942237854003906,29.15713882446289,22.197343826293945,24.21142578125,70.49418640136719,21.179658889770508,98.33287811279297,86.49930572509766,88.49336242675781,54.8199577331543,122.12999725341797,13.890539169311523,60.277034759521484
2017-11-10,225.42599487304688,145.1995086669922,131.45767211914062,52.97743225097656,37.77900695800781,29.15713882446289,22.129459381103516,24.08350944519043,70.03704833984375,21.08091926574707,96.8501205444336,86.06019592285156,87.98690795898438,54.93980407714844,121.12999725341797,13.865177154541016,60.34097671508789
2017-11-13,225.63563537597656,145.37904357910156,131.49351501464844,52.75568771362305,37.697383880615234,29.14795684814453,22.163408279418945,23.945215225219727,70.10604858398438,21.331562042236328,97.05304718017578,86.0195083618164,88.00162506103516,54.90195083618164,121.30999755859375,13.822904586791992,60.646484375
2017-11-14,225.11163330078125,144.84996032714844,131.13478088378906,52.717437744140625,37.44438934326172,29.08827018737793,22.15492057800293,23.557994842529297,69.82140350341797,21.597402572631836,97.70858001708984,86.14151000976562,88.02364349365234,54.668601989746094,121.55999755859375,13.636906623840332,60.51861572265625
2017-11-15,223.9848175048828,144.169677734375,130.61451721191406,52.465091705322266,37.24851989746094,28.872459411621094,22.214309692382812,23.29178810119629,69.6230239868164,21.411317825317383,98.76994323730469,86.45050048828125,88.39791870117188,54.668601989746094,121.41000366210938,13.620000839233398,59.90757751464844
2017-11-16,225.88893127441406,146.0120086669922,132.533935546875,52.88568115234375,38.02384948730469,29.276527404785156,22.222801208496094,23.198436737060547,70.34754943847656,21.342954635620117,97.91146850585938,86.23094940185547,88.29513549804688,55.20467758178711,121.4000015258789,13.577727317810059,60.40492630004883
2017-11-17,225.2251434326172,145.45458984375,133.14382934570312,52.694496154785156,38.21156311035156,29.08827018737793,22.197343826293945,23.31253433227539,70.0715560913086,21.194847106933594,98.63729858398438,86.34481811523438,88.4052734375,55.16684341430664,122.86000061035156,13.797540664672852,60.14204788208008
2017-11-20,225.60940551757812,145.34124755859375,134.11245727539062,52.80919647216797,38.407432556152344,29.198467254638672,22.299171447753906,23.25720977783203,69.77826690673828,21.13028907775879,98.59825897216797,86.20659637451172,88.4052734375,55.17947769165039,121.30999755859375,13.687636375427246,59.964420318603516
2017-11-21,227.0856170654297,146.91908264160156,135.51161193847656,53.20684051513672,38.921600341796875,29.506107330322266,22.367050170898438,23.30906867980957,70.39068603515625,21.187255859375,98.91041564941406,86.22284698486328,88.69879913330078,55.292972564697266,121.51000213623047,13.780633926391602,60.412025451660156
2017-11-22,226.88470458984375,147.09861755371094,135.3322296142578,53.352134704589844,39.01953887939453,29.45100975036621,22.256742477416992,23.402420043945312,70.36481475830078,21.187255859375,99.23039245605469,86.49930572509766,89.04374694824219,55.38127136230469,122.62999725341797,13.856720924377441,60.277034759521484
2017-11-24,227.4087371826172,147.63714599609375,135.38609313964844,53.78799819946289,38.93791580200195,29.61630630493164,22.248258590698242,23.468103408813477,70.52867889404297,21.221433639526367,98.95728302001953,86.42613983154297,88.9410171508789,55.41911315917969,122.31999969482422,13.898994445800781,60.35518264770508
2017-11-27,227.29515075683594,147.57102966308594,134.97344970703125,53.46683883666992,38.36662292480469,29.61630630493164,22.231294631958008,23.229557037353516,70.58905792236328,21.312576293945312,98.81680297851562,86.48303985595703,88.88965606689453,55.24882888793945,122.83000183105469,13.87363052368164,60.07100296020508
2017-11-28,229.60108947753906,147.94894409179688,137.09912109375,53.7727165222168,38.65227127075195,29.71272850036621,22.80828094482422,23.409334182739258,71.10658264160156,21.411317825317383,98.94945526123047,86.49930572509766,89.01437377929688,55.41911315917969,122.80999755859375,13.814452171325684,59.84364318847656
2017-11-29,229.46131896972656,145.36956787109375,137.55648803710938,53.558589935302734,38.0401725769043,29.056121826171875,23.198604583740234,23.53724479675293,71.46019744873047,21.42270851135254,97.97386932373047,86.22284698486328,88.66211700439453,55.3497314453125,122.04000091552734,13.721451759338379,59.8649787902832
2017-11-30,231.47023010253906,146.58839416503906,137.8076171875,53.61212158203125,37.62393569946289,29.313264846801758,23.351335525512695,23.889894485473633,71.99498748779297,21.49486541748047,97.64615631103516,85.9544677734375,88.55938720703125,55.362361907958984,121.0999984741211,13.662271499633789,59.95731735229492
2017-12-01,230.9898223876953,145.96485900878906,137.24258422851562,53.39802551269531,37.41175079345703,29.161739349365234,23.40224838256836,24.090410232543945,71.84835052490234,21.42270851135254,98.96387481689453,86.27210235595703,88.83311462402344,55.34461212158203,121.58999633789062,13.780633926391602,60.09941101074219
2017-12-04,230.71035766601562,144.28306579589844,136.73135375976562,53.20684051513672,37.48519515991211,28.69338035583496,23.758623123168945,24.080045700073242,70.96857452392578,21.30118751525879,99.01075744628906,86.2313461303711,88.97290802001953,55.32563018798828,121.18000030517578,13.61154556274414,59.801021575927734
2017-12-05,229.8805694580078,144.37753295898438,135.36810302734375,53.09214782714844,37.460716247558594,28.70256996154785,23.631345748901367,23.97632598876953,70.84781646728516,21.03154754638672,99.50341796875,86.29652404785156,89.1421890258789,55.29395294189453,120.31999969482422,13.61154556274414,59.30367660522461
2017-12-06,229.9242401123047,145.02940368652344,134.7312774658203,52.98508071899414,36.9547119140625,28.88623809814453,23.54649543762207,23.665164947509766,70.78746032714844,21.111299514770508,99.84751892089844,86.4757308959961,89.31146240234375,55.24329376220703,120.06999969482422,13.38327693939209,59.24685287475586
2017-12-07,230.64915466308594,145.52076721191406,135.6730194091797,53.122737884521484,37.06081008911133,29.0653076171875,23.622865676879883,23.734317779541016,70.80467224121094,21.149274826049805,99.06550598144531,86.32096862792969,89.13481903076172,55.26863098144531,118.48999786376953,13.425548553466797,59.39604568481445
2017-12-08,231.90692138671875,146.16322326660156,135.79861450195312,53.40564727783203,37.493350982666016,29.20305824279785,23.767107009887695,23.95212745666504,71.59820556640625,21.217636108398438,99.07333374023438,86.25579833984375,89.02444458007812,55.32563018798828,118.4800033569336,13.493185043334961,59.70154571533203
2017-12-11,232.60568237304688,147.29701232910156,135.7447967529297,53.54329299926758,37.681068420410156,29.455608367919922,23.70771598815918,24.124996185302734,71.90010070800781,21.34675407409668,98.86998748779297,86.19879913330078,89.0906753540039,55.338314056396484,118.01000213623047,13.52700138092041,59.69444274902344
2017-12-12,233.01622009277344,147.09861755371094,135.32325744628906,53.61212158203125,37.428070068359375,29.4464168548584,23.945301055908203,24.059303283691406,72.18473815917969,20.982175827026367,98.83088684082031,86.12548065185547,89.02444458007812,55.31297302246094,118.1500015258789,13.408639907836914,59.98573303222656
2017-12-13,232.99000549316406,147.38197326660156,136.1304931640625,53.81858825683594,37.87694549560547,29.455608367919922,23.648319244384766,24.024734497070312,72.43487548828125,21.03914451599121,99.5738296508789,86.4757308959961,89.33353424072266,55.34461212158203,119.16999816894531,13.34946060180664,60.0852165222168
2017-12-14,232.03797912597656,147.2781219482422,134.62368774414062,53.520362854003906,37.599449157714844,29.41886329650879,23.49558448791504,23.938297271728516,71.70171356201172,21.012554168701172,99.9961166381836,86.44312286376953,89.49540710449219,55.230613708496094,118.93000030517578,13.391731262207031,60.07100296020508
2017-12-15,233.97027587890625,148.95045471191406,136.54302978515625,53.505069732666016,37.681068420410156,29.7543888092041,23.706998825073242,23.916715621948242,72.49063110351562,21.08960723876953,100.37146759033203,86.42684936523438,89.62049102783203,55.23694610595703,119.18000030517578,13.391731262207031,60.44755935668945
2017-12-18,235.45387268066406,150.19924926757812,138.390625,54.139774322509766,38.1054573059082,30.01708221435547,23.92011070251465,24.10116958618164,72.51660919189453,20.85578155517578,99.45653533935547,86.2313461303711,89.35562896728516,55.29395294189453,119.7300033569336,13.450911521911621,60.845428466796875
2017-12-19,234.54965209960938,149.3092803955078,137.29638671875,53.94115447998047,37.904136657714844,29.832738876342773,23.81781768798828,24.135982513427734,72.43000793457031,20.47631072998047,98.16617584228516,85.84040832519531,88.89934539794922,55.17993927001953,119.81999969482422,13.55236530303955,59.5523681640625
2017-12-20,234.42672729492188,149.14828491210938,137.5655059814453,53.84841537475586,37.95383071899414,29.82351303100586,23.77519416809082,24.477054595947266,72.1961898803711,20.315322875976562,97.07920837402344,85.58797454833984,88.66386413574219,55.224300384521484,120.13999938964844,13.62845516204834,58.863182067871094
2017-12-21,234.90957641601562,149.167236328125,138.16775512695312,54.0416145324707,38.20240783691406,29.76361083984375,23.979780197143555,24.995609283447266,72.03164672851562,20.07383918762207,97.64498138427734,85.6483154296875,88.90277862548828,55.282161712646484,120.30999755859375,13.636906623840332,58.635189056396484
2017-12-22,234.84812927246094,148.99684143066406,137.91574096679688,54.18071746826172,38.52550506591797,29.745174407958984,23.911584854125977,25.047819137573242,71.79783630371094,20.1044979095459,97.77824401855469,85.68098449707031,88.96916198730469,55.333045959472656,120.94000244140625,13.696089744567871,59.03923034667969
2017-12-26,234.56727600097656,148.1920166015625,137.99673461914062,54.165260314941406,38.492374420166016,29.5469913482666,23.8433895111084,25.26708221435547,71.81517791748047,19.985679626464844,98.06814575195312,85.71361541748047,89.0871353149414,55.415740966796875,121.7699966430664,13.898994445800781,59.335025787353516
2017-12-27,234.6813507080078,148.21099853515625,137.86167907714844,54.26573181152344,38.591793060302734,29.579256057739258,23.868967056274414,25.18355941772461,71.93638610839844,20.070003509521484,99.34556579589844,86.08067321777344,89.58120727539062,55.44114685058594,122.2300033569336,13.93281078338623,59.529842376708984
2017-12-28,235.16415405273438,148.39085388183594,138.4019012451172,54.296627044677734,38.85691452026367,29.629947662353516,23.962732315063477,25.22184181213379,72.04031372070312,20.18116569519043,99.25936889648438,85.97461700439453,89.52220153808594,55.415740966796875,122.8499984741211,14.000446319580078,59.847259521484375
2017-12-29,234.2774200439453,147.47250366210938,137.25848388671875,54.335269927978516,39.0391845703125,29.473247528076172,23.792238235473633,25.148754119873047,71.59867858886719,20.192663192749023,99.41606140136719,86.11329650878906,89.64019012451172,55.49839401245117,123.6500015258789,14.042717933654785,59.86893844604492
2018-01-02,235.95428466796875,150.05726623535156,138.5548858642578,54.73713302612305,39.776554107666016,29.837345123291016,23.800769805908203,25.562910079956055,72.40401458740234,20.004840850830078,98.34246063232422,85.8277816772461,89.04292297363281,55.54927444458008,125.1500015258789,14.110353469848633,59.64527130126953
2018-01-03,237.44677734375,151.51527404785156,138.69891357421875,54.999881744384766,40.15767288208008,30.086223602294922,23.92863655090332,25.94573974609375,73.09681701660156,19.84769058227539,98.81267547607422,85.91754150390625,89.20513916015625,55.81643295288086,124.81999969482422,14.19489860534668,59.472103118896484
2018-01-04,238.4475555419922,151.78041076660156,139.0680694580078,55.602657318115234,40.35651397705078,30.238317489624023,24.150278091430664,26.102357864379883,73.2007064819336,19.682863235473633,98.79698944091797,85.876708984375,89.1756362915039,55.91180419921875,125.45999908447266,14.17798900604248,58.4476203918457
2018-01-05,240.0365753173828,153.3047637939453,139.3561553955078,55.91179275512695,40.70448303222656,30.55630874633789,24.218475341796875,26.091915130615234,73.82422637939453,19.675195693969727,98.51488494873047,85.77069854736328,89.14618682861328,55.949989318847656,125.33000183105469,14.127260208129883,58.47644805908203
2018-01-08,240.47547912597656,153.90121459960938,139.57223510742188,55.896324157714844,40.70448303222656,30.67153549194336,24.184371948242188,26.24852752685547,73.55577087402344,19.859189987182617,98.45215606689453,85.72989654541016,89.13874053955078,55.90546417236328,125.30999755859375,14.118809700012207,58.77949523925781
2018-01-09,241.019775390625,153.91070556640625,139.38319396972656,55.95815658569336,40.63819885253906,30.593183517456055,24.371915817260742,26.18240737915039,74.4217300415039,19.663694381713867,97.13562774658203,85.32206726074219,88.81430053710938,55.73372268676758,124.7300033569336,14.211806297302246,58.021942138671875
2018-01-10,240.6510772705078,153.5509033203125,139.4011688232422,55.84994888305664,40.381370544433594,30.487186431884766,24.576509475708008,26.15108299255371,74.29183959960938,19.44904899597168,97.01806640625,85.29756927490234,88.87330627441406,55.612911224365234,125.02999877929688,14.262533187866211,57.372596740722656
2018-01-11,242.40687561035156,154.60186767578125,141.79592895507812,56.23634338378906,40.629913330078125,30.61161994934082,24.69584846496582,26.687047958374023,74.61225891113281,19.376218795776367,97.4177017211914,85.35469818115234,89.0871353149414,55.79732131958008,125.44000244140625,14.25407886505127,57.177772521972656
2018-01-12,243.9871063232422,155.73797607421875,142.3901824951172,56.80049133300781,41.01931381225586,30.79136085510254,24.91749382019043,26.944595336914062,75.1838150024414,19.265050888061523,97.58229064941406,85.29756927490234,89.10189056396484,55.701927185058594,126.95999908447266,14.347075462341309,56.71604919433594
2018-01-16,243.1531219482422,155.2930145263672,140.57154846191406,56.746402740478516,40.86190414428711,30.67153549194336,24.84929847717285,26.6035213470459,75.55615234375,19.222896575927734,97.98983764648438,85.33837890625,89.18304443359375,55.67011260986328,127.16999816894531,14.279440879821777,56.82425308227539
2018-01-17,245.4707794189453,156.9688262939453,141.9039764404297,57.04005813598633,41.40042495727539,31.132415771484375,25.036840438842773,26.836708068847656,76.2835464477539,19.341716766357422,97.85660552978516,85.15076446533203,88.9396743774414,55.67646408081055,126.13999938964844,14.29634952545166,57.2210693359375
2018-01-18,245.05813598632812,156.99725341796875,140.931640625,56.970516204833984,41.45013427734375,31.187713623046875,25.00274085998535,26.617441177368164,76.30091094970703,19.21906280517578,96.94754791259766,84.88157653808594,88.59307861328125,55.6192626953125,125.86000061035156,14.29634952545166,56.48517608642578
2018-01-19,246.1730194091797,157.4895782470703,142.7862548828125,57.2873649597168,41.78982925415039,31.24762535095215,25.181753158569336,26.582643508911133,76.58667755126953,19.161563873291016,96.4381332397461,84.6613540649414,88.32024383544922,55.67646408081055,126.41999816894531,14.270986557006836,56.788185119628906
2018-01-22,248.17469787597656,159.17481994628906,143.551513671875,57.581016540527344,42.030094146728516,31.551822662353516,25.3863468170166,27.156892776489258,77.08893585205078,19.18839454650879,96.53215026855469,84.62872314453125,88.23909759521484,55.72736358642578,126.6500015258789,14.304805755615234,57.30765151977539
2018-01-23,248.7015380859375,160.4908905029297,144.01068115234375,57.7664909362793,42.22893524169922,31.69008445739746,25.41191864013672,27.115135192871094,76.71656036376953,19.372385025024414,96.94754791259766,84.87338256835938,88.62259674072266,55.89273452758789,127.27999877929688,14.406256675720215,58.101295471191406
2018-01-24,248.60488891601562,159.44944763183594,143.119384765625,57.866939544677734,42.5851936340332,31.445810317993164,25.58241081237793,27.042036056518555,76.94172668457031,19.253559112548828,96.42245483398438,84.71026611328125,88.5635986328125,55.810054779052734,128.8300018310547,14.558436393737793,57.798274993896484
2018-01-25,248.71026611328125,159.39260864257812,143.17337036132812,57.64283752441406,42.56033706665039,31.390501022338867,25.531261444091797,26.82973861694336,77.599853515625,19.55253791809082,97.21402740478516,84.89784240722656,89.01338195800781,55.77186965942383,127.97000122070312,14.473891258239746,57.69728088378906
2018-01-26,251.58975219726562,161.83531188964844,143.6865234375,58.15289306640625,43.14857864379883,31.88825035095215,25.71881103515625,26.975915908813477,79.27118682861328,19.564035415649414,96.853515625,84.64501953125,88.89542388916016,55.81643295288086,128.07000732421875,14.583799362182617,57.49524688720703
2018-01-29,249.92181396484375,161.049560546875,142.8762969970703,57.61965560913086,42.49406051635742,31.597909927368164,25.616512298583984,26.568721771240234,79.05470275878906,19.31488609313965,96.17955017089844,84.43295288085938,88.65943908691406,55.6192626953125,127.3499984741211,14.54152774810791,56.72325897216797
2018-01-30,247.35830688476562,159.72398376464844,141.50790405273438,57.14053726196289,41.91410446166992,31.312162399291992,25.284053802490234,26.032752990722656,77.39203643798828,19.349384307861328,95.6153335571289,84.23714447021484,88.35708618164062,55.42843246459961,126.80000305175781,14.440074920654297,56.312007904052734
2018-01-31,247.48117065429688,160.38674926757812,140.7696075439453,57.063236236572266,42.27864074707031,31.547216415405273,25.352249145507812,26.050155639648438,76.2922592163086,19.564035415649414,96.17955017089844,84.26168060302734,88.54146575927734,55.52385711669922,127.6500015258789,14.456981658935547,57.32209396362305
2018-02-01,247.2002716064453,159.0233917236328,141.21083068847656,57.22554397583008,41.70697784423828,31.574853897094727,25.590944290161133,26.318138122558594,76.3182373046875,19.25739097595215,94.78558349609375,83.82696533203125,88.15034484863281,55.41908264160156,128.07000732421875,14.6007080078125,56.08834457397461
2018-02-02,241.8186798095703,155.85166931152344,138.49183654785156,56.066349029541016,40.63819885253906,30.63927459716797,25.0283145904541,25.21835708618164,75.24441528320312,19.119401931762695,93.90609741210938,83.51651000976562,87.69928741455078,55.06782531738281,126.38999938964844,14.363983154296875,55.6121711730957
2018-02-05,231.70521545410156,149.70692443847656,133.17117309570312,53.7170295715332,39.213172912597656,29.358030319213867,23.766664505004883,24.16034698486328,71.91043090820312,18.805089950561523,94.79346466064453,84.20281982421875,87.75101470947266,54.76126480102539,126.70999908447266,14.228713989257812,53.95995330810547
2018-02-06,236.27032470703125,153.67401123046875,134.76467895507812,54.77576446533203,40.48906707763672,30.201438903808594,24.201427459716797,24.351760864257812,72.70712280273438,18.525270462036133,94.2044906616211,83.8351058959961,87.57357025146484,55.093353271484375,125.37999725341797,14.144171714782715,53.967185974121094
2018-02-07,234.9887237548828,151.68572998046875,134.89971923828125,54.196170806884766,39.213172912597656,29.814294815063477,24.218475341796875,23.944562911987305,72.62053680419922,18.437116622924805,93.30929565429688,83.59008026123047,87.32958221435547,54.888980865478516,124.79000091552734,13.983537673950195,53.736305236816406
2018-02-08,226.17446899414062,145.28541564941406,130.9384307861328,52.781959533691406,37.85441970825195,28.579139709472656,23.152902603149414,23.220659255981445,70.10053253173828,18.230127334594727,93.20718383789062,83.66363525390625,86.9524917602539,54.40996551513672,124.9800033569336,13.839813232421875,52.19233703613281
2018-02-09,229.57188415527344,147.79440307617188,132.1358184814453,53.00606155395508,38.459232330322266,29.279687881469727,23.596172332763672,23.20325469970703,71.09640502929688,18.613433837890625,92.61820220947266,83.51651000976562,86.6714859008789,54.256683349609375,124.7699966430664,13.636906623840332,53.498207092285156
2018-02-12,232.943115234375,150.4169921875,133.38723754882812,53.817501068115234,39.06403732299805,29.805084228515625,23.92863655090332,23.58260726928711,71.76321411132812,18.755258560180664,93.02655029296875,83.49195098876953,86.6714859008789,54.62712478637695,125.37000274658203,13.721451759338379,53.51985549926758
2018-02-13,233.52252197265625,151.19338989257812,133.6753387451172,53.65522003173828,39.362300872802734,29.878829956054688,24.030933380126953,23.48516273498535,71.81517791748047,18.839588165283203,93.44274139404297,83.63089752197266,86.64198303222656,54.45465850830078,126.08000183105469,13.74681568145752,53.89501953125
2018-02-14,236.6741943359375,154.02426147460938,136.07911682128906,54.605751037597656,40.348228454589844,30.427270889282227,24.602079391479492,23.82623291015625,72.62918090820312,18.62876319885254,92.40621185302734,83.12435150146484,86.32402038574219,54.55046463012695,128.22999572753906,13.958175659179688,53.50543212890625
2018-02-15,239.69419860839844,156.8836212158203,137.5645751953125,54.94578170776367,41.17673110961914,31.007976531982422,24.738475799560547,23.767066955566406,73.43450927734375,19.042741775512695,92.72030639648438,83.14884185791016,86.73067474365234,54.991180419921875,128.3800048828125,13.983537673950195,54.02489471435547
2018-02-16,239.764404296875,156.18299865722656,138.05075073242188,55.19307327270508,41.04417037963867,30.96189308166504,24.704376220703125,23.707901000976562,73.96279907226562,19.21139144897461,93.2228775024414,83.34494018554688,86.98944091796875,55.214725494384766,127.95999908447266,14.008901596069336,54.320701599121094
2018-02-20,238.26319885253906,156.49539184570312,136.9163818359375,54.6753044128418,40.48078918457031,30.989545822143555,24.627656936645508,23.57913589477539,73.14874267578125,18.962247848510742,92.81455993652344,83.25506591796875,86.61978149414062,55.023109436035156,126.23999786376953,14.051176071166992,53.67858123779297
2018-02-21,237.0779266357422,156.0504608154297,137.06044006347656,54.412559509277344,40.44763946533203,30.79136085510254,24.661754608154297,23.1823787689209,72.84565734863281,18.713096618652344,91.67581939697266,83.00997161865234,86.14659118652344,54.77398681640625,125.66000366210938,14.03426456451416,52.61800003051758
2018-02-22,237.38526916503906,156.0315399169922,136.8443603515625,54.69850158691406,40.472503662109375,30.828235626220703,24.45716094970703,23.43643569946289,72.73309326171875,18.808923721313477,91.95067596435547,83.12435150146484,86.26488494873047,54.81232833862305,126.30000305175781,14.161080360412598,53.216835021972656
2018-02-23,241.16905212402344,159.22219848632812,138.626953125,55.131256103515625,41.19329833984375,31.473464965820312,24.8237247467041,23.944562911987305,73.89350891113281,19.299558639526367,92.76738739013672,83.4429931640625,86.66413879394531,55.17638397216797,126.13999938964844,14.25407886505127,54.068206787109375
2018-02-26,243.96954345703125,161.33355712890625,139.53623962402344,55.649024963378906,41.57441329956055,31.966602325439453,25.198806762695312,24.08725357055664,74.82876586914062,19.2420597076416,92.79881286621094,83.54102325439453,86.7750473022461,55.27219009399414,126.44999694824219,14.330166816711426,54.219703674316406
2018-02-27,240.9232177734375,159.33575439453125,137.52854919433594,54.8221321105957,40.36479568481445,31.64399528503418,24.96011734008789,23.774028778076172,74.04939270019531,18.93541145324707,92.66535186767578,83.2795639038086,86.39797973632812,55.12532043457031,125.12999725341797,14.186443328857422,52.95709991455078
2018-02-28,238.48260498046875,158.31324768066406,135.35887145996094,54.304359436035156,39.78484344482422,31.41817283630371,24.610610961914062,23.227622985839844,72.86299133300781,18.805089950561523,93.25426483154297,83.47569274902344,86.5606460571289,55.04227828979492,125.0,14.03426456451416,52.92101287841797
2018-03-01,235.0149688720703,155.72850036621094,134.99874877929688,53.39246368408203,39.71028137207031,30.897371292114258,24.184371948242188,23.192813873291016,71.70259094238281,18.808923721313477,93.89090728759766,83.83488464355469,86.4716796875,54.67740249633789,124.72000122070312,14.059626579284668,52.971527099609375
2018-03-02,236.22645568847656,157.15817260742188,137.15945434570312,53.64747619628906,39.875980377197266,31.192333221435547,24.244049072265625,23.300701141357422,72.43000793457031,18.759090423583984,93.12762451171875,83.52395629882812,86.1972885131836,54.98520278930664,125.38999938964844,14.059626579284668,52.94987869262695
2018-03-05,238.95669555664062,158.90029907226562,138.38388061523438,53.93342208862305,39.9339714050293,31.510339736938477,24.58503532409668,23.547807693481445,73.088134765625,19.14240074157715,92.87578582763672,83.41756439208984,86.16763305664062,54.98520278930664,125.18000030517578,14.144171714782715,53.54871368408203
2018-03-06,239.56240844726562,159.5725555419922,139.87835693359375,54.25026321411133,40.30679702758789,31.57947540283203,24.687326431274414,23.56172752380371,72.98422241210938,18.885583877563477,92.9623794555664,83.40940856933594,86.24178314208984,55.06216049194336,126.52999877929688,14.19489860534668,53.80122375488281
2018-03-07,239.47467041015625,159.9417266845703,141.1117401123047,54.23480987548828,40.348228454589844,31.75460433959961,24.644704818725586,23.38423728942871,73.35660552978516,18.743762969970703,92.86011505126953,83.40940856933594,86.21212005615234,54.92750930786133,125.72000122070312,14.042717933654785,54.133113861083984
2018-03-08,240.63352966308594,160.82225036621094,140.82362365722656,54.35073471069336,40.35651397705078,31.89286994934082,24.721424102783203,23.377267837524414,73.8501968383789,18.881752014160156,93.3951644897461,83.58120727539062,86.38265228271484,54.9915771484375,125.41999816894531,13.958175659179688,54.2341194152832
2018-03-09,244.82115173339844,163.94674682617188,143.07440185546875,54.69850158691406,41.2181510925293,32.496612548828125,25.318151473999023,23.82274627685547,74.91535949707031,18.93541145324707,92.78137969970703,83.40117645263672,86.07867431640625,55.19040298461914,125.54000091552734,14.093442916870117,54.52994155883789
2018-03-12,244.5138702392578,164.81776428222656,143.3264923095703,54.760318756103516,41.31758117675781,32.59801483154297,25.23290252685547,23.815786361694336,74.59493255615234,19.01590919494629,93.31644439697266,83.59758758544922,86.18985748291016,55.1005973815918,125.54000091552734,14.068081855773926,54.768028259277344
2018-03-13,242.9336395263672,162.57388305664062,142.66026306152344,54.397098541259766,40.94475555419922,32.22469711303711,24.95158576965332,23.6452579498291,74.6902084350586,19.058076858520508,93.78861236572266,83.7366943359375,86.1972885131836,54.92750930786133,125.77999877929688,14.025810241699219,54.81853485107422
2018-03-14,241.68701171875,162.5454559326172,141.9849853515625,54.52848434448242,41.01102828979492,32.19706344604492,24.67028045654297,23.50604248046875,74.32649230957031,19.253559112548828,94.61479949951172,83.90034484863281,86.39009094238281,54.86337661743164,125.69999694824219,14.025810241699219,54.86903762817383
2018-03-15,241.42367553710938,162.40342712402344,141.2737579345703,54.497562408447266,40.86190414428711,32.215484619140625,24.678802490234375,23.38423728942871,74.20526885986328,19.2420597076416,94.61479949951172,83.86760711669922,86.47906494140625,54.90184783935547,124.9000015258789,14.017354965209961,54.854610443115234
2018-03-16,241.6854248046875,161.9205322265625,142.06602478027344,54.45893096923828,40.7707633972168,32.182193756103516,24.700197219848633,23.592784881591797,74.20526885986328,19.410865783691406,94.27645111083984,83.76947021484375,86.5754623413086,55.01728439331055,124.5999984741211,14.068081855773926,55.236976623535156
2018-03-19,238.41534423828125,158.4657745361328,140.69760131835938,54.018428802490234,40.33164978027344,31.544204711914062,24.520526885986328,23.22825050354004,73.0060043334961,19.291118621826172,93.97744750976562,83.68763732910156,86.28630065917969,54.79281997680664,124.87000274658203,13.97508430480957,54.76082229614258
2018-03-20,238.82078552246094,158.98733520507812,140.66159057617188,54.010704040527344,40.779048919677734,31.530319213867188,24.580413818359375,23.424541473388672,73.11028289794922,19.202268600463867,93.5997314453125,83.52395629882812,85.98226928710938,54.90184783935547,124.30999755859375,14.068081855773926,54.57322692871094
2018-03-21,238.36248779296875,158.29510498046875,141.48081970214844,54.09571075439453,41.01931381225586,31.340768814086914,24.571855545043945,24.037931442260742,72.79744720458984,19.13660430908203,93.70204162597656,83.58120727539062,85.93035125732422,54.92109680175781,126.4800033569336,14.321712493896484,54.16919708251953
2018-03-22,232.404052734375,154.38795471191406,138.37852478027344,53.09107208251953,39.65228271484375,30.531707763671875,23.664955139160156,23.54722023010254,70.70311737060547,19.221590042114258,94.63056182861328,83.9249038696289,86.07867431640625,54.59407043457031,125.9800033569336,14.211806297302246,53.85173034667969
2018-03-23,227.45042419433594,150.31964111328125,135.40065002441406,52.503753662109375,38.848628997802734,29.718019485473633,22.9462890625,23.40351104736328,69.23448944091797,18.95118522644043,94.55975341796875,84.03947448730469,85.8042984008789,54.452964782714844,127.61000061035156,14.338621139526367,52.89215850830078
2018-03-26,233.67330932617188,155.90528869628906,138.3604736328125,53.446563720703125,40.10796356201172,30.84609603881836,23.690628051757812,23.824119567871094,70.6683578491211,19.148189544677734,94.19778442382812,83.81035614013672,86.10833740234375,54.805667877197266,128.27999877929688,14.347075462341309,53.49391174316406
2018-03-27,229.69808959960938,150.86019897460938,135.68040466308594,53.05244445800781,39.37887954711914,29.856725692749023,23.22861671447754,23.59979248046875,69.83412170410156,19.422454833984375,95.20499420166016,84.28497314453125,86.41976165771484,54.75436782836914,127.48999786376953,14.287896156311035,53.69789123535156
2018-03-28,229.01942443847656,149.12474060058594,135.63525390625,53.36156463623047,39.18002700805664,29.657926559448242,23.271400451660156,23.140623092651367,70.20777130126953,19.414722442626953,95.45677185058594,84.26862335205078,86.64958190917969,54.72871780395508,125.7300033569336,14.228713989257812,55.04560470581055
2018-03-29,231.94566345214844,151.85597229003906,137.00686645507812,53.84841537475586,40.000247955322266,30.24506950378418,23.58795738220215,23.627840042114258,70.73787689208984,19.51902198791504,95.92108917236328,84.44042205810547,87.04257202148438,54.914649963378906,125.79000091552734,14.355530738830566,54.98004913330078
2018-04-02,226.9392547607422,147.4746551513672,133.66815185546875,53.10653305053711,39.279457092285156,29.52384376525879,23.066059112548828,23.154647827148438,69.13021087646484,19.36837387084961,96.11026000976562,84.5265121459961,86.9957275390625,54.70155715942383,127.26000213623047,14.161080360412598,54.23696517944336
2018-04-03,229.8479461669922,149.13421630859375,135.5811309814453,53.446563720703125,39.66884994506836,29.81511688232422,23.382619857788086,23.64887046813965,70.18170166015625,19.43404197692871,95.36906433105469,84.25603485107422,86.7652359008789,54.85606002807617,126.30000305175781,14.23716926574707,54.69593811035156
2018-04-04,232.30712890625,151.4861297607422,137.30471801757812,53.63203430175781,39.6854248046875,30.231199264526367,23.630741119384766,23.617319107055664,71.18108367919922,19.476533889770508,95.1718978881836,84.20683288574219,86.7652359008789,54.97840881347656,126.44999694824219,14.17798900604248,55.271461486816406
2018-04-05,234.1404571533203,152.34910583496094,138.44163513183594,53.987518310546875,39.78484344482422,30.356035232543945,23.818960189819336,24.041433334350586,71.1289291381836,19.63105010986328,94.46218872070312,83.99370574951172,86.79496002197266,55.02347183227539,125.80000305175781,14.245624542236328,55.24959945678711
2018-04-06,228.92239379882812,148.5367889404297,135.68040466308594,53.63203430175781,39.00604248046875,29.611690521240234,23.2457332611084,23.606813430786133,69.41696166992188,19.476533889770508,95.49520111083984,84.36260986328125,87.05522155761719,54.901123046875,126.38999938964844,14.144171714782715,54.83433151245117
2018-04-09,230.05068969726562,149.57992553710938,135.84283447265625,54.07252883911133,39.047481536865234,29.842849731445312,23.37406349182129,23.718963623046875,70.10350799560547,19.515161514282227,95.65292358398438,84.37895202636719,87.09983825683594,55.107177734375,126.81999969482422,14.321712493896484,54.65951156616211
2018-04-10,233.70858764648438,152.88014221191406,138.40560913085938,54.652122497558594,39.80970001220703,30.577945709228516,23.724842071533203,24.504108428955078,71.28533935546875,19.364513397216797,95.47943115234375,84.23143768310547,87.1221923828125,55.3067741394043,127.12000274658203,14.566889762878418,54.60121154785156
2018-04-11,232.4834747314453,151.99813842773438,138.703369140625,54.4434700012207,39.826263427734375,30.397640228271484,23.4425106048584,24.759981155395508,70.70311737060547,19.33747100830078,95.81853485107422,84.31341552734375,87.18167114257812,55.32606887817383,128.11000061035156,14.676797866821289,54.717803955078125
2018-04-12,234.39608764648438,153.8284912109375,139.65084838867188,54.652122497558594,39.80970001220703,30.76287078857422,23.853179931640625,24.75647735595703,71.18108367919922,19.082523345947266,95.11668395996094,84.01009368896484,86.94366455078125,55.52568435668945,126.62000274658203,14.617615699768066,54.10585021972656
2018-04-13,233.70858764648438,153.03184509277344,138.9199676513672,54.70621871948242,39.41201400756836,30.66115951538086,23.493844985961914,25.02987289428711,71.14632415771484,19.233177185058594,95.33749389648438,84.0838623046875,86.97343444824219,55.55790328979492,127.44999694824219,14.626070976257324,54.38996124267578
2018-04-16,235.63009643554688,154.19833374023438,140.20130920410156,54.791229248046875,39.46171569824219,30.896955490112305,23.596506118774414,25.285743713378906,71.71116638183594,19.495849609375,95.36906433105469,84.04288482666016,86.98088836669922,55.64155197143555,127.62999725341797,14.575345993041992,54.725067138671875
2018-04-17,238.15090942382812,157.51747131347656,141.72633361816406,55.03852462768555,39.54457473754883,31.470216751098633,23.596506118774414,25.383892059326172,72.26736450195312,19.69285011291504,95.6292724609375,84.09204864501953,86.98831176757812,55.66732406616211,127.75,14.583799362182617,55.36614227294922
2018-04-18,238.32723999023438,157.8398895263672,142.10531616210938,55.32444763183594,39.88425827026367,31.387004852294922,23.48529052734375,25.78346824645996,72.32817077636719,19.619457244873047,94.86437225341797,83.76415252685547,86.54216003417969,55.60938262939453,127.8499984741211,14.854337692260742,55.24959945678711
2018-04-19,237.00506591796875,156.38900756835938,141.12171936035156,55.115787506103516,39.65228271484375,31.040266036987305,23.84463119506836,25.815017700195312,71.7198715209961,19.60787010192871,94.09160614013672,83.53465270996094,86.21493530273438,55.435546875,127.5999984741211,14.795157432556152,54.4482307434082
2018-04-20,234.99539184570312,153.91383361816406,140.3637237548828,54.907135009765625,39.155181884765625,30.610300064086914,23.853179931640625,25.692340850830078,71.33749389648438,19.430177688598633,93.41341400146484,83.25596618652344,85.86544036865234,55.300323486328125,126.62999725341797,14.769794464111328,53.94557571411133
2018-04-23,234.9602508544922,153.52499389648438,140.1561737060547,54.83758544921875,38.840354919433594,30.499351501464844,23.827510833740234,25.850061416625977,71.61557006835938,19.441768646240234,93.43702697753906,83.17401123046875,85.82826232910156,55.152244567871094,125.62000274658203,14.761338233947754,53.90185546875
2018-04-24,231.7958984375,150.2722625732422,139.35305786132812,54.61347961425781,38.65807342529297,29.967683792114258,23.67351722717285,25.57316780090332,71.0767822265625,19.573101043701172,93.01123046875,83.07563781738281,85.57542419433594,55.04278564453125,126.2300033569336,14.68525218963623,54.10585021972656
2018-04-25,232.3687744140625,150.4524688720703,139.1455535888672,54.520751953125,38.359798431396484,29.972301483154297,23.65639877319336,25.776464462280273,71.3983154296875,19.57697105407715,92.38827514648438,82.8952865600586,85.3077392578125,55.049232482910156,125.41000366210938,14.710611343383789,54.00385284423828
2018-04-26,234.73095703125,153.6198272705078,139.7862091064453,54.791229248046875,38.9149169921875,30.517841339111328,23.664955139160156,26.151500701904297,72.30211639404297,19.77397346496582,93.0349349975586,83.13301849365234,85.56055450439453,55.24238204956055,124.97000122070312,14.786703109741211,54.71049880981445
2018-04-27,234.9513397216797,153.71463012695312,139.5876922607422,54.84532165527344,39.155181884765625,30.46236228942871,23.699172973632812,25.874605178833008,72.5975570678711,19.974843978881836,93.75250244140625,83.27235412597656,85.75391387939453,55.21662521362305,125.5,14.77824878692627,55.650272369384766
2018-04-30,233.14447021484375,152.6240692138672,138.3514404296875,54.667579650878906,38.873477935791016,30.263566970825195,23.48529052734375,25.871091842651367,71.4852294921875,19.916894912719727,93.91807556152344,83.36251831054688,85.67952728271484,55.17799377441406,124.58999633789062,14.845884323120117,55.43171310424805
2018-05-01,233.5587158203125,154.3690185546875,139.02822875976562,54.4743766784668,38.682926177978516,30.642669677734375,23.493844985961914,25.713369369506836,71.45046997070312,19.855100631713867,93.57984161376953,83.23197174072266,85.44763946533203,55.21873092651367,123.70999908447266,14.761338233947754,55.93437576293945
2018-05-02,231.9898223876953,153.45863342285156,139.55157470703125,54.451194763183594,38.376380920410156,30.610300064086914,23.22861671447754,25.818525314331055,70.4684829711914,19.835777282714844,93.47708129882812,83.2483901977539,85.38050842285156,55.199337005615234,123.6500015258789,14.761338233947754,55.730411529541016
2018-05-03,231.47862243652344,153.4396514892578,138.79359436035156,54.621212005615234,38.29352951049805,30.679649353027344,23.031835556030273,25.758930206298828,69.83412170410156,19.808738708496094,93.89595794677734,83.46190643310547,85.39539337158203,55.192867279052734,124.27999877929688,14.854337692260742,55.6939811706543
2018-05-04,234.47532653808594,156.35101318359375,140.52613830566406,54.81440734863281,38.46751403808594,31.262187957763672,23.33128547668457,25.885112762451172,70.3902587890625,19.897579193115234,94.03821563720703,83.47012329101562,85.51473999023438,55.23165512084961,124.54000091552734,14.955792427062988,56.30591583251953
2018-05-07,235.26869201660156,157.65023803710938,141.71728515625,54.8221321105957,38.24382019042969,31.47946548461914,23.48529052734375,25.920169830322266,70.2860107421875,19.793291091918945,93.8880615234375,83.42903137207031,85.41778564453125,55.28337860107422,124.56999969482422,14.947336196899414,56.68474578857422
2018-05-08,235.26869201660156,157.489013671875,142.4210968017578,54.829864501953125,38.459232330322266,31.548816680908203,23.647842407226562,26.12346839904785,69.75590515136719,19.29884147644043,93.8011245727539,83.2894515991211,85.3879623413086,55.199337005615234,124.58999633789062,14.989606857299805,56.4006233215332
2018-05-09,237.5427703857422,159.20550537109375,143.1881561279297,54.96125030517578,38.5338020324707,31.937166213989258,23.998626708984375,26.656234741210938,70.1556396484375,19.163646697998047,93.24002838134766,83.10057830810547,85.3730697631836,55.28986358642578,124.33000183105469,15.1248779296875,56.779441833496094
2018-05-10,239.7639617919922,160.8555145263672,143.95516967773438,55.316734313964844,39.33744430541992,32.35324478149414,24.195409774780273,26.85602569580078,71.09418487548828,19.43404197692871,93.99077606201172,83.2730484008789,85.80558776855469,55.451499938964844,125.18000030517578,15.200966835021973,57.22382736206055
2018-05-11,240.4955291748047,160.70387268066406,144.23486328125,55.46355056762695,39.27116394042969,32.307029724121094,24.178295135498047,26.894582748413086,72.15438079833984,19.461082458496094,94.22789764404297,83.28125762939453,85.95474243164062,55.43209457397461,125.0,15.10797119140625,57.027130126953125
2018-05-14,240.6100616455078,160.97886657714844,143.6844482421875,55.56402587890625,39.32088088989258,32.30241012573242,24.16118812561035,27.080350875854492,72.63232421875,19.3876895904541,93.72998809814453,83.10057830810547,85.79808807373047,55.44503402709961,124.48999786376953,15.217877388000488,56.53903579711914
2018-05-15,238.9530792236328,159.1959991455078,143.7115478515625,55.16216278076172,38.50893783569336,31.997262954711914,24.118410110473633,27.087366104125977,71.69378662109375,19.225452423095703,92.66310119628906,82.64068603515625,85.14930725097656,55.1734733581543,122.4800033569336,15.234784126281738,55.62114334106445
2018-05-16,239.95782470703125,160.24862670898438,145.20947265625,55.23944091796875,39.08889389038086,32.140586853027344,24.16118812561035,27.182003021240234,72.09354400634766,19.074796676635742,92.3074722290039,82.46826934814453,85.03746795654297,55.24457931518555,122.29000091552734,15.319331169128418,55.45357894897461
2018-05-17,239.7550811767578,159.63223266601562,145.87721252441406,55.32444763183594,38.492374420166016,31.97415542602539,24.109853744506836,27.59210205078125,72.11961364746094,18.9202823638916,91.8411636352539,82.4189682006836,84.87338256835938,55.276912689208984,122.36000061035156,15.336238861083984,55.17674255371094
2018-05-18,239.15573120117188,158.8072052001953,146.06666564941406,55.1235237121582,38.169246673583984,31.840076446533203,23.913070678710938,27.3782901763916,72.30211639404297,18.924144744873047,92.63148498535156,82.73926544189453,85.22386932373047,55.21873092651367,122.41000366210938,15.34469223022461,55.24959945678711
2018-05-21,240.95387268066406,159.69863891601562,147.03224182128906,55.47127914428711,38.4012336730957,32.11748123168945,24.084184646606445,27.658687591552734,72.37162017822266,19.020727157592773,92.67891693115234,82.79672241210938,85.27611541748047,55.29633712768555,122.4800033569336,15.463053703308105,55.905242919921875
2018-05-22,240.28392028808594,159.49000549316406,145.9674530029297,55.4017333984375,38.5338020324707,32.07123947143555,24.246746063232422,27.290664672851562,72.23258972167969,19.090248107910156,92.53665924072266,82.76387786865234,85.18660736083984,55.33510208129883,122.41000366210938,15.479963302612305,55.985389709472656
2018-05-23,240.94503784179688,160.83663940429688,146.1569366455078,54.791229248046875,38.51723098754883,32.307029724121094,24.092737197875977,27.287158966064453,72.46721649169922,19.26407814025879,93.2083969116211,83.14167022705078,85.55200958251953,55.380393981933594,122.54000091552734,15.564507484436035,56.54634475708008
2018-05-24,240.45143127441406,160.78919982910156,146.2110595703125,54.621212005615234,38.31010437011719,32.27003479003906,23.904518127441406,26.838502883911133,72.18045806884766,19.422454833984375,93.95124816894531,83.35514831542969,85.79067993164062,55.41271209716797,123.58999633789062,15.463053703308105,56.429771423339844
2018-05-25,239.87843322753906,160.95037841796875,145.9494171142578,54.26573181152344,38.46751403808594,32.246925354003906,23.827510833740234,26.1409854888916,72.0761489868164,19.507436752319336,94.53611755371094,83.68366241455078,86.04423522949219,55.32218551635742,123.20999908447266,15.234784126281738,56.6264762878418
2018-05-29,237.11965942382812,160.23915100097656,145.7509002685547,53.16062545776367,37.57273483276367,32.07123947143555,23.031835556030273,26.060373306274414,71.33749389648438,19.507436752319336,96.60667419433594,84.58704376220703,86.49911499023438,55.08940505981445,123.19000244140625,15.091060638427734,56.8960075378418
2018-05-30,240.28392028808594,161.38658142089844,148.06092834472656,53.9720573425293,37.871002197265625,32.307029724121094,23.451061248779297,26.84901237487793,72.4063720703125,19.665815353393555,95.95863342285156,84.22566986083984,86.1635513305664,55.257503509521484,123.37000274658203,15.285512924194336,57.66823196411133
2018-05-31,238.81202697753906,161.28237915039062,146.8788299560547,53.63203430175781,37.85441970825195,32.3162727355957,23.254287719726562,26.645721435546875,71.61557006835938,19.696718215942383,95.80061340332031,84.18462371826172,86.12625885009766,55.20581817626953,123.0999984741211,15.243241310119629,57.47153854370117
2018-06-01,241.15650939941406,163.81439208984375,147.84434509277344,54.09571075439453,38.384674072265625,32.86643600463867,23.51095962524414,26.771907806396484,72.44114685058594,19.395416259765625,95.29438781738281,83.87356567382812,85.96094512939453,55.331783294677734,122.48999786376953,15.141788482666016,57.72649383544922
2018-06-04,242.30239868164062,165.29376220703125,148.62942504882812,54.257999420166016,38.7740592956543,33.12995910644531,23.58795738220215,26.540563583374023,72.71054077148438,19.24090003967285,94.60526275634766,83.5772933959961,85.76643371582031,55.44871139526367,122.37000274658203,14.964245796203613,58.22917556762695
2018-06-05,242.47872924804688,165.8058624267578,149.54986572265625,54.17299270629883,38.47579574584961,33.24554443359375,23.48529052734375,26.47747230529785,72.56279754638672,19.14046859741211,94.8270263671875,83.79129028320312,85.8262710571289,55.51366424560547,122.8499984741211,14.989606857299805,58.07619094848633
2018-06-06,244.50596618652344,166.77316284179688,150.63270568847656,54.659854888916016,39.05575942993164,33.462825775146484,23.913070678710938,26.603660583496094,73.37969207763672,18.684650421142578,94.05867004394531,83.45389556884766,85.51204681396484,55.65008544921875,122.91999816894531,15.04033374786377,58.2145881652832
2018-06-07,244.47946166992188,165.41705322265625,149.8115692138672,54.35073471069336,38.459232330322266,33.19468688964844,23.99007225036621,27.006744384765625,73.47528839111328,18.81598472595215,94.96968078613281,83.80774688720703,85.79635620117188,55.66954040527344,122.86000061035156,15.099517822265625,58.2145881652832
2018-06-08,245.20230102539062,165.42649841308594,150.26272583007812,54.412559509277344,38.384674072265625,33.13921356201172,24.0242977142334,26.954172134399414,73.9011001586914,18.808263778686523,94.6844482421875,83.69251251220703,85.65421295166016,55.63709259033203,123.01000213623047,15.091060638427734,58.425865173339844
2018-06-11,245.5283966064453,165.87222290039062,150.48834228515625,54.760318756103516,38.384674072265625,33.17619323730469,23.972963333129883,27.094371795654297,74.04015350341797,18.769630432128906,94.51020812988281,83.6102066040039,85.57191467285156,55.7409782409668,123.2300033569336,15.082608222961426,58.33845520019531
2018-06-12,245.8457489013672,166.7447052001953,151.17410278320312,54.412559509277344,38.285240173339844,33.33799743652344,23.913070678710938,26.8875732421875,73.99668884277344,18.98595428466797,94.5339584350586,83.56088256835938,85.57940673828125,55.78647232055664,122.81999969482422,15.074152946472168,58.68812942504883
2018-06-13,245.06129455566406,166.73526000976562,150.5785369873047,54.489837646484375,38.028411865234375,33.16692352294922,23.827510833740234,26.785930633544922,74.0140609741211,18.935733795166016,94.48645782470703,83.46211242675781,85.49708557128906,55.80595397949219,123.19000244140625,15.133333206176758,57.54438018798828
2018-06-14,245.67832946777344,168.42323303222656,151.38165283203125,54.3739128112793,37.77157211303711,33.4027214050293,23.60506248474121,26.747371673583984,74.39644622802734,19.171369552612305,95.2706527709961,83.72545623779297,85.88610076904297,55.968345642089844,123.37999725341797,14.964245796203613,58.09074020385742
2018-06-15,245.36471557617188,167.83526611328125,151.42678833007812,54.09571075439453,37.473304748535156,33.27513885498047,23.604204177856445,26.172883987426758,74.5412368774414,19.30777931213379,95.35780334472656,83.79129028320312,85.76643371582031,55.93587875366211,121.33999633789062,14.6007080078125,58.0543098449707
2018-06-18,244.86016845703125,167.73837280273438,152.1396484375,53.709312438964844,37.01762771606445,33.312252044677734,23.56124496459961,26.434017181396484,73.82597351074219,19.370136260986328,95.2706527709961,83.83240509033203,85.67668151855469,55.929351806640625,121.11000061035156,14.727523803710938,58.07051086425781
2018-06-19,243.92164611816406,167.26315307617188,152.148681640625,53.21592712402344,36.60901641845703,33.140586853027344,23.501094818115234,26.374019622802734,74.01787567138672,19.561111450195312,95.82514190673828,84.05459594726562,85.72152709960938,55.85141372680664,120.80000305175781,14.575345993041992,58.01169204711914
2018-06-20,244.3378448486328,168.45111083984375,153.37586975097656,53.255332946777344,36.767452239990234,33.21018600463867,23.440954208374023,26.4904727935791,74.17491149902344,19.576698303222656,94.98551177978516,83.7830581665039,85.24278259277344,55.90986251831055,120.26000213623047,14.558436393737793,58.65871047973633
2018-06-21,242.80612182617188,166.98756408691406,151.94113159179688,52.87702560424805,36.250431060791016,32.95500946044922,23.372207641601562,25.999977111816406,73.74749755859375,19.642953872680664,95.48453521728516,84.00525665283203,85.17546081542969,55.79298782348633,120.05000305175781,14.448529243469238,58.938114166259766
2018-06-22,243.24871826171875,166.616943359375,151.43580627441406,53.43661117553711,36.62568664550781,32.84830093383789,23.260501861572266,26.518709182739258,74.07894134521484,19.77936553955078,95.47662353515625,84.02166748046875,85.2801742553711,55.799434661865234,120.33999633789062,14.735976219177246,59.40133285522461
2018-06-25,239.93746948242188,162.8629913330078,148.9633026123047,52.69575500488281,36.13368225097656,32.16627883911133,23.011308670043945,25.98585319519043,73.39859008789062,20.106748580932617,95.69049835205078,84.13684844970703,85.19791412353516,55.66954040527344,119.88999938964844,14.566889762878418,59.24691390991211
2018-06-26,240.46868896484375,163.5282745361328,149.82957458496094,52.79032516479492,35.991920471191406,32.29618453979492,22.933969497680664,26.314035415649414,73.17181396484375,20.130130767822266,95.82514190673828,84.17803192138672,85.482177734375,55.663055419921875,119.26000213623047,14.710611343383789,59.438087463378906
2018-06-27,238.47657775878906,161.3043975830078,147.42930603027344,52.293792724609375,35.29976272583008,31.855422973632812,22.650415420532227,26.66691017150879,72.55252838134766,20.227569580078125,96.72814178466797,84.49893188476562,85.77392578125,55.546146392822266,118.58000183105469,14.786703109741211,59.21015167236328
2018-06-28,239.84010314941406,162.6919403076172,147.8804473876953,52.490821838378906,35.599971771240234,32.245147705078125,22.848047256469727,26.631628036499023,72.64846801757812,20.219770431518555,96.75194549560547,84.41663360595703,85.66169738769531,55.39025115966797,118.22000122070312,14.77824878692627,59.73953628540039
2018-06-29,240.18540954589844,163.1291046142578,147.7812042236328,52.782447814941406,36.13368225097656,32.23123550415039,22.848047256469727,26.797481536865234,72.79674530029297,20.25094985961914,96.41925811767578,84.3508071899414,85.70659637451172,55.26038360595703,118.6500015258789,14.947336196899414,59.886600494384766
2018-07-02,240.6989288330078,164.2220458984375,148.80087280273438,52.30167770385742,35.77509307861328,32.51887893676758,22.959754943847656,26.402254104614258,73.0235366821289,20.39515495300293,96.34381103515625,84.29310607910156,85.71782684326172,55.31320571899414,117.45999908447266,14.63452434539795,59.55570983886719
2018-07-03,239.84893798828125,162.3212890625,149.39413452148438,52.45930099487305,35.800113677978516,32.1337890625,22.753530502319336,26.5681095123291,73.19796752929688,20.453617095947266,96.85989379882812,84.5074691772461,86.0329818725586,55.319740295410156,118.6500015258789,14.617615699768066,60.004234313964844
2018-07-05,241.8056182861328,164.33607482910156,151.09671020507812,52.97948455810547,35.70838165283203,32.588478088378906,22.805086135864258,26.539884567260742,73.95682525634766,20.562746047973633,97.13780212402344,84.51569366455078,86.30310821533203,55.52851104736328,119.05000305175781,14.702159881591797,60.71743392944336
2018-07-06,243.85089111328125,166.8925018310547,152.37362670898438,53.26321792602539,36.20038986206055,32.968929290771484,22.916790008544922,26.702205657958984,75.02094268798828,20.722537994384766,97.4553451538086,84.58989715576172,86.42320251464844,55.672061920166016,118.86000061035156,14.769794464111328,61.04094696044922
2018-07-09,246.04652404785156,168.3941192626953,153.33360290527344,53.7755126953125,36.850852966308594,33.21946716308594,23.440954208374023,27.1009521484375,75.57048034667969,20.083370208740234,96.82813262939453,84.37553405761719,86.48316192626953,55.75685501098633,119.1500015258789,14.845884323120117,60.5556755065918
2018-07-10,246.9319610595703,168.5176544189453,152.63624572753906,53.75185775756836,36.767452239990234,33.298336029052734,23.355022430419922,27.302093505859375,75.85832214355469,20.274335861206055,96.82015991210938,84.30960845947266,86.38565063476562,55.76340103149414,118.93000030517578,14.8120698928833,60.680667877197266
2018-07-11,245.12570190429688,167.66232299804688,151.3411865234375,52.85338592529297,36.0502815246582,33.16842269897461,23.24331283569336,26.723371505737305,75.25646209716797,20.4575138092041,97.1933364868164,84.48274993896484,86.55823516845703,55.678585052490234,117.63999938964844,14.29634952545166,60.482139587402344
2018-07-12,247.3480224609375,170.55142211914062,152.07473754882812,53.26321792602539,36.542301177978516,33.692691802978516,23.286272048950195,26.769258499145508,76.09380340576172,20.47310447692871,97.18536376953125,84.44975280761719,86.74578094482422,55.854736328125,118.12999725341797,14.37243938446045,60.66597366333008
2018-07-13,247.54290771484375,170.69398498535156,151.6219482421875,53.42873001098633,36.56731033325195,33.655582427978516,23.183168411254883,26.910400390625,76.23334503173828,20.477005004882812,97.4315185546875,84.58989715576172,86.81331634521484,55.854736328125,117.61000061035156,14.397804260253906,60.482139587402344
2018-07-16,247.32151794433594,170.28530883789062,151.03329467773438,53.40509033203125,36.3671760559082,33.57671356201172,23.595611572265625,26.599864959716797,75.77104949951172,20.4575138092041,97.02662658691406,84.44975280761719,86.67076873779297,55.815582275390625,117.55000305175781,14.093442916870117,60.158626556396484
2018-07-17,248.32199096679688,171.32118225097656,151.7034454345703,53.499656677246094,36.634033203125,33.8272590637207,23.62139129638672,26.494001388549805,76.18975067138672,20.441923141479492,96.84400177001953,84.4002685546875,86.6107406616211,55.835166931152344,116.27999877929688,14.110353469848633,59.7615852355957
2018-07-18,248.8444061279297,170.99803161621094,152.1290740966797,53.507545471191406,36.59233093261719,33.771583557128906,23.999473571777344,26.51164436340332,76.25081634521484,20.336692810058594,96.4549560546875,84.33433532714844,86.59569549560547,55.861263275146484,116.30999755859375,14.23716926574707,59.49690246582031
2018-07-19,247.90586853027344,170.1427459716797,153.206787109375,53.39720153808594,36.14201354980469,33.650943756103516,23.63858413696289,26.518709182739258,75.82343292236328,20.523771286010742,97.0663070678711,84.56511688232422,86.73076629638672,55.835166931152344,115.80999755859375,14.220258712768555,60.195369720458984
2018-07-20,247.62254333496094,170.104736328125,152.58187866210938,53.649410247802734,36.65904998779297,33.66022872924805,23.68153953552246,26.426958084106445,75.67511749267578,20.37956428527832,95.87540435791016,84.26838684082031,86.47567749023438,55.861263275146484,116.55999755859375,14.321712493896484,59.61453628540039
2018-07-23,248.0829620361328,170.64645385742188,152.77210998535156,53.649410247802734,36.417213439941406,33.83189010620117,24.008071899414062,26.310504913330078,75.83212280273438,20.235361099243164,94.69244384765625,83.85617065429688,86.1304931640625,55.841678619384766,116.0,14.37243938446045,59.489566802978516
2018-07-24,249.33135986328125,171.34971618652344,151.1419219970703,53.96467590332031,36.950923919677734,34.017478942871094,24.076810836791992,26.6422176361084,76.52119445800781,20.305519104003906,95.01795196533203,83.91386413574219,86.4006576538086,55.95909118652344,116.04000091552734,14.448529243469238,59.188087463378906
2018-07-25,251.45631408691406,173.74462890625,151.6943817138672,54.36663055419922,37.551334381103516,34.44432067871094,24.12836265563965,26.864526748657227,77.49809265136719,20.36397361755371,94.86710357666016,83.85617065429688,86.51319122314453,56.0634765625,116.68000030517578,14.642979621887207,59.65864562988281
2018-07-26,250.86305236816406,171.1121368408203,152.50950622558594,54.12229537963867,37.13438034057617,33.915409088134766,24.119768142700195,27.15740203857422,77.280029296875,20.582229614257812,94.68448638916016,83.7654800415039,86.59569549560547,56.07001876831055,115.7699966430664,14.642979621887207,59.857173919677734
2018-07-27,249.1630859375,168.8027801513672,149.665771484375,54.22477340698242,37.26781463623047,33.33545684814453,24.171327590942383,27.040966033935547,76.72181701660156,20.515975952148438,94.84326934814453,83.89739227294922,86.7082748413086,56.05046081542969,115.83000183105469,14.583799362182617,59.21749496459961
2018-07-30,247.8616485595703,166.41734313964844,148.705810546875,54.21687698364258,37.209442138671875,32.81582260131836,24.18851089477539,27.26327896118164,76.76541900634766,20.391258239746094,94.51773834228516,83.79024505615234,86.58821105957031,56.07001876831055,115.6500015258789,14.668344497680664,59.25425720214844
2018-07-31,249.0833740234375,167.69085693359375,150.2181854248047,54.287811279296875,37.40957260131836,32.90396499633789,24.016660690307617,27.21387481689453,77.56785583496094,20.57444190979004,95.0338363647461,83.90567016601562,86.85836791992188,56.18746566772461,115.98999786376953,14.583799362182617,60.246864318847656
2018-08-01,248.66734313964844,168.32757568359375,150.1185760498047,54.011962890625,37.07600402832031,33.200904846191406,24.016660690307617,26.8362979888916,77.58531951904297,20.441923141479492,94.25959777832031,83.7074203491211,86.55209350585938,56.23792266845703,115.13999938964844,14.37243938446045,60.67330551147461
2018-08-02,250.02186584472656,170.6179656982422,151.2144317626953,53.657291412353516,36.58399200439453,33.618465423583984,24.025251388549805,26.688085556030273,77.87316131591797,20.543262481689453,94.3948745727539,83.8065185546875,86.65741729736328,56.27067184448242,114.5199966430664,14.456981658935547,60.430667877197266
2018-08-03,251.09326171875,171.140625,150.6891326904297,53.688819885253906,36.86751937866211,33.739097595214844,24.162736892700195,26.550457000732422,78.33544921875,20.77320098876953,94.86434936523438,84.02127838134766,86.92832946777344,56.31653594970703,114.91999816894531,14.507707595825195,61.08506393432617
2018-08-06,252.0140380859375,172.14801025390625,151.53140258789062,53.46024703979492,36.58399200439453,33.9200439453125,24.291627883911133,26.649272918701172,78.4749984741211,20.788793563842773,94.92005920410156,84.06257629394531,87.01112365722656,56.42138671875,114.33000183105469,14.533072471618652,61.004188537597656
2018-08-07,252.84628295898438,172.77528381347656,151.89361572265625,53.87797164916992,36.959259033203125,34.04995346069336,24.40333366394043,26.846885681152344,78.48373413085938,20.757612228393555,94.42674255371094,83.8891372680664,86.74019622802734,56.447608947753906,114.58999633789062,14.642979621887207,60.893882751464844
2018-08-08,252.74000549316406,172.9843292236328,151.75778198242188,53.830684661865234,36.90922164916992,34.14275360107422,24.463481903076172,26.652799606323242,78.60585021972656,20.648488998413086,94.52220153808594,83.96347045898438,86.60472106933594,56.41484069824219,114.91000366210938,14.465437889099121,60.54096603393555
2018-08-09,252.39471435546875,172.87979125976562,152.14720153808594,53.67305374145508,36.80080795288086,34.15666198730469,24.31740379333496,26.405790328979492,78.51860809326172,20.742027282714844,95.31790161132812,84.19475555419922,86.67247009277344,56.37552261352539,114.73999786376953,14.406256675720215,60.57036209106445
2018-08-10,250.7036590576172,171.5587921142578,151.7215576171875,52.601165771484375,36.016929626464844,33.88291931152344,24.033842086791992,26.5681095123291,78.17842864990234,20.652381896972656,96.01016998291016,84.55821990966797,86.81547546386719,56.27722930908203,114.69000244140625,14.406256675720215,60.1071662902832
2018-08-13,249.7652587890625,171.3687286376953,150.83404541015625,52.412010192871094,35.42485046386719,33.83654022216797,23.80184555053711,26.229341506958008,78.20460510253906,20.679670333862305,95.811279296875,84.53343200683594,86.7928466796875,56.23792266845703,112.95999908447266,14.330166816711426,59.98952865600586
2018-08-14,251.35882568359375,172.442626953125,152.32835388183594,52.40413284301758,35.64166259765625,34.04531478881836,24.025251388549805,26.29286766052246,78.57095336914062,20.722537994384766,95.59642028808594,84.4508285522461,86.90576171875,56.33618927001953,113.06999969482422,14.355530738830566,60.28362274169922
2018-08-15,249.48182678222656,170.3328399658203,150.41744995117188,51.64750289916992,34.61594772338867,33.739097595214844,23.836210250854492,25.375381469726562,78.44010162353516,20.913511276245117,96.1534194946289,84.6573257446289,87.08638000488281,56.23792266845703,111.19000244140625,14.042717933654785,60.746829986572266
2018-08-16,251.5005645751953,170.89353942871094,151.8121337890625,52.01006317138672,34.832767486572266,33.887569427490234,24.154136657714844,25.558879852294922,79.20767974853516,21.13956642150879,96.14543151855469,84.6325454711914,87.1992416381836,56.30997848510742,111.0999984741211,14.152626037597656,61.239463806152344
2018-08-17,252.38595581054688,170.93154907226562,152.4641876220703,52.31743240356445,35.19969177246094,33.93860626220703,24.2056941986084,25.622398376464844,79.4519271850586,21.248689651489258,96.26480102539062,84.6655502319336,87.27452087402344,56.37552261352539,112.12999725341797,14.211806297302246,61.80560302734375
2018-08-20,252.92599487304688,170.77952575683594,152.88986206054688,52.601165771484375,35.35813903808594,33.887569427490234,24.28303337097168,25.795303344726562,79.7136001586914,21.17464256286621,96.90931701660156,84.92989349365234,87.50028228759766,56.401729583740234,112.69000244140625,14.23716926574707,61.84971618652344
2018-08-21,253.51919555664062,171.40673828125,154.6467742919922,52.92431640625,35.80844497680664,33.9432373046875,24.37755584716797,25.92587661743164,79.7136001586914,21.02263832092285,96.5831069946289,84.81425476074219,87.28201293945312,56.48689651489258,113.0199966430664,14.262533187866211,61.474735260009766
2018-08-22,253.36868286132812,172.07199096679688,155.02716064453125,53.12923812866211,36.091983795166016,34.04531478881836,24.291627883911133,26.23639678955078,79.79207611083984,20.866743087768555,96.96497344970703,84.97120666503906,87.27452087402344,56.506568908691406,113.2699966430664,14.465437889099121,61.12916564941406
2018-08-23,253.03216552734375,171.8249053955078,154.5562286376953,52.75091552734375,35.50823974609375,34.119544982910156,24.179916381835938,26.112897872924805,79.7658920288086,20.851154327392578,97.1162109375,84.96297454833984,87.30460357666016,56.500003814697266,112.19999694824219,14.440074920654297,60.97476577758789
2018-08-24,254.5549774169922,173.42149353027344,155.39846801757812,53.058292388916016,36.16703414916992,34.46286392211914,24.265850067138672,26.30345916748047,80.14967346191406,20.9407958984375,97.30718231201172,84.98770904541016,87.47770690917969,56.59828567504883,114.16000366210938,14.549981117248535,61.33503341674805
2018-08-27,256.56494140625,175.18917846679688,155.62486267089844,53.76762771606445,36.68407440185547,34.77836990356445,24.592369079589844,26.497533798217773,80.43755340576172,20.812177658081055,96.75016784667969,84.7977523803711,87.34220886230469,56.61795425415039,114.58999633789062,14.6007080078125,61.11447525024414
2018-08-28,256.68878173828125,175.44573974609375,155.76976013183594,53.72034454345703,36.5506477355957,34.838680267333984,24.56659698486328,26.384611129760742,80.48114013671875,20.76930809020996,96.16934204101562,84.60777282714844,87.01112365722656,56.59171676635742,113.68000030517578,14.54152774810791,61.93791961669922
2018-08-29,258.0699462890625,177.4700164794922,156.2225799560547,54.011962890625,36.775794982910156,35.154178619384766,24.55799674987793,26.546939849853516,81.00447082519531,20.921306610107422,96.29664611816406,84.58297729492188,86.92083740234375,56.55897521972656,114.19999694824219,14.702159881591797,61.952659606933594
2018-08-30,257.0252380371094,177.15640258789062,156.0957794189453,53.499656677246094,35.81678771972656,35.04747009277344,24.368955612182617,26.47283363342285,80.94342803955078,20.929101943969727,96.50352478027344,84.73988342285156,87.00358581542969,56.51313781738281,113.63999938964844,14.676797866821289,61.55563735961914
2018-08-31,257.0340881347656,177.384521484375,156.69354248046875,53.074058532714844,36.00025177001953,35.07530212402344,24.343181610107422,26.268163681030273,80.92597961425781,20.839460372924805,96.28070831298828,84.75647735595703,86.87564849853516,56.58519744873047,113.51000213623047,14.693703651428223,61.798248291015625
2018-09-04,256.5914001464844,176.6242218017578,155.9961395263672,52.624820709228516,35.29976272583008,34.94075012207031,24.463481903076172,26.211698532104492,80.28052520751953,20.93300437927246,95.72407531738281,84.56275177001953,86.71558380126953,56.46737289428711,112.93000030517578,14.609162330627441,61.06299591064453
2018-09-05,255.90081787109375,174.3433074951172,155.57957458496094,52.14404296875,34.79107666015625,34.5046272277832,24.48066520690918,26.176414489746094,80.603271484375,21.225303649902344,95.46885681152344,84.55448150634766,86.66279602050781,56.40816879272461,113.31999969482422,14.549981117248535,61.41591262817383
2018-09-06,255.13055419921875,172.78472900390625,154.529052734375,51.98640823364258,34.82442092895508,34.25410079956055,24.368955612182617,25.692974090576172,80.603271484375,21.346126556396484,95.81977844238281,84.72830963134766,86.90434265136719,56.4542236328125,113.54000091552734,14.465437889099121,61.592376708984375
2018-09-07,254.6348114013672,172.1195068359375,154.4475555419922,51.568695068359375,34.6493034362793,34.138099670410156,24.343181610107422,25.6894474029541,80.72537231445312,21.084997177124023,95.00631713867188,84.34757232666016,86.54203033447266,56.39501953125,113.2300033569336,14.499253273010254,60.92329788208008
2018-09-10,255.0774383544922,172.69920349121094,154.63775634765625,51.88396072387695,34.307395935058594,34.244815826416016,24.31740379333496,25.678857803344727,80.51603698730469,21.190227508544922,95.35718536376953,84.39723205566406,86.828857421875,56.50687789916992,113.1500015258789,14.549981117248535,61.195350646972656
2018-09-11,255.91859436035156,174.02967834472656,154.8913116455078,51.931251525878906,34.3824462890625,34.5371208190918,24.343181610107422,25.92234230041504,80.44625854492188,21.135662078857422,94.63145446777344,84.09099578857422,86.63260650634766,56.52003860473633,113.22000122070312,14.693703651428223,61.188011169433594
2018-09-12,255.98049926757812,173.5165557861328,154.5199432373047,52.15193557739258,34.55756759643555,34.393280029296875,24.119768142700195,26.05643653869629,80.84746551513672,21.11618423461914,94.85478210449219,84.19029235839844,86.8061752319336,56.65162658691406,114.16999816894531,14.795157432556152,61.21741485595703
2018-09-13,257.49462890625,175.36973571777344,154.5562286376953,52.538116455078125,35.02457046508789,34.79692840576172,24.085403442382812,26.067018508911133,81.85052490234375,21.275964736938477,94.99834442138672,84.18203735351562,86.98736572265625,56.756961822509766,113.76000213623047,14.63452434539795,61.51885223388672
2018-09-14,257.538818359375,174.85650634765625,155.208251953125,52.61693572998047,34.9912109375,34.76908874511719,24.257259368896484,26.204647064208984,81.58016967773438,21.162948608398438,94.54373931884766,84.02477264404297,86.88168334960938,56.809600830078125,113.0199966430664,14.54152774810791,61.12916564941406
2018-09-17,256.1753234863281,172.3380889892578,153.5600128173828,52.664222717285156,34.674320220947266,34.332969665527344,24.154136657714844,26.246986389160156,81.28360748291016,21.233097076416016,94.54373931884766,84.04134368896484,86.828857421875,56.77009582519531,113.61000061035156,14.524618148803711,61.327693939208984
2018-09-18,257.5652770996094,173.76361083984375,154.20301818847656,53.21592712402344,35.00788497924805,34.551025390625,24.27444076538086,26.41990089416504,81.75460052490234,21.194122314453125,93.5548324584961,83.69371032714844,86.47411346435547,56.763519287109375,113.44000244140625,14.659887313842773,61.03358840942383
2018-09-19,257.8398132324219,173.63058471679688,153.64154052734375,53.40509033203125,35.49156188964844,34.46286392211914,24.6868953704834,26.501060485839844,81.64120483398438,20.734233856201172,92.9965591430664,83.55301666259766,86.34577178955078,56.658241271972656,113.87999725341797,14.752886772155762,60.320396423339844
2018-09-20,259.9293518066406,175.55029296875,155.06336975097656,54.067134857177734,35.88350296020508,34.87117004394531,24.90171241760254,26.508119583129883,82.43497467041016,20.777101516723633,93.42725372314453,83.56128692626953,86.57221221923828,56.73717498779297,114.2699966430664,14.752886772155762,60.886531829833984
2018-09-21,259.6917419433594,174.5904541015625,154.3207550048828,54.09077835083008,36.0502815246582,34.73336410522461,24.80504608154297,26.683279037475586,82.54615020751953,20.865585327148438,93.3873519897461,83.5943832397461,86.58731079101562,56.7503662109375,113.48999786376953,14.786703109741211,60.864463806152344
2018-09-24,258.8291015625,175.07595825195312,153.75022888183594,53.8464469909668,35.64166259765625,34.90562057495117,24.52885627746582,27.074115753173828,82.71253204345703,20.68075942993164,93.14813995361328,83.50335693359375,86.3910140991211,56.72405242919922,113.47000122070312,15.00651741027832,59.77147674560547
2018-09-25,258.5889892578125,175.3140106201172,153.98568725585938,54.11442184448242,35.78342819213867,34.86370849609375,24.433917999267578,27.24821662902832,82.45857238769531,20.397624969482422,93.05241394042969,83.42057037353516,86.3910140991211,56.677955627441406,113.6500015258789,15.04033374786377,59.7789421081543
2018-09-26,257.815185546875,175.43775939941406,152.57823181152344,54.13807678222656,35.858482360839844,34.73336410522461,24.140464782714844,26.985292434692383,82.6424789428711,20.197065353393555,93.7063980102539,83.69371032714844,86.70053100585938,56.73717498779297,113.05000305175781,14.972700119018555,59.06319046020508
2018-09-27,258.5356140136719,176.92300415039062,152.58726501464844,54.02772521972656,36.033607482910156,34.938194274902344,24.05416488647461,26.985292434692383,83.06278991699219,20.40548324584961,93.77021026611328,83.69371032714844,86.81375122070312,56.84248352050781,112.05000305175781,15.04033374786377,59.34652328491211
2018-09-28,258.5622863769531,176.88490295410156,153.05038452148438,53.586368560791016,35.79176712036133,35.06855392456055,23.803865432739258,26.91067886352539,83.31671142578125,20.704357147216797,93.52296447753906,83.73507690429688,86.75335693359375,56.88198471069336,112.76000213623047,15.192513465881348,60.15171432495117
2018-10-01,259.4605712890625,177.24671936035156,151.0345001220703,53.649410247802734,35.800113677978516,35.23613357543945,23.898807525634766,27.28374481201172,83.72827911376953,20.633573532104492,92.83637237548828,83.52277374267578,86.63370513916016,57.046531677246094,112.56999969482422,15.479963302612305,59.592552185058594
2018-10-02,259.3094482421875,176.84686279296875,149.40008544921875,53.373565673828125,35.34979248046875,35.240779876708984,23.898807525634766,27.31216049194336,83.6319580078125,20.91277313232422,93.40386962890625,83.73844146728516,86.7094497680664,57.000282287597656,113.87000274658203,15.530689239501953,59.45833969116211
2018-10-03,259.45159912109375,177.0372772216797,150.70761108398438,53.27898025512695,35.057926177978516,35.347862243652344,24.12320899963379,27.5324649810791,83.47433471679688,20.66109848022461,91.78134155273438,83.11642456054688,86.20215606689453,56.848236083984375,113.41999816894531,15.674415588378906,58.82463455200195
2018-10-04,257.4237976074219,173.63836669921875,148.5918731689453,52.656341552734375,34.18231201171875,34.7100715637207,24.287189483642578,27.41876220703125,82.65998077392578,20.771198272705078,91.1338882446289,82.90077209472656,85.84626007080078,56.63673400878906,113.4800033569336,15.505324363708496,58.332557678222656
2018-10-05,255.98306274414062,171.5152587890625,147.24795532226562,52.34108352661133,34.057228088378906,34.27248001098633,24.16636085510254,27.415206909179688,82.56365966796875,21.089733123779297,90.3506088256836,82.70172882080078,85.51315307617188,56.38554000854492,113.80000305175781,15.471506118774414,58.302734375
2018-10-08,255.98306274414062,170.46798706054688,146.93923950195312,52.0888671875,34.10725402832031,33.8860969543457,24.330347061157227,27.393892288208008,82.52864074707031,21.26668930053711,90.0468978881836,82.73493194580078,85.42228698730469,56.25994110107422,112.54000091552734,15.429237365722656,59.14521408081055
2018-10-09,255.6094970703125,171.02017211914062,146.36717224121094,51.954891204833984,33.9821662902832,34.00713348388672,24.23540687561035,27.63905143737793,82.66874694824219,21.353206634521484,90.95804595947266,82.89252471923828,85.6645736694336,56.34585189819336,112.5999984741211,15.539142608642578,59.22721862792969
2018-10-10,247.51614379882812,163.4988250732422,142.16294860839844,50.851470947265625,32.9731330871582,32.35914611816406,23.484519958496094,26.772111892700195,80.71607971191406,21.23523712158203,90.71028900146484,82.93395233154297,85.42986297607422,55.94266128540039,112.87999725341797,15.234784126281738,58.34745788574219
2018-10-11,242.06423950195312,161.47091674804688,139.4479217529297,50.14214324951172,32.639556884765625,31.949474334716797,22.785429000854492,25.8660888671875,78.53575897216797,20.845918655395508,91.81330108642578,83.27395629882812,85.78572082519531,55.988922119140625,115.77999877929688,15.00651741027832,56.677406311035156
2018-10-12,245.4260711669922,165.96469116210938,139.4751434326172,50.32341003417969,33.598567962646484,32.97364807128906,22.81131935119629,25.937152862548828,79.74411010742188,20.822328567504883,91.49359893798828,83.17447662353516,85.80086517333984,56.286376953125,115.2300033569336,15.1248779296875,56.52831268310547
2018-10-15,244.04757690429688,163.955810546875,139.9927215576172,50.20519256591797,33.239986419677734,32.43363571166992,22.707748413085938,25.720409393310547,79.19245910644531,20.92064094543457,91.45362091064453,83.22422790527344,85.64185333251953,56.246726989746094,116.0,15.158698081970215,56.90853500366211
2018-10-16,249.3838653564453,168.72569274902344,144.0516815185547,51.06427001953125,34.07390213012695,33.411251068115234,23.087509155273438,25.93359375,81.36404418945312,21.13691520690918,91.66143798828125,83.21595764160156,85.8614501953125,56.438419342041016,115.80000305175781,15.226329803466797,58.07905578613281
2018-10-17,249.42835998535156,168.79232788085938,143.43423461914062,50.77266311645508,33.656944274902344,33.257625579833984,23.32054328918457,25.770153045654297,81.7931137084961,21.09759521484375,91.11788940429688,82.97538757324219,85.43743896484375,56.3260383605957,115.79000091552734,15.091060638427734,57.855403900146484
2018-10-18,245.8262939453125,164.87933349609375,140.74639892578125,49.95298767089844,32.77299118041992,32.605865478515625,22.932147979736328,25.642248153686523,80.86495971679688,21.129058837890625,91.0859375,83.12470245361328,85.43743896484375,56.08806228637695,115.91999816894531,14.92197322845459,57.74357223510742
2018-10-19,245.69290161132812,164.72702026367188,139.25729370117188,50.23671340942383,33.08154296875,32.5919075012207,23.01845932006836,25.41484832763672,80.1294174194336,21.459383010864258,90.8861312866211,83.02517700195312,85.3314437866211,56.121124267578125,116.01000213623047,15.00651741027832,58.24308776855469
2018-10-22,244.59007263183594,165.5743408203125,138.9575653076172,50.01604080200195,33.44011688232422,32.86192321777344,22.52649688720703,25.13416290283203,79.47269439697266,21.321748733520508,90.76622772216797,83.04180145263672,85.22542572021484,56.14757537841797,115.70999908447266,15.023426055908203,57.43043899536133
2018-10-23,243.34490966796875,164.9650115966797,137.71353149414062,49.543148040771484,33.07319641113281,32.736244201660156,22.345252990722656,24.476848602294922,79.04360961914062,21.20377540588379,91.05397033691406,83.25743865966797,85.34654235839844,56.094688415527344,116.38999938964844,14.693703651428223,57.68391799926758
2018-10-24,235.97190856933594,157.4151153564453,132.52862548828125,48.14023971557617,32.005775451660156,31.26979637145996,21.78424644470215,23.510427474975586,76.43423461914062,21.71892547607422,91.74136352539062,83.70525360107422,85.46774291992188,55.81706619262695,116.66000366210938,14.592253684997559,58.228187561035156
2018-10-25,240.2053680419922,162.8609619140625,135.39808654785156,48.74711608886719,32.622886657714844,32.34518051147461,22.1208438873291,23.798219680786133,77.42367553710938,21.380733489990234,91.35771942138672,83.5062026977539,85.36170196533203,55.92940902709961,116.4000015258789,14.651433944702148,58.97373962402344
2018-10-26,235.9807891845703,158.67181396484375,133.91787719726562,48.41608810424805,32.247615814208984,31.69809341430664,21.8015079498291,23.620569229125977,76.54805755615234,20.987485885620117,91.90923309326172,83.87938690185547,85.50557708740234,55.67826461791992,116.7699966430664,14.761338233947754,57.557167053222656
2018-10-29,234.6733856201172,155.40625,133.18243408203125,48.2821044921875,31.68889808654785,31.162731170654297,21.991390228271484,23.179994583129883,76.7406997680664,21.282421112060547,91.7013931274414,83.87110900878906,85.40714263916016,55.625362396240234,116.30999755859375,14.609162330627441,58.287818908691406
2018-10-30,238.15090942382812,157.96731567382812,135.96102905273438,48.86533737182617,32.30599594116211,31.511882781982422,22.37114715576172,23.71649742126465,77.56380462646484,21.365007400512695,91.24580383300781,83.68864440917969,85.21784973144531,55.7575569152832,115.80000305175781,14.533072471618652,59.0855712890625
2018-10-31,240.69454956054688,161.680419921875,136.23341369628906,49.22788619995117,32.6562385559082,32.261383056640625,22.68185806274414,23.862173080444336,77.66886901855469,21.113327026367188,90.78221893310547,83.48133850097656,84.97554779052734,55.7575569152832,115.1500015258789,14.338621139526367,58.39219284057617
2018-11-01,243.2560577392578,163.81301879882812,139.37525939941406,49.8584098815918,33.823726654052734,32.63847351074219,22.785429000854492,24.064695358276367,78.64959716796875,21.018949508666992,90.86636352539062,83.55279541015625,85.23307800292969,56.01332092285156,116.62999725341797,14.23716926574707,58.668052673339844
2018-11-02,241.81521606445312,161.26145935058594,139.83836364746094,49.929344177246094,34.04053497314453,32.00068283081055,22.768165588378906,24.004295349121094,78.15921783447266,20.90097427368164,89.73664855957031,83.08737182617188,84.8912353515625,55.98009490966797,116.6500015258789,14.203350067138672,58.18344497680664
2018-11-05,243.1492919921875,160.8616180419922,139.72943115234375,49.929344177246094,34.13227462768555,31.96809959411621,23.130661010742188,24.405790328979492,78.8509521484375,21.19590950012207,90.08917236328125,83.13724517822266,85.04317474365234,56.02656555175781,116.37000274658203,14.19489860534668,59.048301696777344
2018-11-06,244.68792724609375,162.08021545410156,140.4194793701172,50.13425827026367,34.07390213012695,32.168277740478516,23.25149917602539,24.519489288330078,79.2537841796875,21.337472915649414,90.03307342529297,83.04579162597656,85.18748474121094,56.17272186279297,116.04000091552734,14.13571548461914,59.34652328491211
2018-11-07,249.9264373779297,167.16433715820312,142.93482971191406,50.80419158935547,34.71601867675781,33.11331558227539,23.553579330444336,24.920976638793945,81.58294677734375,21.581287384033203,90.15325927734375,83.04579162597656,85.40780639648438,56.49822235107422,116.02999877929688,14.101900100708008,60.0548210144043
2018-11-08,249.4727783203125,166.09796142578125,142.55345153808594,50.30765151977539,33.81538772583008,33.08536911010742,23.62262725830078,24.38092041015625,81.62672424316406,21.545896530151367,90.14524841308594,82.9294662475586,85.15713500976562,56.358760833740234,115.77999877929688,14.017354965209961,60.09953689575195
2018-11-09,247.0358123779297,163.29893493652344,139.91099548339844,49.97663116455078,33.18994903564453,32.51276779174805,23.406845092773438,24.338281631469727,81.39031219482422,21.577354431152344,90.81827545166016,83.25359344482422,85.21790313720703,56.03986740112305,114.4800033569336,13.865177154541016,60.092079162597656
2018-11-12,242.41995239257812,158.35768127441406,137.14144897460938,49.156951904296875,32.72296142578125,31.367568969726562,22.940776824951172,23.83375358581543,80.28701782226562,21.565555572509766,91.41117858886719,83.5029525756836,85.21031951904297,55.69446563720703,113.66000366210938,13.83135986328125,60.21137237548828
2018-11-13,241.96640014648438,158.49095153808594,136.7056427001953,49.369754791259766,33.09822082519531,31.404808044433594,23.070241928100586,23.286584854125977,79.72662353515625,21.656003952026367,91.3550796508789,83.56941986083984,85.09634399414062,55.60144805908203,113.69999694824219,13.450911521911621,60.15171432495117
2018-11-14,240.3120880126953,157.2818145751953,135.70680236816406,49.40916061401367,33.29835510253906,31.027719497680664,22.759536743164062,23.247499465942383,79.08736419677734,21.431854248046875,91.41117858886719,83.74398040771484,84.86847686767578,55.49514389038086,114.63999938964844,13.5692720413208,60.002620697021484
2018-11-15,242.8201141357422,160.03330993652344,137.64093017578125,49.5667839050293,34.04053497314453,31.8051700592041,23.09613800048828,23.58859634399414,79.78791046142578,21.254894256591797,91.37114715576172,83.80216217041016,84.70892333984375,55.48189163208008,114.7699966430664,13.543910026550293,59.592552185058594
2018-11-16,243.45162963867188,159.47157287597656,137.9678497314453,49.62195587158203,34.10725402832031,31.753942489624023,23.122032165527344,23.869279861450195,80.5934829711914,21.581287384033203,91.89988708496094,84.0597915649414,84.87606811523438,55.3157958984375,115.62000274658203,13.62845516204834,60.23373794555664
2018-11-19,239.3337860107422,154.29234313964844,135.17105102539062,49.18848419189453,33.64859390258789,30.5435733795166,23.1133975982666,23.862173080444336,79.56900024414062,21.675662994384766,92.15629577636719,84.18440246582031,84.79247283935547,55.14307403564453,115.66999816894531,13.62845516204834,60.315731048583984
2018-11-20,234.9046173095703,151.53134155273438,132.56497192382812,48.3372802734375,32.9230842590332,29.887170791625977,22.604175567626953,23.080509185791016,78.82469940185547,21.585220336914062,92.18838500976562,84.1678466796875,84.58736419677734,54.97037124633789,115.66999816894531,13.214189529418945,59.696929931640625
2018-11-21,235.70506286621094,152.6833038330078,134.4174041748047,49.015079498291016,33.53185272216797,30.10597038269043,22.62143898010254,23.44291877746582,78.37812805175781,21.26668930053711,92.15629577636719,84.15118408203125,84.76968383789062,55.24938201904297,115.86000061035156,13.324097633361816,59.74911880493164
2018-11-23,234.13092041015625,151.5789337158203,134.29025268554688,48.69194030761719,33.13991928100586,29.831300735473633,22.440195083618164,22.70743751525879,78.4919662475586,21.278486251831055,92.25247192382812,84.20104217529297,84.80767822265625,54.94379425048828,115.7699966430664,12.93519401550293,59.62983703613281
2018-11-26,237.91078186035156,155.08255004882812,136.03363037109375,49.42491912841797,33.54853820800781,30.506324768066406,22.897632598876953,23.048538208007812,79.2537841796875,21.40432357788086,92.04413604736328,84.13460540771484,84.8456802368164,55.20287322998047,115.63999938964844,12.994376182556152,59.74165725708008
2018-11-27,238.71124267578125,155.60623168945312,134.90773010253906,49.23577117919922,33.78203201293945,30.56684684753418,22.91489028930664,22.984577178955078,80.07685852050781,21.565555572509766,92.1483154296875,84.21769714355469,84.73931884765625,55.17629623413086,114.94999694824219,12.943650245666504,59.99514389038086
2018-11-28,244.2075958251953,160.6140899658203,138.240234375,49.93722152709961,34.59092330932617,31.637569427490234,23.355064392089844,23.37896156311035,82.00325012207031,21.549827575683594,91.69959259033203,84.2093734741211,84.96720123291016,55.634681701660156,115.37999725341797,12.901378631591797,60.53193664550781
2018-11-29,243.67393493652344,160.09039306640625,137.867919921875,49.68501281738281,34.29071807861328,31.330324172973633,23.156551361083984,23.53174591064453,82.27471160888672,21.54196548461914,92.0601806640625,84.42547607421875,84.72412872314453,55.64794158935547,115.73999786376953,12.985920906066895,60.546871185302734
2018-11-30,245.15924072265625,161.25192260742188,138.5852813720703,49.47221755981445,34.25735855102539,31.628259658813477,23.27738380432129,23.489105224609375,83.94717407226562,21.860492706298828,92.4046859741211,84.59171295166016,84.67093658447266,55.53502655029297,115.54000091552734,12.926740646362305,61.12095260620117
2018-12-03,248.40548706054688,164.07005310058594,139.91099548339844,50.12637710571289,34.94951629638672,32.326560974121094,23.424108505249023,24.011404037475586,83.54440307617188,22.080711364746094,93.06080627441406,84.77661895751953,84.98568725585938,55.91938018798828,116.41000366210938,13.222643852233887,61.44899368286133
2018-12-04,240.3566131591797,157.77687072753906,133.95423889160156,48.825931549072266,34.207332611083984,31.102214813232422,22.40566635131836,23.322114944458008,81.67926788330078,22.096437454223633,94.61878967285156,85.16806030273438,85.00090789794922,55.5723876953125,117.12000274658203,13.231098175048828,60.539398193359375
2018-12-06,239.99197387695312,158.8908233642578,133.66368103027344,48.368804931640625,33.89043426513672,31.17203140258789,22.094961166381836,22.892196655273438,81.37281036376953,22.12002944946289,94.91592407226562,85.38455963134766,85.25999450683594,55.37886047363281,117.13999938964844,13.12119197845459,62.03798294067383
2018-12-07,234.41552734375,153.6448974609375,130.776123046875,47.880157470703125,33.256656646728516,30.07337760925293,21.672046661376953,22.76428985595703,79.29756927490234,22.20261573791504,95.09259033203125,85.6344223022461,85.26765441894531,55.272098541259766,118.08999633789062,13.273369789123535,61.225318908691406
2018-12-10,234.86019897460938,155.25396728515625,130.39476013183594,47.50971603393555,32.906410217285156,30.48771095275879,21.369966506958008,22.40898323059082,79.60401916503906,22.245880126953125,95.486083984375,85.68439483642578,85.5267562866211,55.31217956542969,117.68000030517578,13.062010765075684,60.830196380615234
2018-12-11,234.91357421875,155.7680206298828,130.2584991455078,47.65947341918945,33.156585693359375,30.524946212768555,21.162826538085938,22.416091918945312,79.84921264648438,22.336318969726562,95.47007751464844,85.46785736083984,85.67916870117188,55.41225814819336,117.54000091552734,13.138100624084473,60.859989166259766
2018-12-12,236.09640502929688,157.1389923095703,131.50257873535156,48.36092758178711,33.69863510131836,30.76237678527832,21.283658981323242,22.504915237426758,80.53219604492188,22.19474983215332,95.04440307617188,85.23470306396484,85.77058410644531,55.592430114746094,117.79000091552734,13.09582805633545,59.92060852050781
2018-12-13,236.01638793945312,157.18661499023438,129.6410675048828,48.27421951293945,33.690303802490234,30.813581466674805,21.12830924987793,22.57597541809082,80.61101531982422,22.387432098388672,94.81957244873047,85.2846450805664,85.99919891357422,55.72587585449219,117.52999877929688,13.264915466308594,60.26689529418945
2018-12-14,231.65835571289062,153.35931396484375,127.67969512939453,47.651588439941406,33.214962005615234,30.05942153930664,20.921167373657227,22.06078338623047,77.89653778076172,22.34418296813965,95.14879608154297,85.41789245605469,85.90777587890625,55.49232864379883,117.05999755859375,13.062010765075684,60.09335708618164
2018-12-17,227.11361694335938,149.88424682617188,124.83624267578125,47.27327346801758,32.906410217285156,29.42163848876953,20.714025497436523,21.659297943115234,76.34666442871094,21.624547958374023,95.7029037475586,85.66773223876953,85.99919891357422,55.13199234008789,117.87000274658203,12.909832954406738,57.82997131347656
2018-12-18,226.86463928222656,150.8267822265625,124.68132019042969,47.31151580810547,33.12986755371094,29.654407501220703,20.636350631713867,21.14765739440918,75.68118286132812,21.479045867919922,96.27609252929688,85.87890625,86.30646514892578,55.032066345214844,118.1500015258789,12.63929271697998,58.42599868774414
2018-12-19,223.46714782714844,147.12327575683594,122.08476257324219,46.85743713378906,32.579689025878906,29.067834854125977,20.377426147460938,20.898942947387695,74.69172668457031,21.443653106689453,97.5479736328125,86.17937469482422,86.23773193359375,54.535919189453125,117.43000030517578,12.690018653869629,57.7846794128418
2018-12-20,219.8295440673828,144.9906005859375,120.07128143310547,46.66624450683594,32.833614349365234,28.546438217163086,20.19617462158203,20.319799423217773,73.64093780517578,21.431854248046875,97.19377136230469,86.07085418701172,85.95491027832031,54.059879302978516,119.23999786376953,12.571656227111816,56.91706466674805
2018-12-21,215.32533264160156,140.49684143066406,116.95537567138672,45.85369110107422,32.60507583618164,27.679126739501953,19.792339324951172,20.12255096435547,72.72614288330078,21.340248107910156,97.17767333984375,86.14600372314453,85.87081909179688,53.79171371459961,118.72000122070312,12.461749076843262,56.12487030029297
2018-12-24,209.6357879638672,137.01280212402344,114.6867904663086,45.319950103759766,32.300357818603516,26.94039535522461,19.375469207763672,19.308469772338867,70.98451232910156,20.44792366027832,97.66065216064453,86.36299896240234,85.67204284667969,53.38941955566406,120.0199966430664,12.323866844177246,54.12552261352539
2018-12-26,220.22763061523438,145.56773376464844,120.19882202148438,46.371498107910156,32.94365310668945,28.567472457885742,20.252622604370117,20.509872436523438,74.08074951171875,20.725540161132812,96.61419677734375,85.9539794921875,85.6032485961914,54.287837982177734,119.66000366210938,12.597920417785645,55.93626022338867
2018-12-27,221.9183807373047,146.13108825683594,120.6999282836914,46.50691223144531,32.90132522583008,28.7731990814209,20.49579620361328,20.61745834350586,74.89879608154297,20.90003204345703,96.6302490234375,86.1710205078125,85.6032485961914,54.25434112548828,120.56999969482422,12.478021621704102,55.9286994934082
2018-12-28,221.6321258544922,146.0546875,121.04610443115234,46.753875732421875,33.21452713012695,28.70774269104004,20.487112045288086,20.459665298461914,74.98675537109375,20.95159339904785,97.44326782226562,86.63835906982422,86.00838470458984,54.334800720214844,121.05999755859375,12.375251770019531,56.109779357910156
2018-12-31,223.5733642578125,147.28634643554688,121.9936294555664,46.8255729675293,33.06216049194336,28.97892189025879,20.68685531616211,20.56725311279297,76.09506225585938,20.987285614013672,97.81360626220703,86.96388244628906,86.24542999267578,54.37500762939453,121.25,12.40950870513916,56.26066970825195
2019-01-02,223.80596923828125,147.87831115722656,122.6860580444336,46.729976654052734,33.146812438964844,28.99762725830078,20.86054801940918,20.972496032714844,74.94276428222656,20.626394271850586,98.32876586914062,87.1474609375,86.51295471191406,54.30128860473633,121.33000183105469,12.443764686584473,55.03843688964844
2019-01-03,218.46531677246094,143.0470733642578,120.49034881591797,46.30776596069336,32.545833587646484,27.534191131591797,20.391571044921875,20.764497756958008,73.42103576660156,20.62242317199707,99.44769287109375,87.84014892578125,86.55113983154297,54.32807922363281,122.43000030517578,12.546536445617676,55.423221588134766
2019-01-04,225.7830047607422,149.16734313964844,124.9910888671875,47.72575759887695,33.595420837402344,28.75449562072754,21.068981170654297,21.470989227294922,75.61128234863281,20.927793502807617,98.29659271240234,87.13082122802734,86.49761962890625,55.239906311035156,121.44000244140625,12.717820167541504,56.072059631347656
2019-01-07,227.5631866455078,150.9431915283203,127.17768859863281,47.90897750854492,33.671592712402344,29.011653900146484,21.09503746032715,21.790172576904297,75.90152740478516,20.785022735595703,98.00680541992188,86.88874053955078,86.50527954101562,55.776309967041016,121.86000061035156,12.81202507019043,56.62281036376953
2019-01-08,229.70123291015625,152.30853271484375,129.12744140625,48.219661712646484,33.79856491088867,29.254776000976562,21.112401962280273,21.958723068237305,76.49087524414062,21.042808532714844,97.74919891357422,86.67174530029297,86.69640350341797,56.138370513916016,121.52999877929688,12.940488815307617,57.792236328125
2019-01-09,230.77471923828125,153.5498046875,130.19334411621094,48.7613639831543,34.399539947509766,29.633499145507812,21.216623306274414,22.306591033935547,76.83391571044922,20.915897369384766,97.59625244140625,86.7218246459961,87.02507781982422,56.205421447753906,122.30999755859375,13.19741439819336,57.709259033203125
2019-01-10,231.58888244628906,153.989013671875,130.8675994873047,48.95256423950195,34.64501190185547,29.76441764831543,21.225309371948242,22.371145248413086,76.98343658447266,21.189542770385742,96.96837615966797,86.68014526367188,86.79578399658203,56.42661666870117,121.58999633789062,13.163156509399414,58.493892669677734
2019-01-11,231.67822265625,153.4256591796875,130.9040069580078,48.61797332763672,34.4757194519043,29.708303451538086,21.277414321899414,22.23845100402832,77.23856353759766,21.110227584838867,97.34673309326172,86.93882751464844,86.95630645751953,56.24562454223633,121.80000305175781,13.120335578918457,58.659881591796875
2019-01-14,230.2648468017578,152.0698699951172,129.60113525390625,48.394927978515625,34.18793487548828,29.43244743347168,21.425050735473633,22.184663772583008,76.38532257080078,20.634321212768555,96.98445129394531,86.88874053955078,86.72697448730469,56.0645866394043,122.08999633789062,13.009001731872559,58.463714599609375
2019-01-15,232.90383911132812,155.03929138183594,130.69444274902344,48.64984130859375,34.424930572509766,29.876623153686523,21.61610984802246,22.263553619384766,77.75752258300781,20.888139724731445,96.6302490234375,86.80524444580078,86.78048706054688,56.252342224121094,121.87999725341797,13.111772537231445,59.02201843261719
2019-01-16,233.46743774414062,155.01068115234375,131.66932678222656,48.78526306152344,34.8481559753418,29.904678344726562,22.07640266418457,22.234867095947266,77.61676788330078,20.963485717773438,96.72688293457031,86.75524139404297,86.94865417480469,56.33948516845703,122.2699966430664,13.180286407470703,59.436981201171875
2019-01-17,235.2387237548828,156.2327880859375,132.8628387451172,48.96052169799805,35.00051498413086,30.09637451171875,22.197988510131836,22.43928337097168,78.30288696289062,21.050735473632812,96.75104522705078,86.59666442871094,87.12448120117188,56.493690490722656,122.11000061035156,13.188850402832031,59.72367858886719
2019-01-18,238.3697052001953,157.77957153320312,134.22946166992188,49.45443344116211,35.16981506347656,30.554574966430664,22.580110549926758,22.89474105834961,79.23526000976562,21.074527740478516,96.24391174316406,86.32123565673828,87.27737426757812,56.65463638305664,121.0199966430664,13.325878143310547,59.92739486694336
2019-01-22,235.14920043945312,154.6191864013672,132.1066131591797,48.68967056274414,34.56037902832031,30.040267944335938,22.3195743560791,22.39624786376953,78.68991088867188,21.114194869995117,96.89593505859375,86.6217269897461,87.42261505126953,56.27912902832031,121.44999694824219,13.231671333312988,59.746307373046875
2019-01-23,235.64125061035156,154.8196563720703,131.74220275878906,48.912723541259766,34.9158821105957,30.14313316345215,22.345626831054688,22.166732788085938,78.7778549194336,21.328346252441406,96.85565948486328,86.5799331665039,87.64429473876953,56.39311599731445,121.27999877929688,13.214542388916016,59.753875732421875
2019-01-24,235.76646423339844,155.8222198486328,132.53480529785156,48.96848678588867,35.25445556640625,30.395605087280273,22.397737503051758,22.285076141357422,78.11815643310547,21.439388275146484,97.49163055419922,86.85537719726562,87.87364959716797,56.453487396240234,121.08999633789062,13.248799324035645,59.957576751708984
2019-01-25,237.7613983154297,157.68406677246094,134.23854064941406,49.52611541748047,35.720001220703125,30.825759887695312,22.580110549926758,22.568387985229492,78.21490478515625,21.145919799804688,97.02473449707031,86.65505981445312,87.95011901855469,56.59427261352539,122.86000061035156,13.317313194274902,60.7044792175293
2019-01-28,235.95440673828125,155.73626708984375,133.51882934570312,49.255271911621094,35.347557067871094,30.414318084716797,22.51064109802246,22.342456817626953,77.3265151977539,21.04676628112793,96.92813110351562,86.68014526367188,87.93480682373047,56.507102966308594,123.29000091552734,13.137465476989746,61.30051803588867
2019-01-29,235.64125061035156,154.26589965820312,133.199951171875,49.36679458618164,35.40681457519531,30.087020874023438,22.43246841430664,22.410593032836914,77.70472717285156,21.106260299682617,97.41912078857422,86.93048095703125,88.12592315673828,56.473567962646484,123.9800033569336,13.265928268432617,61.78337097167969
2019-01-30,239.3716278076172,158.19009399414062,134.65760803222656,49.908504486083984,36.17708206176758,31.022127151489258,22.562742233276367,22.726184844970703,78.7690658569336,21.26885986328125,97.34673309326172,87.13082122802734,88.53108978271484,56.92279815673828,124.69000244140625,13.36013412475586,62.28133010864258
2019-01-31,241.47389221191406,160.55795288085938,135.80560302734375,49.932403564453125,36.4818000793457,30.98940086364746,22.52800178527832,22.873218536376953,79.75421142578125,21.71700096130371,98.18387603759766,87.5313491821289,89.15027618408203,57.06362533569336,124.75,13.291620254516602,62.930179595947266
2019-02-01,241.59024047851562,159.88011169433594,135.9149932861328,49.916473388671875,36.194007873535156,31.171743392944336,22.623533248901367,23.27129554748535,79.82459259033203,21.633712768554688,97.59091186523438,87.06302642822266,88.93787384033203,57.035987854003906,124.5,13.411520004272461,62.53028106689453
2019-02-04,243.28990173339844,161.8660888671875,137.5366973876953,50.09968948364258,36.25326156616211,31.672021865844727,22.719066619873047,23.325092315673828,79.59590148925781,21.66940689086914,97.15522003173828,86.87067413330078,88.8152084350586,57.17068862915039,123.95999908447266,13.420083999633789,62.99805450439453
2019-02-05,244.3097381591797,163.29824829101562,137.6824188232422,50.49004364013672,36.75265884399414,31.93852996826172,22.658273696899414,23.360958099365234,79.48155975341797,21.713031768798828,97.59896850585938,87.02119445800781,89.17555236816406,57.37275695800781,124.27999877929688,13.36013412475586,63.36020278930664
2019-02-06,243.9877471923828,162.81129455566406,137.5093231201172,50.23512268066406,36.25326156616211,32.04607391357422,22.63222312927246,23.188814163208008,79.84220886230469,21.701139450073242,97.6473617553711,87.08811950683594,89.00688171386719,57.31888961791992,123.44000244140625,13.377262115478516,62.94525146484375
2019-02-07,241.6618194580078,160.6248321533203,136.37960815429688,49.56595993041992,35.88928985595703,31.6065616607666,22.406421661376953,22.675979614257812,78.96257781982422,21.986677169799805,98.29283905029297,87.37246704101562,88.9916000366211,57.12354278564453,123.73999786376953,13.248799324035645,63.465850830078125
2019-02-08,241.95697021484375,160.93995666503906,136.52540588378906,49.40663146972656,35.68614196777344,31.788909912109375,22.293521881103516,22.57197380065918,79.11212158203125,22.081851959228516,98.71238708496094,87.48958587646484,89.21395874023438,57.11003112792969,124.20999908447266,13.265928268432617,63.465850830078125
2019-02-11,242.09115600585938,160.78713989257812,137.66421508789062,49.358829498291016,35.56764221191406,31.774887084960938,22.36299705505371,22.679561614990234,79.01536560058594,22.073923110961914,98.32508087158203,87.3557357788086,89.0145492553711,57.13701629638672,123.5999984741211,13.188850402832031,63.63935852050781
2019-02-12,245.20433044433594,163.16456604003906,139.3861541748047,49.932403564453125,35.863887786865234,32.19568634033203,22.69301414489746,22.96646499633789,80.09727478027344,22.125486373901367,98.0749740600586,87.23866271972656,89.1372299194336,57.41320037841797,123.86000061035156,13.265928268432617,63.23950958251953
2019-02-13,246.0004425048828,163.2791290283203,139.7779083251953,49.94036865234375,35.609954833984375,32.237754821777344,22.753807067871094,23.25336456298828,80.2732162475586,22.062030792236328,97.703857421875,87.02119445800781,88.90724182128906,57.332340240478516,123.37000274658203,13.343005180358887,63.56391906738281
2019-02-14,245.454833984375,163.47970581054688,140.09683227539062,49.956298828125,35.677669525146484,32.29386520385742,22.475894927978516,23.33585548400879,80.45790100097656,22.026336669921875,98.2605209350586,87.43103790283203,89.00688171386719,57.33908462524414,124.05999755859375,13.377262115478516,63.76762771606445
2019-02-15,248.12954711914062,164.16709899902344,142.3289794921875,50.68123245239258,35.62688064575195,32.551029205322266,22.95355796813965,23.71240997314453,81.67178344726562,22.0937557220459,98.41383361816406,87.3473892211914,89.11425018310547,57.52093505859375,124.80000305175781,13.62562370300293,64.19767761230469
2019-02-19,248.5589599609375,164.49172973632812,142.7207489013672,50.8724250793457,35.90621566772461,32.560367584228516,22.9882869720459,23.784137725830078,81.47824096679688,22.224628448486328,98.66397094726562,87.4979019165039,89.1679458618164,57.541133880615234,126.69999694824219,13.659880638122559,64.18257904052734
2019-02-20,249.06004333496094,164.46307373046875,143.39492797851562,51.01581954956055,36.10935974121094,32.597774505615234,23.135929107666016,23.884544372558594,81.38153076171875,22.323776245117188,98.3815689086914,87.48120880126953,89.09124755859375,57.58828353881836,126.4800033569336,13.7027006149292,63.782711029052734
2019-02-21,248.1742401123047,163.86154174804688,142.84825134277344,50.91225814819336,36.03318405151367,32.6118049621582,23.01434898376465,23.515161514282227,80.66902160644531,22.48637580871582,97.50215911865234,87.221923828125,88.8382339477539,57.534420013427734,125.05000305175781,13.74552059173584,63.843074798583984
2019-02-22,249.71304321289062,165.07420349121094,144.08737182617188,51.07954406738281,36.43101501464844,33.02792739868164,22.97960662841797,23.58330535888672,81.40790557861328,22.625181198120117,98.08307647705078,87.48120880126953,89.23694610595703,57.64892578125,125.5,13.779778480529785,64.2203140258789
2019-02-25,250.052978515625,165.6757354736328,144.12379455566406,51.230899810791016,36.83730697631836,33.18690872192383,23.075136184692383,23.622753143310547,81.522216796875,22.478443145751953,97.79261016845703,87.3473892211914,89.20628356933594,57.69607925415039,125.37000274658203,13.574238777160645,63.714813232421875
2019-02-26,249.87391662597656,165.84756469726562,143.13070678710938,51.47785949707031,36.71034240722656,33.25703811645508,23.005661010742188,23.54744529724121,81.23198699951172,22.450685501098633,98.27666473388672,87.60668182373047,89.34426879882812,57.7701416015625,125.58000183105469,13.634187698364258,63.51866912841797
2019-02-27,249.76675415039062,165.74253845214844,143.33114624023438,51.27073287963867,36.39714813232422,33.22430419921875,23.092514038085938,23.63709831237793,80.85374450683594,22.478443145751953,97.16329193115234,87.2972183227539,89.09124755859375,57.79037094116211,124.69000244140625,13.7027006149292,63.2017822265625
2019-02-28,249.30140686035156,165.360595703125,142.8391876220703,51.199039459228516,35.92314529418945,33.130802154541016,23.03171157836914,23.400402069091797,80.61624908447266,22.60931968688965,96.83248138427734,87.0713882446289,88.96855163574219,57.756683349609375,123.98999786376953,13.668444633483887,63.367759704589844
2019-03-01,250.8580780029297,166.50634765625,144.16932678222656,51.47785949707031,35.9654655456543,33.355224609375,23.17935562133789,23.830759048461914,81.7597427368164,22.656904220581055,95.9374771118164,86.78568267822266,88.81320190429688,57.92041015625,121.87999725341797,13.514288902282715,63.17158889770508
2019-03-04,249.94561767578125,166.53497314453125,142.8665008544922,51.28666687011719,36.016258239746094,33.22896957397461,23.03171157836914,23.87379264831543,80.65145111083984,22.696565628051758,96.68938446044922,87.05378723144531,89.01317596435547,57.83245849609375,121.55999755859375,13.557110786437988,63.45830154418945
2019-03-05,249.60557556152344,166.6591339111328,142.201416015625,51.334468841552734,36.371768951416016,33.130802154541016,22.944868087768555,23.794893264770508,80.60746002197266,22.668806076049805,96.89151000976562,87.10409545898438,89.04395294189453,57.80538558959961,121.72000122070312,13.62562370300293,63.63181686401367
2019-03-06,248.09384155273438,165.71388244628906,139.41354370117188,51.20700454711914,36.16861343383789,32.95779800415039,22.79722785949707,23.4936466217041,79.42878723144531,22.668806076049805,97.24725341796875,87.3470687866211,89.1285400390625,57.71067428588867,121.61000061035156,13.548545837402344,63.33757400512695
2019-03-07,246.01837158203125,163.68014526367188,138.192626953125,50.553775787353516,35.49992370605469,32.64453125,22.562742233276367,23.353776931762695,78.80426025390625,22.744157791137695,97.8779067993164,87.64036560058594,89.42079162597656,57.67010498046875,121.51000213623047,13.514288902282715,63.2017822265625
2019-03-08,245.52635192871094,163.43191528320312,138.15618896484375,50.561737060546875,35.24598693847656,32.639862060546875,22.554058074951172,22.916257858276367,78.63714599609375,22.82347297668457,98.29023742675781,87.7660140991211,89.53619384765625,57.575374603271484,122.83999633789062,13.505725860595703,63.26968002319336
2019-03-11,249.08676147460938,166.83096313476562,140.570556640625,50.999874114990234,35.90621566772461,33.341182708740234,22.788549423217773,23.274885177612305,79.53433227539062,22.98607063293457,97.99917602539062,87.69905090332031,89.63619995117188,57.76482009887695,122.23999786376953,13.522852897644043,64.19767761230469
2019-03-12,250.02613830566406,167.74754333496094,140.6434783935547,50.968021392822266,36.092437744140625,33.537559509277344,22.840648651123047,23.425506591796875,80.11488342285156,23.14470672607422,98.6864242553711,87.9420394897461,89.8823013305664,57.866275787353516,122.9800033569336,13.608494758605957,64.49191284179688
2019-03-13,251.6810302734375,169.0079345703125,141.19924926757812,51.406158447265625,36.13475799560547,33.75730895996094,22.99697494506836,23.662199020385742,80.97692108154297,23.168498992919922,98.50045013427734,87.90849304199219,89.7362060546875,58.02189636230469,123.83999633789062,13.694137573242188,64.80879211425781
2019-03-14,251.52008056640625,168.7214813232422,140.625244140625,51.39818572998047,35.9400749206543,33.82743835449219,23.083824157714844,23.68731117248535,80.84496307373047,23.164533615112305,97.78899383544922,87.78279113769531,89.55931091308594,57.98129653930664,122.41000366210938,13.634187698364258,64.90687561035156
2019-03-15,252.76271057128906,170.28733825683594,140.998779296875,51.95582962036133,36.464874267578125,34.236942291259766,23.245304107666016,23.67790412902832,81.21665954589844,23.24843406677246,98.43579864501953,88.059326171875,89.8823013305664,58.03540802001953,122.97000122070312,13.634187698364258,64.70317077636719
2019-03-18,253.67918395996094,170.6929168701172,141.90072631835938,52.13905334472656,36.87116241455078,34.382354736328125,23.48099136352539,24.00681495666504,81.0930404663086,23.160541534423828,98.37916564941406,87.9420394897461,89.8361587524414,58.01512908935547,123.04000091552734,13.7027006149292,64.3787612915039
2019-03-19,253.7421112060547,171.26683044433594,141.18099975585938,52.24262237548828,36.888099670410156,34.45270919799805,23.297683715820312,23.941755294799805,81.73753356933594,22.896852493286133,98.1609115600586,87.88336944580078,89.8515396118164,58.04896545410156,123.37999725341797,13.736958503723145,64.18257904052734
2019-03-20,252.97833251953125,171.94590759277344,140.00436401367188,52.26652145385742,36.947349548339844,34.358882904052734,22.817588806152344,24.151395797729492,81.17250061035156,22.9567813873291,99.18768310546875,88.4950942993164,90.45918273925781,58.29927062988281,124.18000030517578,13.839728355407715,64.3787612915039
2019-03-21,255.83558654785156,174.6337890625,141.84054565429688,52.234642028808594,36.998130798339844,35.221961975097656,22.747758865356445,24.321273803710938,81.49034881591797,23.200490951538086,99.406005859375,88.45320129394531,90.6283950805664,58.285743713378906,123.68000030517578,13.77121639251709,65.52554321289062
2019-03-22,250.91177368164062,170.79808044433594,136.67921447753906,51.230899810791016,35.91468811035156,34.39173126220703,22.1192684173584,23.663454055786133,80.00711059570312,23.36829376220703,100.9502182006836,89.10674285888672,91.18221282958984,58.076026916503906,123.97000122070312,13.651315689086914,65.05022430419922
2019-03-25,250.72308349609375,170.47286987304688,137.28216552734375,51.3026008605957,35.999324798583984,34.24163055419922,22.023250579833984,23.674299240112305,79.96294403076172,23.38827133178711,101.11195373535156,89.33299255371094,91.36675262451172,58.05571365356445,124.91999816894531,13.7027006149292,65.13321685791016
2019-03-26,252.592041015625,171.26683044433594,138.72549438476562,51.557518005371094,36.10935974121094,34.42926025390625,22.28512191772461,24.014047622680664,80.51033020019531,23.55607032775879,101.03919982910156,89.25760650634766,91.40521240234375,58.197811126708984,124.30000305175781,13.728394508361816,65.65377807617188
2019-03-27,251.2711639404297,170.1668243408203,138.1865234375,51.581424713134766,35.720001220703125,34.23225784301758,22.18910026550293,23.844175338745117,79.83931732177734,23.39226722717285,101.96895599365234,89.51730346679688,91.52828216552734,58.23837661743164,123.6500015258789,13.651315689086914,65.4651870727539
2019-03-28,252.2235565185547,170.55894470214844,139.4197235107422,51.45395278930664,35.957000732421875,34.372955322265625,22.381139755249023,23.934534072875977,80.04241943359375,23.116592407226562,102.32472229003906,89.52572631835938,91.64363861083984,58.353397369384766,121.9000015258789,13.608494758605957,66.10042572021484
2019-03-29,253.8140106201172,171.8502960205078,139.84909057617188,51.66904067993164,36.329437255859375,34.7106819152832,22.442241668701172,23.89838981628418,81.00475311279297,23.240447998046875,102.22769165039062,89.38326263427734,91.57441711425781,58.502227783203125,122.01000213623047,13.617058753967285,66.03963470458984
2019-04-01,256.8240051269531,174.12681579589844,141.3746337890625,52.33024597167969,36.930416107177734,35.1844367980957,22.992168426513672,24.21283531188965,81.12834167480469,23.080636978149414,100.77564239501953,88.76866149902344,91.23346710205078,58.48796463012695,121.52999877929688,13.74552059173584,66.00164031982422
2019-04-02,256.9498291015625,174.7868194580078,141.0092315673828,52.34617614746094,36.81190872192383,35.3064079284668,22.974714279174805,24.04657745361328,80.94295501708984,23.11259651184082,100.96202087402344,88.91976165771484,91.35688781738281,58.51517868041992,121.9800033569336,13.779778480529785,66.46517181396484
2019-04-03,257.35418701171875,175.7911834716797,141.74005126953125,52.75246047973633,37.06584548950195,35.59252166748047,23.044540405273438,23.815258026123047,80.83700561523438,23.076644897460938,100.08687591552734,88.64271545410156,91.16398620605469,58.53553771972656,121.80000305175781,13.796907424926758,66.38916778564453
2019-04-04,258.0370178222656,175.7242431640625,142.43431091308594,52.640933990478516,37.29438781738281,35.44243240356445,23.1842041015625,24.014047622680664,80.66925811767578,22.996734619140625,100.37049102783203,88.73504638671875,91.31060791015625,58.62388229370117,122.11000061035156,13.805472373962402,66.28279876708984
2019-04-05,259.2858581542969,176.63290405273438,143.76803588867188,52.7763557434082,37.582183837890625,35.611289978027344,23.219131469726562,24.436931610107422,81.2254638671875,23.212482452392578,100.50011444091797,88.77702331542969,91.45719146728516,58.73261642456055,121.9800033569336,13.84829330444336,66.74629974365234
2019-04-08,259.4836120605469,177.08250427246094,143.5305633544922,52.8082160949707,37.582183837890625,35.7473258972168,23.245304107666016,24.545366287231445,81.20782470703125,23.04867172241211,100.14360046386719,88.6343002319336,91.32601928710938,58.698612213134766,122.51000213623047,13.899677276611328,66.37397766113281
2019-04-09,258.1538391113281,176.4607696533203,141.776611328125,52.473636627197266,37.50599670410156,35.57846450805664,23.053272247314453,24.245372772216797,80.99591827392578,23.1046085357666,100.45964813232422,88.79383087158203,91.51886749267578,58.65785598754883,123.1500015258789,13.873985290527344,66.02444458007812
2019-04-10,259.034423828125,177.4077911376953,143.70408630371094,52.67280960083008,37.683753967285156,35.82706069946289,23.123104095458984,24.335725784301758,81.02240753173828,23.032690048217773,100.70270538330078,89.0037612915039,91.96634674072266,58.91609191894531,123.52999877929688,13.993884086608887,66.63232421875
2019-04-11,258.9625549316406,176.98687744140625,143.5214080810547,52.561279296875,37.27745819091797,35.7801628112793,23.262765884399414,24.353796005249023,80.0247802734375,23.148555755615234,100.11121368408203,88.8022232055664,91.87373352050781,59.00443649291992,121.94999694824219,13.925369262695312,66.58676147460938
2019-04-12,260.7145690917969,177.75209045410156,144.04209899902344,52.92771530151367,37.54832077026367,36.02876281738281,23.690488815307617,24.41885757446289,79.29194641113281,23.256427764892578,99.39814758300781,88.39078521728516,91.81976318359375,59.092777252197266,121.83000183105469,13.96819019317627,66.90589904785156
2019-04-15,260.54388427734375,177.7808074951172,143.57626342773438,52.95160675048828,37.353641510009766,36.014686584472656,23.54210090637207,24.27428436279297,79.60981750488281,23.25243377685547,99.64933013916016,88.50837707519531,91.67317962646484,59.051971435546875,121.5999984741211,13.942498207092285,66.5639419555664
2019-04-16,260.7145690917969,178.3929443359375,143.91419982910156,52.99143981933594,37.632965087890625,36.19762420654297,23.87380027770996,24.433319091796875,77.97645568847656,22.964767456054688,99.025390625,88.2060775756836,91.4185791015625,59.01801300048828,120.51000213623047,13.891112327575684,65.0594253540039
2019-04-17,260.07666015625,179.01470947265625,142.5988006591797,53.14280319213867,37.743003845214844,36.39931106567383,23.93489646911621,24.400785446166992,75.73393249511719,22.876876831054688,99.06594848632812,88.2228775024414,91.40316009521484,58.875343322753906,120.27999877929688,13.839728355407715,64.46672058105469
2019-04-18,260.58880615234375,179.2443084716797,142.1785430908203,53.11092758178711,37.717613220214844,36.50251388549805,23.865070343017578,24.28512954711914,75.85750579833984,22.88886070251465,99.58447265625,88.43279266357422,91.48030853271484,58.90250778198242,120.37000274658203,13.882548332214355,64.96061706542969
2019-04-22,260.8134460449219,179.75125122070312,141.8040313720703,53.0233039855957,37.47214126586914,36.586936950683594,23.795230865478516,24.798372268676758,75.90167999267578,22.86888885498047,99.1064682006836,88.30685424804688,91.33370971679688,58.80054473876953,120.37000274658203,13.951065063476562,64.2463607788086
2019-04-23,263.15850830078125,182.03741455078125,143.94161987304688,53.126869201660156,37.55678176879883,36.98564529418945,23.94363021850586,24.75861358642578,77.10238647460938,22.932809829711914,99.3171157836914,88.46636962890625,91.71173095703125,59.00443649291992,120.12000274658203,13.96819019317627,65.09740447998047
2019-04-24,262.5745544433594,181.46343994140625,144.38926696777344,52.76042175292969,37.04891586303711,36.999717712402344,23.91744041442871,24.32488250732422,77.01410675048828,23.080636978149414,100.12743377685547,88.8022232055664,92.02034759521484,58.92289352416992,120.47000122070312,13.9168062210083,65.57612609863281
2019-04-25,262.41278076171875,182.19996643066406,143.19253540039062,52.72060012817383,36.998130798339844,36.99033737182617,23.96108627319336,24.248981475830078,77.80870056152344,23.1765193939209,99.98155975341797,88.69306182861328,91.97402954101562,58.95004653930664,120.56999969482422,13.891112327575684,65.43934631347656
2019-04-26,263.6348876953125,182.36257934570312,144.5811309814453,52.93567657470703,37.14202880859375,36.84962463378906,24.179311752319336,23.934534072875977,78.58563995361328,23.212482452392578,100.32189178466797,88.9281997680664,92.29804992675781,59.09958267211914,121.37000274658203,13.728394508361816,65.9560546875
2019-04-29,264.0481262207031,182.7164306640625,145.275390625,53.15076446533203,37.21820831298828,36.859012603759766,24.42371940612793,23.9128475189209,78.44437408447266,23.076644897460938,99.6817398071289,88.74348449707031,91.93547821044922,59.0723876953125,120.83000183105469,13.736958503723145,65.31017303466797
2019-04-30,264.18292236328125,181.30081176757812,144.59934997558594,53.18263244628906,37.184349060058594,36.91997146606445,24.458650588989258,23.894771575927734,78.8063735961914,23.456188201904297,100.19224548339844,88.91976165771484,91.97402954101562,59.07917022705078,121.19999694824219,13.779778480529785,65.93326568603516
2019-05-01,262.1971435546875,180.7173309326172,143.22906494140625,52.87990951538086,36.90501403808594,36.826168060302734,24.257875442504883,23.417673110961914,78.66509246826172,23.216472625732422,100.60552978515625,88.87940216064453,91.94463348388672,58.8853874206543,120.4000015258789,13.736958503723145,65.98644256591797
2019-05-02,261.6310119628906,179.93296813964844,143.8959503173828,52.80025100708008,36.98967361450195,36.63385009765625,24.284059524536133,23.009246826171875,79.0006103515625,23.164535522460938,100.12647247314453,88.6269760131836,91.61195373535156,58.92631530761719,119.94000244140625,13.582802772521973,66.0548324584961
2019-05-03,264.1918640136719,182.8025665283203,146.64561462402344,53.3658561706543,37.42981719970703,36.980953216552734,24.502283096313477,23.22249412536621,79.60096740722656,23.292383193969727,100.4106674194336,88.74478149414062,92.02204132080078,59.07643127441406,120.6500015258789,13.5913667678833,66.61713409423828
2019-05-06,263.1046142578125,181.68341064453125,146.81008911132812,52.76042175292969,36.6595573425293,36.69483947753906,24.336435317993164,23.24417495727539,80.00711059570312,23.164535522460938,100.68672180175781,88.97189331054688,92.14580535888672,59.103736877441406,120.80999755859375,13.634187698364258,66.40437316894531
2019-05-07,258.71087646484375,178.1443328857422,143.9051055908203,51.83633804321289,35.9400749206543,35.90678787231445,23.93489646911621,23.041770935058594,78.47086334228516,23.09262466430664,101.45808410644531,89.27481079101562,92.13806915283203,58.74887466430664,121.20999908447266,13.462904930114746,65.20377349853516
2019-05-08,258.3515930175781,177.69471740722656,143.20169067382812,51.90007019042969,35.88928985595703,35.86459732055664,23.882526397705078,23.041770935058594,78.63861846923828,22.776992797851562,101.01963806152344,89.10655975341797,91.82853698730469,58.76933288574219,120.91000366210938,13.480032920837402,65.13540649414062
2019-05-09,257.5697937011719,176.73818969726562,142.68101501464844,51.66108322143555,35.32217025756836,35.62068176269531,23.830148696899414,23.041770935058594,78.47086334228516,22.74903106689453,101.43370819091797,89.34214782714844,91.9136734008789,58.68064498901367,121.19999694824219,13.411520004272461,65.30257415771484
2019-05-10,258.8636474609375,176.95816040039062,143.07376098632812,52.04346466064453,35.53377914428711,35.733245849609375,23.98727798461914,23.15020751953125,78.49736785888672,23.15654182434082,101.29570770263672,89.28326416015625,91.96784973144531,58.84442901611328,121.43000030517578,13.437211036682129,66.00164031982422
2019-05-13,252.3583526611328,170.81724548339844,138.51535034179688,50.83259963989258,34.3487548828125,34.387046813964844,23.28895378112793,22.752622604370117,77.02295684814453,23.404251098632812,102.09146881103516,89.72917175292969,92.02204132080078,58.3053092956543,122.66999816894531,13.368698120117188,65.93326568603516
2019-05-14,254.64060974121094,172.69203186035156,140.2601776123047,51.342430114746094,34.831233978271484,34.94053649902344,23.47226333618164,23.030933380126953,77.4113998413086,23.24843406677246,101.79106140136719,89.64501953125,92.15354919433594,58.434967041015625,122.45999908447266,13.548545837402344,66.17640686035156
2019-05-15,256.13214111328125,175.13119506835938,140.71693420410156,51.52565002441406,34.898956298828125,35.320472717285156,23.38497543334961,23.15020751953125,77.64097595214844,23.20848274230957,102.41626739501953,89.93108367919922,92.40888977050781,58.489566802978516,122.38999938964844,13.668444633483887,66.62471008300781
2019-05-16,258.5042419433594,176.89120483398438,141.59393310546875,51.93989944458008,34.72965621948242,35.64413070678711,23.62065315246582,23.276708602905273,78.2501449584961,23.364295959472656,102.0751953125,89.75440216064453,92.26190948486328,58.666988372802734,121.51000213623047,13.74552059173584,66.89068603515625
2019-05-17,256.83306884765625,175.08334350585938,139.62069702148438,51.59735107421875,34.10328674316406,35.35799789428711,23.463531494140625,23.041770935058594,78.0823974609375,23.48415184020996,102.30259704589844,89.79647064208984,92.26962280273438,58.64651870727539,120.6500015258789,13.617058753967285,66.76151275634766
2019-05-20,255.1348114013672,172.12765502929688,138.65243530273438,51.39022445678711,33.95939254760742,34.74353790283203,23.489715576171875,23.052614212036133,78.04708099365234,23.516117095947266,102.09146881103516,89.64501953125,92.052978515625,58.591922760009766,120.63999938964844,13.677009582519531,65.79647064208984
2019-05-21,257.43499755859375,173.9259490966797,140.51593017578125,51.7327766418457,34.39107894897461,35.17038345336914,23.734128952026367,23.320083618164062,78.77987670898438,23.56006622314453,101.9291000366211,89.5440902709961,92.13033294677734,58.77620315551758,120.36000061035156,13.685572624206543,66.35877990722656
2019-05-22,256.6442565917969,173.15121459960938,139.33750915527344,51.52565002441406,34.2217903137207,34.98744583129883,23.594472885131836,22.95864486694336,79.23014068603516,23.735858917236328,102.51372528076172,89.81327056884766,92.24639129638672,58.823944091796875,120.23999786376953,13.488595962524414,66.55632781982422
2019-05-23,253.50848388671875,170.50157165527344,136.46908569335938,51.055641174316406,33.78164291381836,34.372955322265625,23.262765884399414,22.18877410888672,78.95645904541016,23.939617156982422,103.666748046875,90.36016845703125,92.44754791259766,58.53050994873047,121.16999816894531,13.205978393554688,66.70830535888672
2019-05-24,254.08349609375,170.41546630859375,137.74801635742188,51.605316162109375,33.81550216674805,34.382354736328125,23.446075439453125,22.27190399169922,79.07122039794922,23.903657913208008,103.75603485107422,90.33488464355469,92.64108276367188,58.448612213134766,121.30000305175781,13.385826110839844,66.9134750366211
2019-05-28,251.7203826904297,169.7746124267578,136.6518096923828,51.10344696044922,33.93400192260742,34.283836364746094,23.17547607421875,22.04058837890625,77.9411392211914,23.512121200561523,104.50308990478516,90.73037719726562,92.70291900634766,58.394039154052734,120.83000183105469,13.497160911560059,66.25240325927734
2019-05-29,250.0311737060547,168.37808227539062,135.50990295410156,50.77682113647461,34.15407180786133,34.08214569091797,23.1318359375,21.899625778198242,77.190673828125,23.200490951538086,104.81974029541016,90.69671630859375,92.74159240722656,58.2370719909668,120.87000274658203,13.445775985717773,65.37096405029297
2019-05-30,250.714111328125,169.08592224121094,135.13539123535156,50.968021392822266,34.340293884277344,34.293216705322266,23.053272247314453,21.62131690979004,77.61446380615234,23.164535522460938,105.7210693359375,91.02484130859375,93.2755126953125,58.359947204589844,121.69000244140625,13.308748245239258,65.64452362060547
2019-05-31,247.33563232421875,166.38845825195312,133.24444580078125,50.50597381591797,34.45879364013672,33.72096252441406,22.70411491394043,21.24180793762207,77.05827331542969,23.272409439086914,107.04464721679688,91.63059997558594,93.4921646118164,57.93680953979492,123.33000183105469,12.957616806030273,66.02444458007812
2019-06-03,246.70663452148438,162.72500610351562,133.71031188964844,50.800724029541016,34.7719841003418,33.12995529174805,22.852500915527344,21.51288604736328,77.24365234375,23.504131317138672,107.76065826416016,92.07144165039062,93.78009033203125,58.030052185058594,125.11000061035156,12.914795875549316,66.18401336669922
2019-06-04,252.06170654296875,167.30677795410156,137.17254638671875,51.382259368896484,34.8481559753418,34.236942291259766,23.47226333618164,21.885169982910156,78.52384185791016,23.524110794067383,106.531982421875,91.73426055908203,93.81109619140625,58.61278533935547,125.1500015258789,12.991873741149902,65.8876724243164
2019-06-05,254.24530029296875,168.5502471923828,137.19992065429688,51.366329193115234,34.56884002685547,34.682552337646484,23.62065315246582,21.643003463745117,79.1153793334961,24.02751350402832,105.92988586425781,91.73426055908203,93.74903869628906,58.74986267089844,125.47000122070312,12.726383209228516,67.26301574707031
2019-06-06,255.89854431152344,169.88943481445312,136.8436737060547,51.57345199584961,34.58576202392578,35.085941314697266,23.707944869995117,22.044204711914062,79.52146911621094,24.17534065246582,106.27162170410156,91.71744537353516,93.92757415771484,58.87322235107422,125.87999725341797,12.949051856994629,67.39218139648438
2019-06-07,258.45928955078125,173.17030334472656,137.81199645996094,52.226680755615234,34.856624603271484,35.73794174194336,23.673032760620117,22.145408630371094,80.3514175415039,23.995553970336914,107.1910629272461,92.07990264892578,94.3466796875,59.02410125732422,126.58999633789062,12.991873741149902,67.64295196533203
2019-06-10,259.6453552246094,175.18856811523438,138.62498474121094,52.370079040527344,35.2205924987793,36.10380935668945,23.87380027770996,22.21046257019043,80.58976745605469,23.831748962402344,106.18215942382812,91.62471771240234,94.0051498413086,59.11320495605469,125.33000183105469,12.957616806030273,67.42259979248047
2019-06-11,259.58251953125,175.42770385742188,138.21392822265625,52.632957458496094,35.61842727661133,36.10380935668945,23.882526397705078,22.253835678100586,80.45735168457031,23.687917709350586,106.24720764160156,91.62471771240234,94.09056091308594,59.19545364379883,125.18000030517578,13.043258666992188,67.60494995117188
2019-06-12,259.1242370605469,174.41380310058594,138.3691864013672,52.24262237548828,35.237525939941406,35.9021110534668,23.64684295654297,21.93938446044922,80.84583282470703,23.995553970336914,106.32862091064453,91.86072540283203,94.23026275634766,59.058353424072266,125.83000183105469,12.863410949707031,67.83292388916016
2019-06-13,260.1934509277344,175.4468536376953,139.830810546875,52.2904167175293,35.17827606201172,36.00999069213867,23.725404739379883,22.196002960205078,80.74871826171875,24.043489456176758,106.6947021484375,92.0883560180664,94.4708480834961,59.19545364379883,126.5999984741211,13.026129722595215,68.12165069580078
2019-06-14,259.9059143066406,174.70079040527344,138.60670471191406,51.90803146362305,34.78891372680664,35.695716857910156,23.77777671813965,22.051429748535156,80.56332397460938,24.29520034790039,106.9632568359375,92.15576934814453,94.5096664428711,59.154319763183594,126.55999755859375,13.077515602111816,68.15965270996094
2019-06-17,260.00482177734375,175.75296020507812,139.56285095214844,51.94546890258789,34.92622756958008,35.723873138427734,23.559551239013672,22.23576545715332,80.92528533935547,24.227279663085938,107.15037536621094,92.13892364501953,94.55622863769531,59.065189361572266,126.4800033569336,13.017566680908203,68.88912963867188
2019-06-18,262.7272644042969,178.30690002441406,141.18551635742188,52.63720703125,35.770591735839844,36.37118148803711,23.87380027770996,22.542984008789062,81.61396789550781,24.127397537231445,107.68743133544922,92.31592559814453,95.18486785888672,59.476531982421875,127.12000274658203,13.171721458435059,68.82073211669922
2019-06-19,263.3202819824219,178.97647094726562,141.68971252441406,52.96273422241211,36.06911087036133,36.50251388549805,23.830148696899414,22.51768684387207,82.34674072265625,24.311180114746094,107.84198760986328,92.56885528564453,95.79029083251953,59.75758743286133,127.88999938964844,13.14603042602539,69.19306182861328
2019-06-20,265.83612060546875,180.64080810546875,142.35888671875,53.426605224609375,36.597900390625,37.0372428894043,23.93489646911621,23.016475677490234,82.7087173461914,24.466989517211914,108.12677764892578,92.72057342529297,96.3102798461914,60.059200286865234,131.11000061035156,13.411520004272461,69.54259490966797
2019-06-21,265.44970703125,180.37298583984375,141.1304931640625,53.19873809814453,36.4785041809082,36.86213302612305,23.881383895874023,23.182796478271484,83.10594177246094,24.561630249023438,106.9388198852539,92.34126281738281,95.96104431152344,59.867305755615234,131.97999572753906,13.445775985717773,68.5623779296875
2019-06-24,265.1247253417969,180.37876892089844,139.41615295410156,53.31267547607422,36.42732620239258,36.9327392578125,23.78487777709961,22.97489356994629,82.67149353027344,24.569686889648438,107.73619079589844,92.66157531738281,96.20159149169922,59.86039733886719,133.94000244140625,13.505725860595703,68.32683563232422
2019-06-25,262.5244140625,177.2823028564453,138.56362915039062,52.99528503417969,36.05205154418945,36.25490188598633,23.705913543701172,22.792524337768555,82.33454895019531,24.420679092407227,108.06987762451172,92.80484771728516,95.91447448730469,59.606746673583984,134.1999969482422,13.548545837402344,67.31620788574219
2019-06-26,262.2625427246094,178.1067657470703,138.2427978515625,53.06039047241211,36.393211364746094,36.645599365234375,23.66204833984375,23.14267349243164,81.29717254638672,23.88909339904785,107.3781967163086,92.425537109375,95.7204360961914,59.5793342590332,132.97000122070312,13.617058753967285,65.97126007080078
2019-06-27,263.1925048828125,178.7873992919922,140.83714294433594,53.19060134887695,36.64908218383789,36.739749908447266,23.87261390686035,22.97124671936035,81.86463165283203,23.921314239501953,108.1349105834961,92.70372009277344,96.27921295166016,59.74388885498047,132.83999633789062,13.617058753967285,66.82051086425781
2019-06-28,264.5467834472656,179.01747131347656,142.55142211914062,53.49171447753906,36.597900390625,36.73503875732422,24.214778900146484,23.237506866455078,82.13947296142578,24.01393699645996,108.06170654296875,92.74584197998047,96.527587890625,59.76444625854492,133.1999969482422,13.471467018127441,67.05065155029297
2019-07-01,266.948486328125,181.4333038330078,143.10150146484375,53.74399185180664,37.03287887573242,37.318748474121094,24.504291534423828,23.259389877319336,82.54736328125,23.953529357910156,107.8089599609375,92.62934875488281,96.71051025390625,59.782371520996094,130.6199951171875,13.462904930114746,67.01998901367188
2019-07-02,267.643798828125,182.15225219726562,142.23056030273438,53.89861297607422,36.939064025878906,37.41758346557617,24.442888259887695,22.88735580444336,82.99067687988281,24.279726028442383,108.64051055908203,92.95865631103516,96.97515869140625,59.913185119628906,133.41000366210938,13.240234375,68.1860580444336
2019-07-03,269.7835693359375,183.5231170654297,143.24810791015625,54.26482391357422,36.87083435058594,37.7047233581543,24.63590431213379,22.97854232788086,83.70001220703125,24.448867797851562,109.41497802734375,93.13597869873047,97.23980712890625,60.14038848876953,133.6300048828125,13.368698120117188,68.999267578125
2019-07-05,269.4766845703125,183.14920043945312,143.63319396972656,53.849788665771484,36.614967346191406,37.634117126464844,24.706090927124023,23.011369705200195,83.1236801147461,24.436784744262695,107.96382904052734,92.54488372802734,96.38360595703125,59.89938735961914,132.13999938964844,13.394391059875488,68.75379180908203
2019-07-08,267.995849609375,181.86465454101562,142.2672119140625,53.54052734375,36.393211364746094,37.34697723388672,24.583269119262695,23.0441951751709,82.5030288696289,24.47303009033203,108.11056518554688,92.45199584960938,96.25128936767578,59.782371520996094,131.2899932861328,13.377262115478516,68.999267578125
2019-07-09,268.3299865722656,182.775390625,142.45973205566406,53.31267547607422,36.28233337402344,37.478782653808594,24.627126693725586,23.06243324279785,82.58282470703125,24.505250930786133,108.06982421875,92.39289093017578,96.04890441894531,59.7135009765625,131.75,13.420083999633789,69.22942352294922
2019-07-10,269.612060546875,184.59677124023438,142.70726013183594,53.499847412109375,36.589378356933594,37.77534103393555,24.53939437866211,23.357872009277344,82.86654663085938,24.561630249023438,107.47472381591797,92.44354248046875,96.266845703125,59.87873840332031,133.8300018310547,13.711265563964844,69.62835693359375
2019-07-11,270.24407958984375,184.46258544921875,142.01058959960938,53.48357009887695,36.521141052246094,37.916561126708984,24.679765701293945,23.405282974243164,82.88427734375,24.569686889648438,106.03987121582031,91.98756408691406,95.6986312866211,59.761688232421875,132.6999969482422,13.719830513000488,68.72309875488281
2019-07-12,271.4539794921875,185.52667236328125,143.11058044433594,53.54867935180664,36.546730041503906,38.19427490234375,24.846464157104492,23.50377082824707,81.96218872070312,24.408597946166992,106.16217041015625,92.0888442993164,95.79207611083984,59.85808563232422,133.52999877929688,13.754085540771484,68.63102722167969
2019-07-15,271.54425048828125,186.12098693847656,142.35888671875,53.597503662109375,36.683204650878906,38.321372985839844,24.706090927124023,23.292221069335938,82.13947296142578,24.505250930786133,106.77357482910156,92.28311157226562,95.95551300048828,59.89938735961914,133.52999877929688,13.608494758605957,68.57733154296875
2019-07-16,270.66845703125,185.1623992919922,142.3130645751953,53.377769470214844,36.632022857666016,37.963619232177734,24.644672393798828,23.0441951751709,81.73162841796875,24.364299774169922,106.45561218261719,92.0804443359375,95.75312042236328,59.77545928955078,132.39999389648438,13.462904930114746,68.41619873046875
2019-07-17,268.8265686035156,184.25161743164062,141.2954864501953,53.304527282714844,36.521141052246094,37.864776611328125,24.434110641479492,22.781587600708008,81.7493667602539,24.45692253112793,107.6051254272461,92.5111083984375,96.2590560913086,59.69972229003906,134.5800018310547,13.343005180358887,68.1860580444336
2019-07-18,269.8106384277344,184.46258544921875,141.8272247314453,53.46729278564453,36.74290466308594,38.14720153808594,24.618356704711914,22.785234451293945,82.2104263305664,24.67036247253418,107.61328125,92.73910522460938,96.48479461669922,59.72724914550781,136.47999572753906,13.248799324035645,68.1860580444336
2019-07-19,268.3119812011719,183.11087036132812,141.0112762451172,53.31267547607422,36.55525588989258,37.98245620727539,24.513072967529297,22.891006469726562,81.3592300415039,24.311946868896484,107.36055755615234,92.5702133178711,96.33688354492188,59.623992919921875,134.47000122070312,13.325878143310547,67.07367706298828
2019-07-22,268.97100830078125,184.5680389404297,140.88294982910156,53.36964416503906,36.56379318237305,38.42022705078125,24.565710067749023,22.996782302856445,81.1907730102539,24.259593963623047,107.56439208984375,92.61245727539062,96.6327133178711,59.823646545410156,134.4499969482422,13.28305721282959,67.0123062133789
2019-07-23,270.8941650390625,185.7759246826172,141.81802368164062,53.703304290771484,36.6064338684082,38.63205337524414,24.820148468017578,23.05878448486328,81.69615936279297,24.1065616607666,106.9773941040039,92.46044158935547,96.68714904785156,59.92694854736328,133.69000244140625,13.368698120117188,67.77179718017578
2019-07-24,272.1672058105469,187.07968139648438,144.16485595703125,53.74399185180664,36.6661376953125,38.952144622802734,25.074575424194336,23.157268524169922,81.74049377441406,24.126699447631836,107.44208526611328,92.59553527832031,96.95955657958984,59.97513961791992,134.3699951171875,13.308748245239258,67.82550048828125
2019-07-25,270.86700439453125,185.30621337890625,142.42306518554688,53.19873809814453,36.342037200927734,38.79209899902344,24.89910316467285,22.894655227661133,81.34149932861328,24.06629180908203,106.92845916748047,92.43513488769531,96.64824676513672,59.89252853393555,133.4199981689453,13.257362365722656,67.42656707763672
2019-07-26,272.681884765625,187.2138671875,144.10984802246094,53.304527282714844,36.418792724609375,38.8768196105957,25.171079635620117,22.777931213378906,81.63410949707031,24.154890060424805,107.18116760253906,92.418212890625,96.78057098388672,60.023319244384766,133.63999938964844,13.274492263793945,67.73344421386719
2019-07-29,272.18524169921875,186.57154846191406,143.14727783203125,53.4184684753418,36.35057830810547,38.853294372558594,24.978063583374023,22.686752319335938,81.97101593017578,24.279726028442383,107.21380615234375,92.50267791748047,96.7182846069336,59.93383026123047,134.52999877929688,13.325878143310547,67.91757202148438
2019-07-30,271.5171203613281,185.766357421875,144.69656372070312,52.79996871948242,36.06911087036133,38.60380172729492,24.907878875732422,22.94207000732422,81.6163558959961,24.094480514526367,107.47472381591797,92.54488372802734,96.68714904785156,59.961387634277344,134.97999572753906,13.402955055236816,68.46224212646484
2019-07-31,268.5466613769531,183.19715881347656,143.52313232421875,52.45003128051758,35.625606536865234,38.02011489868164,24.785051345825195,22.869121551513672,80.80951690673828,23.981719970703125,108.33887481689453,92.78135681152344,96.77278900146484,59.85808563232422,133.2100067138672,13.317313194274902,68.1937484741211
2019-08-01,266.2081604003906,182.28643798828125,141.4420928955078,52.30353927612305,34.92622756958008,37.82712173461914,24.22354507446289,22.351192474365234,80.9159164428711,24.227371215820312,110.49053955078125,93.83372497558594,97.55960845947266,59.828338623046875,136.41000366210938,12.949051856994629,68.1937484741211
2019-08-02,264.2037658691406,179.60227966308594,139.8745880126953,51.83967208862305,34.58506774902344,37.21047592163086,24.214778900146484,22.030223846435547,80.72972106933594,24.22334861755371,111.51162719726562,94.02830505371094,97.66106414794922,59.73847579956055,135.88999938964844,12.966181755065918,68.52359008789062
2019-08-05,256.2582702636719,173.25601196289062,135.6759490966797,50.54571533203125,33.30571746826172,35.65708923339844,23.407609939575195,21.373685836791992,78.83228302001953,23.87701416015625,113.43944549560547,94.84041595458984,97.73127746582031,59.116092681884766,137.7899932861328,12.854846954345703,67.17340850830078
2019-08-06,259.851806640625,175.68138122558594,136.9226837158203,50.887516021728516,33.78334045410156,36.250205993652344,23.78487777709961,21.348159790039062,79.8519058227539,24.17502212524414,114.34618377685547,94.9926986694336,98.34008026123047,59.49642562866211,138.91000366210938,12.786334037780762,67.91757202148438
2019-08-07,260.0052795410156,176.63046264648438,136.88600158691406,51.08283233642578,33.93687057495117,36.476139068603516,23.46902847290039,21.18767547607422,79.87853240966797,24.235429763793945,114.38703155517578,94.9926986694336,98.32450103759766,59.48949432373047,141.02000427246094,12.623612403869629,68.57733154296875
2019-08-08,265.1066589355469,180.47459411621094,139.83792114257812,51.579254150390625,34.35478591918945,37.37051773071289,23.916473388671875,21.79678726196289,80.9425048828125,24.485118865966797,114.63206481933594,95.00117492675781,98.58988189697266,59.72462463378906,141.72999572753906,12.692127227783203,69.78179931640625
2019-08-09,263.3009338378906,178.77781677246094,138.07774353027344,51.22118377685547,34.005088806152344,36.94686508178711,23.837520599365234,21.556062698364258,81.0400390625,24.513303756713867,114.4033432006836,94.8573226928711,98.30105590820312,59.64165115356445,141.25999450683594,12.803461074829102,69.69739532470703
2019-08-12,260.09564208984375,176.72630310058594,136.29014587402344,50.81427764892578,33.595703125,36.462032318115234,23.38129425048828,21.30074119567871,80.25093078613281,24.464981079101562,116.78861999511719,95.45796966552734,98.9177017211914,59.4341926574707,142.6300048828125,12.70925521850586,69.51329040527344
2019-08-13,264.1404724121094,180.5992431640625,137.7568817138672,51.29441833496094,34.02215576171875,37.37522888183594,23.670822143554688,21.497703552246094,81.29717254638672,24.481082916259766,116.3883285522461,95.11958312988281,98.83963012695312,59.69695281982422,141.77999877929688,13.009001731872559,69.61300659179688
2019-08-14,256.3304443359375,175.2021026611328,133.90667724609375,49.88652801513672,33.04132080078125,36.22666549682617,22.793474197387695,20.6551570892334,79.03620147705078,24.279726028442383,119.01053619384766,95.75407409667969,99.1284408569336,59.16450881958008,142.75,12.81202507019043,68.5542984008789
2019-08-15,257.0077209472656,175.00071716308594,133.37496948242188,50.05742645263672,33.26306915283203,36.160762786865234,22.907529830932617,20.527498245239258,79.3110580444336,24.59385108947754,120.3338623046875,96.36315155029297,99.61236572265625,59.33738327026367,143.6999969482422,12.70925521850586,69.23709869384766
2019-08-16,260.7998962402344,177.80960083007812,136.25343322753906,50.65964889526367,33.72364044189453,36.84801483154297,23.311105728149414,20.79739761352539,80.28642272949219,24.71868896484375,119.3700180053711,96.10934448242188,99.79190826416016,59.53791809082031,142.77999877929688,12.700691223144531,69.9505615234375
2019-08-19,263.94189453125,180.63754272460938,137.6285858154297,50.968902587890625,33.860103607177734,37.408172607421875,23.547990798950195,21.256973266601562,81.05774688720703,24.875743865966797,117.66262817382812,95.65251159667969,99.464111328125,59.71080017089844,141.11000061035156,12.760641098022461,70.45687866210938
2019-08-20,261.91943359375,179.2379913330078,136.7301483154297,50.7979850769043,33.92832946777344,37.21987533569336,23.232147216796875,21.078248977661133,80.3662109375,24.83547592163086,118.87982177734375,96.07550811767578,100.04170227050781,59.75920486450195,142.2100067138672,12.79489803314209,69.95823669433594
2019-08-21,264.0502624511719,180.8292999267578,137.8577880859375,51.156070709228516,34.25243377685547,37.65766525268555,23.337434768676758,21.21320343017578,80.9602279663086,25.000585556030273,118.08740234375,95.82170104980469,100.2212142944336,60.015052795410156,141.75999450683594,12.83771800994873,70.24976348876953
2019-08-22,263.9689636230469,180.24453735351562,137.53688049316406,51.058414459228516,33.808929443359375,37.56821823120117,23.495349884033203,21.118375778198242,80.5612564086914,25.02475357055664,117.30326080322266,95.6102066040039,99.85436248779297,60.125701904296875,141.39999389648438,12.777770042419434,70.57195281982422
2019-08-23,257.1882019042969,174.54058837890625,133.31993103027344,50.42363739013672,33.30571746826172,36.32551956176758,22.89875602722168,20.410783767700195,78.69929504394531,24.75895881652832,119.23107147216797,96.25314331054688,100.2212142944336,59.849082946777344,144.1699981689453,12.683564186096191,69.58232116699219
2019-08-26,260.0323181152344,177.17686462402344,134.7867431640625,50.838687896728516,33.484825134277344,36.82918930053711,23.118087768554688,20.49831771850586,79.52386474609375,25.044883728027344,118.7491455078125,96.16011810302734,100.22898864746094,60.14644241333008,144.19000244140625,12.67499828338623,70.11933898925781
2019-08-27,259.0121154785156,176.80300903320312,132.7882080078125,50.7979850769043,33.54453659057617,36.772705078125,22.97771644592285,20.37065887451172,79.05393981933594,25.08918571472168,120.57894897460938,96.5746078491211,100.76756286621094,60.11880111694336,145.57000732421875,12.760641098022461,69.91986846923828
2019-08-28,260.8360290527344,177.4357147216797,134.3375701904297,50.7979850769043,33.63834762573242,36.805660247802734,23.188282012939453,20.662450790405273,79.63025665283203,25.020727157592773,120.73406219482422,96.60845184326172,100.76756286621094,60.263946533203125,145.16000366210938,12.87197494506836,70.15003204345703
2019-08-29,264.1676330566406,180.14869689941406,136.6935272216797,51.23745346069336,34.01362991333008,37.445838928222656,23.539215087890625,20.965185165405273,80.23318481445312,25.193889617919922,120.27669525146484,96.42232513427734,100.54902648925781,60.32621383666992,144.1199951171875,12.906231880187988,70.69470977783203
2019-08-30,264.0502624511719,179.7173309326172,136.44598388671875,51.44091033935547,34.278018951416016,37.43642044067383,23.618179321289062,20.965185165405273,80.33068084716797,25.201948165893555,120.30937194824219,96.44775390625,100.53340911865234,60.2708854675293,143.75,12.700691223144531,70.7484130859375
2019-09-03,262.5063171386719,177.9725341796875,134.4475555419922,51.34324645996094,34.064796447753906,36.97982406616211,23.37251853942871,20.86305809020996,79.86076354980469,25.64896011352539,120.4648666381836,96.65956115722656,100.43867492675781,60.097991943359375,145.75,12.632176399230957,71.45421600341797
2019-09-04,265.48577880859375,180.54173278808594,135.529296875,52.067543029785156,34.6362419128418,37.61058807373047,23.60063362121582,21.154850006103516,79.91399383544922,25.67312240600586,120.64485168457031,96.81212615966797,100.62659454345703,60.222984313964844,146.66000366210938,12.931924819946289,72.05259704589844
2019-09-05,268.8986511230469,183.8490447998047,138.05029296875,52.34423065185547,35.02857208251953,38.39668655395508,24.083168029785156,21.41745948791504,80.70311737060547,25.395246505737305,118.45993041992188,96.03252410888672,99.89083099365234,60.45908737182617,143.13999938964844,12.914795875549316,71.53092956542969
2019-09-06,269.1064147949219,183.6668701171875,137.41775512695312,52.51513671875,35.18209457397461,38.363739013671875,24.074398040771484,21.530527114868164,80.92475128173828,25.294572830200195,119.30281066894531,96.09184265136719,100.25089263916016,60.514678955078125,141.9199981689453,12.949051856994629,71.6920166015625
2019-09-09,269.241943359375,183.283447265625,139.26036071777344,52.66975784301758,35.29296875,38.07660675048828,24.442888259887695,21.960920333862305,80.17996978759766,25.169729232788086,117.18338012695312,95.49869537353516,99.51520538330078,60.57716751098633,141.38999938964844,13.068951606750488,71.34680938720703
2019-09-10,269.17864990234375,182.7561492919922,141.03883361816406,52.759273529052734,35.318565368652344,37.88360595703125,24.530616760253906,22.21988296508789,80.41050720214844,25.201948165893555,115.12944793701172,94.8038101196289,98.6777114868164,60.611907958984375,140.17999267578125,13.086079597473145,70.61031341552734
2019-09-11,271.0928039550781,184.47215270996094,143.92648315429688,53.05225372314453,35.565895080566406,38.279014587402344,24.670991897583008,22.241769790649414,81.20851135253906,25.451635360717773,114.9248275756836,94.71061706542969,98.59947204589844,60.60493469238281,141.02999877929688,12.991873741149902,70.68705749511719
2019-09-12,272.0317687988281,185.23904418945312,143.96315002441406,53.36149215698242,35.82176971435547,38.48612976074219,24.802597045898438,22.103166580200195,81.18190002441406,25.50801658630371,114.17200469970703,94.4987564086914,98.46641540527344,60.639644622802734,141.32000732421875,12.940488815307617,71.06294250488281
2019-09-13,271.85125732421875,184.57762145996094,144.21067810058594,53.6626091003418,36.02646255493164,38.20369338989258,24.995615005493164,22.27824592590332,81.13756561279297,25.346925735473633,111.73336791992188,93.63447570800781,97.58195495605469,60.5285530090332,140.14999389648438,12.940488815307617,70.30345916748047
2019-09-16,271.0115966796875,183.75318908691406,144.75155639648438,53.182456970214844,35.7450065612793,38.10955047607422,24.907878875732422,23.025959014892578,80.9602279663086,25.367061614990234,113.15727233886719,94.04122161865234,98.07510375976562,60.74384689331055,141.32000732421875,13.514288902282715,70.9172134399414
2019-09-17,271.6977233886719,184.63514709472656,144.37570190429688,53.36149215698242,35.7450065612793,38.264888763427734,24.934202194213867,22.704986572265625,81.08438873291016,25.588558197021484,113.7709732055664,94.28691101074219,98.32551574707031,60.778560638427734,141.60000610351562,13.257362365722656,71.68437957763672
2019-09-18,271.8602600097656,184.5584259033203,143.4864501953125,53.296390533447266,35.60002136230469,38.26017379760742,25.021934509277344,22.595565795898438,81.07551574707031,25.697294235229492,114.2538070678711,94.3208236694336,98.5681381225586,60.74384689331055,140.7100067138672,13.171721458435059,71.43887329101562
2019-09-19,271.84222412109375,184.86521911621094,142.78973388671875,53.475433349609375,35.455020904541016,38.344913482666016,24.907878875732422,22.537208557128906,81.45674896240234,25.818103790283203,114.59745788574219,94.36319732666016,98.84990692138672,60.674415588378906,141.27999877929688,13.240234375,71.6920166015625
2019-09-20,270.5577392578125,182.90957641601562,142.48721313476562,53.353355407714844,35.48914337158203,37.89775085449219,24.76149559020996,22.555614471435547,81.91082763671875,25.920372009277344,116.11135864257812,94.90553283691406,99.53082275390625,60.75077819824219,142.9499969482422,13.257362365722656,71.6920166015625
2019-09-23,270.4942626953125,182.99021911621094,142.377197265625,53.215003967285156,35.52326965332031,38.015785217285156,24.80558967590332,22.562971115112305,81.47456359863281,25.924434661865234,116.08683013916016,95.04109954833984,99.46036529541016,60.72301483154297,143.75,13.291620254516602,71.80709838867188
2019-09-24,268.3717956542969,180.5599822998047,140.2282257080078,53.011558532714844,35.147979736328125,37.647491455078125,24.567495346069336,22.20594024658203,80.7266845703125,26.228801727294922,117.48616027832031,95.51565551757812,99.7734375,60.639644622802734,144.50999450683594,13.137465476989746,71.64781188964844
2019-09-25,269.9590759277344,182.58680725097656,141.76455688476562,52.856937408447266,35.12239456176758,38.0960693359375,24.770313262939453,22.24274444580078,80.3349609375,26.212566375732422,115.76763153076172,94.88855743408203,99.20991516113281,60.57716751098633,141.8300018310547,13.06038761138916,71.78700256347656
2019-09-26,269.396728515625,181.9144287109375,140.1822509765625,53.05225372314453,35.11386489868164,38.13856506347656,24.65567970275879,21.951969146728516,79.8897705078125,26.35055160522461,116.51233673095703,95.09194946289062,99.4212646484375,60.53550338745117,141.7899932861328,13.06038761138916,72.39020538330078
2019-09-27,267.9454650878906,179.6570587158203,139.05987548828125,52.87321090698242,34.66182327270508,37.62860870361328,24.75267219543457,21.948286056518555,79.53364562988281,26.257211685180664,116.7987289428711,95.22747802734375,99.4447250366211,60.4660530090332,141.05999755859375,13.009001731872559,71.98807525634766
2019-09-30,269.1881103515625,181.3668975830078,139.2254638671875,53.06852340698242,34.85799789428711,38.025230407714844,24.690954208374023,21.790016174316406,80.24591064453125,26.273448944091797,117.08517456054688,95.30378723144531,99.7734375,60.53550338745117,138.8699951171875,12.880538940429688,72.11178588867188
2019-10-01,265.9862060546875,179.88758850097656,136.49319458007812,52.54768371582031,34.610652923583984,37.67110061645508,24.170677185058594,21.285755157470703,79.46241760253906,26.212566375732422,117.43766021728516,95.5677261352539,99.88800811767578,60.39606857299805,139.6300048828125,12.87197494506836,71.4312973022461
2019-10-02,261.28759765625,176.79452514648438,135.462890625,51.473453521728516,34.34625244140625,36.96281051635742,23.676856994628906,20.763090133666992,78.30497741699219,25.863555908203125,117.7245101928711,95.89871215820312,99.84882354736328,60.0404052734375,141.25999450683594,12.760641098022461,71.12966918945312
2019-10-03,263.4283142089844,178.7349090576172,135.91363525390625,51.81525802612305,34.789764404296875,37.416114807128906,23.77385902404785,20.987611770629883,79.00833892822266,25.924434661865234,118.79841613769531,96.3993911743164,100.24117279052734,60.07530975341797,141.89999389648438,12.743512153625488,71.81793975830078
2019-10-04,266.9930725097656,181.3668975830078,137.20156860351562,52.222164154052734,34.94328308105469,38.0346794128418,24.214767456054688,21.1201229095459,80.24591064453125,26.285612106323242,119.67556762695312,96.58611297607422,100.65707397460938,60.263572692871094,141.89999389648438,12.846282005310059,72.25099182128906
2019-10-07,265.8411560058594,180.81936645507812,136.96243286132812,52.15705871582031,34.65330123901367,37.87413787841797,24.091312408447266,20.932401657104492,79.97881317138672,26.184162139892578,118.68368530273438,96.26356506347656,100.14700317382812,60.21477127075195,140.69000244140625,12.829154014587402,72.09632873535156
2019-10-08,261.7138671875,178.11050415039062,134.73611450195312,51.66878128051758,34.40595245361328,37.180030822753906,23.615131378173828,20.575374603271484,78.45632934570312,25.940658569335938,119.00341033935547,96.46729278564453,100.06066131591797,59.991634368896484,141.9199981689453,12.820590019226074,71.7173843383789
2019-10-09,264.1993103027344,179.84913635253906,135.35252380371094,52.04312515258789,34.67035675048828,37.73248291015625,23.83558464050293,20.763090133666992,79.02616119384766,26.06647491455078,118.33119201660156,96.22119140625,100.09989929199219,60.17294692993164,142.0500030517578,12.854846954345703,71.85659790039062
2019-10-10,265.9862060546875,181.24195861816406,135.895263671875,52.40933609008789,35.02857208251953,37.992183685302734,24.082490921020508,21.02442169189453,79.41790771484375,26.038066864013672,116.56871795654297,95.6186294555664,99.5113525390625,60.24965286254883,140.80999755859375,12.940488815307617,71.97261047363281
2019-10-11,268.74365234375,183.57623291015625,138.19512939453125,53.34523391723633,35.591487884521484,38.51631546020508,24.38231086730957,21.307838439941406,80.07674407958984,25.940658569335938,115.12596130371094,94.96517944335938,99.33084869384766,60.50063705444336,140.02999877929688,13.094643592834473,71.94166564941406
2019-10-14,268.4443359375,183.55699157714844,137.68914794921875,53.125492095947266,35.43796157836914,38.492706298828125,24.41758155822754,21.29679298400879,80.0411376953125,25.774274826049805,115.96211242675781,95.22824096679688,99.66043853759766,60.542449951171875,140.58999633789062,13.034695625305176,71.97261047363281
2019-10-15,271.10205078125,185.89122009277344,139.271484375,53.74399185180664,35.753543853759766,38.91768264770508,24.770313262939453,21.385133743286133,81.50128936767578,25.69310760498047,114.56036376953125,94.76997375488281,99.39363098144531,60.67496871948242,139.61000061035156,13.00043773651123,72.06538391113281
2019-10-16,270.66668701171875,185.4301300048828,139.41868591308594,53.825374603271484,35.85588455200195,38.648521423339844,24.708589553833008,21.086992263793945,81.39442443847656,25.749923706054688,114.69963836669922,94.95668029785156,99.5035171508789,60.62614822387695,140.41000366210938,13.017566680908203,72.07310485839844
2019-10-17,271.4649353027344,185.92002868652344,141.0653839111328,53.95558547973633,35.99235153198242,38.572975158691406,24.726228713989258,21.101715087890625,81.9998550415039,25.814857482910156,114.4209976196289,94.92272186279297,99.6447982788086,60.709808349609375,140.61000061035156,13.068951606750488,72.5448226928711
2019-10-18,270.27655029296875,184.13333129882812,140.39378356933594,53.9311637878418,35.804718017578125,38.204673767089844,24.787948608398438,20.99129295349121,81.69715881347656,25.900083541870117,114.4209976196289,95.00762176513672,99.77030181884766,60.7237548828125,140.4600067138672,13.06038761138916,73.10164642333984
2019-10-21,272.10882568359375,185.76634216308594,141.70938110351562,54.22414016723633,36.128814697265625,38.615482330322266,25.131864547729492,21.366727828979492,81.60811614990234,26.001535415649414,113.56024932861328,94.65963745117188,99.54271697998047,60.744659423828125,139.7899932861328,13.043258666992188,73.658447265625
2019-10-22,271.2200012207031,184.2870635986328,141.86575317382812,54.09392166137695,36.15440368652344,38.0960693359375,25.061315536499023,21.64278793334961,81.78619384765625,26.111116409301758,114.2242431640625,94.88027954101562,99.71537017822266,60.758628845214844,140.1999969482422,13.06038761138916,73.44190979003906
2019-10-23,272.0090637207031,184.6424560546875,142.04054260253906,54.386905670166016,36.162925720214844,38.129119873046875,25.167137145996094,21.823148727416992,82.293701171875,26.216630935668945,114.33902740478516,94.91423034667969,99.77030181884766,60.814395904541016,140.52999877929688,13.22310733795166,73.60432434082031
2019-10-24,272.4534912109375,186.43873596191406,141.83815002441406,54.48455047607422,36.162925720214844,38.68629837036133,25.131864547729492,21.731124877929688,81.87521362304688,26.305912017822266,114.10951232910156,94.89730072021484,99.99002838134766,60.88411331176758,141.52999877929688,13.291620254516602,73.41870880126953
2019-10-25,273.56915283203125,187.9276580810547,142.59251403808594,54.541526794433594,36.418792724609375,39.15376281738281,25.255311965942383,21.907800674438477,81.96427917480469,26.038066864013672,113.55201721191406,94.69361114501953,99.8174057006836,60.93294143676758,141.86000061035156,13.368698120117188,72.79232025146484
2019-10-28,275.1111755371094,189.78152465820312,143.8252410888672,54.7856559753418,36.632022857666016,39.649574279785156,25.387592315673828,21.78265380859375,82.81007385253906,25.680932998657227,112.51911926269531,94.33712768554688,99.5191879272461,60.92595291137695,140.63999938964844,13.317313194274902,72.35152435302734
2019-10-29,275.0296630859375,188.31185913085938,144.29437255859375,54.76939010620117,36.44437789916992,39.29069519042969,25.44931411743164,21.870994567871094,83.98532104492188,25.705280303955078,112.59292602539062,94.4220199584961,99.26021575927734,60.814395904541016,140.25,13.291620254516602,72.79232025146484
2019-10-30,275.8731384277344,189.22439575195312,143.8160400390625,54.997257232666016,36.6064338684082,39.53152084350586,25.431678771972656,21.42562484741211,84.45718383789062,25.93254852294922,114.24067687988281,94.88027954101562,99.61334991455078,60.737701416015625,141.02000427246094,13.205978393554688,73.05523681640625
2019-10-31,275.1384582519531,189.31089782714844,143.0065155029297,54.86703872680664,36.31644821166992,39.507904052734375,25.308229446411133,21.333602905273438,84.35926055908203,26.074588775634766,115.78170013427734,95.48284149169922,100.21758270263672,60.52853012084961,142.42999267578125,13.128900527954102,72.9238052368164
2019-11-01,277.6872863769531,191.03030395507812,145.4443359375,55.355323791503906,36.8623161315918,39.9800910949707,25.678590774536133,21.8194637298584,84.4660873413086,26.00965118408203,115.42535400390625,95.30264282226562,100.31599426269531,60.78828048706055,142.55999755859375,13.368698120117188,72.90830993652344
2019-11-04,278.8028869628906,192.21176147460938,146.22630310058594,55.640159606933594,37.22905349731445,40.187862396240234,25.899045944213867,22.529844284057617,84.2079086303711,25.676876068115234,113.90619659423828,94.81815338134766,99.84383392333984,60.914302825927734,142.14999389648438,13.454339027404785,72.39794158935547
2019-11-05,278.49444580078125,192.31748962402344,146.4102783203125,55.534366607666016,37.442283630371094,40.14064407348633,25.996047973632812,22.55929183959961,83.61137390136719,25.413082122802734,112.6251220703125,94.30821990966797,99.26948547363281,60.8513069152832,139.85000610351562,13.488595962524414,71.1683578491211
2019-11-06,278.5580139160156,191.88525390625,145.5639190673828,55.50995635986328,37.322879791259766,40.12175369262695,26.128318786621094,22.099199295043945,83.89629364013672,25.510482788085938,113.30674743652344,94.58021545410156,99.82815551757812,60.78128433227539,140.4499969482422,13.343005180358887,71.322998046875
2019-11-07,279.5376892089844,192.52877807617188,145.95033264160156,55.680850982666016,37.595802307128906,40.43811798095703,26.32231903076172,22.430465698242188,84.08326721191406,25.16552734375,111.25377655029297,93.82378387451172,99.04913330078125,60.7532844543457,138.27000427246094,13.334440231323242,70.61155700683594
2019-11-08,280.2270202636719,193.29725646972656,146.3459014892578,55.64828872680664,37.25464630126953,40.66476821899414,26.31350326538086,22.33844757080078,84.69757080078125,25.060012817382812,110.78565216064453,93.69630432128906,98.9153823852539,60.80929183959961,137.38999938964844,13.368698120117188,70.44142150878906
2019-11-11,279.6917724609375,193.03793334960938,146.0699005126953,55.57505798339844,36.990238189697266,40.68366241455078,26.242950439453125,22.21329689025879,84.35035705566406,24.90579605102539,110.85958862304688,93.79826354980469,98.94681549072266,60.7742805480957,137.05999755859375,13.28305721282959,70.59608459472656
2019-11-12,280.2814636230469,193.5950469970703,146.11593627929688,55.59947204589844,36.751434326171875,40.82058334350586,26.278221130371094,22.099199295043945,84.85784149169922,24.9666748046875,111.36872100830078,93.84077453613281,99.04125213623047,60.78828048706055,137.42999267578125,13.291620254516602,70.06251525878906
2019-11-13,280.3721618652344,193.64309692382812,145.49041748046875,55.40415954589844,36.469974517822266,40.91029357910156,26.11067771911621,22.003501892089844,84.9557876586914,25.335975646972656,112.09141540527344,94.0957260131836,99.27733612060547,60.72526168823242,137.97999572753906,13.317313194274902,70.70436096191406
2019-11-14,280.7803649902344,193.4893798828125,145.4443359375,55.24953079223633,36.49555969238281,40.86307907104492,26.16358757019043,21.944608688354492,84.96468353271484,25.425262451171875,113.24925994873047,94.57170104980469,99.796630859375,60.69028854370117,138.55999755859375,13.274492263793945,71.25341796875
2019-11-15,282.8121337890625,194.91102600097656,146.19866943359375,55.59947204589844,36.78554916381836,41.19361114501953,26.2341365814209,22.11392593383789,86.77207946777344,25.506425857543945,113.12602996826172,94.4952163696289,99.8123779296875,60.87229919433594,138.2100067138672,13.343005180358887,71.64007568359375
2019-11-18,283.02081298828125,195.06475830078125,145.83074951171875,55.66458511352539,36.7258415222168,41.316383361816406,26.28704071044922,21.84522819519043,86.47824096679688,25.559181213378906,113.33136749267578,94.65674591064453,99.92253875732422,60.795291900634766,138.6199951171875,13.205978393554688,71.98807525634766
2019-11-19,282.9391784667969,195.35289001464844,146.37350463867188,55.59133529663086,36.8026008605957,41.396663665771484,26.339954376220703,21.521324157714844,87.06587219238281,25.49424934387207,114.27572631835938,94.83521270751953,100.11923217773438,60.5782356262207,138.69000244140625,13.086079597473145,72.11178588867188
2019-11-20,281.886962890625,194.1809844970703,145.82154846191406,55.24139404296875,36.64055252075195,41.146400451660156,26.21649932861328,21.73849105834961,86.95013427734375,25.64846420288086,115.45820617675781,95.18367767333984,100.26087951660156,60.45222091674805,138.75999450683594,13.257362365722656,72.07310485839844
2019-11-21,281.4334716796875,193.74874877929688,145.1039581298828,55.168155670166016,36.56379318237305,40.93863296508789,26.190044403076172,22.09552001953125,87.17273712158203,25.559181213378906,114.73558044433594,94.9457015991211,100.02481842041016,60.46620559692383,138.0,13.377262115478516,71.0600814819336
2019-11-22,282.0592956542969,193.87359619140625,145.55471801757812,55.32277297973633,36.56379318237305,40.886695861816406,26.38404655456543,22.021902084350586,87.48433685302734,25.56730079650879,114.88333892822266,94.92869567871094,100.30022430419922,60.69725799560547,137.74000549316406,13.368698120117188,70.79715728759766
2019-11-25,284.24530029296875,196.16940307617188,148.64581298828125,55.76222610473633,36.93053436279297,41.481651306152344,26.551589965820312,22.043989181518555,88.50820922851562,25.48207664489746,115.22010803222656,94.97119140625,100.64646911621094,60.858280181884766,137.0800018310547,13.368698120117188,71.02141571044922
2019-11-26,284.889404296875,196.5440216064453,148.7469482421875,55.729679107666016,36.81965637207031,41.519432067871094,26.52513313293457,21.8415470123291,88.4369888305664,25.56730079650879,115.89344024658203,95.14971160888672,100.9061050415039,60.92831802368164,137.74000549316406,13.445775985717773,71.9648666381836
2019-11-27,286.15924072265625,197.9176483154297,149.7957000732422,55.87616729736328,36.8623161315918,41.75079345703125,26.630956649780273,21.896760940551758,88.89105987548828,25.6119384765625,115.55677032470703,94.90318298339844,100.89823913574219,61.005306243896484,137.00999450683594,13.377262115478516,72.30513763427734
2019-11-29,285.0979919433594,197.01467895507812,148.82057189941406,55.48554611206055,36.28233337402344,41.62802505493164,26.58685874938965,21.675914764404297,88.5794448852539,25.587594985961914,115.31041717529297,94.82669067382812,100.69367218017578,60.87229919433594,137.86000061035156,13.111772537231445,71.97261047363281
2019-12-02,282.6761779785156,194.99746704101562,147.36705017089844,55.20070266723633,36.27381134033203,41.03307342529297,26.419313430786133,21.675914764404297,88.18770599365234,25.421199798583984,113.77294158935547,94.48623657226562,100.2565689086914,60.83085250854492,137.7899932861328,13.094643592834473,70.8822250366211
2019-12-03,280.7803649902344,193.47019958496094,146.89785766601562,54.997257232666016,36.0861701965332,40.66948699951172,26.0489559173584,21.352005004882812,87.9918212890625,25.490192413330078,116.15852355957031,95.32887268066406,101.02977752685547,60.746456146240234,139.11000061035156,13.1032075881958,71.33848571777344
2019-12-04,282.5127868652344,194.44996643066406,147.90980529785156,55.50180435180664,36.35910415649414,40.83475112915039,26.295867919921875,21.672237396240234,88.8109359741211,25.684988021850586,114.9986572265625,94.96288299560547,100.89563751220703,60.929229736328125,138.9199981689453,13.308748245239258,71.6323471069336
2019-12-05,283.02081298828125,194.83419799804688,148.05703735351562,55.396026611328125,36.521141052246094,40.98586654663086,26.419313430786133,21.56916618347168,88.8109359741211,25.729631423950195,114.43927764892578,94.74159240722656,100.78520202636719,61.02063751220703,139.0,13.334440231323242,71.67100524902344
2019-12-06,285.6058654785156,196.9186553955078,149.78648376464844,55.90059280395508,36.734378814697266,41.439151763916016,26.772048950195312,21.981414794921875,89.39855194091797,25.65252113342285,113.80587005615234,94.45217895507812,100.72994995117188,61.10498809814453,137.6199951171875,13.420083999633789,71.81793975830078
2019-12-09,284.7079162597656,196.02532958984375,149.50135803222656,55.60761260986328,36.589378356933594,41.221946716308594,26.710323333740234,21.955656051635742,88.77532958984375,25.563247680664062,114.0527114868164,94.52879333496094,100.71416473388672,61.10498809814453,137.5800018310547,13.402955055236816,71.95713806152344
2019-12-10,284.3904724121094,195.8620147705078,149.5933380126953,55.632022857666016,36.71731185913086,41.25499725341797,26.719139099121094,21.999820709228516,88.97118377685547,25.559181213378906,114.06092071533203,94.41813659667969,100.71416473388672,61.252593994140625,137.97000122070312,13.462904930114746,71.53955078125
2019-12-11,285.1976623535156,196.89944458007812,149.54734802246094,55.92500686645508,37.25464630126953,41.533592224121094,26.657407760620117,21.963008880615234,89.05132293701172,25.628173828125,114.9575424194336,94.80970001220703,101.1086654663086,61.37912368774414,138.9199981689453,13.402955055236816,70.81260681152344
2019-12-12,287.6558837890625,198.36911010742188,150.8352813720703,56.299346923828125,37.90283966064453,41.977447509765625,27.177684783935547,22.36789321899414,89.87931060791016,25.518596649169922,113.0655288696289,94.0606689453125,100.64318084716797,61.519676208496094,138.42999267578125,13.522852897644043,69.85372161865234
2019-12-13,287.8282470703125,199.02227783203125,150.2556915283203,56.689979553222656,37.88578796386719,42.25603485107422,27.080678939819336,22.19858169555664,89.8170166015625,25.717453002929688,114.37348175048828,94.61387634277344,101.29801177978516,61.58295822143555,139.0500030517578,13.5913667678833,69.8691635131836
2019-12-16,289.80560302734375,201.0203094482422,151.31475830078125,57.29570007324219,38.20723342895508,42.6337890625,27.177684783935547,22.496721267700195,90.78748321533203,26.038066864013672,113.34517669677734,94.17131805419922,101.06920623779297,61.70243453979492,139.0399932861328,13.685572624206543,70.37181854248047
2019-12-17,289.8691101074219,201.13558959960938,152.07188415527344,56.966495513916016,38.555667877197266,42.53461837768555,27.283498764038086,22.511442184448242,90.68952941894531,26.123287200927734,113.18895721435547,94.1798095703125,100.99031829833984,61.89225387573242,139.00999450683594,13.74552059173584,69.706787109375
2019-12-18,289.88720703125,201.28932189941406,152.3673095703125,56.892433166503906,38.764747619628906,42.52989959716797,27.16886329650879,22.596097946166992,90.81419372558594,26.228801727294922,112.25940704345703,93.92450714111328,100.9192886352539,62.00471878051758,139.02000427246094,13.754085540771484,70.556396484375
2019-12-19,291.0754699707031,202.54762268066406,153.02288818359375,56.892433166503906,38.782169342041016,42.83682632446289,27.16004753112793,22.588733673095703,91.1702880859375,26.23692512512207,112.43904113769531,93.99776458740234,101.01900482177734,61.972267150878906,139.3800048828125,13.814034461975098,71.18169403076172
2019-12-20,292.3516540527344,203.36410522460938,153.24453735351562,56.9335823059082,38.860565185546875,43.08552932739258,27.191951751708984,22.805419921875,91.81580352783203,26.417285919189453,112.58734130859375,93.99776458740234,100.98735809326172,61.88054656982422,139.52000427246094,13.796907424926758,71.57247924804688
2019-12-23,292.79827880859375,203.90127563476562,153.54920959472656,57.02410888671875,38.91282653808594,43.20870590209961,27.129911422729492,23.039566040039062,92.1823501586914,26.17188835144043,112.42255401611328,93.91253662109375,101.03477478027344,61.90876007080078,139.9499969482422,13.80038833618164,71.21295166015625
2019-12-24,292.8073425292969,204.00717163085938,153.90005493164062,56.966495513916016,38.82572555541992,43.22290802001953,27.191951751708984,23.02842140197754,92.0661392211914,26.208702087402344,112.74390411376953,94.07450866699219,101.13762664794922,61.95816421508789,141.27000427246094,13.861298561096191,71.40054321289062
2019-12-26,294.36602783203125,205.8073272705078,153.90005493164062,57.21338653564453,39.10447692871094,43.5450553894043,27.34262466430664,23.020984649658203,92.00353240966797,26.25368881225586,113.0157699584961,94.21087646484375,101.319580078125,62.04984664916992,142.3800048828125,13.965713500976562,71.71319580078125
2019-12-27,294.2931213378906,205.6340789794922,153.14300537109375,57.31214904785156,39.26128005981445,43.54030990600586,27.271724700927734,22.92435646057129,92.0303726196289,26.331398010253906,113.13935852050781,94.34720611572266,101.46198272705078,62.02163314819336,142.3300018310547,13.991819381713867,71.9398422241211
2019-12-30,292.6705322265625,204.28639221191406,152.75515747070312,56.88420486450195,38.999942779541016,43.289241790771484,27.191951751708984,22.85200309753418,91.47789001464844,26.327306747436523,112.72742462158203,94.2875747680664,101.64392852783203,61.97931671142578,142.6300048828125,13.965713500976562,72.01019287109375
2019-12-31,293.38153076171875,204.67138671875,152.9674835205078,57.14756393432617,39.087059020996094,43.426612854003906,27.28059196472168,22.982152938842773,91.6578140258789,26.42955780029297,111.6233901977539,93.9466323852539,101.2247085571289,62.03573989868164,142.89999389648438,13.878700256347656,72.52606964111328
2020-01-02,296.12530517578125,208.0889129638672,153.06912231445312,57.72364044189453,39.87977600097656,44.24142837524414,27.546478271484375,23.188852310180664,91.90079498291016,26.098264694213867,112.88391876220703,94.3813247680664,101.43829345703125,62.2967414855957,143.9499969482422,13.896103858947754,71.67411041259766
2020-01-03,293.8829650878906,206.1827850341797,152.46890258789062,57.007652282714844,39.139320373535156,43.744014739990234,27.253995895385742,23.119953155517578,91.09992980957031,26.151439666748047,114.62236785888672,95.01209259033203,101.78634643554688,62.23328399658203,145.86000061035156,14.061429977416992,72.11962127685547
2020-01-06,295.00408935546875,207.51129150390625,152.67205810546875,57.22985076904297,39.04350280761719,43.84823989868164,27.236270904541016,23.29986000061035,91.66683197021484,26.175981521606445,113.97149658203125,94.90980529785156,101.44618225097656,62.169795989990234,147.38999938964844,14.08753490447998,72.20558166503906
2020-01-07,294.17462158203125,207.482421875,152.1642303466797,57.07347869873047,39.017372131347656,43.829280853271484,27.059011459350586,23.23861312866211,91.48685455322266,26.139171600341797,113.41116333007812,94.77342987060547,101.18510437011719,62.113365173339844,147.97000122070312,14.078832626342773,71.40054321289062
2020-01-08,295.7425231933594,209.0418701171875,152.6350860595703,57.23808670043945,39.24386215209961,44.29827880859375,27.236270904541016,22.8558349609375,92.08075714111328,26.126901626586914,112.66144561767578,94.55181884765625,101.0427017211914,62.169795989990234,146.86000061035156,13.869998931884766,71.61940002441406
2020-01-09,297.74774169921875,210.8131866455078,152.8197784423828,57.36975860595703,39.50519561767578,44.80042266845703,27.40467071533203,23.02425765991211,92.47669982910156,26.270048141479492,113.05696105957031,94.6199951171875,101.52528381347656,62.332027435302734,146.02999877929688,13.809089660644531,71.58031463623047
2020-01-10,296.8909912109375,210.27413940429688,152.24732971191406,57.15577697753906,39.714263916015625,44.69620132446289,27.20081901550293,22.894113540649414,92.50367736816406,26.33957862854004,114.0621566772461,94.8245849609375,101.81007385253906,62.35322570800781,146.91000366210938,13.809089660644531,72.12743377685547
2020-01-13,298.9327697753906,212.70005798339844,153.2352752685547,57.45206069946289,40.3327522277832,45.25519943237305,27.386940002441406,22.901769638061523,92.17974090576172,26.49908447265625,113.71611022949219,94.7137451171875,101.56481170654297,62.35322570800781,145.82000732421875,13.704672813415527,72.99502563476562
2020-01-14,298.47705078125,211.86248779296875,153.7985076904297,57.50967025756836,40.10627365112305,45.042030334472656,27.33376121520996,22.905597686767578,92.73762512207031,26.576799392700195,114.30101776123047,94.90129089355469,101.69139099121094,62.346126556396484,145.69000244140625,13.765583038330078,72.72148132324219
2020-01-15,299.1514892578125,211.94912719726562,154.53713989257812,57.50967025756836,39.792667388916016,45.09414291381836,27.183088302612305,22.737171173095703,93.53848266601562,26.948993682861328,115.05902099609375,95.13992309570312,101.91291809082031,62.36021041870117,146.5399932861328,13.695971488952637,73.37801361083984
2020-01-16,301.63995361328125,213.9803466796875,156.5315704345703,57.74833679199219,40.045284271240234,45.70051956176758,27.422395706176758,22.77545166015625,94.02440643310547,27.11667823791504,114.69657897949219,94.94393157958984,102.05528259277344,62.381385803222656,146.30999755859375,13.678568840026855,73.9642333984375
2020-01-17,302.5788879394531,215.03927612304688,156.10682678222656,57.92115020751953,40.27177810668945,46.00843811035156,27.502153396606445,22.629993438720703,94.02440643310547,27.304821014404297,113.71611022949219,94.86715698242188,102.0394515991211,62.332027435302734,146.5800018310547,13.722076416015625,74.03458404541016
2020-01-21,301.98638916015625,214.94305419921875,154.81414794921875,57.460289001464844,39.25257110595703,45.98949432373047,27.271724700927734,22.2242431640625,94.1233901977539,27.554306030273438,114.91079711914062,95.24226379394531,102.52994537353516,62.197998046875,146.74000549316406,13.643763542175293,74.73804473876953
2020-01-22,302.02288818359375,215.51100158691406,154.71261596679688,57.575496673583984,39.574886322021484,46.15528869628906,27.351491928100586,22.0098876953125,94.24038696289062,27.640201568603516,115.31446838378906,95.25927734375,102.58525848388672,62.31086349487305,146.7899932861328,13.461033821105957,74.2378158569336
2020-01-23,302.3692321777344,216.20407104492188,154.61105346679688,57.43560028076172,39.165462493896484,46.373199462890625,27.28059196472168,21.925676345825195,93.76345825195312,27.885601043701172,116.12188720703125,95.49794006347656,102.71980285644531,62.1203727722168,147.1199951171875,13.347916603088379,74.86309814453125
2020-01-24,299.6802062988281,214.3846893310547,152.70896911621094,57.18870162963867,38.85185241699219,46.15528869628906,26.934925079345703,21.67304039001465,92.19774627685547,27.9592227935791,117.06114196777344,95.83887481689453,102.89383697509766,61.85939025878906,147.97999572753906,13.147784233093262,74.60517120361328
2020-01-27,294.87652587890625,209.9564208984375,150.9731903076172,56.00361251831055,37.51033020019531,45.056243896484375,26.518362045288086,21.072078704833984,91.495849609375,27.889686584472656,118.88203430175781,96.48667907714844,103.09159851074219,61.44319534301758,148.99000549316406,12.904146194458008,74.2456283569336
2020-01-28,297.9665222167969,213.18136596679688,152.2288360595703,56.530330657958984,37.82393264770508,45.91843032836914,26.82856559753418,21.167770385742188,91.94578552246094,28.00421142578125,117.9510269165039,96.16279602050781,103.03618621826172,61.972267150878906,147.66000366210938,12.965055465698242,74.54264068603516
2020-01-29,297.720458984375,213.5279083251953,151.36090087890625,56.538543701171875,38.00687026977539,46.03685760498047,26.784252166748047,20.94575309753418,91.69384002685547,28.07782745361328,119.10445404052734,96.62303924560547,103.36844635009766,61.93697738647461,148.4600067138672,12.904146194458008,74.26907348632812
2020-01-30,298.6866455078125,214.28839111328125,151.36090087890625,56.489166259765625,37.44064712524414,46.434791564941406,27.121049880981445,21.114181518554688,91.0279541015625,28.33958625793457,119.12091064453125,96.71678161621094,103.43175506591797,62.00048828125,148.47000122070312,12.791027069091797,74.32378387451172
2020-01-31,293.26312255859375,210.89019775390625,148.22158813476562,55.534515380859375,36.68278121948242,45.160465240478516,26.553810119628906,20.45580291748047,89.21025848388672,28.212800979614258,120.20845794677734,97.20266723632812,103.70067596435547,61.74653625488281,149.3300018310547,12.686610221862793,73.41710662841797
2020-02-03,295.44158935546875,214.07662963867188,149.87437438964844,55.66619873046875,37.09219741821289,45.75735855102539,26.73993492126465,20.187854766845703,90.0201187133789,28.30277442932129,120.11109924316406,97.11988067626953,103.61898040771484,61.73659896850586,148.36000061035156,12.451674461364746,73.65940856933594
2020-02-04,299.9445495605469,218.97657775878906,152.136474609375,56.59615707397461,38.05043029785156,46.955894470214844,26.996965408325195,20.260576248168945,91.60385131835938,28.020565032958984,118.4935531616211,96.55654907226562,103.365234375,62.10499572753906,146.42999267578125,12.469077110290527,74.41757202148438
2020-02-05,303.4082946777344,219.69857788085938,154.48179626464844,57.13931655883789,38.26820373535156,47.230655670166016,27.537612915039062,21.022314071655273,93.36754608154297,28.13508415222168,117.19789123535156,96.13835906982422,103.3017578125,62.3599967956543,146.61000061035156,12.660507202148438,74.46448516845703
2020-02-06,304.42926025390625,221.59500122070312,154.1309051513672,57.29570007324219,38.30305862426758,47.661746978759766,27.502153396606445,20.80795669555664,93.44852447509766,28.143260955810547,117.72600555419922,96.20658874511719,103.254150390625,62.40959167480469,147.39999389648438,12.712716102600098,74.71458435058594
2020-02-07,302.8067626953125,220.64195251464844,152.2381134033203,56.75251770019531,37.771663665771484,47.22591781616211,27.40467071533203,20.662500381469727,92.71964263916016,28.053285598754883,119.19503784179688,96.66753387451172,103.65074157714844,62.31748580932617,147.7899932861328,12.643104553222656,74.6989517211914
2020-02-10,305.0673522949219,223.30856323242188,153.09677124023438,56.86773681640625,37.98073959350586,47.865447998046875,27.484434127807617,20.55915069580078,93.21455383300781,28.15962791442871,119.52517700195312,96.85523986816406,103.89659881591797,62.402503967285156,148.1699981689453,12.529986381530762,75.53529357910156
2020-02-11,305.5959777832031,223.3470458984375,154.1586151123047,57.254539489746094,38.477272033691406,47.70438003540039,27.581932067871094,20.788820266723633,93.77245330810547,28.261877059936523,118.9227294921875,96.62483215332031,103.74588012695312,62.445003509521484,147.66000366210938,12.573493003845215,76.10588073730469
2020-02-12,307.5649108886719,225.52264404296875,155.22042846679688,57.45206069946289,38.999942779541016,48.22072982788086,27.59965705871582,21.06825065612793,93.88941955566406,28.282329559326172,118.32022094726562,96.3772964477539,103.69832611083984,62.60791015625,147.5399932861328,12.74752140045166,76.5592041015625
2020-02-13,307.2367248535156,225.2338409423828,155.62667846679688,57.04879379272461,38.48598861694336,48.092838287353516,27.590789794921875,21.003175735473633,93.44852447509766,28.597253799438477,118.77415466308594,96.462646484375,103.62692260742188,62.62919235229492,148.3800048828125,12.75622272491455,77.02033996582031
2020-02-14,307.7289733886719,225.87884521484375,155.0264892578125,56.95003890991211,38.50341033935547,48.301273345947266,27.626245498657227,20.892168045043945,93.52051544189453,28.789485931396484,119.29407501220703,96.70162963867188,103.88074493408203,62.622066497802734,149.0,12.74752140045166,77.81759643554688
2020-02-18,306.9358825683594,225.96546936035156,154.6941375732422,56.58793258666992,38.25079345703125,48.12125778198242,27.386940002441406,20.719919204711914,93.18756103515625,29.03080177307129,120.11109924316406,96.85523986816406,104.07898712158203,62.494606018066406,150.91000366210938,12.843236923217773,77.73162841796875
2020-02-19,308.40350341796875,228.13148498535156,155.48817443847656,56.7772102355957,38.529544830322266,48.694480895996094,27.590789794921875,20.99551773071289,93.6194839477539,28.715871810913086,120.10284423828125,96.83821105957031,103.93624114990234,62.52294921875,151.7899932861328,12.965055465698242,76.68426513671875
2020-02-20,307.1364440917969,226.01364135742188,155.86672973632812,56.439796447753906,37.92847442626953,48.18758010864258,27.537612915039062,20.972553253173828,93.01658630371094,28.818113327026367,121.04366302490234,97.11988067626953,104.28520202636719,62.62919235229492,152.41000366210938,12.912846565246582,77.59873962402344
2020-02-21,303.9734802246094,221.6720428466797,154.28785705566406,56.176448822021484,37.710693359375,47.107486724853516,27.271724700927734,20.72374725341797,93.07058715820312,28.76494789123535,122.17427825927734,97.51245880126953,104.49142456054688,62.57251739501953,154.6999969482422,12.860639572143555,77.8254165649414
2020-02-24,293.89202880859375,213.12359619140625,149.64353942871094,53.929710388183594,36.29948043823242,45.160465240478516,26.385412216186523,19.76679229736328,90.1371078491211,28.429569244384766,123.9981689453125,98.2720718383789,104.50727081298828,61.89955139160156,156.08999633789062,12.617000579833984,76.7624282836914
2020-02-25,284.98651123046875,207.328369140625,144.32516479492188,53.0408935546875,36.01200866699219,43.71559143066406,25.49024200439453,18.894052505493164,87.40158081054688,27.83243179321289,124.65841674804688,98.54519653320312,104.61038970947266,61.4674186706543,153.3000030517578,12.382062911987305,74.6833267211914
2020-02-26,283.93829345703125,208.39691162109375,142.65394592285156,53.10673522949219,36.29948043823242,43.9145622253418,25.304113388061523,18.323711395263672,87.39259338378906,27.550212860107422,123.9981689453125,98.4939956665039,104.22176361083984,61.53116989135742,153.97000122070312,12.260244369506836,73.87825012207031
2020-02-27,271.18609619140625,197.96170043945312,137.6310272216797,51.534847259521484,35.42835998535156,41.54591751098633,24.22281837463379,17.343791961669922,84.42311096191406,26.31094741821289,125.34335327148438,98.9719467163086,103.66661834716797,60.70234298706055,154.0,12.051410675048828,69.94672393798828
2020-02-28,270.0467529296875,198.11570739746094,135.11041259765625,51.22210693359375,35.29769515991211,41.86332321166992,23.566953659057617,17.32848358154297,83.33430480957031,25.431598663330078,128.17408752441406,100.08154296875,104.83244323730469,60.95027160644531,148.3800048828125,11.842577934265137,68.2584457397461
2020-03-02,281.741455078125,208.33912658691406,139.45004272460938,51.880496978759766,36.06428527832031,44.284061431884766,24.7723331451416,18.02897071838379,87.23958587646484,26.928539276123047,127.23104095458984,100.01316833496094,104.728271484375,61.41278076171875,149.1999969482422,12.112319946289062,71.17386627197266
2020-03-03,273.674560546875,201.6583251953125,136.60617065429688,51.460777282714844,35.820369720458984,42.602317810058594,23.841707229614258,17.47776222229004,85.07099151611328,26.597251892089844,129.20639038085938,101.17529296875,105.92105865478516,61.149513244628906,153.88999938964844,12.13842487335205,71.00971984863281
2020-03-04,285.177978515625,210.0719757080078,140.4933624267578,52.9997444152832,36.45628356933594,44.43092727661133,24.630521774291992,17.89116668701172,89.97513580322266,28.106460571289062,127.83435821533203,100.95313262939453,106.07218933105469,61.98915100097656,154.16000366210938,12.147125244140625,73.690673828125
2020-03-05,275.6980895996094,203.6894989013672,136.02447509765625,51.59245681762695,35.689697265625,43.0286865234375,23.4428653717041,17.23660659790039,87.88749694824219,27.67292594909668,131.01644897460938,101.85032653808594,106.03243255615234,61.20643997192383,157.49000549316406,12.016605377197266,72.11181640625
2020-03-06,271.1405334472656,200.25277709960938,133.32833862304688,50.8188591003418,34.95796203613281,42.11912536621094,22.645185470581055,16.26818084716797,87.41958618164062,27.44797134399414,137.83505249023438,102.88433837890625,106.77193450927734,60.51628494262695,157.5500030517578,11.625042915344238,70.86906433105469
2020-03-09,249.9659423828125,186.34237670898438,120.36483001708984,46.876792907714844,32.57109451293945,38.921470642089844,20.216699600219727,12.991575241088867,82.87540435791016,25.955120086669922,141.57080078125,103.80724334716797,104.17958068847656,57.91202926635742,157.80999755859375,10.720099449157715,65.40557861328125
2020-03-10,262.900390625,196.4888153076172,124.12276458740234,48.605045318603516,34.22622299194336,41.51749801635742,21.404356002807617,13.607851028442383,85.7188949584961,26.196434020996094,134.31414794921875,101.90161895751953,101.83375549316406,58.80143737792969,154.47999572753906,11.059453964233398,68.16885375976562
2020-03-11,250.08444213867188,187.93072509765625,116.22835540771484,46.12788391113281,32.63207244873047,39.556270599365234,20.24329376220703,12.888226509094238,82.44346618652344,24.879451751708984,129.3716583251953,100.8847885131836,98.48592376708984,57.52068328857422,153.92999267578125,10.859321594238281,64.07273864746094
2020-03-12,226.1570281982422,170.69911193847656,103.3848648071289,41.058345794677734,29.365385055541992,35.69538497924805,18.054109573364258,11.280545234680176,76.28854370117188,22.368194580078125,130.17337036132812,100.93600463867188,93.78630065917969,55.222415924072266,147.7899932861328,10.4242525100708,57.58197021484375
2020-03-13,245.4904022216797,185.15826416015625,110.309814453125,43.543739318847656,31.48219108581543,39.88313674926758,20.429418563842773,12.321708679199219,81.57960510253906,23.587013244628906,127.23104095458984,100.27806091308594,97.84977722167969,56.95854949951172,143.27999877929688,10.537371635437012,62.60759735107422
2020-03-16,218.62789916992188,162.9785614013672,95.67509460449219,39.0502815246582,27.5534610748291,34.373680114746094,17.628679275512695,10.645132064819336,73.53501892089844,20.908063888549805,135.47116088867188,102.92705535888672,96.45813751220703,53.82780456542969,141.63999938964844,9.90217113494873,51.508689880371094
2020-03-17,230.43212890625,175.33912658691406,100.06092071533203,40.95134353637695,29.452497482299805,36.71390151977539,18.585893630981445,10.71785831451416,78.15119934082031,23.582921981811523,126.43763732910156,100.34639739990234,92.50597381591797,54.33299255371094,143.55999755859375,9.74554443359375,54.48625183105469
2020-03-18,218.7646484375,170.00596618652344,92.30494689941406,38.60586929321289,26.908828735351562,35.33061218261719,17.00826644897461,9.179078102111816,75.55968475341797,22.556331634521484,119.30490112304688,98.95350646972656,87.87789154052734,51.93509292602539,140.6999969482422,9.42359447479248,49.30307388305664
2020-03-19,219.2295379638672,171.02639770507812,95.90593719482422,39.20663833618164,27.117897033691406,35.45851516723633,17.38051986694336,9.803011894226074,74.01194763183594,21.24344253540039,122.55311584472656,99.27824401855469,83.53611755371094,50.7681884765625,138.0399932861328,9.623725891113281,49.47637939453125
2020-03-20,209.781982421875,164.32627868652344,93.62531280517578,38.72108459472656,27.318252563476562,33.8336296081543,16.760099411010742,9.898707389831543,71.16844177246094,19.55836296081543,131.7684783935547,101.80764770507812,84.88002014160156,49.629730224609375,140.11000061035156,9.519309043884277,47.01083755493164
2020-03-23,204.4182586669922,164.44497680664062,92.24031829833984,38.26845169067383,26.664920806884766,33.52458572387695,15.784934043884277,9.22402572631836,67.4720230102539,18.56032943725586,137.19866943359375,103.01249694824219,91.15414428710938,48.83281707763672,146.3000030517578,9.632427215576172,44.828861236572266
2020-03-24,222.93919372558594,177.1791534423828,100.67951202392578,41.51097869873047,28.668489456176758,36.95798873901367,17.742414474487305,10.703316688537598,72.67125701904297,20.55557632446289,134.64476013183594,102.31179809570312,93.02290344238281,50.8464469909668,153.39999389648438,9.84126091003418,48.861961364746094
2020-03-25,226.27662658691406,175.86712646484375,101.93082427978516,42.860660552978516,29.678987503051758,36.910369873046875,18.22507667541504,11.208150863647461,73.63874816894531,21.0802059173584,134.3389434814453,102.37163543701172,97.47600555419922,52.27666473388672,151.3000030517578,10.006587028503418,51.49293518066406
2020-03-26,239.48890686035156,185.12838745117188,108.27082061767578,44.778202056884766,30.8027286529541,39.196136474609375,19.369169235229492,11.8930082321167,78.53050994873047,22.877164840698242,135.00015258789062,102.61940002441406,97.55555725097656,54.66740417480469,153.24000549316406,9.971780776977539,55.124298095703125
2020-03-27,232.3555450439453,178.76129150390625,104.33148956298828,43.502586364746094,29.051776885986328,37.42466354370117,18.779253005981445,11.086834907531738,76.84867858886719,23.0010929107666,138.60362243652344,103.37994384765625,97.35675048828125,54.80971908569336,152.25,9.936975479125977,55.179439544677734
2020-03-30,239.90145874023438,185.26344299316406,106.63021087646484,44.383174896240234,29.530893325805664,39.00089645385742,19.136777877807617,11.200325012207031,80.44744110107422,23.852067947387695,137.4630584716797,103.61920928955078,98.54159545898438,55.27934265136719,152.9199981689453,9.910872459411621,56.3846321105957
2020-03-31,236.32562255859375,183.68130493164062,106.09260559082031,43.99637222290039,29.731250762939453,38.27230453491211,18.609424591064453,11.372516632080078,80.09481811523438,22.88956069946289,136.34732055664062,103.80724334716797,98.21559143066406,54.83821105957031,148.0500030517578,9.789052963256836,55.021888732910156
2020-04-01,225.6898193359375,175.87677001953125,98.86279296875,42.04591751098633,28.45941925048828,36.448448181152344,17.474266052246094,10.808979988098145,77.04759979248047,21.51395606994629,138.25753784179688,104.2298355102539,96.78860473632812,53.332889556884766,149.4499969482422,9.510607719421387,51.406280517578125
2020-04-02,230.897705078125,179.4462127685547,99.79898071289062,42.868892669677734,29.41765022277832,37.30085372924805,17.912240982055664,11.799084663391113,79.18155670166016,22.187297821044922,139.13499450683594,104.24697875976562,97.04369354248047,53.747642517089844,151.89999389648438,9.693337440490723,51.57958984375
2020-04-03,227.56024169921875,176.89939880371094,96.97196960449219,41.88956069946289,28.86013412475586,36.724647521972656,17.55470848083496,11.673852920532227,78.46722412109375,21.39415740966797,139.46603393554688,104.32395935058594,96.54145050048828,52.59632110595703,152.64999389648438,9.936975479125977,50.83124923706055
2020-04-06,242.8446502685547,189.54672241210938,104.3963851928711,44.111595153808594,30.436857223510742,39.85804748535156,18.815004348754883,12.292181968688965,82.58137512207031,23.04653549194336,139.10183715820312,103.8534164428711,98.44676971435547,53.8763313293457,156.8800048828125,9.98918342590332,54.59654235839844
2020-04-07,243.0922088623047,189.4696044921875,104.66516876220703,44.35848617553711,30.59365463256836,39.50090026855469,19.00270652770996,12.55438232421875,81.90321350097656,22.75736427307129,137.6451416015625,103.39141082763672,98.5982437133789,53.8763313293457,156.0399932861328,10.058794975280762,55.10066223144531
2020-04-08,251.25241088867188,193.49244689941406,109.43868255615234,44.720603942871094,30.907257080078125,40.56283187866211,19.833961486816406,13.391862869262695,85.2759017944336,23.99664878845215,136.64364624023438,103.26311492919922,100.37600708007812,55.277984619140625,154.64999389648438,10.03269100189209,58.85807800292969
2020-04-09,255.07579040527344,193.77215576171875,114.67566680908203,45.73286056518555,30.79401397705078,40.572349548339844,20.89760971069336,13.270543098449707,85.74609375,25.128530502319336,136.8919677734375,103.48551940917969,105.09544372558594,58.89641571044922,158.69000244140625,10.058794975280762,62.15858840942383
2020-04-13,252.74693298339844,195.86563110351562,111.570556640625,45.29667282104492,30.837575912475586,40.662837982177734,20.137863159179688,13.227498054504395,84.9956283569336,24.331260681152344,135.6421661376953,103.26311492919922,104.07500457763672,58.05259704589844,161.41000366210938,10.232823371887207,59.543373107910156
2020-04-14,260.20123291015625,204.38406372070312,113.83218383789062,46.10319137573242,31.543176651000977,42.36762619018555,20.227243423461914,13.164884567260742,87.81674194335938,25.04591178894043,135.60902404785156,103.39996337890625,103.5648193359375,58.29573440551758,162.67999267578125,10.145807266235352,61.213356018066406
2020-04-15,254.6724090576172,202.03977966308594,109.18843841552734,44.66298294067383,30.73303985595703,41.443809509277344,19.35129737854004,12.54655647277832,87.36463165283203,24.219724655151367,139.201171875,104.32395935058594,104.25835418701172,57.75225830078125,161.85000610351562,9.936975479125977,58.78718185424805
2020-04-16,255.90109252929688,205.72499084472656,108.36348724365234,44.687679290771484,30.89855194091797,41.948577880859375,19.011642456054688,12.010412216186523,89.27250671386719,24.223848342895508,140.78208923339844,104.4351577758789,103.74019622802734,57.695037841796875,161.7100067138672,9.910872459411621,58.11762237548828
2020-04-17,262.8143005371094,207.69300842285156,113.13701629638672,45.87275695800781,31.586727142333984,42.50572967529297,20.012720108032227,13.286200523376465,91.12613677978516,25.004602432250977,138.89501953125,104.16141510009766,104.08296203613281,57.98823165893555,158.57000732421875,9.954378128051758,59.952980041503906
2020-04-20,258.1840515136719,205.23301696777344,111.80229187011719,45.1896858215332,31.186019897460938,41.824771881103516,19.664133071899414,12.871373176574707,90.40277099609375,24.058616638183594,140.01234436035156,104.4351577758789,103.49305725097656,57.115806579589844,159.6999969482422,9.789052963256836,57.7237548828125
2020-04-21,250.34478759765625,197.6599884033203,109.13280487060547,44.30910110473633,30.3236141204834,40.07234573364258,19.029516220092773,12.644392967224121,87.65399932861328,23.662038803100586,141.77532958984375,104.72602844238281,103.12635040283203,56.071754455566406,158.61000061035156,9.327878952026367,56.676090240478516
2020-04-22,255.90109252929688,203.52542114257812,110.45829010009766,45.05801010131836,31.151172637939453,41.61524200439453,19.2351016998291,13.094439506530762,88.99219512939453,24.351911544799805,140.3268280029297,104.40094757080078,103.19010925292969,56.565181732177734,161.72999572753906,9.45840072631836,57.542572021484375
2020-04-23,255.88272094726562,203.0913543701172,111.54273986816406,44.91811752319336,31.03793716430664,41.32951736450195,19.154653549194336,13.517093658447266,89.48047637939453,23.942951202392578,141.07177734375,104.46939849853516,103.62857818603516,56.53654861450195,163.33999633789062,9.432295799255371,57.06208801269531
2020-04-24,259.4493103027344,206.29415893554688,113.46143341064453,45.436580657958984,30.99437141418457,42.205718994140625,19.43173599243164,13.54840087890625,90.68307495117188,24.091663360595703,141.40284729003906,104.49504089355469,103.55682373046875,56.00737762451172,162.63999938964844,9.310476303100586,57.306270599365234
2020-04-27,263.1902160644531,207.9534454345703,117.95687103271484,46.037357330322266,31.62157440185547,42.56764602661133,20.093168258666992,13.841911315917969,91.84950256347656,24.343647003173828,138.77073669433594,103.9389419555664,102.71977233886719,56.2361946105957,161.55999755859375,9.136449813842773,59.267669677734375
2020-04-28,261.9799499511719,204.03677368164062,119.67164611816406,46.38301467895508,31.682558059692383,42.000946044921875,20.307687759399414,14.158903121948242,89.99586486816406,24.43453598022461,140.3682098388672,104.39239501953125,102.99878692626953,56.407840728759766,160.83999633789062,9.145150184631348,59.75605010986328
2020-04-29,268.8381652832031,211.27210998535156,125.55744934082031,47.54340744018555,32.60593795776367,43.724815368652344,20.89760971069336,15.207709312438965,90.5926513671875,24.211456298828125,139.63986206054688,104.34107208251953,103.67640686035156,57.40185546875,161.72999572753906,9.310476303100586,60.65406036376953
2020-04-30,266.3351135253906,211.1852569580078,120.783935546875,46.55583572387695,31.91776466369629,43.52956771850586,20.370256423950195,14.871150970458984,90.17671966552734,23.653783798217773,138.00933837890625,104.09297180175781,102.97489929199219,57.51625061035156,158.8000030517578,9.484502792358398,59.952980041503906
2020-05-01,259.28436279296875,205.23301696777344,115.99185180664062,45.543575286865234,30.767885208129883,42.33430099487305,19.717761993408203,14.029755592346191,88.45872497558594,23.08371353149414,139.19110107421875,104.2368392944336,102.56726837158203,56.524131774902344,159.77999877929688,9.362685203552246,57.92856979370117
2020-05-04,259.9994812011719,207.62550354003906,116.49237823486328,45.52710723876953,31.098915100097656,42.896217346191406,19.53899574279785,14.515027046203613,88.41352081298828,23.2572078704834,138.53640747070312,104.25395202636719,102.72711944580078,56.44512939453125,160.33999633789062,9.475802421569824,57.64499282836914
2020-05-05,262.4017028808594,209.97940063476562,117.39147186279297,45.60940933227539,31.27312660217285,43.48670959472656,19.47642707824707,14.526763916015625,90.3304214477539,23.447237014770508,137.64959716796875,104.17688751220703,102.59125518798828,56.93365478515625,161.02000427246094,9.719441413879395,57.92856979370117
2020-05-06,260.6229248046875,211.27210998535156,116.52947998046875,45.31313705444336,31.177309036254883,43.82482147216797,19.056333541870117,14.147165298461914,89.43527221679688,22.649965286254883,135.42855834960938,103.79149627685547,101.4404525756836,56.610347747802734,158.9499969482422,9.528011322021484,56.8887825012207
2020-05-07,263.767822265625,213.99258422851562,118.12374114990234,45.99620819091797,31.429935455322266,44.48197555541992,19.503246307373047,14.515027046203613,89.42622375488281,22.740846633911133,137.691162109375,104.42528533935547,101.71215057373047,56.754024505615234,161.38999938964844,9.588920593261719,57.70014572143555
2020-05-08,268.13214111328125,216.92529296875,122.68403625488281,46.778038024902344,32.091983795166016,45.13435745239258,19.92334747314453,15.17640495300293,89.88737487792969,23.19938087463379,135.90090942382812,104.08267974853516,101.22469329833984,57.29282760620117,160.4199981689453,9.789052963256836,59.07075119018555
2020-05-11,268.187255859375,218.86441040039062,122.07232666015625,46.73689270019531,31.882915496826172,45.43436813354492,19.53899574279785,14.910284996032715,91.43358612060547,23.100238800048828,134.84011840820312,103.79149627685547,100.33756256103516,57.03422927856445,159.4199981689453,9.65853214263916,58.212158203125
2020-05-12,262.8418273925781,214.28201293945312,117.6880874633789,46.14434051513672,31.76095199584961,44.496253967285156,19.029516220092773,14.64808464050293,90.04110717773438,22.89781951904297,136.22413635253906,104.13404846191406,101.30458068847656,56.9623908996582,160.0399932861328,9.580220222473145,55.56542205810547
2020-05-13,258.19317626953125,211.60011291503906,113.74878692626953,45.79045867919922,31.69997787475586,43.72957229614258,18.46640968322754,13.982792854309082,89.06456756591797,22.70366096496582,137.17721557617188,104.34821319580078,101.53633117675781,56.66062927246094,161.5800018310547,9.484502792358398,54.218414306640625
2020-05-14,261.2831115722656,214.00221252441406,114.1195297241211,45.354286193847656,31.82193374633789,44.28672409057617,18.94013786315918,14.139337539672852,90.04110717773438,22.9473934173584,138.51983642578125,104.51091766357422,102.37545013427734,56.46666717529297,163.00999450683594,9.64983081817627,54.407474517822266
2020-05-15,262.4842529296875,215.39138793945312,115.93623352050781,45.39543533325195,31.38637351989746,44.510536193847656,18.815004348754883,14.084543228149414,90.80062103271484,22.641700744628906,138.1635284423828,104.44234466552734,102.73509979248047,56.54570388793945,163.92999267578125,9.74554443359375,54.194801330566406
2020-05-18,270.4794006347656,219.4046173095703,122.98065185546875,47.230674743652344,32.614646911621094,45.60104751586914,19.78032875061035,15.235102653503418,91.5511245727539,23.571163177490234,135.13015747070312,103.79999542236328,103.31855773925781,57.54428482055664,162.69000244140625,10.0239896774292,57.400794982910156
2020-05-19,267.7012939453125,218.854736328125,120.55220031738281,46.58052062988281,32.35331726074219,45.43436813354492,19.29766273498535,14.808537483215332,90.4479751586914,23.18285369873047,135.63572692871094,104.09124755859375,103.39844512939453,57.6161003112793,164.25999450683594,9.997885704040527,56.62883377075195
2020-05-20,272.2489318847656,223.22491455078125,124.20416259765625,47.551639556884766,32.78017044067383,46.429630279541016,19.726701736450195,15.399465560913086,90.55648803710938,23.310916900634766,136.04185485839844,104.11695861816406,104.53329467773438,58.22675704956055,164.64999389648438,10.171913146972656,57.132965087890625
2020-05-21,270.369384765625,220.7938232421875,124.42660522460938,47.000240325927734,32.40559005737305,45.78200149536133,19.664133071899414,15.152921676635742,89.88737487792969,23.07545280456543,136.38162231445312,104.18547821044922,104.4533462524414,58.21241760253906,162.25,10.128406524658203,57.18022155761719
2020-05-22,270.8827819824219,221.5559539794922,125.02909851074219,46.868568420410156,31.734821319580078,45.94868087768555,19.59262466430664,15.058999061584473,90.0772705078125,23.33156967163086,137.20208740234375,104.3824691772461,104.4533462524414,58.356082916259766,163.2100067138672,10.050094604492188,57.952178955078125
2020-05-26,274.22027587890625,220.9578094482422,128.63473510742188,48.210025787353516,32.43171691894531,45.90104675292969,20.611581802368164,15.477738380432129,89.91449737548828,23.48441505432129,135.3622589111328,104.10833740234375,104.30953979492188,58.794334411621094,160.88999938964844,10.154510498046875,60.1183967590332
2020-05-27,278.3004150390625,222.16372680664062,132.629638671875,48.79433059692383,32.5362548828125,46.162960052490234,21.50541114807129,15.677329063415527,90.84585571289062,23.76531982421875,135.1136016845703,104.1939926147461,104.74110412597656,58.91645812988281,161.17999267578125,10.0239896774292,61.31572723388672
2020-05-28,277.78692626953125,221.8743133544922,129.4874725341797,49.25520706176758,32.30976104736328,46.072471618652344,21.16575813293457,15.239018440246582,92.03034210205078,24.467578887939453,134.61631774902344,104.0998306274414,104.8289794921875,58.973915100097656,161.72000122070312,10.076197624206543,61.607208251953125
2020-05-29,279.0247802734375,225.1254119873047,128.74591064453125,49.08237075805664,32.86727523803711,46.6534538269043,20.924427032470703,15.168574333190918,93.14251708984375,24.65760040283203,135.57774353027344,104.43382263183594,105.50829315185547,59.21098709106445,162.91000366210938,10.250224113464355,60.99277114868164
2020-06-01,280.15252685546875,225.8007049560547,129.9787139892578,50.17692184448242,33.62514877319336,46.63917541503906,21.16575813293457,15.4346923828125,92.22023010253906,24.950902938842773,134.6649169921875,104.39266967773438,105.46185302734375,59.65886688232422,163.66000366210938,10.311136245727539,62.402774810791016
2020-06-02,282.4721374511719,227.3152618408203,131.0539093017578,50.646026611328125,34.42658233642578,47.077266693115234,21.33558464050293,15.8651704788208,92.75372314453125,25.11200714111328,134.1753387451172,104.2212142944336,105.7983169555664,60.250282287597656,162.60000610351562,10.4242525100708,62.90691375732422
2020-06-03,286.23138427734375,228.33786010742188,134.21466064453125,51.85580825805664,35.228004455566406,47.443939208984375,22.13109016418457,16.33087158203125,92.57286834716797,25.4135684967041,132.3911590576172,103.60395812988281,105.73421478271484,60.53155517578125,159.60000610351562,10.4242525100708,64.92346954345703
2020-06-04,285.4795227050781,226.73648071289062,134.02001953125,51.633602142333984,34.73146438598633,47.0534553527832,22.61374855041504,16.334789276123047,91.84048461914062,24.95915985107422,130.47434997558594,103.19243621826172,105.41373443603516,60.34398651123047,161.27999877929688,10.511265754699707,64.27757263183594
2020-06-05,292.7961730957031,231.2320098876953,139.20132446289062,52.52241897583008,35.64613723754883,48.29158401489258,23.453950881958008,17.547964096069336,93.32337188720703,25.27724266052246,129.5448760986328,102.6780776977539,105.95849609375,60.91376495361328,158.00999450683594,10.720099449157715,66.71159362792969
2020-06-08,296.33544921875,233.02633666992188,141.89865112304688,53.20549392700195,35.863922119140625,48.53443908691406,23.900859832763672,18.338481903076172,93.96537017822266,25.95471954345703,130.04278564453125,102.78955078125,106.31104278564453,60.985897064208984,159.72000122070312,10.650487899780273,68.36576843261719
2020-06-09,294.125732421875,234.7146453857422,139.27548217773438,52.514198303222656,35.62001037597656,48.76302719116211,23.391382217407227,17.649709701538086,92.98882293701172,25.434219360351562,131.5198516845703,103.15816497802734,106.08674621582031,60.5098876953125,161.25999450683594,10.685294151306152,67.23147583007812
2020-06-10,292.4844665527344,237.53158569335938,135.49375915527344,52.39897155761719,35.88134765625,49.577327728271484,22.515432357788086,16.780921936035156,92.8441390991211,25.28550910949707,133.4700164794922,103.92970275878906,106.78369903564453,60.42335891723633,163.57000732421875,10.754904747009277,65.52213287353516
2020-06-11,275.62310791015625,225.76211547851562,125.15888214111328,49.592613220214844,34.00844192504883,46.73440170288086,20.674158096313477,15.19987964630127,87.68110656738281,24.298213958740234,135.99266052246094,104.2983169555664,105.5098648071289,58.87273025512695,162.38999938964844,10.40684986114502,61.31572723388672
2020-06-12,278.923828125,227.55641174316406,128.16201782226562,50.44851303100586,34.73146438598633,47.33918762207031,21.299829483032227,15.58340072631836,88.2507553100586,24.23624610900879,134.6814727783203,104.06686401367188,106.02259826660156,59.4569091796875,162.6199951171875,10.450358390808105,63.51346206665039
2020-06-15,281.5277404785156,230.3251953125,131.12509155273438,50.655513763427734,34.41604232788086,47.79633331298828,21.594799041748047,15.630363464355469,88.44967651367188,24.401485443115234,134.7561798095703,103.98118591308594,107.52880096435547,60.03388214111328,162.3300018310547,10.546072959899902,64.41144561767578
2020-06-16,286.94659423828125,234.28048706054688,134.2778778076172,51.28150177001953,34.635093688964844,48.815406799316406,21.934446334838867,16.080411911010742,90.62882995605469,24.513017654418945,132.6898651123047,103.766845703125,107.23233795166016,60.279117584228516,162.25,10.633086204528809,65.67967987060547
2020-06-17,285.7545166015625,235.0233154296875,131.85052490234375,51.473472595214844,34.96803665161133,48.805877685546875,21.60373306274414,15.532526016235352,90.53838348388672,24.438663482666016,133.23756408691406,103.92970275878906,107.02400207519531,59.99784469604492,162.55999755859375,10.580877304077148,64.7265625
2020-06-18,285.8646240234375,235.66001892089844,131.80401611328125,51.19804382324219,34.98556137084961,49.024932861328125,21.576915740966797,15.724287033081055,90.23095703125,24.43453598022461,134.64828491210938,104.16120910644531,107.26437377929688,59.97621154785156,162.24000549316406,10.6417875289917,64.01761627197266
2020-06-19,284.2309265136719,235.62144470214844,131.12509155273438,50.9476432800293,34.9767951965332,48.68682098388672,21.43390655517578,15.485562324523926,91.0990219116211,23.748796463012695,134.7561798095703,104.19550323486328,107.34452819824219,59.774269104003906,164.02999877929688,10.728801727294922,63.08808517456055
2020-06-22,286.0543518066406,238.4471893310547,132.43641662597656,51.55694580078125,35.4061279296875,49.604129791259766,21.327762603759766,15.557304382324219,90.7494125366211,23.980392456054688,134.77281188964844,104.10115814208984,107.24034118652344,59.73100280761719,165.08999633789062,10.8419189453125,63.02507019042969
2020-06-23,287.37127685546875,240.47657775878906,132.9944610595703,51.84072494506836,35.74782943725586,49.96227264404297,21.426713943481445,15.573160171508789,91.13986206054688,23.738794326782227,133.85169982910156,104.06686401367188,107.04005432128906,59.81755828857422,166.47999572753906,10.78971004486084,62.765140533447266
2020-06-24,280.040771484375,235.51901245117188,128.67910766601562,50.51362228393555,35.274696350097656,48.83533477783203,20.67110824584961,14.709091186523438,88.76080322265625,23.522197723388672,135.28729248046875,104.2640609741211,106.74362182617188,59.20447540283203,165.89999389648438,10.519968032836914,60.97702407836914
2020-06-25,283.04302978515625,237.76101684570312,130.62286376953125,51.23142623901367,35.42364501953125,49.46086883544922,21.219820022583008,14.990506172180176,89.63249969482422,23.23061752319336,135.6773223876953,104.28124237060547,106.85579681396484,59.22610855102539,165.8000030517578,10.615682601928711,61.75583267211914
2020-06-26,276.32025146484375,232.1463165283203,127.10734558105469,50.488582611083984,34.99432373046875,48.486751556396484,20.311302185058594,14.47126579284668,88.5428695678711,22.98485565185547,137.1295166015625,104.56414794921875,106.95191192626953,58.663578033447266,166.5399932861328,10.485162734985352,60.570518493652344
2020-06-29,280.381591796875,234.67828369140625,131.26463317871094,50.89756774902344,35.15203094482422,49.01679229736328,20.536178588867188,14.665486335754395,89.34195709228516,23.418058395385742,136.69796752929688,104.66700744628906,107.4486312866211,58.33182144165039,166.6300048828125,10.65919017791748,61.73992156982422
2020-06-30,283.97308349609375,239.2782745361328,133.16188049316406,50.80575180053711,35.03813552856445,49.895408630371094,20.815032958984375,15.00239372253418,90.86747741699219,23.50553321838379,136.03414916992188,104.4783935546875,107.75308990478516,58.86552047729492,167.3699951171875,10.71139907836914,62.471797943115234
2020-07-01,285.9622497558594,242.0710906982422,131.89703369140625,50.99772644042969,35.43240737915039,49.976600646972656,20.635122299194336,14.637739181518555,91.566650390625,24.055374145507812,135.76995849609375,104.31538391113281,108.17863464355469,59.04875946044922,166.6199951171875,10.798412322998047,63.91166687011719
2020-07-02,287.5370178222656,243.7139892578125,132.43641662597656,51.55694580078125,36.238487243652344,50.267879486083984,20.662107467651367,14.800249099731445,92.25675964355469,24.11785316467285,135.91114807128906,104.44408416748047,108.44366455078125,59.483333587646484,166.97999572753906,10.8419189453125,63.72870635986328
2020-07-06,291.975830078125,249.70567321777344,133.3943634033203,52.39994430541992,37.79807662963867,51.14650344848633,21.057903289794922,14.843852043151855,93.19204711914062,23.82210350036621,135.35455322265625,104.28961181640625,108.72462463378906,59.91062545776367,167.97999572753906,10.928933143615723,63.6968994140625
2020-07-07,288.9643859863281,247.9853973388672,131.0321044921875,51.6320686340332,37.16722869873047,50.6116943359375,20.626131057739258,14.372176170349121,92.3838882446289,23.726301193237305,137.25706481933594,104.624267578125,108.86925506591797,59.51227569580078,169.0399932861328,10.937634468078613,62.43202590942383
2020-07-08,291.1746520996094,251.25180053710938,132.00863647460938,52.06608963012695,38.131019592285156,51.437782287597656,20.84202003479004,14.360289573669434,92.39295196533203,23.938739776611328,136.70875549316406,104.46125030517578,108.69259643554688,59.67164993286133,170.08999633789062,11.07685661315918,62.344512939453125
2020-07-09,289.5169982910156,253.3682098388672,129.3394317626953,51.473472595214844,38.131019592285156,51.624019622802734,20.4012508392334,13.650792121887207,91.66654968261719,23.618000030517578,138.88546752929688,104.7958984375,109.30281829833984,59.5412712097168,169.6300048828125,10.946335792541504,61.954715728759766
2020-07-10,292.4731140136719,255.09803771972656,131.42271423339844,52.02435302734375,37.88568878173828,51.60969161987305,21.102876663208008,14.086795806884766,91.44860076904297,24.063695907592773,138.18759155273438,104.5899429321289,109.1020736694336,59.74404525756836,169.19000244140625,11.015945434570312,62.145652770996094
2020-07-13,289.9406433105469,249.85057067871094,129.75796508789062,51.69049072265625,37.63159942626953,50.540061950683594,21.192832946777344,14.01148509979248,91.96619415283203,24.08869171142578,138.64447021484375,104.7015151977539,108.81298065185547,59.418121337890625,169.39999389648438,10.902828216552734,61.40582275390625
2020-07-14,293.6979675292969,251.61904907226562,131.90634155273438,52.45003128051758,37.68417739868164,51.12261962890625,21.30077362060547,14.502974510192871,93.79133605957031,24.31362533569336,138.8439483642578,104.69290161132812,109.4473876953125,59.92510223388672,170.19000244140625,10.955038070678711,61.922889709472656
2020-07-15,296.3962707519531,252.13125610351562,136.74249267578125,53.04263687133789,37.79807662963867,51.39958953857422,21.723554611206055,14.816102981567383,95.00811767578125,24.217815399169922,138.19590759277344,104.65859985351562,109.66416931152344,60.26552963256836,170.33999633789062,11.08555793762207,62.52748489379883
2020-07-16,295.4200744628906,250.4111328125,135.93336486816406,52.70042419433594,37.26361083984375,50.76448440551758,21.723554611206055,14.748724937438965,94.853759765625,24.526063919067383,138.85227966308594,104.7358169555664,109.96929931640625,60.32347106933594,168.72999572753906,10.998544692993164,61.779701232910156
2020-07-17,296.2765197753906,250.7010498046875,136.333251953125,53.009254455566406,37.473899841308594,51.0128059387207,21.543649673461914,14.54261302947998,96.15225219726562,25.080066680908203,138.5614471435547,104.71007537841797,110.26640319824219,60.49004364013672,170.1199951171875,11.015945434570312,62.58316421508789
2020-07-20,298.67083740234375,257.8136901855469,135.74734497070312,53.268001556396484,37.95578384399414,52.31640625,21.444700241088867,14.300830841064453,96.13407897949219,24.75099754333496,138.90203857421875,104.77872467041016,110.57157897949219,60.8521842956543,170.94000244140625,11.007245063781738,61.835391998291016
2020-07-21,299.3062744140625,255.12705993652344,137.67250061035156,53.37650680541992,38.306251525878906,51.79115295410156,21.86747932434082,15.164905548095703,96.07051849365234,24.863460540771484,138.985107421875,104.89028930664062,110.71607208251953,61.13460922241211,173.0,11.163869857788086,61.98651885986328
2020-07-22,301.0100402832031,256.0257873535156,137.74688720703125,53.51839828491211,38.13977813720703,52.206581115722656,21.86747932434082,14.978614807128906,96.93318176269531,25.246679306030273,139.4005889892578,104.92457580566406,111.0774154663086,61.25773239135742,175.6300048828125,11.233480453491211,62.933189392089844
2020-07-23,297.41839599609375,249.33840942382812,137.8864288330078,53.09272384643555,37.8331184387207,50.85044479370117,21.88547134399414,14.950868606567383,96.4972915649414,25.275840759277344,141.0289764404297,105.0275650024414,111.15776062011719,61.21430587768555,177.17999267578125,11.207377433776855,62.670677185058594
2020-07-24,295.50286865234375,246.97076416015625,135.8589324951172,52.80058288574219,37.79807662963867,50.23444366455078,21.83149528503418,14.867630958557129,95.43489837646484,25.109224319458008,141.02061462402344,104.97608947753906,110.90885162353516,61.27223205566406,178.6999969482422,11.224780082702637,62.20927429199219
2020-07-27,297.65789794921875,251.37745666503906,137.27256774902344,53.49335861206055,38.385101318359375,51.02711868286133,21.651588439941406,14.883485794067383,96.15225219726562,24.805145263671875,140.49720764160156,104.81304168701172,110.57157897949219,61.41707992553711,182.22999572753906,11.32919692993164,62.79795455932617
2020-07-28,295.77001953125,248.1787109375,135.90545654296875,53.15114974975586,38.0696907043457,50.43023681640625,21.597620010375977,14.629813194274902,96.04325866699219,25.18004035949707,141.46925354003906,105.06188201904297,110.45912170410156,61.25773239135742,183.75,11.26828670501709,64.04690551757812
2020-07-29,299.4075927734375,251.0391845703125,138.90017700195312,53.710365295410156,38.683006286621094,51.160823822021484,22.002403259277344,14.935013771057129,97.05119323730469,25.29666519165039,141.22833251953125,105.19914245605469,111.06138610839844,61.598167419433594,185.1300048828125,11.32919692993164,65.28790283203125
2020-07-30,298.33935546875,252.35345458984375,138.3514404296875,52.91744613647461,38.192352294921875,51.447322845458984,21.606616973876953,14.348393440246582,96.37925720214844,25.29666519165039,142.15884399414062,105.34506225585938,110.94095611572266,61.72852325439453,183.75999450683594,11.198676109313965,64.86628723144531
2020-07-31,300.69683837890625,256.8569030761719,137.04937744140625,51.7906494140625,37.929500579833984,52.731849670410156,21.615610122680664,14.281007766723633,95.82535552978516,25.33832550048828,142.06747436523438,105.37078857421875,111.0935287475586,61.84440612792969,185.42999267578125,11.259584426879883,64.7469711303711
2020-08-03,302.7873840332031,260.3263244628906,139.28143310546875,52.80058288574219,38.192352294921875,54.03068923950195,21.678577423095703,14.332536697387695,96.81511688232422,25.063400268554688,141.35218811035156,105.31924438476562,111.24237823486328,61.85967254638672,185.63999938964844,11.372702598571777,63.887813568115234
2020-08-04,303.9569396972656,261.2926940917969,140.23936462402344,53.09272384643555,38.70052719116211,54.16916275024414,21.588624954223633,14.681341171264648,96.38834381103516,25.33832550048828,142.69955444335938,105.6799087524414,111.65277099609375,61.83784484863281,189.58999633789062,11.433613777160645,64.8424301147461
2020-08-05,305.8448181152344,261.9400939941406,143.0294952392578,53.268001556396484,39.12109375,54.369712829589844,21.88547134399414,14.83592414855957,96.83326721191406,25.013418197631836,141.45199584960938,105.3278579711914,111.49986267089844,61.94691467285156,191.35000610351562,11.529328346252441,64.5162582397461
2020-08-06,307.88922119140625,265.4094543457031,142.9737091064453,53.32642364501953,39.24375915527344,55.13374328613281,21.876476287841797,14.71701717376709,96.3156967163086,25.159210205078125,142.2420654296875,105.4480972290039,111.97466278076172,62.085086822509766,193.88999938964844,11.616342544555664,64.61968994140625
2020-08-07,308.11029052734375,262.3460693359375,145.24295043945312,53.109413146972656,38.437679290771484,54.31241226196289,22.344223022460938,14.736835479736328,96.62442779541016,25.613243103027344,141.29391479492188,105.22476196289062,111.66084289550781,61.932403564453125,190.80999755859375,11.459716796875,65.54248809814453
2020-08-10,309.0311279296875,261.22503662109375,146.74957275390625,53.284690856933594,38.5340576171875,54.15961456298828,22.506141662597656,15.19265079498291,96.29752349853516,25.60490608215332,140.6617889404297,105.11317443847656,111.41938781738281,61.96146774291992,190.14999389648438,11.520626068115234,65.64588928222656
2020-08-11,306.4801940917969,256.277099609375,145.9033203125,53.47665786743164,38.42892074584961,53.18548583984375,22.767000198364258,15.141124725341797,95.68915557861328,25.05091094970703,138.99005126953125,104.75248718261719,110.7193374633789,61.40153121948242,179.94000244140625,11.337897300720215,64.6992416381836
2020-08-12,310.7532653808594,262.7228698730469,146.4984893798828,54.66188049316406,38.945865631103516,54.39359664916992,22.704036712646484,15.291742324829102,97.29637145996094,25.413301467895508,137.72581481933594,104.44329833984375,110.44575500488281,61.416099548339844,179.10000610351562,11.459716796875,65.3515625
2020-08-13,310.19146728515625,263.3221130371094,146.191650390625,54.419830322265625,38.83195877075195,54.41747283935547,22.560108184814453,14.994468688964844,97.16925811767578,25.37164306640625,136.25364685058594,104.22862243652344,109.4478759765625,61.24885940551758,183.3300018310547,11.520626068115234,64.54808044433594
2020-08-14,310.2007141113281,263.0128479003906,146.09860229492188,54.08596420288086,38.76186752319336,54.379268646240234,22.65006446838379,15.13715648651123,96.97856140136719,25.150876998901367,135.72128295898438,104.2801284790039,108.9650650024414,61.139774322509766,182.5399932861328,11.520626068115234,64.55604553222656
2020-08-17,311.18603515625,266.06658935546875,146.85189819335938,54.49495315551758,39.25251770019531,54.7421875,22.272262573242188,15.049960136413574,97.55062866210938,25.117555618286133,136.0623779296875,104.451904296875,109.19041442871094,61.503353118896484,186.5,11.712057113647461,65.0810775756836
2020-08-18,311.8583984375,268.6275634765625,145.4475555419922,54.4615592956543,39.20871353149414,54.94751739501953,22.128341674804688,14.859707832336426,97.52338409423828,25.005084991455078,137.03549194335938,104.63227844238281,109.50421142578125,61.597900390625,188.17999267578125,11.738161087036133,64.77084350585938
2020-08-19,310.5599060058594,266.8204040527344,145.45687866210938,54.219512939453125,38.7268180847168,54.88066864013672,22.119346618652344,14.689268112182617,97.20557403564453,24.930112838745117,136.1787872314453,104.49480438232422,109.21449279785156,61.42338943481445,182.24000549316406,11.70335578918457,63.63325500488281
2020-08-20,311.5268859863281,270.5216979980469,144.8616485595703,54.04424285888672,38.60415267944336,55.61125564575195,21.912458419799805,14.372176170349121,96.89684295654297,24.709339141845703,137.40975952148438,104.79540252685547,109.60075378417969,61.62697219848633,183.5,11.685953140258789,64.23783874511719
2020-08-21,312.6319580078125,272.3964538574219,143.7921142578125,53.768795013427734,38.79690933227539,56.31797790527344,21.86747932434082,14.281007766723633,96.9967269897461,24.75099754333496,138.23318481445312,104.87271118164062,109.80197143554688,61.61969757080078,182.02999877929688,11.572834968566895,64.34125518798828
2020-08-24,315.7998962402344,274.0972595214844,145.29879760742188,54.47825241088867,39.226234436035156,56.80504608154297,22.389202117919922,14.67341423034668,96.5517807006836,24.96759605407715,138.00860595703125,104.72672271728516,109.60885620117188,61.9033088684082,181.0,11.633745193481445,64.75492858886719
2020-08-25,316.9049987792969,276.25238037109375,145.45687866210938,54.51164245605469,39.62051010131836,57.091556549072266,22.452165603637695,14.467304229736328,97.20557403564453,24.730167388916016,136.9523162841797,104.47764587402344,109.1340560913086,61.9687385559082,181.22000122070312,11.729459762573242,64.92198944091797
2020-08-26,320.0821533203125,282.1473083496094,144.54544067382812,54.82881546020508,39.72565841674805,58.25190353393555,22.344223022460938,14.162102699279785,97.08753967285156,24.45524787902832,136.4282989501953,104.4347152709961,109.17427825927734,61.96146774291992,183.36000061035156,11.75556468963623,64.32532501220703
2020-08-27,320.78204345703125,281.267822265625,144.89886474609375,54.26959228515625,39.3927116394043,58.29965591430664,22.722026824951172,14.189849853515625,97.85028839111328,24.53439712524414,134.10780334472656,104.06547546386719,108.30520629882812,61.86693572998047,181.24000549316406,11.712057113647461,65.27198791503906
2020-08-28,322.85406494140625,282.6982421875,146.1265106201172,54.653541564941406,39.90965270996094,58.81060028076172,22.811981201171875,14.443521499633789,98.06822967529297,24.60521125793457,134.00796508789062,104.23722076416016,108.6351547241211,61.91786575317383,184.38999938964844,11.790369033813477,65.70159149169922
2020-08-31,321.6845397949219,284.9692687988281,144.5547332763672,54.236209869384766,39.02471160888672,58.996822357177734,22.54212188720703,14.130393028259277,98.30429077148438,24.68018341064453,134.89791870117188,104.34886169433594,109.1179428100586,61.83054733276367,184.8300018310547,11.78166675567627,65.03335571289062
2020-09-01,324.7143859863281,289.83984375,146.21018981933594,54.29463577270508,39.69060516357422,60.12377166748047,22.605087280273438,14.035265922546387,97.42350006103516,24.396936416625977,136.44085693359375,104.69087219238281,109.80747985839844,62.16716384887695,185.0500030517578,11.799070358276367,65.0810775756836
2020-09-02,329.41094970703125,292.5843505859375,147.3727264404297,55.02078628540039,39.5854606628418,60.658573150634766,22.92891502380371,13.96788501739502,99.37579345703125,25.15504264831543,137.73983764648438,104.83700561523438,110.24298858642578,62.240142822265625,182.6199951171875,11.64244556427002,66.29027557373047
2020-09-03,318.0744934082031,277.7502746582031,143.02017211914062,53.77714538574219,38.83195877075195,57.20137023925781,22.578100204467773,13.864829063415527,96.6698226928711,24.871793746948242,138.13111877441406,104.97449493408203,110.00098419189453,61.853214263916016,181.13999938964844,11.538029670715332,65.49475860595703
2020-09-04,315.47760009765625,274.0489501953125,142.10877990722656,53.85225296020508,38.84947967529297,56.403934478759766,22.74901580810547,13.821231842041016,95.97972106933594,24.730167388916016,135.50833129882812,104.3901138305664,108.8316879272461,61.685279846191406,181.63999938964844,11.433613777160645,65.15267944335938
2020-09-08,306.8577575683594,260.87713623046875,139.37448120117188,53.19287872314453,38.174827575683594,53.85399627685547,22.164321899414062,13.31784725189209,94.39972686767578,24.59271240234375,136.3409881591797,104.61353302001953,108.93651580810547,61.34214401245117,181.2899932861328,11.155167579650879,64.35717010498047
2020-09-09,312.91748046875,268.54058837890625,141.48562622070312,54.186126708984375,38.74433517456055,55.61125564575195,22.389202117919922,13.409013748168945,96.07051849365234,24.91761589050293,135.97457885742188,104.56198120117188,109.00910949707031,61.82401657104492,183.0500030517578,11.259584426879883,64.99358367919922
2020-09-10,307.4840087890625,263.1867980957031,139.64418029785156,53.55178451538086,38.12225341796875,54.35539245605469,22.07436752319336,12.917519569396973,94.59950256347656,24.48857307434082,136.66567993164062,104.69087219238281,109.08973693847656,61.53196334838867,182.4600067138672,11.146467208862305,64.19805908203125
2020-09-11,307.6405944824219,261.36029052734375,138.7141571044922,54.08596420288086,38.4902458190918,53.93996047973633,22.227291107177734,12.929411888122559,94.97180938720703,24.546892166137695,136.95713806152344,104.85417175292969,109.17040252685547,61.65608215332031,182.4499969482422,11.224780082702637,63.840084075927734
2020-09-14,311.6925964355469,265.9119873046875,142.36915588378906,54.37809371948242,39.11233139038086,55.07167434692383,22.533124923706055,13.0285005569458,96.33384704589844,24.88429069519043,136.9487762451172,104.75962829589844,109.44456481933594,61.590362548828125,183.88999938964844,11.233480453491211,65.39928436279297
2020-09-15,313.2674255371094,269.680908203125,142.6388702392578,54.72864532470703,39.52413558959961,55.61602783203125,22.227291107177734,12.933371543884277,96.46099090576172,25.05091094970703,136.61569213867188,104.70812225341797,109.56558227539062,61.75831985473633,183.4499969482422,11.294389724731445,66.18685150146484
2020-09-16,312.024169921875,265.3804931640625,143.98741149902344,54.72864532470703,39.47156524658203,54.75651168823242,22.47915267944336,13.452611923217773,96.29752349853516,25.017581939697266,136.20779418945312,104.64791107177734,109.63812255859375,61.75831985473633,183.97000122070312,11.50322437286377,66.5368881225586
2020-09-17,309.2797546386719,261.2346496582031,142.93646240234375,54.80377197265625,39.31385040283203,54.30286407470703,22.245277404785156,13.472429275512695,95.97972106933594,24.813478469848633,136.6240692138672,104.68230438232422,109.66230010986328,61.69257736206055,182.9600067138672,11.633745193481445,65.24017333984375
2020-09-18,305.7191162109375,257.9006042480469,142.56446838378906,54.36140441894531,39.0071907043457,53.366939544677734,22.20030403137207,13.32181167602539,95.83442687988281,24.37610626220703,136.19935607910156,104.58773803710938,109.46070861816406,61.53925323486328,183.1999969482422,11.685953140258789,63.76846694946289
2020-09-21,302.3166198730469,258.51910400390625,137.57020568847656,52.98421096801758,38.64796447753906,53.81058120727539,21.64405059814453,12.880248069763184,94.06399536132812,24.224445343017578,136.89047241210938,104.77684020996094,109.35586547851562,61.042808532714844,179.52000427246094,11.398807525634766,61.85130310058594
2020-09-22,305.3955078125,263.3221130371094,138.63043212890625,52.9675178527832,38.35882568359375,54.66243362426758,21.463157653808594,12.747296333312988,93.86345672607422,24.375688552856445,136.78225708007812,104.77684020996094,109.42039489746094,61.25453567504883,178.64999389648438,11.346598625183105,62.591121673583984
2020-09-23,298.3131103515625,255.28170776367188,134.50030517578125,52.52515411376953,37.76302719116211,52.958717346191406,20.98378562927246,12.171170234680176,92.89710998535156,24.00177574157715,136.9655303955078,104.77684020996094,108.63006591796875,60.63398742675781,174.7899932861328,11.216079711914062,60.705753326416016
2020-09-24,299.1083068847656,256.47039794921875,134.50030517578125,52.475067138671875,37.58778762817383,53.255435943603516,21.02900505065918,12.167141914367676,92.43214416503906,24.270654678344727,137.489990234375,104.82842254638672,108.35588073730469,60.670440673828125,175.44000244140625,11.26828670501709,61.03190994262695
2020-09-25,303.9439697265625,262.4329833984375,136.6848602294922,52.650352478027344,37.622833251953125,54.52843475341797,21.24608039855957,12.15908145904541,93.91815185546875,24.66977882385254,137.489990234375,104.9143295288086,108.24297332763672,60.56096267700195,174.94000244140625,11.26828670501709,62.290557861328125
2020-09-28,308.99224853515625,267.8834228515625,140.05503845214844,53.44327163696289,38.04339599609375,55.57171630859375,21.75258445739746,12.445130348205566,94.76598358154297,24.732797622680664,137.09869384765625,104.89712524414062,108.7913589477539,60.955196380615234,176.6999969482422,11.364002227783203,63.56523132324219
2020-09-29,307.3094482421875,266.6753845214844,139.4202423095703,53.384849548339844,38.017112731933594,55.38507080078125,21.481245040893555,12.102678298950195,94.64746856689453,24.724388122558594,137.2569122314453,104.97449493408203,108.65425872802734,61.00634002685547,178.19000244140625,11.233480453491211,63.10825729370117
2020-09-30,309.6395263671875,268.50189208984375,139.84034729003906,53.12611389160156,38.63043212890625,55.84929275512695,21.770681381225586,12.066420555114746,96.16081237792969,24.947059631347656,135.94125366210938,104.69087219238281,108.63813781738281,61.25453567504883,177.1199951171875,11.364002227783203,63.300662994384766
2020-10-01,311.6274108886719,272.7637634277344,142.0715789794922,53.43492126464844,38.98966979980469,56.437923431396484,21.806856155395508,11.695765495300293,95.8326416015625,25.19913101196289,136.1654815673828,104.75019836425781,108.9404067993164,61.46498107910156,178.6999969482422,11.224780082702637,64.56733703613281
2020-10-02,308.66864013671875,265.0905456542969,142.6971435546875,53.32642364501953,38.542816162109375,55.00700378417969,21.97870635986328,11.808571815490723,94.95742797851562,25.49742317199707,135.6570587158203,104.64701843261719,108.95655059814453,61.46498107910156,178.5399932861328,11.08555793762207,65.68163299560547
2020-10-05,314.1423034667969,270.74395751953125,146.6368408203125,54.13604736328125,39.05976486206055,56.2130126953125,22.340496063232422,12.16311264038086,96.90836334228516,25.81671714782715,133.00640869140625,103.98489379882812,108.59284210205078,61.926902770996094,179.41000366210938,11.372702598571777,66.05844116210938
2020-10-06,309.6764221191406,265.9119873046875,146.2166748046875,53.56012725830078,39.129859924316406,55.34200668334961,22.114377975463867,11.981812477111816,95.6229248046875,26.035181045532227,133.72323608398438,104.22567749023438,108.50393676757812,61.78759002685547,177.3000030517578,11.41620922088623,65.62554168701172
2020-10-07,315.0668640136719,270.5120544433594,149.4095458984375,54.01919174194336,39.559181213378906,56.3565788269043,22.48521614074707,12.151026725769043,97.42799377441406,26.19483184814453,132.74795532226562,103.9246826171875,108.53630065917969,62.00754928588867,177.22000122070312,11.459716796875,65.72174072265625
2020-10-08,317.8592224121094,271.9518737792969,151.10862731933594,54.39479064941406,39.88336181640625,56.648502349853516,22.79273223876953,12.606287956237793,97.90206909179688,26.67377281188965,133.46487426757812,104.11384582519531,108.80296325683594,62.146846771240234,177.85000610351562,11.572834968566895,66.82003021240234
2020-10-09,320.69775390625,276.10736083984375,151.89280700683594,54.82046890258789,40.15497589111328,57.51471710205078,22.819868087768555,12.404844284057617,98.78636932373047,26.669570922851562,133.4398956298828,104.062255859375,109.05352020263672,62.286155700683594,181.0800018310547,11.607640266418457,66.55549621582031
2020-10-12,325.85699462890625,284.6309509277344,152.91043090820312,55.13762664794922,40.50544738769531,59.084442138671875,23.0731201171875,12.437073707580566,99.46097564697266,26.83762550354004,133.8649444580078,104.17405700683594,109.68396759033203,62.60144805908203,180.55999755859375,11.485820770263672,66.86813354492188
2020-10-13,323.73040771484375,284.621337890625,151.89280700683594,54.51999282836914,40.33898162841797,58.70635986328125,22.629926681518555,12.243688583374023,98.70430755615234,26.652769088745117,134.82350158691406,104.40621948242188,109.57894134521484,62.32282257080078,177.72000122070312,11.511924743652344,65.72174072265625
2020-10-14,321.6962585449219,282.2439880371094,150.38975524902344,54.42816925048828,40.067359924316406,58.39529037475586,22.412860870361328,12.296065330505371,98.1299819946289,26.619159698486328,135.13189697265625,104.44064331054688,109.68396759033203,62.16884994506836,178.27000427246094,11.590237617492676,64.92005920410156
2020-10-15,321.2986755371094,280.349853515625,151.9395294189453,53.78548812866211,39.77822494506836,58.132076263427734,22.584701538085938,12.445130348205566,97.41887664794922,26.60234832763672,134.89849853515625,104.32884216308594,109.57081604003906,62.12485122680664,178.9199981689453,11.625042915344238,65.25676727294922
2020-10-16,321.10455322265625,278.8133544921875,151.56607055664062,54.03588104248047,39.91841506958008,57.96458053588867,22.602792739868164,12.16311264038086,98.3852310180664,26.888038635253906,134.5234375,104.26866149902344,109.38492584228516,62.05154037475586,178.3000030517578,11.546731948852539,64.79178619384766
2020-10-19,316.22259521484375,274.26153564453125,149.75494384765625,53.835567474365234,39.804508209228516,56.90214538574219,22.259096145629883,11.90526294708252,96.82632446289062,26.661169052124023,134.01502990722656,104.09667205810547,109.17477416992188,61.83156967163086,178.38999938964844,11.555431365966797,63.78168487548828
2020-10-20,317.4893493652344,274.8511047363281,150.08169555664062,54.1026611328125,40.24259567260742,57.09836196899414,22.439987182617188,12.046274185180664,96.9539566040039,26.82081413269043,132.73965454101562,103.8730697631836,108.94847869873047,62.05154037475586,179.25,11.685953140258789,64.2386474609375
2020-10-21,316.888427734375,274.63848876953125,148.7933349609375,53.84391403198242,40.35649871826172,57.01221466064453,22.32240867614746,11.816631317138672,96.47076416015625,26.749391555786133,132.28128051757812,103.73552703857422,108.77069854736328,62.04420471191406,180.60000610351562,11.590237617492676,64.04624938964844
2020-10-22,318.62664794921875,274.6288757324219,151.3606719970703,53.885643005371094,40.34772872924805,56.74422073364258,22.765600204467773,12.304121971130371,97.92940521240234,27.127506256103516,130.90591430664062,103.37429809570312,108.52821350097656,62.154170989990234,178.8300018310547,11.625042915344238,64.0382080078125
2020-10-23,319.7084045410156,275.1700744628906,152.2382354736328,54.236209869384766,40.58430480957031,56.68201446533203,22.837955474853516,12.243688583374023,98.29405975341797,27.203136444091797,131.70606994628906,103.52050018310547,108.80296325683594,62.227516174316406,178.63999938964844,11.538029670715332,64.42303466796875
2020-10-26,313.80023193359375,271.04345703125,148.95208740234375,53.2596549987793,40.05859375,55.45207214355469,22.32240867614746,11.804543495178223,97.20008850097656,27.194730758666992,132.931396484375,103.79568481445312,109.02928924560547,61.67761993408203,178.5500030517578,11.372702598571777,63.50107955932617
2020-10-27,312.7184143066406,273.1599426269531,147.673095703125,52.842323303222656,40.23383331298828,55.729644775390625,21.915390014648438,11.651449203491211,96.53458404541016,27.173721313476562,133.8232879638672,104.02786254882812,109.47381591796875,61.706932067871094,179.02000427246094,11.45101547241211,62.48297119140625
2020-10-28,302.030029296875,262.51031494140625,143.1265106201172,51.26481628417969,39.226234436035156,53.36549758911133,21.3546199798584,11.163956642150879,93.47144317626953,26.383886337280273,133.9483184814453,104.0192642211914,108.93233489990234,61.19368362426758,176.1300048828125,11.146467208862305,60.9918212890625
2020-10-29,305.0996398925781,267.1006164550781,144.8350067138672,51.50686264038086,39.62051010131836,54.25564956665039,21.517425537109375,11.506410598754883,92.7056655883789,26.455307006835938,132.6479949951172,103.58070373535156,108.64942169189453,61.36964797973633,175.39999389648438,11.007245063781738,61.809539794921875
2020-10-30,301.9190979003906,260.3263244628906,142.921142578125,51.239776611328125,39.17366027832031,53.05442810058594,21.58073616027832,11.57087230682373,92.67830657958984,26.20743751525879,131.33932495117188,103.24533081054688,108.0837173461914,61.50160598754883,176.1999969482422,11.007245063781738,61.400672912597656
2020-11-02,305.3031921386719,260.9059753417969,145.4698486328125,51.90749740600586,39.6730842590332,53.18842697143555,21.987751007080078,11.965699195861816,94.34662628173828,26.783008575439453,132.32308959960938,103.42254638671875,108.50724792480469,61.64815902709961,177.91000366210938,11.207377433776855,62.86774444580078
2020-11-03,310.6935119628906,265.41912841796875,149.59622192382812,53.268001556396484,39.848323822021484,54.12643051147461,22.47616958618164,11.897208213806152,95.72319793701172,27.169525146484375,131.555419921875,103.19023132324219,108.61254119873047,62.178340911865234,178.9199981689453,11.27698802947998,64.07829284667969
2020-11-04,317.6372985839844,277.26702880859375,149.76426696777344,53.85225296020508,41.10124588012695,56.232139587402344,22.2138729095459,11.913323402404785,99.97149658203125,26.761999130249023,134.40921020507812,104.059326171875,110.2405776977539,62.76008224487305,178.82000732421875,11.398807525634766,64.19052124023438
2020-11-05,323.83209228515625,284.49560546875,153.95603942871094,55.1459846496582,41.80217742919922,57.978939056396484,22.756555557250977,11.913323402404785,100.17208099365234,27.001468658447266,134.6428985595703,104.04215240478516,110.65357971191406,62.980979919433594,182.92999267578125,11.45101547241211,64.49517059326172
2020-11-06,323.7581481933594,284.708251953125,152.751708984375,55.262840270996094,41.99494171142578,58.184722900390625,22.575658798217773,11.655474662780762,100.2085189819336,26.94265365600586,133.01568603515625,103.6893081665039,110.30535125732422,62.76008224487305,183.19000244140625,11.407508850097656,64.05426025390625
2020-11-09,327.8262634277344,278.890625,158.28782653808594,56.87372970581055,42.2840690612793,57.763572692871094,24.429828643798828,13.319393157958984,101.14753723144531,27.442604064941406,130.22042846679688,102.92350006103516,109.47111511230469,63.23868179321289,175.0800018310547,11.546731948852539,66.32300567626953
2020-11-10,327.3455810546875,273.8943786621094,161.2285919189453,57.38287353515625,41.80217742919922,56.686790466308594,24.55645751953125,13.750482559204102,101.43926239013672,27.837522506713867,129.46939086914062,102.63094329833984,109.1876220703125,63.150360107421875,175.66000366210938,11.772967338562012,67.29303741455078
2020-11-11,329.77734375,280.0213317871094,161.1632537841797,57.86697006225586,42.07379150390625,58.03158187866211,24.456968307495117,13.609466552734375,101.31161499023438,27.942554473876953,129.93666076660156,102.79444122314453,109.39010620117188,63.12826919555664,174.89999389648438,11.764266014099121,67.549560546875
2020-11-12,326.5782470703125,278.70703125,158.6892547607422,57.02397155761719,41.75837326049805,57.51471710205078,24.049957275390625,13.170324325561523,100.93787384033203,27.49302101135254,132.14793395996094,103.37956237792969,109.82746887207031,62.701175689697266,175.9600067138672,11.668549537658691,66.66773223876953
2020-11-13,331.0994567871094,281.1520690917969,161.97544860839844,57.90036392211914,42.34540557861328,58.00285720825195,24.447919845581055,13.649762153625488,102.21415710449219,27.766096115112305,131.9727020263672,103.24189758300781,109.95704650878906,62.914703369140625,177.16000366210938,11.616342544555664,68.44744873046875
2020-11-16,335.23236083984375,283.34564208984375,165.83111572265625,58.501312255859375,42.87110900878906,58.56278610229492,24.990602493286133,14.548195838928223,102.04093170166016,28.04758644104004,131.65562438964844,103.16443634033203,110.31343841552734,63.268157958984375,177.14999389648438,11.720759391784668,69.21707153320312
2020-11-17,333.429443359375,282.4469299316406,166.6060028076172,58.442893981933594,42.827301025390625,58.23738098144531,24.954429626464844,14.697260856628418,101.37544250488281,27.497222900390625,132.51504516601562,103.43118286132812,110.66980743408203,63.29026794433594,176.5,11.75556468963623,69.28118896484375
2020-11-18,329.41668701171875,280.3595275878906,164.2720184326172,58.134063720703125,42.678348541259766,57.61521911621094,24.719261169433594,14.2701997756958,99.48831176757812,26.95945930480957,132.89886474609375,103.39677429199219,110.9046401977539,63.17243576049805,175.49000549316406,11.772967338562012,67.93437194824219
2020-11-19,330.8035888671875,282.5532531738281,165.53236389160156,58.54304504394531,42.74844741821289,58.079437255859375,24.8006649017334,14.50387954711914,99.41539001464844,26.690576553344727,133.5831298828125,103.5086441040039,111.52025604248047,63.386009216308594,175.16000366210938,11.772967338562012,68.1989517211914
2020-11-20,328.538330078125,280.6204833984375,165.7097625732422,58.718326568603516,42.985015869140625,57.48122024536133,24.58359146118164,14.427328109741211,99.18749237060547,26.694782257080078,134.76797485351562,103.6893081665039,111.42306518554688,63.268157958984375,175.69000244140625,11.833876609802246,67.83014678955078
2020-11-23,330.5077209472656,280.63006591796875,168.8092498779297,58.64320373535156,43.098915100097656,57.466861724853516,25.044872283935547,15.44662857055664,98.93221282958984,26.698986053466797,134.15061950683594,103.48280334472656,111.56076049804688,63.363887786865234,172.22999572753906,11.868681907653809,67.95841979980469
2020-11-24,335.8334045410156,284.57305908203125,171.9833984375,59.51959228515625,43.677181243896484,58.266075134277344,25.922210693359375,16.240312576293945,99.22395324707031,26.984668731689453,132.81546020507812,103.3193588256836,111.30965423583984,63.55533981323242,169.58999633789062,12.12102222442627,68.31919860839844
2020-11-25,335.3156433105469,286.3222351074219,171.39523315429688,59.4444694519043,43.431861877441406,58.390506744384766,25.831764221191406,15.861600875854492,98.85929107666016,27.056087493896484,132.40658569335938,103.35374450683594,111.37445831298828,63.525909423828125,169.50999450683594,12.225439071655273,68.35926055908203
2020-11-27,336.2495422363281,288.96044921875,172.12338256835938,59.85346603393555,43.843666076660156,58.70157241821289,25.750356674194336,15.676274299621582,99.77094268798828,26.78720474243164,133.6915740966797,103.66353607177734,111.7713394165039,63.628997802734375,167.7899932861328,12.199335098266602,68.05464172363281
2020-11-30,334.7608947753906,289.54986572265625,168.99594116210938,58.5513916015625,42.69587707519531,59.093997955322266,25.216720581054688,14.81006908416748,100.04441833496094,26.400693893432617,133.5247039794922,103.59464263916016,112.16007995605469,63.562705993652344,166.6699981689453,12.129722595214844,67.34114837646484
2020-12-01,338.42230224609375,293.26080322265625,170.5643310546875,59.928592681884766,43.53700256347656,59.85014724731445,25.605642318725586,14.878561019897461,100.88317108154297,26.58554458618164,131.55599975585938,103.0435791015625,111.73485565185547,63.7260856628418,170.17999267578125,12.094918251037598,68.20695495605469
2020-12-02,339.1342468261719,293.6377868652344,170.74176025390625,59.93693161010742,43.598331451416016,59.759220123291016,25.88603401184082,15.362024307250977,101.63981628417969,26.761999130249023,130.5118408203125,102.87135314941406,111.36151885986328,63.90349578857422,171.4600067138672,12.147125244140625,67.66985321044922
2020-12-03,339.0417785644531,294.0533447265625,171.7032928466797,60.0370979309082,44.09775924682617,59.72093200683594,25.89508056640625,15.523175239562988,101.5121841430664,26.48471450805664,131.56427001953125,103.14691925048828,111.79977416992188,63.94050598144531,172.80999755859375,12.164527893066406,68.23902893066406
2020-12-04,341.96356201171875,295.2515869140625,175.69900512695312,60.546241760253906,44.55336380004883,60.319149017333984,26.211641311645508,16.369237899780273,102.59703826904297,26.22003936767578,129.63478088378906,102.7422103881836,111.18297576904297,64.20660400390625,172.32000732421875,12.216736793518066,69.28118896484375
2020-12-07,341.2608337402344,296.92340087890625,175.8670654296875,60.05378723144531,44.55336380004883,60.49143600463867,26.030750274658203,15.986493110656738,101.96803283691406,26.36708641052246,130.80426025390625,103.06082153320312,111.28035736083984,64.17703247070312,174.88999938964844,12.216736793518066,68.67993927001953
2020-12-08,342.25933837890625,297.928466796875,178.12632751464844,60.262454986572266,44.57088088989258,60.68764114379883,26.02170181274414,16.22420310974121,102.74291229248047,26.287254333496094,131.42234802246094,103.16415405273438,111.15054321289062,64.12529754638672,175.5,12.234139442443848,68.43944549560547
2020-12-09,339.1897277832031,291.18316650390625,176.82864379882812,60.34592819213867,44.185367584228516,59.524715423583984,25.958389282226562,16.260456085205078,102.38737487792969,26.241046905517578,130.9879913330078,103.01776123046875,110.7447280883789,64.02921295166016,172.5,12.242840766906738,68.01454162597656
2020-12-10,339.07879638671875,292.3524169921875,178.5370635986328,60.42937469482422,44.7548828125,59.610862731933594,26.003616333007812,16.760034561157227,102.21415710449219,26.106605529785156,132.14898681640625,103.25027465820312,111.29660034179688,64.14746856689453,172.1699981689453,12.425569534301758,67.7179183959961
2020-12-11,338.68109130859375,291.7049865722656,177.65951538085938,60.245750427246094,44.4394645690918,59.48643493652344,25.74131202697754,16.566652297973633,101.81302642822266,26.148618698120117,132.61679077148438,103.45691680908203,111.41023254394531,64.08094787597656,172.49000549316406,12.390764236450195,67.65379333496094
2020-12-14,337.1647644042969,293.8213195800781,177.867431640625,60.28282928466797,44.20841598510742,59.701786041259766,25.442842483520508,15.986493110656738,101.04723358154297,26.014177322387695,132.2492218017578,103.39663696289062,111.32906341552734,64.095703125,171.5399932861328,12.425569534301758,67.3571548461914
2020-12-15,341.7231140136719,296.9621887207031,182.31576538085938,60.89805221557617,44.686431884765625,60.69721603393555,25.87698745727539,16.300745010375977,102.14122772216797,26.526729583740234,131.80650329589844,103.29329681396484,111.54821014404297,64.29532623291016,173.94000244140625,12.521286010742188,68.73604583740234
2020-12-16,342.25933837890625,298.5953063964844,181.66021728515625,61.13402557373047,44.898895263671875,61.10879135131836,25.922210693359375,16.220169067382812,101.84039306640625,26.22003936767578,131.45571899414062,103.20719909667969,111.45894622802734,64.19921112060547,174.89999389648438,12.590897560119629,68.81622314453125
2020-12-17,344.1733703613281,300.54742431640625,183.823486328125,61.56383514404297,45.19102096557617,61.59214782714844,25.994571685791016,16.143619537353516,102.93437194824219,26.396493911743164,131.1078643798828,103.13224792480469,111.62156677246094,64.29500579833984,176.74000549316406,12.73882007598877,69.48162078857422
2020-12-18,342.7991027832031,299.6390380859375,182.9337921142578,61.24358367919922,45.137908935546875,61.37678909301758,25.768449783325195,15.873692512512207,103.01642608642578,26.169628143310547,130.7149200439453,103.04610443115234,111.54023742675781,64.34696197509766,176.44000244140625,12.782325744628906,68.08670806884766
2020-12-21,341.5733947753906,299.0785217285156,182.8401641845703,60.45982360839844,44.47397994995117,61.43818664550781,26.115812301635742,15.567483901977539,101.98566436767578,25.85271644592285,131.23330688476562,103.11499786376953,111.3206787109375,64.11682891845703,175.8800048828125,12.651805877685547,67.70189666748047
2020-12-22,340.9976806640625,299.8917541503906,184.9192352294922,60.3081169128418,44.11988830566406,61.970638275146484,25.861202239990234,15.306185722351074,101.6744155883789,25.8018741607666,131.91062927246094,103.28732299804688,111.62966918945312,64.19851684570312,174.49000549316406,12.51258373260498,68.17488861083984
2020-12-23,341.3041076660156,298.3813781738281,186.49249267578125,60.9570426940918,44.571353912353516,61.500545501708984,26.28858184814453,15.645051002502441,101.7476577758789,25.75102996826172,130.99923706054688,103.07190704345703,111.6540756225586,64.48799133300781,175.64999389648438,12.669208526611328,67.73395538330078
2020-12-24,342.6319580078125,299.69805908203125,186.37075805664062,60.98232650756836,44.376609802246094,61.90828323364258,26.324962615966797,15.563396453857422,102.04058837890625,25.933212280273438,131.5176544189453,103.2184066772461,112.03626251220703,64.62161254882812,176.35000610351562,12.70401382446289,68.32697296142578
2020-12-28,345.5754699707031,302.7186279296875,185.67771911621094,61.47954559326172,44.50053787231445,62.608638763427734,26.452259063720703,15.465417861938477,102.29692077636719,26.047607421875,131.57611083984375,103.22701263427734,112.1094741821289,64.7032699584961,175.7100067138672,12.625702857971191,68.73426055908203
2020-12-29,344.9161682128906,302.9896545410156,182.08160400390625,61.87565994262695,45.164459228515625,62.31122589111328,26.361331939697266,15.363348007202148,102.78207397460938,26.043365478515625,131.40892028808594,103.20977783203125,112.15829467773438,64.62161254882812,176.35000610351562,12.660507202148438,68.14776611328125
2020-12-30,345.4082946777344,302.99945068359375,183.93589782714844,61.959930419921875,45.766422271728516,62.277645111083984,26.47954559326172,15.604231834411621,102.76377868652344,26.17470932006836,131.6931915283203,103.2787094116211,112.30467224121094,64.7552490234375,177.6999969482422,12.73882007598877,68.5224609375
2020-12-31,347.1632385253906,303.7449035644531,183.60806274414062,61.487998962402344,45.73986053466797,62.368778228759766,26.806900024414062,15.473579406738281,103.84395599365234,26.564489364624023,131.88551330566406,103.34766387939453,112.32907104492188,64.8072280883789,178.36000061035156,12.791027069091797,69.18228912353516
2021-01-04,342.4369812011719,299.4560546875,181.210693359375,61.8082275390625,46.03199005126953,61.351844787597656,26.44317054748535,15.498075485229492,103.39540100097656,25.895076751708984,131.72662353515625,103.37348175048828,111.75980377197266,64.67359924316406,182.3300018310547,12.721417427062988,66.93403625488281
2021-01-05,344.79547119140625,301.9248046875,184.01080322265625,62.44873046875,47.13852310180664,61.74998474121094,26.561378479003906,16.192138671875,104.14602661132812,25.890844345092773,130.7484130859375,103.13224792480469,111.40199279785156,64.69586181640625,182.8699951171875,13.078173637390137,67.03180694580078
2021-01-06,346.8568115234375,297.7424011230469,191.54014587402344,63.165077209472656,46.74016571044922,60.685081481933594,27.73440933227539,16.686155319213867,105.57405853271484,26.534832000732422,128.06434631347656,102.52912139892578,110.49930572509766,64.57708740234375,179.89999389648438,13.095576286315918,67.14583587646484
2021-01-07,352.0102233886719,304.94537353515625,194.94898986816406,63.23249816894531,47.18279266357422,62.32080841064453,28.1345157623291,16.931114196777344,106.94717407226562,26.18741798400879,126.93550109863281,102.16725158691406,110.48303985595703,64.76265716552734,179.47999572753906,13.156485557556152,67.01548767089844
2021-01-08,354.0157775878906,308.86639404296875,194.527587890625,63.822444915771484,48.430965423583984,62.72372817993164,28.116331100463867,16.910701751708984,107.4598159790039,26.407733917236328,126.5257568359375,101.87431335449219,110.40174102783203,64.85922241210938,173.33999633789062,13.260902404785156,67.66717529296875
2021-01-11,351.62945556640625,304.4032287597656,194.35902404785156,62.98810577392578,47.7758903503418,62.20568084716797,28.207260131835938,17.176076889038086,107.96328735351562,26.1619930267334,126.31678771972656,101.67615509033203,109.93006896972656,64.51026153564453,173.0,13.16518783569336,66.7711181640625
2021-01-12,351.7037658691406,303.9190979003906,197.84274291992188,63.27463912963867,48.24506378173828,61.90828323364258,28.49824333190918,17.776243209838867,106.79157257080078,26.02218246459961,126.21646118164062,101.65892028808594,110.16590118408203,64.59191131591797,174.1199951171875,13.41752815246582,66.92589569091797
2021-01-13,352.6509704589844,305.97161865234375,196.42864990234375,63.190364837646484,48.35129165649414,62.30161666870117,28.480058670043945,17.637426376342773,107.0844955444336,26.530597686767578,127.63788604736328,102.01217651367188,111.019775390625,64.78498840332031,173.3699951171875,13.382721900939941,67.74048614501953
2021-01-14,351.41595458984375,304.33544921875,200.35256958007812,63.69602584838867,48.80276107788086,61.75478744506836,28.607364654541016,18.16002082824707,106.74578094482422,26.428916931152344,126.44216918945312,101.7795181274414,110.53996276855469,64.77009582519531,173.27999877929688,13.504541397094727,68.13961791992188
2021-01-15,348.85321044921875,301.9248046875,197.3651123046875,62.701576232910156,48.112281799316406,61.12159729003906,28.1345157623291,17.453702926635742,107.07532501220703,26.68735694885254,126.94384765625,102.05526733398438,110.71076965332031,64.66616821289062,171.1300048828125,13.3131103515625,68.92161560058594
2021-01-19,351.5923156738281,306.32989501953125,199.8936309814453,63.15666580200195,48.90898513793945,61.91786575317383,28.207260131835938,17.804821014404297,107.88088989257812,26.585674285888672,127.35357666015625,102.11556243896484,110.90592193603516,64.85176086425781,172.5800018310547,13.356618881225586,68.72611236572266
2021-01-20,356.45794677734375,313.4553527832031,200.77398681640625,63.58645248413086,49.767662048339844,63.1458854675293,28.089052200317383,17.87014389038086,108.4759521484375,26.742433547973633,127.47901153564453,102.15863037109375,110.87340545654297,64.97052001953125,175.38999938964844,13.36531925201416,70.03759765625
2021-01-21,356.78289794921875,315.96282958984375,199.03208923339844,63.637027740478516,49.85618591308594,63.96131896972656,27.788969039916992,17.265905380249023,107.96328735351562,26.585674285888672,126.58432006835938,102.01217651367188,110.43426513671875,64.93339538574219,175.27999877929688,13.356618881225586,69.70359802246094
2021-01-22,355.5201110839844,315.0528564453125,201.34519958496094,63.3336296081543,49.422420501708984,63.716697692871094,27.588918685913086,17.176076889038086,107.64289093017578,26.62380599975586,126.9939956665039,102.16725158691406,110.3529281616211,64.8072280883789,173.89999389648438,13.130382537841797,69.86652374267578
2021-01-25,356.9221496582031,317.6570129394531,201.14857482910156,63.257789611816406,49.794212341308594,64.24915313720703,27.38886833190918,17.000524520874023,108.3477554321289,27.157636642456055,128.49072265625,102.580810546875,110.82461547851562,64.82207489013672,174.0500030517578,13.269604682922363,70.39601135253906
2021-01-26,356.36505126953125,318.1217346191406,199.75315856933594,63.350486755371094,49.4312744140625,64.29232025146484,27.17062759399414,16.637157440185547,107.9449691772461,26.88648223876953,128.24822998046875,102.54637145996094,110.81647491455078,64.72554779052734,173.6199951171875,13.295707702636719,70.89291381835938
2021-01-27,347.65533447265625,309.25360107421875,196.09149169921875,61.900936126708984,48.059165954589844,63.07871627807617,26.370424270629883,16.41261100769043,104.66780853271484,26.1619930267334,128.57440185546875,102.6669692993164,110.62126159667969,64.53995513916016,172.52000427246094,13.260902404785156,69.6384506225586
2021-01-28,350.6452331542969,311.0834045410156,195.46405029296875,62.29702377319336,48.39555358886719,63.33774948120117,26.86146354675293,16.604496002197266,106.1965560913086,26.475515365600586,127.86367797851562,102.39991760253906,110.4424057006836,64.73299407958984,172.67999267578125,13.199993133544922,70.01315307617188
2021-01-29,343.62548828125,304.5387878417969,192.5047149658203,61.00762176513672,47.1916389465332,61.84592056274414,26.324962615966797,16.053325653076172,105.2994384765625,26.33146858215332,127.09441375732422,102.21896362304688,110.27161407470703,64.56224822998047,172.61000061035156,13.217394828796387,69.20672607421875
2021-02-01,349.3452453613281,312.1484069824219,197.23403930664062,61.73238754272461,48.46636962890625,63.39530944824219,26.670501708984375,16.167644500732422,105.70220947265625,26.458572387695312,127.24171447753906,102.3465805053711,110.48916625976562,64.76937103271484,174.22999572753906,13.469735145568848,70.78700256347656
2021-02-02,354.28515625,317.2407531738281,200.04351806640625,62.35604476928711,49.09489059448242,64.25395202636719,27.316125869750977,16.34320068359375,106.00430297851562,26.67464828491211,126.42133331298828,102.08790588378906,110.19586944580078,64.92581176757812,172.11000061035156,13.574151992797852,71.21058654785156
2021-02-03,354.5636291503906,315.98223876953125,200.64283752441406,62.50773620605469,49.342750549316406,64.03329467773438,27.4707088470459,17.041353225708008,105.2536849975586,26.589914321899414,125.29963684082031,101.83788299560547,109.9350814819336,64.97798919677734,171.85000610351562,13.669867515563965,71.03137969970703
2021-02-04,358.59356689453125,319.7192687988281,204.73532104492188,62.57515335083008,49.360450744628906,65.05503845214844,28.079954147338867,17.229154586791992,105.69306182861328,26.797513961791992,124.96477508544922,101.80338287353516,110.12248229980469,65.11209106445312,168.14999389648438,13.739479064941406,71.52012634277344
2021-02-05,360.0049133300781,320.80352783203125,207.5728302001953,62.96283721923828,49.78536605834961,64.9111328125,28.089052200317383,17.376134872436523,105.88529968261719,26.941560745239258,123.91832733154297,101.58785247802734,109.82914733886719,65.20893859863281,169.80999755859375,13.809089660644531,71.77265167236328
2021-02-08,362.6048889160156,322.9527893066406,212.87338256835938,63.40105056762695,49.8738899230957,65.59228515625,28.45277976989746,18.10286521911621,106.0134506225586,26.73396110534668,124.46250915527344,101.63097381591797,110.30177307128906,65.40267181396484,171.52000427246094,14.026625633239746,72.16361999511719
2021-02-09,362.3634338378906,322.8850402832031,213.8754119873047,63.74659729003906,50.405025482177734,65.51551818847656,28.461868286132812,17.91097640991211,106.16908264160156,26.772092819213867,124.55461120605469,101.70858001708984,110.13066864013672,65.2834701538086,172.0800018310547,14.078832626342773,72.41616821289062
2021-02-10,362.2055969238281,322.14923095703125,212.470703125,63.52745819091797,50.58207321166992,65.41959381103516,28.461868286132812,18.253923416137695,106.36132049560547,26.878009796142578,125.38330078125,101.96720886230469,110.3913803100586,65.26856994628906,172.7100067138672,14.052728652954102,72.8071517944336
2021-02-11,362.79052734375,323.9210510253906,212.22723388671875,63.95726776123047,51.12206268310547,66.13911437988281,28.370939254760742,17.97221565246582,106.56271362304688,26.725488662719727,124.69692993164062,101.88960266113281,110.09809875488281,65.29837036132812,171.2100067138672,14.026625633239746,72.96192932128906
2021-02-12,364.58270263671875,325.7314453125,212.82652282714844,64.31124114990234,51.166324615478516,66.47969055175781,28.661924362182617,18.23758888244629,107.359130859375,26.530597686767578,123.14822387695312,101.5533676147461,109.73956298828125,65.40267181396484,170.69000244140625,14.200652122497559,72.97823333740234
2021-02-16,364.26690673828125,324.8504333496094,211.48736572265625,64.77476501464844,51.29025650024414,66.26383209228516,29.152956008911133,18.69485855102539,106.29725646972656,26.234024047851562,121.27307891845703,100.8205337524414,108.96549224853516,65.29837036132812,168.24000549316406,14.392083168029785,72.41616821289062
2021-02-17,364.3505554199219,323.2916259765625,209.82981872558594,64.39551544189453,51.307960510253906,65.6786117553711,29.2984561920166,18.97248649597168,106.68170928955078,26.255205154418945,122.04320526123047,100.8895263671875,109.51140594482422,65.2760238647461,166.3300018310547,14.435588836669922,72.3265609741211
2021-02-18,362.7998352050781,321.878173828125,206.5802001953125,64.07526397705078,50.59977340698242,65.35723114013672,29.12567901611328,18.54379653930664,106.0134506225586,26.41196632385254,121.54940032958984,100.8808822631836,109.2995376586914,65.1866226196289,166.32000732421875,14.383381843566895,72.01701354980469
2021-02-19,362.1592102050781,320.474365234375,210.88804626464844,64.26067352294922,50.927310943603516,65.26128387451172,29.47121810913086,18.85408592224121,104.73188018798828,26.017946243286133,119.93374633789062,100.47566223144531,108.5091323852539,65.19403839111328,167.00999450683594,14.374679565429688,72.43245697021484
2021-02-22,359.37353515625,312.16778564453125,209.52073669433594,64.10054016113281,49.4312744140625,63.822235107421875,29.7440128326416,19.507326126098633,104.48472595214844,25.509538650512695,119.02118682861328,100.3118667602539,107.8328628540039,64.99288177490234,169.50999450683594,14.696629524230957,73.0352554321289
2021-02-23,359.8099365234375,311.2383117675781,207.6758575439453,64.15953063964844,49.652587890625,63.644744873046875,29.92588233947754,19.829856872558594,104.31079864501953,25.72137451171875,118.67801666259766,100.38946533203125,107.91436767578125,65.14938354492188,169.1199951171875,14.766239166259766,73.49142456054688
2021-02-24,363.77484130859375,313.80389404296875,212.5831298828125,64.36181640625,49.33389663696289,64.61852264404297,30.507856369018555,20.532093048095703,105.03400421142578,25.420568466186523,117.89948272705078,100.25154876708984,108.07733154296875,65.2164306640625,169.0,14.992476463317871,74.053466796875
2021-02-25,355.00933837890625,302.8638610839844,204.72592163085938,63.266212463378906,48.20965576171875,62.35918045043945,29.95315933227539,20.13606834411621,103.98124694824219,25.191776275634766,115.9741439819336,98.91520690917969,106.3662338256836,64.59799194335938,165.82000732421875,14.870657920837402,72.63610076904297
2021-02-26,353.18017578125,304.1321716308594,204.4450225830078,62.372886657714844,47.56344223022461,62.69016647338867,29.38028907775879,19.658388137817383,103.08415222167969,24.725740432739258,119.8081283569336,99.80321502685547,107.77584838867188,64.40428161621094,161.80999755859375,14.557406425476074,71.57716369628906
2021-03-01,361.74127197265625,313.28106689453125,211.71214294433594,63.54433059692383,48.838165283203125,64.70964813232422,30.298704147338867,20.168725967407227,104.42981719970703,25.272281646728516,118.2257308959961,99.69105529785156,107.88121032714844,65.12734985351562,161.52999877929688,14.435588836669922,71.89483642578125
2021-03-02,358.9186096191406,308.25640869140625,207.638427734375,63.476905822753906,48.360145568847656,63.68311309814453,30.189586639404297,20.058496475219727,104.12773895263672,25.19601821899414,118.23414611816406,99.87218475341797,107.75870513916016,65.03015899658203,162.41000366210938,14.496500015258789,71.20244598388672
2021-03-03,354.1644592285156,299.31085205078125,205.3908233642578,63.089229583740234,48.26277160644531,62.08097457885742,30.426010131835938,20.35245132446289,102.80953216552734,24.89944076538086,116.9517593383789,99.33734130859375,106.95855712890625,64.82077026367188,160.6199951171875,14.583513259887695,70.79515838623047
2021-03-04,349.78173828125,294.4120178222656,199.65016174316406,62.49088668823242,47.13852310180664,60.70906066894531,30.08047103881836,20.838298797607422,101.42728424072266,24.87826156616211,116.19745635986328,98.84561157226562,106.08492279052734,64.57402801513672,159.0399932861328,14.809749603271484,69.98871612548828
2021-03-05,356.2165222167969,298.8460388183594,203.88308715820312,62.895389556884766,47.65196228027344,61.855506896972656,30.653345108032227,21.618101119995117,103.45946502685547,25.284988403320312,116.42377471923828,98.70759582519531,105.94609832763672,64.76839447021484,159.13999938964844,15.114296913146973,70.75442504882812
2021-03-08,354.4430236816406,290.3845520019531,204.8477020263672,62.676292419433594,46.36837387084961,60.358890533447266,31.044361114501953,21.65892791748047,103.20317077636719,25.64087677001953,115.51862335205078,98.31938934326172,104.95816802978516,64.29735565185547,157.49000549316406,14.905463218688965,71.3653564453125
2021-03-09,359.5035095214844,301.83770751953125,209.15553283691406,63.519039154052734,47.386390686035156,62.41194152832031,30.762460708618164,21.27923583984375,103.8073501586914,25.979814529418945,117.11942291259766,98.78521728515625,105.75017547607422,64.38707733154297,160.83999633789062,14.905463218688965,71.83781433105469
2021-03-10,361.74127197265625,300.97601318359375,212.78912353515625,63.78873825073242,47.17393493652344,62.162513732910156,31.3898983001709,21.818157196044922,104.04534912109375,26.15776252746582,117.35409545898438,98.9922866821289,106.24821472167969,64.58898162841797,161.66000366210938,15.001179695129395,72.55464935302734
2021-03-11,365.4090576171875,307.90789794921875,217.47157287597656,64.12583923339844,48.661128997802734,63.49122619628906,31.298967361450195,21.82632064819336,104.67695617675781,26.08997344970703,116.507568359375,98.95775604248047,106.31352233886719,64.8282241821289,161.52000427246094,15.227415084838867,73.40180969238281
2021-03-12,365.9012145996094,305.4101257324219,218.75450134277344,64.28594970703125,47.7935905456543,63.035545349121094,31.617233276367188,21.871227264404297,104.90581512451172,26.441625595092773,114.03512573242188,98.24173736572266,105.08880615234375,64.64878845214844,161.49000549316406,15.157803535461426,74.63182830810547
2021-03-15,368.0832214355469,308.67279052734375,219.53182983398438,64.33651733398438,47.90867614746094,63.707122802734375,31.435365676879883,21.622180938720703,105.62899017333984,26.780569076538086,114.70561981201172,98.36249542236328,105.44806671142578,64.65626525878906,162.1999969482422,15.105596542358398,75.73965454101562
2021-03-16,367.61895751953125,310.36700439453125,215.8607940673828,64.44607543945312,48.112281799316406,64.18678283691406,31.108007431030273,21.005691528320312,105.56490325927734,26.814453125,114.24466705322266,98.34526824951172,105.37458801269531,64.5067367553711,162.35000610351562,15.044685363769531,75.43011474609375
2021-03-17,368.8724365234375,311.64495849609375,217.5558319091797,64.8253173828125,48.17424011230469,64.13401794433594,31.31715202331543,21.168996810913086,105.180419921875,26.37807273864746,113.38969421386719,98.18135070800781,105.47256469726562,64.59645080566406,163.50999450683594,15.044685363769531,75.49528503417969
2021-03-18,363.5055236816406,302.09906005859375,210.9348907470703,64.23539733886719,47.28901672363281,62.354393005371094,31.480823516845703,20.217723846435547,104.96074676513672,26.280624389648438,112.2415542602539,97.56885528564453,104.86837005615234,64.10296630859375,162.55999755859375,14.331171989440918,74.72956085205078
2021-03-19,362.8329162597656,303.1640930175781,212.5269317626953,64.41236877441406,47.87327194213867,62.16731643676758,31.11710548400879,20.221803665161133,105.33606719970703,26.352651596069336,112.93721008300781,97.50843811035156,105.02346801757812,64.34969329833984,163.24000549316406,14.644421577453613,73.71133422851562
2021-03-22,365.7301940917969,308.849365234375,210.92552185058594,64.47135925292969,47.731624603271484,63.38970947265625,30.71613883972168,20.02787971496582,106.2528076171875,26.314666748046875,114.20276641845703,97.82764434814453,105.39910125732422,64.58151245117188,163.0,14.618317604064941,74.232666015625
2021-03-23,362.8515930175781,307.5019836425781,203.27438354492188,63.57803726196289,46.81983947753906,62.99555206298828,30.286861419677734,19.73493194580078,105.17807006835938,26.707355499267578,115.23365783691406,98.3107681274414,105.70933532714844,64.64878845214844,161.80999755859375,14.209352493286133,74.12677764892578
2021-03-24,361.0069885253906,302.3158264160156,198.57322692871094,63.257789611816406,45.74870681762695,62.23124313354492,30.39646339416504,20.230051040649414,105.05864715576172,26.71588897705078,115.85383605957031,98.44019317626953,106.02774810791016,64.68617248535156,162.3699951171875,14.583513259887695,73.71133422851562
2021-03-25,363.03790283203125,301.7923583984375,203.28134155273438,63.729732513427734,45.96116256713867,62.19279098510742,30.907949447631836,20.304323196411133,105.49956512451172,27.00187873840332,114.94035339355469,98.3107681274414,105.90526580810547,64.7983169555664,161.77999877929688,14.252860069274902,74.46185302734375
2021-03-26,368.8882751464844,306.3193054199219,206.9874267578125,64.55564880371094,47.15623092651367,63.774288177490234,31.39202308654785,20.80770492553711,107.4928970336914,27.091514587402344,114.53801727294922,97.98295593261719,105.83179473876953,64.99272155761719,162.24000549316406,14.592214584350586,76.06776428222656
2021-03-29,368.7019348144531,306.2320251464844,201.16090393066406,64.30281829833984,46.828697204589844,63.44260787963867,31.11802101135254,20.560142517089844,107.99812316894531,27.381765365600586,113.5658187866211,97.64649963378906,105.57869720458984,65.03015899658203,160.30999755859375,14.609618186950684,75.62533569335938
2021-03-30,367.7237548828125,304.6907958984375,204.5479736328125,64.21853637695312,46.97918701171875,62.84174346923828,31.337221145629883,20.382719039916992,107.02440643310547,27.13419532775879,114.16087341308594,97.56022644042969,105.90526580810547,64.87311553955078,157.57000732421875,14.374679565429688,75.72364044189453
2021-03-31,369.2142028808594,309.35345458984375,207.29705810546875,63.940425872802734,47.21819305419922,63.84159851074219,31.099742889404297,20.242435455322266,107.2356948852539,27.33481216430664,113.52387237548828,97.4222183227539,106.18286895751953,65.1871566772461,159.9600067138672,14.45299243927002,75.26483154296875
2021-04-01,373.2014465332031,314.62664794921875,209.92417907714844,64.77476501464844,47.67852020263672,65.12506103515625,31.48335838317871,20.758195877075195,106.91419219970703,27.309202194213867,115.40797424316406,97.85382080078125,106.84882354736328,65.3251953125,161.97999572753906,14.696629524230957,76.63312530517578
2021-04-05,378.55804443359375,320.90826416015625,211.0781707763672,65.7186508178711,47.86442184448242,66.47101593017578,31.729963302612305,20.263059616088867,107.65824127197266,27.607990264892578,114.90450286865234,97.57759094238281,106.32521057128906,65.35523986816406,161.9199981689453,14.479096412658691,76.9281005859375
2021-04-06,378.33447265625,320.6852722167969,210.45895385742188,65.01915740966797,48.12998580932617,66.1873779296875,31.66602897644043,20.20942497253418,107.24488830566406,27.753110885620117,115.68498229980469,98.05236053466797,107.03694152832031,65.46774291992188,163.22000122070312,14.531305313110352,77.12471771240234
2021-04-07,378.7723388671875,321.46075439453125,207.0625,65.15399169921875,47.42179870605469,66.5383071899414,31.82129669189453,20.279569625854492,107.00603485107422,27.718969345092773,114.8792724609375,97.9919204711914,106.82424926757812,65.44525146484375,162.75999450683594,14.574811935424805,77.18208312988281
2021-04-08,380.5702819824219,324.8147888183594,208.81700134277344,65.52481842041016,47.81130599975586,67.49969482421875,31.830432891845703,20.015501022338867,107.17137145996094,27.6976261138916,115.82769775390625,98.32855987548828,107.21692657470703,65.46774291992188,164.50999450683594,14.653122901916504,76.89530181884766
2021-04-09,383.33709716796875,326.7825012207031,208.84518432617188,65.72708129882812,47.40409851074219,68.14865112304688,32.10444259643555,19.883460998535156,108.3471908569336,27.66774559020996,115.40797424316406,98.06961822509766,106.99602508544922,65.42272186279297,163.27000427246094,14.600915908813477,76.80517578125
2021-04-12,383.4768981933594,326.3560485839844,208.02890014648438,65.36470031738281,47.120819091796875,67.82177734375,32.241432189941406,19.726673126220703,108.45742797851562,27.693355560302734,115.357666015625,98.00920104980469,106.97148895263672,65.35523986816406,162.27999877929688,14.609618186950684,77.2558364868164
2021-04-13,384.6134033203125,330.1656799316406,207.4847412109375,65.74393463134766,47.31556701660156,68.46110534667969,31.94003677368164,19.74730682373047,108.90752410888672,28.022024154663086,116.22212219238281,98.41487121582031,107.44600677490234,65.40022277832031,163.42999267578125,14.766239166259766,77.64092254638672
2021-04-14,383.29986572265625,326.2009582519531,209.5300750732422,65.79449462890625,47.55458450317383,67.73526000976562,32.1318359375,20.296070098876953,108.89832305908203,28.145809173583984,115.8528060913086,98.29402923583984,107.2987060546875,65.37023162841797,162.72000122070312,15.105596542358398,77.23124694824219
2021-04-15,387.41741943359375,331.14471435546875,210.44020080566406,66.3423080444336,47.98835372924805,68.8985366821289,32.10444259643555,20.131025314331055,110.76306915283203,28.4574031829834,117.79158782958984,98.92420959472656,107.96134185791016,65.6328125,165.35000610351562,15.201310157775879,78.58316040039062
2021-04-16,388.7123107910156,331.53240966796875,210.77798461914062,66.82266998291016,48.112281799316406,68.88410949707031,32.33277893066406,19.970115661621094,111.58979797363281,28.687889099121094,116.87674713134766,98.65660858154297,107.22515106201172,65.49776458740234,166.35000610351562,15.175206184387207,78.75524139404297
2021-04-19,386.80255126953125,328.4984130859375,208.03826904296875,66.70468139648438,47.93523406982422,68.31208038330078,32.241432189941406,19.949487686157227,111.61734008789062,28.542762756347656,116.54106903076172,98.55299377441406,106.94698333740234,65.3927230834961,165.88999938964844,15.192607879638672,78.9109115600586
2021-04-20,383.97064208984375,326.10406494140625,203.7786102294922,65.50796508789062,47.54573059082031,67.7064208984375,31.63862419128418,19.421350479125977,112.04907989501953,28.90557861328125,117.07815551757812,98.84648895263672,107.15149688720703,65.28019714355469,166.47999572753906,15.166505813598633,79.55818939208984
2021-04-21,387.603759765625,328.8957214355469,208.7607421875,66.18217468261719,47.837860107421875,68.38899230957031,32.0770378112793,19.668912887573242,113.3718490600586,28.66228485107422,117.31319427490234,98.89830780029297,107.51959991455078,65.49776458740234,168.1300048828125,15.105596542358398,80.08255767822266
2021-04-22,384.063720703125,324.93115234375,207.89756774902344,65.96305847167969,47.66966247558594,67.58621978759766,31.7208251953125,19.43785285949707,112.86662292480469,28.4574031829834,117.82512664794922,98.97599029541016,107.62594604492188,65.37771606445312,167.0399932861328,15.227415084838867,79.64830017089844
2021-04-23,388.2278747558594,329.0218200683594,211.81944274902344,66.63726043701172,48.360145568847656,68.59568786621094,32.31450653076172,19.61527442932129,113.61066436767578,28.418989181518555,117.54814147949219,98.84648895263672,107.71595764160156,65.55028533935547,166.39999389648438,15.349233627319336,80.11531829833984
2021-04-26,389.038330078125,331.16412353515625,214.02430725097656,66.68782806396484,48.42211151123047,68.94660949707031,32.442386627197266,19.74730682373047,113.22486114501953,28.256786346435547,117.38031005859375,98.74290466308594,107.66686248779297,65.5202865600586,166.83999633789062,15.45365047454834,80.3529281616211
2021-04-27,388.9544677734375,329.7295837402344,214.34332275390625,66.46871948242188,48.39555358886719,68.77836608886719,32.69812774658203,19.986618041992188,112.57268524169922,28.039098739624023,116.35637664794922,98.35446166992188,107.18421936035156,65.43022155761719,166.4199981689453,15.584172248840332,80.34474182128906
2021-04-28,388.8427734375,328.61474609375,214.70925903320312,66.63726043701172,48.75849914550781,68.13903045654297,32.825984954833984,20.675670623779297,112.2328109741211,28.00067901611328,116.43194580078125,98.48394775390625,107.2005844116211,65.55778503417969,166.91000366210938,15.610275268554688,80.17268371582031
2021-04-29,391.3207092285156,329.7972717285156,213.91171264648438,66.66254425048828,48.64341735839844,68.08135223388672,33.410545349121094,20.906728744506836,111.78269958496094,28.256786346435547,116.08786010742188,98.31127166748047,107.06966400146484,65.6328125,166.22000122070312,15.714692115783691,80.86095428466797
2021-04-30,388.7496032714844,327.6355895996094,211.00315856933594,65.82820892333984,47.78474426269531,67.15361022949219,33.118263244628906,20.37859535217285,111.45201110839844,28.478740692138672,116.35637664794922,98.39764404296875,107.29054260253906,65.6028060913086,165.66000366210938,15.584172248840332,81.18047332763672
2021-05-03,389.5880126953125,325.8907470703125,212.0352325439453,66.55298614501953,47.78474426269531,66.96611785888672,33.28266525268555,20.939739227294922,112.71965026855469,28.474470138549805,116.42620086669922,98.56521606445312,107.54875946044922,65.6283950805664,167.80999755859375,15.758198738098145,81.02478790283203
2021-05-04,387.1844787597656,320.0262145996094,209.501953125,65.56696319580078,47.2447509765625,65.76438903808594,33.547542572021484,20.952116012573242,112.83905029296875,28.367767333984375,117.21625518798828,98.69474792480469,107.61430358886719,65.59077453613281,166.5800018310547,16.0018367767334,80.50041961669922
2021-05-05,387.3055725097656,318.95013427734375,208.66688537597656,66.46028137207031,47.466064453125,65.60575103759766,33.821537017822266,21.62879180908203,113.04114532470703,27.889699935913086,117.40950012207031,98.8156967163086,107.7454833984375,65.71870422363281,167.27000427246094,16.062746047973633,79.16490173339844
2021-05-06,390.39849853515625,321.3541564941406,208.84518432617188,67.0080795288086,47.91753005981445,66.26431274414062,34.32390213012695,21.740192413330078,113.18811798095703,28.103120803833008,117.60287475585938,98.85887908935547,107.95038604736328,65.6961669921875,170.05999755859375,16.14105987548828,79.60735321044922
2021-05-07,393.23980712890625,323.9616394042969,211.47225952148438,67.76656341552734,48.41324996948242,66.83154296875,34.506553649902344,22.12804412841797,113.96892547607422,28.18848991394043,117.0229721069336,98.8934555053711,107.99139404296875,65.74134063720703,171.58999633789062,16.29768180847168,80.65611267089844
2021-05-10,389.3457946777344,315.78033447265625,206.09608459472656,67.4041748046875,47.54573059082031,65.14427947998047,34.47916030883789,22.136289596557617,114.11589050292969,28.474470138549805,115.83788299560547,98.69474792480469,107.40937805175781,65.59077453613281,172.11000061035156,16.184566497802734,80.63152313232422
2021-05-11,385.8709411621094,315.3440856933594,205.43931579589844,66.51927947998047,47.4129524230957,64.94718933105469,33.867218017578125,21.5669002532959,112.88499450683594,28.124465942382812,115.18222045898438,98.53067016601562,107.0159912109375,65.52299499511719,172.13999938964844,16.358592987060547,79.61553192138672
2021-05-12,377.67303466796875,307.18206787109375,198.7683868408203,65.45740509033203,46.102813720703125,63.12055206298828,33.520137786865234,21.670047760009766,111.8194351196289,27.467130661010742,113.97189331054688,98.05557250976562,106.43399810791016,65.20681762695312,170.42999267578125,16.341190338134766,77.59996032714844
2021-05-13,382.2098083496094,309.5569763183594,202.4275665283203,65.9461898803711,46.040836334228516,63.95695877075195,34.05902099609375,21.405982971191406,112.82988739013672,27.99640655517578,114.1484146118164,98.3837890625,106.83563232421875,65.440185546875,171.1300048828125,15.888718605041504,78.6077651977539
2021-05-14,388.0788879394531,316.3909912109375,207.37213134765625,67.05022430419922,46.87295913696289,65.36539459228516,34.597900390625,22.070276260375977,113.3993911743164,28.132993698120117,115.21588134765625,98.59972381591797,107.41761016845703,65.65095520019531,172.69000244140625,16.01923942565918,79.54179382324219
2021-05-17,387.09136962890625,314.4716491699219,207.653564453125,66.92381286621094,46.828697204589844,64.88471984863281,34.66183090209961,22.581907272338867,113.18811798095703,27.902511596679688,114.97209930419922,98.50475311279297,107.29461669921875,65.5305404663086,174.6999969482422,16.219369888305664,79.62371826171875
2021-05-18,383.75634765625,312.3487854003906,206.0773162841797,67.06707763671875,47.45721435546875,64.36554718017578,34.17775344848633,22.057899475097656,113.22486114501953,27.89824104309082,114.6779556274414,98.50475311279297,106.94219207763672,65.37242126464844,175.0399932861328,16.14105987548828,79.64009094238281
2021-05-19,382.750244140625,312.7074279785156,204.49166870117188,66.47713470458984,47.31556701660156,64.59146881103516,33.96768569946289,21.509132385253906,113.031982421875,27.851282119750977,114.40056610107422,98.2110595703125,106.75370025634766,65.19929504394531,175.16000366210938,15.810406684875488,79.38612365722656
2021-05-20,386.8677673339844,318.7562255859375,205.85214233398438,67.3536148071289,47.589996337890625,65.82687377929688,33.98594665527344,21.476125717163086,114.21694946289062,28.09458351135254,115.34193420410156,98.61701202392578,107.48320007324219,65.47782897949219,175.9600067138672,15.645079612731934,80.27920532226562
2021-05-21,386.5511474609375,316.99200439453125,206.386962890625,67.44631958007812,47.04115295410156,65.46637725830078,34.32390213012695,21.521509170532227,114.23531341552734,28.23971176147461,115.7117691040039,98.65156555175781,107.55696868896484,65.57572937011719,176.0399932861328,15.793004035949707,80.19728088378906
2021-05-24,390.4916687011719,322.32354736328125,207.72860717773438,67.85926818847656,47.43064880371094,66.62965393066406,34.48829650878906,21.736068725585938,114.34554290771484,28.18848991394043,116.14038848876953,98.7466049194336,107.85203552246094,65.65095520019531,176.35000610351562,16.010540008544922,81.19685363769531
2021-05-25,389.6252136230469,322.7694091796875,205.72080993652344,67.87612915039062,47.89982223510742,66.64885711669922,34.1412239074707,21.294574737548828,114.00566864013672,27.847017288208008,117.21625518798828,99.10936737060547,108.253662109375,65.65850830078125,177.9499969482422,15.958328247070312,81.17228698730469
2021-05-26,390.39849853515625,323.893798828125,209.5582275390625,67.83399200439453,48.2539176940918,66.64405822753906,34.2416877746582,21.484373092651367,113.34429168701172,27.851282119750977,117.01449584960938,98.99710083007812,108.19628143310547,65.68109130859375,177.63999938964844,15.984435081481934,81.53279876708984
2021-05-27,390.6034851074219,322.6821594238281,211.71617126464844,67.96041107177734,48.26277160644531,66.29315185546875,34.63442611694336,21.50088119506836,113.09627532958984,27.663475036621094,116.54383850097656,98.8243408203125,107.86843872070312,65.65095520019531,177.7100067138672,16.236774444580078,81.34434509277344
2021-05-28,391.3020935058594,323.7000427246094,211.57546997070312,68.12052917480469,48.572601318359375,66.52869415283203,34.69837188720703,21.542142868041992,113.5372085571289,27.81287384033203,116.35897827148438,98.8156967163086,107.95860290527344,65.6283950805664,178.3800048828125,16.184566497802734,81.83595275878906
2021-06-01,390.95745849609375,322.62408447265625,213.97740173339844,68.36493682861328,49.572914123535156,66.20181274414062,34.908443450927734,22.37148094177246,111.6724624633789,27.64213752746582,116.33283996582031,98.79751586914062,107.97254943847656,65.82553100585938,177.89999389648438,16.471712112426758,83.31077575683594
2021-06-02,391.5722961425781,323.254150390625,214.2307586669922,68.59247589111328,49.652587890625,66.65847778320312,34.96323776245117,22.788209915161133,111.45201110839844,27.787263870239258,116.60218811035156,98.909912109375,108.1449966430664,65.90859985351562,178.77000427246094,16.558727264404297,84.28577423095703
2021-06-03,390.1189880371094,319.890380859375,212.4386749267578,68.25535583496094,49.12144470214844,66.03837585449219,35.04544448852539,22.8501033782959,111.7918472290039,27.953725814819336,116.16452026367188,98.65926361083984,107.71795654296875,65.77267456054688,175.27000427246094,16.419506072998047,83.97444152832031
2021-06-04,393.68701171875,325.31884765625,213.358154296875,68.83687591552734,49.56406021118164,67.30741119384766,35.136775970458984,23.002769470214844,112.1501235961914,27.911046981811523,117.75528717041016,99.20381164550781,108.48172760009766,65.91615295410156,177.16000366210938,16.602231979370117,84.01541900634766
2021-06-07,393.3050537109375,326.2882080078125,216.2198028564453,69.06442260742188,49.316192626953125,67.29298400878906,34.908443450927734,22.903743743896484,112.5542984008789,27.96226692199707,117.39338684082031,99.12600708007812,108.39143371582031,65.93882751464844,177.8699951171875,16.628339767456055,85.00680541992188
2021-06-08,393.3887634277344,326.4433288574219,218.5091552734375,69.03072357177734,49.07718276977539,67.29782104492188,34.817100524902344,23.101791381835938,112.20524597167969,27.72323226928711,118.21829223632812,99.41124725341797,108.80201721191406,65.984130859375,177.32000732421875,16.79366111755371,85.71144104003906
2021-06-09,392.80194091796875,326.5208435058594,217.0548553466797,68.84529876708984,48.935543060302734,67.34589385986328,34.48829650878906,22.957380294799805,113.28914642333984,27.97080421447754,119.261962890625,99.72240447998047,109.1962661743164,66.0370101928711,176.97999572753906,16.715349197387695,85.8261489868164
2021-06-10,394.6279296875,329.9232482910156,215.44522094726562,69.03495025634766,49.327640533447266,67.84101104736328,34.08642578125,22.92850112915039,115.22738647460938,28.15434455871582,119.97746276855469,100.07682037353516,109.68901062011719,66.15787506103516,177.74000549316406,16.776260375976562,86.44065856933594
2021-06-11,395.27996826171875,330.78607177734375,217.7191925048828,69.19727325439453,49.15870666503906,68.24478912353516,34.30562210083008,22.8501033782959,114.40984344482422,28.218368530273438,119.78386688232422,99.92987060546875,109.77934265136719,66.18052673339844,175.74000549316406,16.724050521850586,86.0965347290039
2021-06-14,396.16497802734375,333.9559326171875,217.08021545410156,69.31687927246094,49.292076110839844,68.93699645996094,33.94940948486328,22.75107765197754,114.51091003417969,28.278127670288086,118.86637878417969,99.61871337890625,109.37690734863281,66.12010192871094,174.7100067138672,16.628339767456055,86.4324722290039
2021-06-15,395.4383850097656,331.7747802734375,216.4600830078125,69.40231323242188,48.95421600341797,68.51396942138672,34.01335906982422,23.18431282043457,114.5476303100586,28.36349105834961,118.72328186035156,99.63597106933594,109.45904541015625,66.11255645751953,174.0500030517578,16.558727264404297,85.50660705566406
2021-06-16,393.2304382324219,330.5631103515625,215.9996337890625,68.97515106201172,48.287384033203125,68.14384460449219,33.9768180847168,23.060527801513672,114.1067123413086,27.93665313720703,118.62229919433594,98.95314025878906,109.14697265625,66.02192687988281,171.11000061035156,16.463010787963867,84.94944763183594
2021-06-17,393.1000671386719,334.7604675292969,213.57530212402344,68.49676513671875,48.55411911010742,68.93217468261719,32.97211456298828,22.276580810546875,114.97936248779297,28.090314865112305,120.3982925415039,99.30753326416016,109.75472259521484,66.06722259521484,165.85000610351562,16.03664207458496,84.84294128417969
2021-06-18,387.79705810546875,332.13360595703125,208.72665405273438,67.0786361694336,48.21625518798828,68.30247497558594,32.17750549316406,21.616413116455078,113.66578674316406,27.360422134399414,122.66243743896484,99.86936950683594,110.32958984375,66.0370101928711,164.92999267578125,16.201969146728516,83.40090942382812
2021-06-21,393.3486633300781,334.1976623535156,213.19003295898438,67.95855712890625,48.420753479003906,69.03447723388672,32.92850875854492,22.537586212158203,115.03152465820312,27.714866638183594,120.60870361328125,99.54954528808594,109.68901062011719,66.16545867919922,166.9499969482422,16.402101516723633,85.12150573730469
2021-06-22,395.45159912109375,337.3129577636719,214.1579132080078,67.96709442138672,48.19847869873047,69.66051483154297,32.9835319519043,22.687644958496094,115.28050231933594,27.54711151123047,120.90331268310547,99.73104095458984,109.86968994140625,66.21073913574219,166.25,16.428203582763672,84.6790771484375
2021-06-23,394.9749755859375,337.4779357910156,214.8626251220703,67.53141784667969,48.49188232421875,69.58348083496094,33.04771423339844,22.750167846679688,114.80098724365234,27.254608154296875,120.59194946289062,99.53227233886719,109.69721984863281,66.14274597167969,166.13999938964844,16.532623291015625,84.53157806396484
2021-06-24,397.3115234375,339.56451416015625,217.89772033691406,68.18067932128906,48.93643569946289,70.0217056274414,33.460357666015625,22.946075439453125,115.39117431640625,27.228792190551758,120.78546142578125,99.51496124267578,109.91073608398438,66.34668731689453,166.0399932861328,16.593530654907227,84.34922790527344
2021-06-25,398.72283935546875,339.147216796875,218.2642059326172,68.32591247558594,49.34542465209961,69.93983459472656,33.86381530761719,23.066953659057617,115.91679382324219,27.521299362182617,119.5313491821289,99.30753326416016,109.6232681274414,66.41468811035156,166.58999633789062,16.5239200592041,84.91859436035156
2021-06-28,399.526611328125,343.27178955078125,216.53521728515625,67.89021301269531,49.38987731933594,70.6718521118164,33.616233825683594,22.287498474121094,116.09200286865234,27.697664260864258,120.76028442382812,99.61871337890625,110.0914306640625,66.4071044921875,166.5800018310547,16.51521873474121,84.6710433959961
2021-06-29,399.7415771484375,344.51397705078125,215.50157165527344,67.90729522705078,49.35430908203125,71.1871337890625,33.49702835083008,22.179122924804688,116.22112274169922,27.25030517578125,120.96228790283203,99.67056274414062,110.22284698486328,66.490234375,164.8300018310547,16.593530654907227,84.44001007080078
2021-06-30,400.0780029296875,343.9705505371094,215.52981567382812,67.38617706298828,49.034236907958984,71.11007690429688,33.64373779296875,22.454225540161133,116.1473388671875,27.198684692382812,121.50089263916016,99.82616424560547,110.34599304199219,66.49772644042969,165.6300048828125,16.750154495239258,83.9944076538086
2021-07-01,402.2930603027344,344.1064147949219,217.42791748046875,67.54849243164062,48.758609771728516,71.23047637939453,33.90966796875,22.846038818359375,117.18019104003906,27.495485305786133,121.5076675415039,99.75435638427734,110.2497787475586,66.62810516357422,166.1999969482422,16.811065673828125,84.35749053955078
2021-07-02,405.36810302734375,348.0562744140625,215.3606414794922,67.7791519165039,48.70526885986328,72.16954803466797,33.872989654541016,22.796018600463867,118.30522918701172,27.53850555419922,122.24092102050781,100.1176528930664,110.56243896484375,66.73421478271484,167.2899932861328,16.967689514160156,84.61329650878906
2021-07-06,404.629638671875,349.560546875,212.2315673828125,67.33493041992188,47.85171890258789,72.44405364990234,33.341148376464844,22.0540771484375,118.194580078125,27.654647827148438,123.6737060546875,100.64527130126953,110.96562194824219,66.69629669189453,168.1199951171875,16.506515502929688,85.2321548461914
2021-07-07,406.0596008300781,350.2981262207031,210.25831604003906,67.7022705078125,47.798377990722656,72.83894348144531,33.386993408203125,21.695606231689453,118.94152069091797,27.835309982299805,124.7693862915039,100.9393539428711,111.34407806396484,66.71904754638672,168.75999450683594,16.306385040283203,85.52923583984375
2021-07-08,402.7510986328125,348.1824645996094,208.32257080078125,66.83090209960938,46.80258560180664,72.15028381347656,32.71760559082031,21.570560455322266,118.28679656982422,27.75358009338379,125.2581787109375,101.19880676269531,111.40167999267578,66.57506561279297,168.64999389648438,16.445606231689453,85.2899169921875
2021-07-09,407.0503845214844,350.35638427734375,212.72021484375,67.96709442138672,47.61166763305664,72.81486511230469,33.662086486816406,22.029062271118164,118.69254302978516,27.787994384765625,123.49669647216797,100.68851470947266,110.9327163696289,66.68875885009766,169.2100067138672,16.637039184570312,86.69271850585938
2021-07-12,408.5083312988281,351.7247009277344,212.89874267578125,68.25755310058594,47.65612030029297,72.87265014648438,33.99220275878906,21.9957218170166,118.923095703125,27.87832260131836,123.33661651611328,100.63660430908203,110.87508392333984,66.66600036621094,169.0,16.66314125061035,87.43537139892578
2021-07-13,407.11572265625,351.7247009277344,208.88638305664062,67.89875793457031,47.70057678222656,73.17123413085938,33.62541580200195,21.82898712158203,118.81241607666016,27.667551040649414,122.39262390136719,100.3252182006836,110.46370697021484,66.46896362304688,169.22000122070312,16.802364349365234,86.214111328125
2021-07-14,407.72332763671875,352.35552978515625,205.66334533691406,68.05252838134766,47.90506362915039,73.71058654785156,33.46952819824219,21.178747177124023,118.7017593383789,27.908435821533203,123.7832260131836,100.7577133178711,110.97381591796875,66.57506561279297,171.0399932861328,16.637039184570312,86.8165054321289
2021-07-15,406.33074951171875,349.8807678222656,204.49819946289062,67.40326690673828,48.02065658569336,73.10381317138672,33.579551696777344,20.88280487060547,118.28679656982422,28.22245216369629,125.14864349365234,101.18151092529297,111.21247863769531,66.52958679199219,171.07000732421875,16.550024032592773,86.95677947998047
2021-07-16,403.1436462402344,347.0469665527344,201.97987365722656,66.90778350830078,47.64723205566406,72.38145446777344,33.12107849121094,20.290908813476562,118.60952758789062,28.506349563598633,124.91263580322266,101.16422271728516,111.05612182617188,66.43864440917969,169.41000366210938,16.550024032592773,86.89900970458984
2021-07-19,397.1900634765625,344.2034606933594,198.95419311523438,65.6947021484375,46.84703063964844,71.38457489013672,32.19493103027344,19.57398223876953,117.3646011352539,28.0546875,127.65174865722656,102.02916717529297,111.85428619384766,65.99153900146484,169.61000061035156,15.888718605041504,85.31466674804688
2021-07-20,402.8819885253906,348.2019348144531,205.12777709960938,66.17308807373047,46.9981803894043,72.44405364990234,32.992698669433594,19.836580276489258,118.79397583007812,28.175134658813477,126.4212417602539,101.8994140625,111.69794464111328,66.32495880126953,169.38999938964844,16.1236572265625,87.3281021118164
2021-07-21,406.1437072753906,350.89013671875,208.6608428955078,67.18114471435547,47.300479888916016,73.14234924316406,33.56121826171875,20.52850341796875,118.98763275146484,27.865419387817383,124.81990051269531,101.3112564086914,111.30297088623047,66.48412322998047,168.75999450683594,16.445606231689453,87.31985473632812
2021-07-22,406.99432373046875,353.2095947265625,205.3438720703125,67.20677947998047,47.38938903808594,73.68170928955078,33.19443130493164,20.29925537109375,119.86370086669922,27.908435821533203,125.99982452392578,101.54480743408203,111.76378631591797,66.52201080322266,169.08999633789062,16.576126098632812,86.62669372558594
2021-07-23,411.1814270019531,357.3341979980469,206.30233764648438,67.67664337158203,46.68699264526367,74.4137191772461,33.24945068359375,20.224225997924805,121.24694061279297,28.265464782714844,125.15709686279297,101.38911437988281,111.71440124511719,66.65084075927734,168.55999755859375,16.66314125061035,87.3446044921875
2021-07-26,412.1908264160156,357.6156311035156,206.90371704101562,67.77062225341797,45.797889709472656,74.37519073486328,33.442020416259766,20.724411010742188,120.46311950683594,28.27406883239746,124.78620910644531,101.31990814208984,111.46756744384766,66.55233001708984,168.16000366210938,16.784961700439453,87.38587188720703
2021-07-27,410.31231689453125,353.6753845214844,204.4888153076172,67.49723052978516,44.87322235107422,73.67208862304688,33.4328498840332,20.532672882080078,121.02564239501953,28.76014518737793,126.11780548095703,101.75238037109375,111.94478607177734,66.46135711669922,168.44000244140625,16.689245223999023,87.88097381591797
2021-07-28,410.1439514160156,355.0340270996094,207.49571228027344,67.7876968383789,46.09129333496094,73.58058166503906,33.386993408203125,20.720245361328125,121.45906829833984,28.5407657623291,126.12628936767578,101.8388900756836,112.14227294921875,66.5144271850586,169.2899932861328,16.767559051513672,87.57563781738281
2021-07-29,411.8451232910156,355.6649169921875,209.09315490722656,68.25755310058594,46.322452545166016,73.92249298095703,33.753787994384766,20.920316696166992,121.75414276123047,28.618194580078125,125.42676544189453,101.5274887084961,111.82133483886719,66.65838623046875,171.1699981689453,17.063405990600586,87.59215545654297
2021-07-30,409.8449401855469,353.8113098144531,207.71182250976562,67.90729522705078,45.87790298461914,73.87434387207031,33.48786163330078,20.586864471435547,121.86478424072266,28.377307891845703,126.01673126220703,101.81294250488281,111.9118423461914,66.56747436523438,169.82000732421875,16.967689514160156,87.70770263671875
2021-08-02,408.98504638671875,353.8403625488281,206.67819213867188,68.24901580810547,46.20687484741211,73.60948944091797,33.49702835083008,20.432634353637695,122.03079986572266,28.596691131591797,127.14068603515625,102.25953674316406,112.23580932617188,66.40250396728516,169.61000061035156,16.784961700439453,87.51789093017578
2021-08-03,412.3123779296875,355.9852294921875,207.5332794189453,68.73596954345703,46.40248489379883,74.0814437866211,33.872989654541016,20.78277015686035,123.72760009765625,28.76014518737793,127.20811462402344,102.28549194335938,112.35121154785156,66.47854614257812,169.49000549316406,16.706649780273438,87.62516784667969
2021-08-04,410.2841491699219,356.49957275390625,204.94923400878906,68.53092193603516,46.642539978027344,74.23069763183594,33.58872985839844,20.22005271911621,123.20198822021484,28.717130661010742,127.46978759765625,102.25953674316406,112.37592315673828,66.35688018798828,169.52999877929688,16.436904907226562,87.35285186767578
2021-08-05,412.88250732421875,358.7607727050781,208.6326904296875,68.86410522460938,46.571407318115234,74.64008331298828,34.028873443603516,20.449308395385742,122.69476318359375,29.0311336517334,126.82005310058594,101.88737487792969,111.91432189941406,66.50894927978516,168.86000061035156,16.680543899536133,88.37606811523438
2021-08-06,413.5647277832031,357.18865966796875,209.91062927246094,68.6078109741211,46.180206298828125,74.57744598388672,34.716609954833984,20.63687515258789,122.59333801269531,29.013931274414062,124.7020492553711,101.2901840209961,110.99937438964844,66.43290710449219,164.63999938964844,16.541322708129883,88.21930694580078
2021-08-09,413.228271484375,357.8485107421875,208.75486755371094,68.57363891601562,46.33134841918945,74.33665466308594,34.80830001831055,20.34510040283203,123.0636215209961,29.005329132080078,124.25477600097656,101.07378387451172,110.5212631225586,66.28086853027344,161.72000122070312,16.306385040283203,87.74894714355469
2021-08-10,413.7423095703125,356.0142822265625,209.16830444335938,68.72740936279297,46.39358901977539,73.8021011352539,35.17509460449219,20.703569412231445,122.77775573730469,29.035442352294922,123.68093872070312,100.88336944580078,110.27400207519531,66.12879180908203,161.77000427246094,16.602231979370117,86.91551208496094
2021-08-11,414.77044677734375,355.4029541015625,210.19252014160156,69.19727325439453,46.51806640625,73.81173706054688,35.57855224609375,20.866132736206055,121.56049346923828,29.306440353393555,123.60504913330078,100.99588012695312,110.4471206665039,66.23523712158203,164.0,16.750154495239258,87.42709350585938
2021-08-12,416.0134582519531,356.6838684082031,209.6945037841797,69.13746643066406,46.109066009521484,74.23551177978516,35.64274978637695,20.845287322998047,122.51953887939453,29.3365478515625,123.40254211425781,100.89205169677734,110.60371398925781,66.3492660522461,164.0399932861328,16.689245223999023,87.61690521240234
2021-08-13,416.7705078125,357.9359130859375,207.78695678710938,69.55606079101562,45.99348831176758,74.64008331298828,35.376827239990234,20.599363327026367,123.28498077392578,29.543033599853516,125.35173034667969,101.471923828125,111.34559631347656,66.49370574951172,166.38999938964844,16.593530654907227,88.09550476074219
2021-08-16,417.7519226074219,358.0911560058594,205.85130310058594,69.19727325439453,45.57561111450195,74.97716522216797,35.285125732421875,20.22005271911621,124.68666076660156,29.72369956970215,125.65557098388672,101.69693756103516,111.41150665283203,66.51655578613281,167.22000122070312,16.550024032592773,87.98824310302734
2021-08-17,415.0134582519531,354.93701171875,203.34237670898438,68.54801940917969,44.73984909057617,74.35591888427734,35.03755187988281,20.01164436340332,126.16210174560547,29.740903854370117,125.60490417480469,101.64503479003906,111.21367645263672,66.3644790649414,166.97000122070312,16.36729621887207,87.89746856689453
2021-08-18,410.47113037109375,351.52093505859375,201.56643676757812,68.28318786621094,44.81098556518555,73.3301773071289,34.6065673828125,19.59482192993164,124.24398803710938,29.59033966064453,126.0268325805664,101.59308624267578,111.1395263671875,66.21244812011719,167.10000610351562,16.175867080688477,87.09707641601562
2021-08-19,411.10662841796875,353.2192687988281,199.1515350341797,67.60829162597656,44.046348571777344,74.04772186279297,34.349822998046875,19.0862979888916,124.8065185546875,29.71078109741211,126.95501708984375,101.8180923461914,111.39505004882812,66.20484161376953,166.61000061035156,15.949627876281738,87.51789093017578
2021-08-20,414.3779602050781,356.8780517578125,202.5155029296875,67.87312316894531,44.01078414916992,75.0012435913086,34.56071853637695,19.12797737121582,125.5165786743164,30.080717086791992,127.0394287109375,101.72293090820312,111.46919250488281,66.3644790649414,166.6999969482422,15.575468063354492,87.95523071289062
2021-08-23,418.02294921875,362.2157287597656,206.3681182861328,68.50530242919922,44.6776123046875,75.9692153930664,34.84498977661133,19.84491729736328,125.56271362304688,29.693578720092773,126.95501708984375,101.7488784790039,111.55162811279297,66.56974792480469,168.72999572753906,16.14105987548828,87.7901840209961
2021-08-24,418.6865234375,363.3220520019531,208.39773559570312,68.6505355834961,45.691192626953125,75.8825454711914,35.05588150024414,20.17420768737793,125.12008666992188,29.5000057220459,125.9677734375,101.471923828125,111.29611206054688,66.66099548339844,168.64999389648438,16.48041343688965,87.4023666381836
2021-08-25,419.5650329589844,363.7393493652344,209.1306915283203,68.67615509033203,45.744544982910156,75.83917999267578,35.46852111816406,20.32842445373535,124.77886199951172,29.555931091308594,124.92144012451172,101.07378387451172,111.00762176513672,66.72941589355469,167.47999572753906,16.628339767456055,87.3446044921875
2021-08-26,417.0883483886719,361.4296569824219,206.91310119628906,68.31735229492188,45.30887985229492,75.3624267578125,35.2943000793457,20.019977569580078,124.29010772705078,29.482807159423828,125.26739501953125,101.07378387451172,110.97466278076172,66.69140625,167.6699981689453,16.49781608581543,87.37761688232422
2021-08-27,420.8175048828125,364.94281005859375,212.74838256835938,68.94098663330078,45.86901092529297,76.08961486816406,35.761959075927734,20.553516387939453,124.15177917480469,29.474199295043945,126.11963653564453,101.40267944335938,111.59290313720703,66.87384796142578,170.19000244140625,16.706649780273438,88.29354858398438
2021-08-30,422.6680603027344,369.038330078125,211.87451171875,68.92390441894531,45.966819763183594,76.90831756591797,35.25761795043945,20.31175994873047,124.85264587402344,29.5172176361084,126.44879150390625,101.60176086425781,111.782470703125,66.95751190185547,169.35000610351562,16.767559051513672,89.1764907836914
2021-08-31,422.0417785644531,368.7374267578125,212.28799438476562,68.88971710205078,46.59808349609375,76.50376892089844,35.21177673339844,20.17420768737793,124.68666076660156,29.482807159423828,125.58810424804688,101.41133117675781,111.52691650390625,66.97269439697266,169.69000244140625,16.689245223999023,89.59733581542969
2021-09-01,422.2662048339844,369.34881591796875,213.71624755859375,69.51335906982422,47.193782806396484,76.52305603027344,35.010040283203125,19.87826156616211,124.7235336303711,29.869943618774414,125.7984619140625,101.45465850830078,111.67060089111328,67.02992248535156,169.6999969482422,16.61093521118164,91.03313446044922
2021-09-02,423.56536865234375,369.17413330078125,215.20091247558594,69.79527282714844,46.98040008544922,76.44116973876953,35.12923812866211,20.382614135742188,126.0606918334961,30.140945434570312,126.34761810302734,101.57588958740234,111.86871337890625,67.11381530761719,169.25,16.802364349365234,91.51173400878906
2021-09-03,423.4624938964844,370.3096008300781,214.20486450195312,70.11135864257812,47.229347229003906,76.74455261230469,34.90916442871094,20.26590347290039,126.19900512695312,29.891454696655273,125.19854736328125,101.33340454101562,111.46417999267578,67.12140655517578,171.05999755859375,16.819766998291016,91.5282211303711
2021-09-07,421.9483642578125,370.83367919921875,212.72958374023438,70.16263580322266,47.504966735839844,76.76383209228516,34.698272705078125,20.14502716064453,125.46126556396484,29.495708465576172,124.14238739013672,100.93498992919922,110.93570709228516,66.94602966308594,167.7100067138672,16.628339767456055,90.49675750732422
2021-09-08,421.434326171875,369.5429382324219,210.40863037109375,69.60735321044922,46.81147003173828,76.47006225585938,34.61573791503906,19.886598587036133,125.40593719482422,30.024805068969727,124.98734283447266,101.21209716796875,111.29075622558594,67.02225494384766,167.2899932861328,16.750154495239258,90.95060729980469
2021-09-09,419.6304931640625,368.27154541015625,210.3052978515625,69.48773193359375,46.72254943847656,76.18112182617188,34.716609954833984,19.928279876708984,123.95814514160156,29.861339569091797,126.499755859375,101.4979476928711,112.01740264892578,67.08329010009766,168.02999877929688,16.628339767456055,89.10223388671875
2021-09-10,416.3219299316406,365.47650146484375,208.24740600585938,69.3339614868164,46.66921615600586,75.42986297607422,34.45985412597656,19.91994285583496,122.82384490966797,29.444089889526367,125.3843994140625,101.177490234375,111.69536590576172,66.984130859375,167.17999267578125,16.845870971679688,87.79844665527344
2021-09-13,417.387451171875,365.2242431640625,209.431396484375,69.8807144165039,46.79368209838867,75.45394134521484,34.854148864746094,20.49098777770996,122.06767272949219,29.392478942871094,126.1448745727539,101.2987289428711,111.96786499023438,67.15192413330078,167.74000549316406,16.97639274597168,88.39257049560547
2021-09-14,415.135009765625,364.185791015625,206.7627716064453,69.59024047851562,46.40248489379883,75.35761260986328,34.38649368286133,20.19504737854004,122.04928588867188,29.293535232543945,127.67411041259766,101.6798324584961,112.30638122558594,67.12140655517578,168.82000732421875,16.967689514160156,88.23577880859375
2021-09-15,418.6024169921875,366.8935241699219,208.6326904296875,69.79527282714844,46.39358901977539,76.01738739013672,34.716609954833984,20.949495315551758,122.8423080444336,29.25482940673828,127.22633361816406,101.50658416748047,112.17430877685547,67.22059631347656,167.8300018310547,17.24613380432129,88.516357421875
2021-09-16,417.93890380859375,367.1457824707031,208.78305053710938,69.68421173095703,45.86901092529297,76.06072998046875,34.61573791503906,20.711910247802734,122.52877044677734,29.00963592529297,126.64337921142578,101.18611907958984,112.01740264892578,67.1976547241211,164.02999877929688,17.12431526184082,88.59062957763672
2021-09-17,413.8677062988281,362.7980651855469,209.05552673339844,68.77013397216797,45.67341613769531,74.87602996826172,34.45985412597656,20.557682037353516,122.6486587524414,28.562271118164062,126.03497314453125,100.89166259765625,111.76969146728516,67.11381530761719,163.77000427246094,16.985092163085938,87.79844665527344
2021-09-20,406.9667663574219,355.3014831542969,204.0847625732422,67.49723052978516,44.44644546508789,73.51221466064453,33.66047286987305,19.929914474487305,121.3687973022461,28.50983238220215,127.59806823730469,101.40267181396484,112.11648559570312,66.87738037109375,164.94000244140625,16.784961700439453,87.26210021972656
2021-09-21,406.5823669433594,355.7386779785156,204.39483642578125,68.16357421875,44.77540969848633,73.54114532470703,33.61442565917969,19.976322174072266,121.5538558959961,28.431814193725586,127.48826599121094,101.34202575683594,112.10820007324219,66.99176025390625,166.0399932861328,16.802364349365234,87.3033447265625
2021-09-22,410.5484619140625,359.0613708496094,207.5708770751953,68.50530242919922,45.33555221557617,74.54942321777344,34.17620086669922,20.592273712158203,121.75746154785156,28.41448211669922,128.2486572265625,101.43730926513672,112.42203521728516,67.11381530761719,165.4199981689453,16.99379539489746,88.15327453613281
2021-09-23,415.5366516113281,362.3744812011719,211.2449493408203,69.24853515625,45.691192626953125,75.54806518554688,35.01425552368164,21.313705444335938,122.6366195678711,28.262786865234375,125.35062408447266,100.5192642211914,111.6458511352539,67.14430236816406,163.50999450683594,17.254837036132812,87.97998809814453
2021-09-24,416.22113037109375,362.71441650390625,210.2261199951172,68.5992660522461,45.14883804321289,75.60111999511719,35.198455810546875,21.474018096923828,122.13689422607422,28.23244857788086,124.12550354003906,100.21612548828125,111.40634155273438,67.0451431274414,163.3000030517578,17.333148956298828,87.03926849365234
2021-09-27,415.0303649902344,359.8192138671875,213.42115783691406,68.55656433105469,45.442237854003906,74.86783599853516,35.677337646484375,22.23763656616211,120.39714050292969,27.898717880249023,123.66924285888672,99.94763946533203,111.34856414794922,66.984130859375,163.63999938964844,17.568084716796875,85.86857604980469
2021-09-28,406.6667785644531,349.63714599609375,208.56727600097656,67.06155395507812,44.855430603027344,72.64865112304688,35.08793258666992,22.313573837280273,118.33343505859375,27.547657012939453,121.74283599853516,99.56653594970703,110.15953063964844,66.67908477783203,162.0500030517578,17.428865432739258,85.28736877441406
2021-09-29,407.3512268066406,349.06396484375,208.1243133544922,66.90778350830078,44.43754959106445,72.55701446533203,35.11556625366211,22.313573837280273,119.26811218261719,27.907390594482422,121.95409393310547,99.67047119140625,110.134765625,66.8011245727539,161.32000732421875,17.446266174316406,85.92667388916016
2021-09-30,402.37237548828125,347.78143310546875,206.17332458496094,66.64295196533203,44.79320526123047,72.03598022460938,34.56300354003906,21.97606658935547,117.80592346191406,27.68634796142578,121.9372329711914,99.79170989990234,109.84578704833984,66.72484588623047,164.22000122070312,17.559385299682617,84.50688934326172
2021-10-01,407.154296875,349.9383544921875,209.50035095214844,66.80526733398438,44.748748779296875,73.12144470214844,35.13398361206055,22.714366912841797,117.83370208740234,27.68634796142578,122.9633560180664,100.19908142089844,110.64409637451172,66.88478088378906,164.58999633789062,17.794321060180664,85.70249938964844
2021-10-04,401.9035339355469,342.5933837890625,207.59649658203125,66.10475158691406,44.090797424316406,71.42813110351562,34.83007049560547,23.08562469482422,116.03837585449219,28.06775665283203,122.650390625,100.07775115966797,110.46211242675781,66.64756774902344,165.36000061035156,18.081466674804688,85.71910095214844
2021-10-05,406.0853576660156,347.2179870605469,208.31280517578125,66.55754089355469,44.4019889831543,72.44603729248047,35.51156997680664,23.22062873840332,116.73243713378906,27.998403549194336,121.46598815917969,99.76573181152344,110.00707244873047,66.61693572998047,164.58999633789062,18.307703018188477,85.12959289550781
2021-10-06,407.7731018066406,349.4429016113281,207.22889709472656,66.11329650878906,44.153038024902344,72.9188232421875,35.54841232299805,22.97593116760254,116.51961517333984,28.431814193725586,122.15117645263672,99.7917251586914,110.04013061523438,66.57869720458984,165.02999877929688,18.003154754638672,85.94328308105469
2021-10-07,411.2985534667969,352.6490478515625,210.4239959716797,66.62586975097656,45.01546859741211,73.5845718383789,35.760231018066406,23.153127670288086,118.0650405883789,28.28011703491211,120.87380981445312,99.3930435180664,109.55208587646484,66.58635711669922,164.16000366210938,18.22939109802246,86.1757583618164
2021-10-08,410.5484619140625,350.89056396484375,208.84059143066406,66.6173324584961,45.18440246582031,73.30958557128906,35.93520736694336,23.866117477416992,117.47277069091797,28.072078704833984,120.02777099609375,99.17635345458984,109.04739379882812,66.38739776611328,164.22999572753906,18.290300369262695,85.3620834350586
2021-10-11,407.57623291015625,348.1993408203125,207.64361572265625,66.40375518798828,45.09549331665039,72.90435791015625,35.5760383605957,23.777517318725586,116.55661010742188,27.6906795501709,119.72322845458984,98.93370819091797,108.840576171875,66.18079376220703,163.9199981689453,18.412118911743164,85.57796478271484
2021-10-12,406.5729675292969,346.9848327636719,208.7840576171875,66.43791961669922,44.86432647705078,72.5280532836914,35.46552276611328,23.798614501953125,115.99209594726562,27.87704849243164,121.77049255371094,99.3843765258789,109.53550720214844,66.30321502685547,164.66000366210938,18.412118911743164,86.6988525390625
2021-10-13,408.0356750488281,349.7635498046875,209.77369689941406,67.09574127197266,45.486698150634766,72.97188568115234,35.262916564941406,23.777517318725586,116.17718505859375,28.20210838317871,122.95487213134766,99.5750732421875,110.08980560302734,66.47921752929688,167.58999633789062,18.51653480529785,87.32987976074219
2021-10-14,414.8990173339844,356.2049560546875,212.8839569091797,67.76206970214844,45.62894821166992,74.61697387695312,35.852317810058594,24.068618774414062,117.84294128417969,28.54884147644043,123.4117431640625,99.80906677246094,110.61100006103516,66.85416412353516,168.0,18.70796775817871,88.39263153076172
2021-10-15,418.058837890625,358.44927978515625,212.2147674560547,68.32591247558594,46.180206298828125,75.21519470214844,36.386470794677734,24.18674659729004,118.42595672607422,28.46649169921875,122.6926498413086,99.31505584716797,110.21391296386719,66.73938751220703,165.3300018310547,18.864591598510742,88.32622528076172
2021-10-18,419.2965087890625,362.0538024902344,212.09226989746094,68.03543853759766,46.06462097167969,75.85197448730469,36.39567947387695,24.20362091064453,117.62083435058594,28.193443298339844,123.26790618896484,99.17635345458984,110.1229248046875,66.70878601074219,164.9199981689453,18.75147247314453,88.55039978027344
2021-10-19,422.5313720703125,364.7935791015625,212.8839569091797,68.44549560546875,46.678096771240234,76.60456848144531,36.754844665527344,24.47785186767578,119.16631317138672,28.54884147644043,121.56751251220703,98.82101440429688,109.51897430419922,66.75465393066406,165.4499969482422,18.794981002807617,88.59191131591797
2021-10-20,424.1909484863281,364.3175964355469,214.29776000976562,68.68470764160156,46.66921615600586,76.39229583740234,37.04955291748047,24.67613983154297,120.86907958984375,28.999588012695312,120.74685668945312,98.77770233154297,109.25419616699219,66.77763366699219,166.89999389648438,19.003812789916992,89.98678588867188
2021-10-21,425.2972717285156,366.54241943359375,214.8443603515625,68.36006164550781,46.366912841796875,76.68659210205078,36.892982482910156,24.22049903869629,121.35954284667969,28.999588012695312,120.60309600830078,98.5177001953125,109.02259063720703,66.60931396484375,166.75,18.7166690826416,90.11133575439453
2021-10-22,424.85662841796875,363.4625549316406,214.33541870117188,68.77013397216797,46.26911163330078,76.42125701904297,37.40871047973633,24.448318481445312,121.85002136230469,29.14694595336914,121.93130493164062,98.76902770996094,109.46107482910156,66.4486083984375,167.77000427246094,18.803682327270508,90.53479766845703
2021-10-25,427.1350402832031,367.1836242675781,216.37127685546875,68.63343048095703,46.5091667175293,76.67208862304688,37.362667083740234,24.806921005249023,121.99809265136719,29.021255493164062,121.74514770507812,98.8903579711914,109.51070404052734,66.56338500976562,168.92999267578125,18.899396896362305,90.82537841796875
2021-10-26,427.51953125,368.33984375,214.74070739746094,68.77013397216797,46.26911163330078,76.88919830322266,37.390296936035156,24.950363159179688,122.59955596923828,29.17728614807129,122.75189208984375,99.0116958618164,109.98226928710938,66.57869720458984,167.67999267578125,18.925500869750977,91.07447052001953
2021-10-27,425.62548828125,369.1947937011719,210.79161071777344,68.49676513671875,45.89568328857422,76.82167053222656,36.773258209228516,24.233158111572266,121.62791442871094,28.98224639892578,124.98524475097656,99.56641387939453,110.65237426757812,66.5251235961914,168.1199951171875,18.57744598388672,90.30232238769531
2021-10-28,429.7323303222656,373.2947692871094,214.9951934814453,69.16310119628906,45.94013977050781,77.59353637695312,37.224525451660156,24.406129837036133,122.64586639404297,29.17294692993164,124.56224060058594,99.30636596679688,110.48692321777344,66.69346618652344,168.0800018310547,18.673160552978516,91.56433868408203
2021-10-29,430.604248046875,375.13104248046875,214.9385986328125,68.76158142089844,45.2733154296875,77.92642211914062,37.077171325683594,24.245813369750977,123.83967590332031,28.999588012695312,124.94296264648438,99.34966278076172,110.4289779663086,66.51749420166016,166.64999389648438,18.57744598388672,90.53479766845703
2021-11-01,431.3450012207031,376.4134521484375,220.50889587402344,69.42793273925781,45.62894821166992,77.81062316894531,37.0955924987793,24.663476943969727,123.69163513183594,29.103607177734375,124.04338073730469,99.3419189453125,110.23170471191406,66.44608306884766,167.52000427246094,18.7166690826416,90.98313903808594
2021-11-02,433.0890197753906,377.9875183105469,220.97067260742188,69.28269958496094,45.219966888427734,78.4957046508789,37.187686920166016,24.43144416809082,124.46893310546875,29.129608154296875,124.59398651123047,99.58475494384766,110.65450286865234,66.60726165771484,167.16000366210938,18.768875122070312,91.41488647460938
2021-11-03,435.73309326171875,382.00006103515625,224.91978454589844,69.84654235839844,45.433353424072266,78.95398712158203,37.325828552246094,24.22893524169922,125.20001983642578,29.021255493164062,123.30644989013672,99.27252960205078,110.37263488769531,66.73777770996094,165.77000427246094,18.290300369262695,91.72210693359375
2021-11-04,437.7865295410156,386.8967590332031,224.83499145507812,69.8038101196289,45.326656341552734,80.18901824951172,36.83772659301758,24.262685775756836,124.33940124511719,28.860891342163086,124.60249328613281,99.81026458740234,110.95291900634766,66.91435241699219,167.64999389648438,18.177183151245117,90.85029602050781
2021-11-05,439.30548095703125,387.2658996582031,227.90753173828125,69.90633392333984,45.2733154296875,80.60388946533203,36.856143951416016,24.5791015625,122.95124816894531,29.13394546508789,126.46601867675781,100.35668182373047,111.7652587890625,67.16764831542969,169.83999633789062,18.429523468017578,91.31527709960938
2021-11-08,439.6804504394531,386.74127197265625,228.6143798828125,69.89778900146484,45.691192626953125,81.0380630493164,37.058753967285156,24.802705764770508,123.68233489990234,28.70053482055664,126.22877502441406,99.92302703857422,111.50829315185547,67.08323669433594,170.4499969482422,18.542640686035156,91.24053192138672
2021-11-09,438.2271728515625,384.0792541503906,227.28546142578125,69.7440185546875,45.51336669921875,80.70519256591797,36.856143951416016,24.90395736694336,123.2288818359375,28.84789276123047,127.87210083007812,100.38265991210938,111.80670166015625,67.1369400024414,171.2899932861328,18.690563201904297,91.39830017089844
2021-11-10,434.70172119140625,378.4343566894531,223.70394897460938,68.89826202392578,45.326656341552734,79.37370300292969,36.791690826416016,24.245813369750977,123.58055114746094,29.081928253173828,125.53414916992188,99.52406311035156,110.6627426147461,66.76081848144531,173.14999389648438,18.455625534057617,90.97484588623047
2021-11-11,434.84234619140625,379.4836730957031,225.5041046142578,69.14601135253906,46.109066009521484,79.74516296386719,36.892982482910156,24.33863067626953,123.21961975097656,28.904237747192383,125.34782409667969,99.20315551757812,110.34776306152344,66.64567565917969,174.1199951171875,18.58614730834961,91.12428283691406
2021-11-12,438.12408447265625,383.4768371582031,225.73031616210938,69.52190399169922,46.23354721069336,80.71484375,36.97586441040039,24.279565811157227,123.83041381835938,28.886898040771484,124.79724884033203,99.4112777709961,110.23170471191406,66.66868591308594,174.4499969482422,18.560043334960938,91.05786895751953
2021-11-15,438.2740173339844,383.3893127441406,224.83499145507812,69.39376068115234,46.08240509033203,80.63282012939453,36.97586441040039,24.48206901550293,123.06230163574219,29.268306732177734,123.23020935058594,99.02099609375,109.39448547363281,66.5919418334961,174.17999267578125,18.568744659423828,91.69718170166016
2021-11-16,440.0086364746094,386.11944580078125,225.24966430664062,69.23998260498047,46.14464569091797,81.48189544677734,36.93903350830078,24.520034790039062,123.58055114746094,29.129608154296875,122.91681671142578,98.93428802490234,109.21214294433594,66.62267303466797,172.9199981689453,18.542640686035156,91.09109497070312
2021-11-17,438.9397888183594,386.323486328125,222.29962158203125,69.15455627441406,45.90458679199219,81.23587036132812,36.51539993286133,24.144561767578125,123.7563705444336,29.15561866760254,123.89091491699219,99.28988647460938,109.6514663696289,66.55355072021484,174.5,18.377315521240234,91.37338256835938
2021-11-18,440.43060302734375,390.3263244628906,221.35711669921875,69.22290802001953,45.34444046020508,82.04633331298828,36.33121109008789,24.00111961364746,123.80266571044922,29.003923416137695,124.35673522949219,99.35059356689453,109.90015411376953,66.49980926513672,173.94000244140625,18.43822479248047,91.39000701904297
2021-11-19,439.64300537109375,392.5026550292969,219.34014892578125,68.63343048095703,45.2733154296875,82.64456176757812,35.93520736694336,23.064531326293945,123.05306243896484,29.16861915588379,125.66973876953125,99.61946105957031,110.31461334228516,66.44608306884766,172.61000061035156,18.142377853393555,90.85029602050781
2021-11-22,438.4053039550781,387.94598388671875,218.4070587158203,68.23193359375,44.908782958984375,81.72310638427734,36.44172668457031,23.4737606048584,122.49779510498047,29.346317291259766,124.19583892822266,98.89088439941406,109.35306549072266,66.19278717041016,168.74000549316406,18.272899627685547,90.40193939208984
2021-11-23,438.98663330078125,386.1777648925781,218.03005981445312,68.16357421875,44.86432647705078,81.53494262695312,37.0127067565918,24.1951847076416,122.62735748291016,29.37665557861328,122.40005493164062,98.4832763671875,108.5738296508789,66.1006851196289,167.27999877929688,18.60354995727539,91.1325912475586
2021-11-24,440.1586608886719,387.42138671875,218.26565551757812,67.7108154296875,44.80208969116211,82.12834930419922,36.9298095703125,24.43144416809082,122.58108520507812,29.393980026245117,124.3652572631836,98.78682708740234,109.0960464477539,66.08528900146484,167.1199951171875,18.533939361572266,92.23688507080078
2021-11-26,430.3416748046875,380.0763854980469,210.03761291503906,65.89118194580078,43.29949951171875,80.07804870605469,35.70496368408203,23.448444366455078,122.12763977050781,28.93457794189453,127.50784301757812,100.06177520751953,109.98302459716797,65.6093978881836,166.85000610351562,17.428865432739258,89.67129516601562
2021-11-29,435.62054443359375,388.3249816894531,209.90567016601562,66.22434997558594,43.46842575073242,82.08011627197266,35.81547546386719,23.583452224731445,122.4607925415039,29.363651275634766,126.48287963867188,99.83627319335938,110.05764770507812,66.01618957519531,166.6199951171875,17.428865432739258,90.33552551269531
2021-11-30,427.1444091796875,382.6218566894531,205.6266632080078,65.6434326171875,43.42396926879883,81.39505767822266,34.95900344848633,23.030784606933594,120.05469512939453,28.505496978759766,128.40570068359375,100.43473815917969,110.29802703857422,65.73986053466797,165.5,16.950286865234375,88.62510681152344
2021-12-01,422.4000549316406,376.1123962402344,200.99893188476562,65.2675552368164,43.584022521972656,80.28067016601562,34.572208404541016,22.786081314086914,119.84185028076172,28.557506561279297,129.19786071777344,100.62394714355469,110.3138198852539,65.74910736083984,166.16000366210938,16.802364349365234,87.163818359375
2021-12-02,428.86956787109375,378.82305908203125,206.6068878173828,66.0791244506836,44.11747741699219,81.01879119873047,35.60366439819336,23.448444366455078,120.42489624023438,28.921567916870117,129.35890197753906,100.40695190429688,110.57123565673828,66.2342758178711,165.24000549316406,16.950286865234375,89.77922058105469
2021-12-03,425.1379089355469,372.23577880859375,202.36561584472656,65.80575561523438,43.49509811401367,79.66316986083984,35.023468017578125,23.262821197509766,120.64692687988281,29.211956024169922,130.90249633789062,100.99717712402344,111.4930419921875,66.2342758178711,166.6300048828125,16.967689514160156,89.48031616210938
2021-12-06,430.1729431152344,375.2184753417969,206.4278106689453,66.43791961669922,43.83295440673828,80.4205551147461,35.557613372802734,23.6087646484375,121.33177947998047,29.658369064331055,129.10455322265625,100.49378204345703,110.92830657958984,66.52698516845703,166.22000122070312,17.263538360595703,91.049560546875
2021-12-07,439.07098388671875,386.51776123046875,211.21572875976562,67.8389663696289,44.526466369628906,83.22830200195312,36.19307327270508,24.161436080932617,122.8957748413086,29.879417419433594,128.06138610839844,100.11184692382812,110.97816467285156,66.88125610351562,166.80999755859375,17.524578094482422,92.36141967773438
2021-12-08,440.233642578125,388.2472229003906,212.6577606201172,67.96709442138672,44.704280853271484,83.60940551757812,35.999671936035156,24.157217025756836,123.8211669921875,29.849077224731445,125.84793853759766,99.79067993164062,110.23905181884766,66.8658447265625,166.89999389648438,17.75951385498047,93.02567291259766
2021-12-09,437.2614440917969,382.5343933105469,207.84156799316406,67.40326690673828,44.490901947021484,82.70726776123047,35.925987243652344,23.971582412719727,124.10804748535156,29.81007194519043,126.55182647705078,100.04238891601562,110.14775848388672,66.5655288696289,165.8800048828125,17.48977279663086,91.68058013916016
2021-12-10,441.37750244140625,386.6927185058594,207.26663208007812,67.54849243164062,44.526466369628906,84.36681365966797,35.96282958984375,24.148780822753906,124.54297637939453,29.970436096191406,126.24644470214844,100.11184692382812,110.27226257324219,66.71951293945312,166.5800018310547,17.689905166625977,91.96289825439453
2021-12-13,437.4676513671875,381.106201171875,204.23764038085938,66.9157485961914,43.8203239440918,83.11250305175781,35.5760383605957,23.477983474731445,125.71827697753906,30.338830947875977,128.11227416992188,100.58922576904297,110.7705307006836,66.71951293945312,167.0,17.602890014648438,92.8263931274414
2021-12-14,434.4578857421875,377.16162109375,202.47926330566406,66.5594253540039,43.72111892700195,81.74723052978516,35.78785705566406,23.380950927734375,125.20929718017578,30.156801223754883,127.80701446533203,100.41563415527344,110.27226257324219,66.6040267944336,165.44000244140625,17.446266174316406,91.63906860351562
2021-12-15,441.2463073730469,385.760009765625,205.6935272216797,67.46333312988281,43.59486389160156,83.913330078125,35.88915252685547,23.26703453063965,127.77271270751953,30.650882720947266,126.5772705078125,100.26803588867188,110.4134521484375,66.858154296875,166.14999389648438,17.533279418945312,92.92603302001953
2021-12-16,437.3552551269531,375.84027099609375,201.53390502929688,67.4720230102539,43.64897155761719,81.53494262695312,36.34041213989258,23.41469955444336,128.53155517578125,30.806913375854492,126.6264877319336,100.55998229980469,110.41014099121094,66.8086929321289,168.16000366210938,17.637699127197266,92.8927993774414
2021-12-17,432.700439453125,373.9651794433594,203.3868408203125,66.6202392578125,43.432533264160156,80.98982238769531,35.53921127319336,22.937965393066406,127.63388061523438,30.343164443969727,128.06137084960938,100.7858657836914,110.66804504394531,66.74685668945312,167.8000030517578,17.428865432739258,92.77657318115234
2021-12-20,428.099365234375,370.33758544921875,200.53182983398438,66.47249603271484,42.783206939697266,80.02651977539062,34.848880767822266,22.653778076171875,126.8609848022461,30.371992111206055,127.1019515991211,100.69900512695312,110.18549346923828,66.63094329833984,167.08999633789062,17.307043075561523,92.05422973632812
2021-12-21,435.7020568847656,378.6258544921875,206.2607421875,67.2112808227539,43.50468826293945,82.05171966552734,35.57065963745117,23.299076080322266,127.39048767089844,30.32831573486328,126.6180419921875,100.29930877685547,110.40181732177734,66.98643493652344,167.02000427246094,17.672502517700195,93.09207153320312
2021-12-22,440.0584411621094,383.2369689941406,208.24603271484375,67.8370590209961,43.712100982666016,83.12474822998047,35.737220764160156,23.448650360107422,128.87686157226562,30.459362030029297,127.20384979248047,100.3949203491211,110.5765380859375,67.16416931152344,168.58999633789062,17.881336212158203,94.04691314697266
2021-12-23,442.7964782714844,386.126220703125,209.909912109375,68.23685455322266,43.93756866455078,83.5887451171875,35.92230224609375,23.461471557617188,129.4063720703125,30.454986572265625,126.10009002685547,100.18640899658203,110.41014099121094,67.35737609863281,168.97000122070312,17.97705078125,93.94727325439453
2021-12-27,449.0630187988281,392.5079040527344,211.87625122070312,68.7670669555664,44.135963439941406,85.38192749023438,36.29243850708008,23.974287033081055,130.77194213867188,30.603511810302734,126.40576934814453,100.22117614746094,110.73463439941406,67.42694854736328,169.3699951171875,18.203285217285156,95.54216766357422
2021-12-28,448.696044921875,390.68865966796875,210.5811004638672,68.79312133789062,43.991676330566406,84.93726348876953,36.31094741821289,23.957195281982422,130.42823791503906,30.878700256347656,125.90480041503906,100.20378112792969,110.59320068359375,67.39599609375,168.63999938964844,18.168479919433594,95.8941650390625
2021-12-29,449.2700500488281,390.6302490234375,210.80799865722656,68.7670669555664,43.79326629638672,85.00977325439453,36.26468276977539,23.803346633911133,131.1714324951172,31.04469108581543,124.52936553955078,99.69123077392578,109.98577880859375,67.2878189086914,168.58999633789062,18.255495071411133,96.53949737548828
2021-12-30,448.02801513671875,389.462890625,210.75125122070312,68.58675384521484,44.294960021972656,84.44908905029297,36.19990539550781,23.658048629760742,131.44081115722656,31.158267974853516,125.57368469238281,100.02134704589844,110.42679595947266,67.25688171386719,169.8000030517578,18.168479919433594,96.95853424072266
2021-12-31,446.8988952636719,387.03094482421875,210.29750061035156,68.52579498291016,44.07839584350586,84.03825378417969,36.13513946533203,23.717878341674805,130.88345336914062,31.267475128173828,125.81987762451172,99.90840911865234,110.26038360595703,67.24147033691406,170.9600067138672,18.081466674804688,97.22671508789062
2022-01-03,449.4864501953125,390.7568359375,213.01071166992188,68.96997833251953,44.394222259521484,84.83576965332031,36.57929992675781,24.45292091369629,129.53643798828125,30.95733070373535,122.51710510253906,98.97882843017578,109.08719635009766,67.21056365966797,168.3300018310547,18.151077270507812,96.46405792236328
2022-01-04,449.3359069824219,385.6884765625,212.68923950195312,69.36190032958984,44.240821838378906,83.9367446899414,37.54166793823242,25.299072265625,127.82711029052734,30.86123275756836,122.00768280029297,98.92671966552734,109.17877197265625,67.04054260253906,169.57000732421875,18.368614196777344,96.34673309326172
2022-01-05,440.70770263671875,373.83966064453125,205.4855499267578,68.75223541259766,43.518959045410156,81.355712890625,37.106746673583984,25.29479217529297,126.91671752929688,30.84375762939453,121.34545135498047,98.50967407226562,108.53805541992188,66.52275085449219,169.05999755859375,18.290300369262695,93.58941650390625
2022-01-06,440.293701171875,373.5770568847656,206.6578369140625,68.40386199951172,43.71747970581055,80.94488525390625,37.652706146240234,25.858896255493164,125.44893646240234,30.524879455566406,121.65955352783203,98.26641082763672,108.39665222167969,66.53047943115234,166.99000549316406,18.44692611694336,93.6732177734375
2022-01-07,438.5530090332031,369.5301513671875,204.26602172851562,68.60419464111328,44.1144905090332,80.2005386352539,38.09687423706055,26.213598251342773,124.80792999267578,30.756397247314453,120.78508758544922,97.94501495361328,107.9306869506836,66.36048889160156,167.75,18.48172950744629,93.05304718017578
2022-01-10,438.00726318359375,369.7733459472656,203.5570068359375,67.96839141845703,44.1144905090332,80.21501922607422,37.967323303222656,26.13239860534668,126.08992767333984,30.555463790893555,121.0822525024414,97.9189224243164,107.8308334350586,66.41454315185547,168.25999450683594,18.403417587280273,92.51666259765625
2022-01-11,441.99676513671875,375.328125,205.72190856933594,68.70868682861328,45.13412094116211,81.17687225341797,38.30045700073242,27.02128791809082,127.09320831298828,30.28026008605957,121.88882446289062,98.15348815917969,108.15534973144531,66.72368621826172,170.2899932861328,18.76017189025879,92.65914154052734
2022-01-12,443.1916809082031,376.8164978027344,204.19039916992188,69.37932586669922,45.88304901123047,81.55873107910156,38.328208923339844,27.07257080078125,126.73089599609375,30.376358032226562,121.42186737060547,98.17086029052734,108.0804443359375,66.83187866210938,170.74000549316406,18.908098220825195,92.76811218261719
2022-01-13,437.085205078125,367.3900451660156,202.31857299804688,68.8741683959961,45.23337936401367,79.44652557373047,38.18016052246094,26.935819625854492,124.76146697998047,30.524879455566406,122.50012969970703,98.48363494873047,108.42157745361328,66.59230041503906,170.16000366210938,18.70796775817871,92.5837173461914
2022-01-14,437.263916015625,369.6761169433594,202.6021728515625,68.80449676513672,45.2153205871582,80.11837005615234,37.78225326538086,27.568288803100586,124.5478286743164,30.31520652770996,120.64922332763672,97.80602264404297,107.46477508544922,66.53047943115234,169.6699981689453,18.95160484313965,91.74562072753906
2022-01-18,429.5201721191406,360.47332763671875,196.47616577148438,67.7942123413086,44.412261962890625,78.19466400146484,36.940185546875,27.679405212402344,122.80135345458984,29.952648162841797,118.95115661621094,97.0675277709961,106.44135284423828,66.20589447021484,169.38999938964844,19.099529266357422,90.78182220458984
2022-01-19,425.0602111816406,356.5140075683594,193.2808380126953,67.73323059082031,44.601749420166016,77.1023178100586,36.32019805908203,27.478553771972656,122.29969787597656,30.08806037902832,119.77473449707031,97.30207824707031,106.60779571533203,66.14409637451172,172.0800018310547,19.20394515991211,89.5582046508789
2022-01-20,420.3556823730469,351.8835144042969,189.78292846679688,67.40227508544922,44.86342239379883,76.10665130615234,36.08885955810547,27.22641372680664,121.50077056884766,30.12738037109375,120.5134048461914,97.51058197021484,106.54952239990234,66.02041625976562,171.64999389648438,19.13433265686035,88.41002655029297
2022-01-21,412.1037902832031,342.1261901855469,186.2283477783203,66.48779296875,44.213748931884766,74.59379577636719,35.34857940673828,26.68795394897461,120.2745361328125,30.070585250854492,121.94828033447266,98.07528686523438,107.24842834472656,66.02816009521484,171.08999633789062,19.151735305786133,88.192138671875
2022-01-24,413.8538513183594,343.69244384765625,190.5203399658203,65.82587432861328,43.59115219116211,74.98047637939453,35.450374603271484,26.867443084716797,119.87506103515625,29.782291412353516,120.94637298583984,97.9884262084961,106.91561889648438,65.9585952758789,172.02999877929688,19.10822868347168,88.35974884033203
2022-01-25,408.80108642578125,335.7251281738281,187.97731018066406,65.42523956298828,43.50994110107422,73.24526977539062,35.598419189453125,27.910171508789062,119.10401153564453,29.314897537231445,120.75111389160156,97.85810852050781,106.61607360839844,65.76543426513672,172.5800018310547,19.282257080078125,88.00774383544922
2022-01-26,407.7755432128906,335.19989013671875,185.2641143798828,65.17266845703125,42.95952606201172,73.67544555664062,35.69095993041992,27.8631649017334,118.48160552978516,29.074642181396484,119.29077911376953,97.1631088256836,105.8922348022461,65.54130554199219,169.7899932861328,19.325761795043945,86.6332778930664
2022-01-27,405.76190185546875,331.8241882324219,181.0572052001953,64.86782836914062,42.4632453918457,73.16795349121094,35.36708450317383,28.166584014892578,118.78820037841797,29.332366943359375,121.48128509521484,97.5714111328125,106.13351440429688,65.25535583496094,167.60000610351562,19.421478271484375,85.20014953613281
2022-01-28,415.8392028808594,342.2332458496094,184.58346557617188,65.0855712890625,42.67078399658203,76.36766052246094,35.82976531982422,28.046924591064453,121.21280670166016,29.686195373535156,121.52375793457031,97.79729461669922,106.24998474121094,65.44083404541016,167.10000610351562,19.43888282775879,87.95745849609375
2022-01-31,423.32891845703125,353.17724609375,190.24618530273438,66.03489685058594,44.069374084472656,78.2865219116211,36.144378662109375,28.170854568481445,121.90953826904297,30.249683380126953,120.89545440673828,97.79729461669922,106.29993438720703,65.45630645751953,168.08999633789062,19.508493423461914,89.03856658935547
2022-02-01,426.18927001953125,355.580078125,192.2504119873047,66.66197967529297,44.3400764465332,78.48950958251953,36.64406967163086,29.175121307373047,122.23469543457031,29.847816467285156,120.494140625,97.66510772705078,106.47663879394531,65.71613311767578,168.22999572753906,19.58680534362793,88.7201156616211
2022-02-02,430.329345703125,358.4693298339844,190.3407440185547,67.15840911865234,44.26789474487305,79.12753295898438,36.8939094543457,29.269147872924805,123.87899780273438,30.288991928100586,120.90223693847656,97.86512756347656,106.48495483398438,65.81693267822266,168.83999633789062,19.665117263793945,89.85153198242188
2022-02-03,420.21453857421875,343.93560791015625,186.73886108398438,66.09587097167969,43.79869079589844,76.8316650390625,36.486759185791016,28.991363525390625,123.34944152832031,30.153583526611328,119.95850372314453,97.44772338867188,105.62638092041016,65.22749328613281,168.60000610351562,19.70862579345703,88.8961181640625
2022-02-04,422.1904602050781,348.2743835449219,187.54246520996094,66.25263214111328,43.90696334838867,77.1410140991211,37.106746673583984,29.444360733032227,122.90354919433594,29.913333892822266,118.1900405883789,96.69984436035156,104.57600402832031,64.97154998779297,168.86000061035156,19.865249633789062,88.01609802246094
2022-02-07,420.83544921875,345.4726867675781,188.46885681152344,66.3658447265625,43.81672668457031,76.628662109375,37.21779251098633,29.8204288482666,122.68988800048828,29.869657516479492,118.26655578613281,96.72593688964844,104.76777648925781,64.92499542236328,170.11000061035156,19.908756256103516,87.8904037475586
2022-02-08,424.29803466796875,349.3541564941406,191.68316650390625,66.70552062988281,44.240821838378906,77.57600402832031,37.736000061035156,29.17940330505371,123.69316864013672,29.891490936279297,117.47584533691406,96.41289520263672,104.3759765625,64.8552017211914,170.6300048828125,19.734729766845703,87.47972869873047
2022-02-09,430.5081481933594,356.75726318359375,195.3228302001953,67.7854995727539,44.935611724853516,79.29669189453125,37.976585388183594,29.422990798950195,124.6500244140625,30.022539138793945,117.69688415527344,96.54330444335938,104.72607421875,65.19644165039062,171.2100067138672,19.93486213684082,89.45762634277344
2022-02-10,422.77374267578125,348.68292236328125,192.32601928710938,66.92325592041016,44.63785171508789,77.2231674194336,37.643463134765625,29.239227294921875,122.69913482666016,29.26247215270996,115.82638549804688,95.65632629394531,103.30057525634766,64.33554077148438,170.55999755859375,19.830446243286133,87.34566497802734
2022-02-11,414.4372253417969,337.62213134765625,190.3785400390625,65.9129638671875,43.96110534667969,74.86446380615234,37.116004943847656,30.08966064453125,120.99913787841797,29.27994728088379,117.54386901855469,96.64769744873047,104.06749725341797,64.11061096191406,173.80999755859375,20.12628936767578,86.54945373535156
2022-02-14,413.0823059082031,338.0403137207031,189.7167510986328,65.48621368408203,43.65431213378906,74.84031677246094,36.69960021972656,29.38026237487793,119.76360321044922,29.030961990356445,116.08146667480469,95.97806549072266,103.1422119140625,64.0020523071289,174.74000549316406,20.2307071685791,85.76166534423828
2022-02-15,419.7439880371094,346.44549560546875,194.8028564453125,66.68810272216797,44.601749420166016,76.8074951171875,37.199283599853516,29.072566986083984,121.11058807373047,28.895553588867188,114.76363372802734,95.69111633300781,102.62537384033203,64.11061096191406,173.0800018310547,19.900056838989258,86.53270721435547
2022-02-16,420.21453857421875,346.35791015625,195.20938110351562,66.94068145751953,44.926578521728516,76.73015594482422,37.227046966552734,29.307605743408203,121.29642486572266,28.96106719970703,115.44380187988281,95.89111328125,102.77542877197266,64.46739196777344,174.86000061035156,19.926158905029297,86.93499755859375
2022-02-17,411.2381591796875,336.05596923828125,190.2083740234375,65.8607177734375,44.40324020385742,74.43429565429688,36.30168533325195,29.260591506958008,119.3455581665039,28.978540420532227,116.30247497558594,96.40420532226562,102.85043334960938,64.19593811035156,177.25,20.09148597717285,86.0130844116211
2022-02-18,408.57537841796875,332.2230224609375,188.57290649414062,65.5820083618164,43.96110534667969,73.68029022216797,36.29243850708008,29.081111907958984,118.45374298095703,28.926128387451172,117.52689361572266,96.71725463867188,103.10053253173828,64.28901672363281,177.1199951171875,20.1697998046875,85.49346923828125
2022-02-22,404.19061279296875,328.8863220214844,185.91641235351562,64.8155746459961,43.3385009765625,72.99877166748047,36.10736846923828,28.611026763916016,118.15647888183594,28.895553588867188,117.83294677734375,96.70858001708984,102.96717071533203,64.14167785644531,177.49000549316406,20.456945419311523,85.18339538574219
2022-02-23,397.0207824707031,320.4617919921875,182.43743896484375,64.2843017578125,42.83320236206055,71.1717529296875,35.47811508178711,28.90589714050293,117.56192779541016,28.406309127807617,116.20904541015625,96.20419311523438,102.03351593017578,64.02532958984375,178.2899932861328,20.648372650146484,83.775390625
2022-02-24,402.9956970214844,331.2308349609375,187.22100830078125,63.42207717895508,41.94892120361328,73.60294342041016,35.052459716796875,28.679401397705078,118.03570556640625,28.633455276489258,116.2855224609375,96.43025970458984,102.5169906616211,64.48291778564453,177.13999938964844,20.735389709472656,85.18339538574219
2022-02-25,411.8873596191406,336.36712646484375,191.4373779296875,65.00717163085938,42.724918365478516,74.60346221923828,36.181396484375,29.435813903808594,121.64942169189453,29.52020263671875,116.37052917480469,96.40420532226562,102.93379974365234,64.84744262695312,176.5500030517578,20.422136306762695,87.23670196533203
2022-02-28,410.8334655761719,337.3691711425781,192.21255493164062,63.770442962646484,42.16548538208008,74.46812438964844,35.64468765258789,30.162303924560547,120.72975158691406,29.673086166381836,118.92122650146484,97.49990844726562,104.03418731689453,64.89399719238281,178.3800048828125,20.77019500732422,85.93766021728516
2022-03-01,404.57635498046875,332.20355224609375,188.591796875,62.37694549560547,41.606040954589844,72.97944641113281,34.330684661865234,30.465721130371094,120.06088256835938,29.415355682373047,120.29617309570312,98.44949340820312,104.39002227783203,64.71260070800781,181.6199951171875,21.605525970458984,85.48509216308594
2022-03-02,412.0190734863281,337.7777099609375,193.08230590820312,63.160789489746094,41.67823028564453,74.55997467041016,35.21902847290039,31.162296295166016,121.87238311767578,29.7735538482666,116.18415832519531,96.9698257446289,102.80288696289062,64.86825561523438,179.72999572753906,22.310335159301758,87.08584594726562
2022-03-03,409.9678955078125,332.9526672363281,190.79452514648438,61.91532897949219,41.09172058105469,73.67061614990234,35.10797882080078,31.24776268005371,122.49478149414062,30.2977352142334,117.36752319335938,97.38761901855469,103.17879486083984,64.67367553710938,180.8000030517578,22.55397605895996,87.79823303222656
2022-03-04,406.63702392578125,328.1275634765625,187.80714416503906,60.12119674682617,40.2615852355957,72.38009643554688,34.45097732543945,32.149478912353516,123.10790252685547,30.966068267822266,119.39370727539062,98.3537368774414,103.279052734375,64.2533187866211,183.67999267578125,23.50242805480957,88.20051574707031
2022-03-07,394.649658203125,316.0257568359375,183.1370391845703,58.21382522583008,38.754703521728516,69.73141479492188,33.19248580932617,32.62384033203125,120.96199798583984,31.367931365966797,118.4827880859375,97.93595886230469,102.02604675292969,63.692848205566406,186.41000366210938,24.015806198120117,86.45728302001953
2022-03-08,391.65753173828125,314.5568542480469,184.14857482910156,58.7189826965332,38.88103103637695,69.39307403564453,32.99817657470703,33.13665771484375,118.49091339111328,30.88306427001953,117.29090881347656,97.30058288574219,101.41627502441406,63.46710205078125,191.50999450683594,24.424772262573242,86.0382308959961
2022-03-09,402.1582336425781,325.88037109375,189.338623046875,61.17502975463867,39.98186111450195,72.13843536376953,34.21039962768555,32.12383270263672,120.72975158691406,30.664657592773438,116.14157104492188,96.69998931884766,101.59168243408203,63.996429443359375,185.82000732421875,22.484363555908203,87.36241912841797
2022-03-10,400.3422546386719,322.261474609375,188.99832153320312,60.443450927734375,39.23293685913086,70.87692260742188,33.92353057861328,33.10673522949219,120.68328857421875,30.869970321655273,114.4729232788086,96.25613403320312,100.43059539794922,63.459312438964844,186.39999389648438,22.214622497558594,87.580322265625
2022-03-11,395.25189208984375,315.5783386230469,185.98257446289062,59.79023361206055,38.41182327270508,69.62991333007812,33.68293762207031,32.8417854309082,119.78218841552734,30.7651309967041,114.85601043701172,96.22998046875,100.38883972167969,63.00001907348633,185.08999633789062,22.597482681274414,86.88469696044922
2022-03-14,392.36328125,309.51776123046875,182.1822052001953,60.33892822265625,37.4824333190918,68.33940124511719,34.10859298706055,31.85887908935547,120.6275634765625,30.730180740356445,112.17424774169922,95.01142883300781,98.93538665771484,62.25269317626953,182.3000030517578,21.936176300048828,86.20585632324219
2022-03-15,400.9914855957031,319.226318359375,185.08448791503906,60.91375732421875,37.53657531738281,70.63525390625,34.589778900146484,30.69221305847168,123.03359985351562,31.123327255249023,111.97843933105469,94.96794128417969,99.71223449707031,62.71976089477539,178.88999938964844,21.396692276000977,86.78413391113281
2022-03-16,409.8831787109375,331.0653991699219,190.90792846679688,63.09981155395508,40.55935287475586,72.93110656738281,35.561405181884766,30.551189422607422,124.51067352294922,31.066532135009766,113.07670593261719,94.83735656738281,100.56422424316406,63.59941482543945,180.00999450683594,21.21396255493164,87.81497955322266
2022-03-17,415.0111389160156,335.0733337402344,193.90476989746094,63.63109588623047,40.35181427001953,73.44827270507812,36.005584716796875,31.602466583251953,126.4800796508789,31.197580337524414,112.23387908935547,94.65460968017578,101.54991149902344,64.03536224365234,180.88999938964844,22.232025146484375,89.17269134521484
2022-03-18,419.5567321777344,341.931640625,195.94676208496094,64.24947357177734,40.92930603027344,74.95146179199219,36.08885955810547,31.572559356689453,127.26041412353516,30.931123733520508,113.60450744628906,94.93310546875,101.75041198730469,64.24552154541016,179.3000030517578,22.336442947387695,89.17269134521484
2022-03-21,419.43402099609375,340.98101806640625,194.21676635742188,63.84883117675781,40.29767990112305,74.80911254882812,36.053558349609375,32.84528350830078,127.16351318359375,31.137798309326172,110.9738540649414,93.69718933105469,100.3387222290039,63.50599670410156,180.6699981689453,23.17177391052246,88.62793731689453
2022-03-22,424.3419494628906,347.6822204589844,196.16421508789062,64.44977569580078,41.028564453125,75.88410949707031,36.638816833496094,32.60368347167969,127.19147491455078,31.181774139404297,109.55207824707031,93.18363189697266,100.09648895263672,63.832969665527344,179.36000061035156,23.119565963745117,88.85421752929688
2022-03-23,418.87713623046875,342.68548583984375,192.76084899902344,63.613685607910156,40.75785446166992,74.71708679199219,35.96065902709961,33.164554595947266,124.90838623046875,31.225740432739258,111.9529037475586,93.81031036376953,100.3804702758789,63.630550384521484,181.80999755859375,23.69385528564453,87.85733795166016
2022-03-24,425.19146728515625,350.30230712890625,194.97743225097656,64.20592498779297,40.97441864013672,76.65885925292969,36.24863815307617,33.246524810791016,126.39938354492188,31.5467529296875,111.0760269165039,93.28809356689453,100.42224884033203,63.76291275024414,183.1300048828125,23.458919525146484,88.41349029541016
2022-03-25,427.2679138183594,350.0101318359375,195.24264526367188,64.24076080322266,40.64958190917969,76.61529541015625,36.713130950927734,33.97565841674805,126.98644256591797,32.004085540771484,109.53506469726562,92.33064270019531,99.62866973876953,63.30360794067383,182.3800048828125,23.63294792175293,89.51740264892578
2022-03-28,430.3070068359375,355.4255676269531,195.30894470214844,64.0317153930664,40.784934997558594,77.52565002441406,36.6109504699707,33.13435745239258,127.90902709960938,32.210750579833984,110.4715347290039,92.53954315185547,100.18000793457031,63.70063018798828,179.05999755859375,22.606184005737305,90.46961975097656
2022-03-29,435.63031005859375,361.5423278808594,200.53761291503906,65.45135498046875,41.479713439941406,79.17203521728516,36.694541931152344,33.04806900024414,128.66384887695312,32.5097770690918,111.30587768554688,93.00086212158203,101.02368927001953,64.48685455322266,179.13999938964844,22.69319725036621,93.12405395507812
2022-03-30,432.9404602050781,357.54888916015625,196.5119171142578,65.1813735961914,41.3624153137207,78.1164321899414,36.434444427490234,33.43204879760742,128.91542053222656,32.77801513671875,112.17424774169922,93.36640930175781,101.257568359375,64.29222869873047,180.5800018310547,23.102161407470703,92.44991302490234
2022-03-31,426.2768859863281,353.1171569824219,194.43748474121094,64.10140228271484,40.73981475830078,76.95909118652344,35.598358154296875,32.979042053222656,127.65741729736328,32.74284362792969,112.4466781616211,93.54049682617188,101.02368927001953,64.05872344970703,180.64999389648438,22.67579460144043,91.32073211669922
2022-04-01,427.4850769042969,352.4451599121094,196.61611938476562,64.70235443115234,41.41655731201172,76.73149871826172,35.50545883178711,33.246524810791016,128.66384887695312,33.20016098022461,112.87470245361328,92.9314193725586,101.3626937866211,64.05402374267578,179.5,22.823719024658203,93.09876251220703
2022-04-04,431.1471862792969,359.701416015625,196.93817138671875,64.96363067626953,42.14743423461914,78.18904876708984,35.3475341796875,33.28968048095703,127.59220123291016,32.94511795043945,112.09025573730469,92.87039184570312,101.71427154541016,64.53863525390625,180.3699951171875,23.2587890625,92.64373016357422
2022-04-05,425.7011413574219,351.714599609375,192.27780151367188,64.083984375,41.371437072753906,76.54267883300781,35.12458801269531,32.76763916015625,127.86241912841797,33.15178680419922,109.55789947509766,91.76378631591797,99.9312515258789,63.702293395996094,179.24000549316406,23.067358016967773,92.18868255615234
2022-04-06,421.44439697265625,344.0783996582031,189.5498046875,63.317562103271484,40.830039978027344,74.73162078857422,34.88304138183594,32.9617805480957,129.81004333496094,33.81139373779297,108.67113494873047,91.4413833618164,99.3453369140625,63.202056884765625,179.66000366210938,22.88463020324707,93.2841567993164
2022-04-07,423.5680236816406,344.8966064453125,188.93405151367188,63.456912994384766,40.505210876464844,74.84784698486328,34.84589385986328,33.39322280883789,132.30746459960938,33.72785186767578,107.8525619506836,91.21484375,98.88492584228516,63.10043716430664,180.33999633789062,22.962940216064453,92.35720825195312
2022-04-08,422.4354248046875,340.0751647949219,187.427978515625,63.4830322265625,40.54130172729492,73.80189514160156,35.19890594482422,34.31217575073242,133.09954833984375,33.842185974121094,106.68443298339844,90.75299835205078,98.10643768310547,62.717445373535156,181.47000122070312,23.250085830688477,92.50890350341797
2022-04-11,415.21502685546875,332.02984619140625,186.16815185546875,62.81241989135742,40.03600311279297,71.94245147705078,35.04098129272461,33.281044006347656,130.45303344726562,33.380455017089844,104.99615478515625,90.31732177734375,97.15214538574219,62.287559509277344,182.3699951171875,23.058656692504883,91.51454162597656
2022-04-12,413.6766052246094,330.6273193359375,186.7554473876953,62.34210205078125,39.9096794128418,71.62287902832031,34.660099029541016,33.83327865600586,129.18569946289062,33.50798034667969,104.85123443603516,90.75299835205078,97.2191162109375,62.764339447021484,183.77000427246094,23.746065139770508,91.37969970703125
2022-04-13,418.41461181640625,337.3479919433594,190.30755615234375,63.01272201538086,40.43302917480469,72.77531433105469,34.660099029541016,34.33806228637695,129.81936645507812,33.442020416259766,105.06442260742188,90.95340728759766,97.72134399414062,63.13951873779297,184.64999389648438,24.268150329589844,92.02855682373047
2022-04-14,413.2045593261719,329.63385009765625,188.46047973632812,62.72531509399414,39.9096794128418,71.00788116455078,34.269927978515625,34.45024108886719,129.19497680664062,33.4596061706543,102.95832061767578,90.1343002319336,96.58293151855469,62.717445373535156,184.0399932861328,24.450878143310547,91.63253021240234
2022-04-18,413.3745422363281,329.8869934082031,187.191162109375,62.35951614379883,39.774330139160156,71.24029541015625,34.474300384521484,34.955013275146484,127.76923370361328,33.27931213378906,102.4467544555664,89.87290954589844,95.8463134765625,62.615840911865234,184.61000061035156,24.72932243347168,91.2617416381836
2022-04-19,420.0475158691406,337.2602844238281,190.92327880859375,62.6556396484375,39.57582092285156,72.57679748535156,34.94807815551758,34.6702766418457,128.989990234375,33.49479293823242,101.67932891845703,89.2803726196289,95.08457946777344,62.56113052368164,181.82000732421875,24.0941219329834,93.25045013427734
2022-04-20,419.7360534667969,332.3415832519531,191.6526336669922,63.073699951171875,39.34121322631836,72.50900268554688,35.18961715698242,34.804019927978516,130.72323608398438,33.767425537109375,103.72569274902344,89.97746276855469,96.07230377197266,62.75652313232422,182.7100067138672,24.120222091674805,94.80097198486328
2022-04-21,413.4595031738281,325.4650573730469,187.36170959472656,62.39436340332031,38.5832633972168,71.27904510498047,34.632225036621094,33.69954299926758,129.2788848876953,33.208953857421875,102.95832061767578,89.48077392578125,95.05107879638672,62.326656341552734,182.05999755859375,24.085418701171875,94.14369201660156
2022-04-22,402.114501953125,316.94256591796875,182.5118865966797,61.37535858154297,38.240379333496094,69.28401947021484,33.60105514526367,32.87549591064453,124.56359100341797,32.65049743652344,102.31031799316406,89.52436065673828,94.94222259521484,61.951454162597656,180.2899932861328,23.62424659729004,92.49203491210938
2022-04-25,404.44586181640625,321.01385498046875,183.62014770507812,61.0792350769043,37.96066665649414,70.32510375976562,33.65679931640625,31.78828239440918,125.40229797363281,32.42621994018555,103.33350372314453,90.09944915771484,95.99698638916016,62.47515106201172,177.0500030517578,23.450218200683594,92.25608825683594
2022-04-26,392.73272705078125,308.8971862792969,177.8325653076172,59.37217712402344,37.130531311035156,67.7054214477539,32.81142807006836,31.831417083740234,123.19371032714844,32.1008186340332,104.37371826171875,90.70068359375,95.94676971435547,62.10776138305664,177.32000732421875,23.77216911315918,90.73927307128906
2022-04-27,393.83697509765625,308.52703857421875,177.09371948242188,59.642181396484375,37.56364059448242,68.70775604248047,32.783565521240234,32.29737854003906,122.92349243164062,31.94692039489746,103.03504943847656,90.19530487060547,95.02596282958984,61.80292510986328,175.97999572753906,23.9374942779541,90.14098358154297
2022-04-28,403.7851257324219,319.484619140625,180.39955139160156,60.48698806762695,38.105037689208984,71.4582290649414,33.20160675048828,33.2767333984375,124.6195068359375,32.303104400634766,103.18856811523438,90.0645980834961,95.31053161621094,62.1468620300293,176.92999267578125,24.13762664794922,91.8010482788086
2022-04-29,388.86297607421875,305.1083068847656,175.1898193359375,59.781524658203125,38.240379333496094,68.48018646240234,32.0589599609375,32.422481536865234,121.41386413574219,31.3356876373291,101.84988403320312,89.58535766601562,94.25585174560547,61.38087844848633,176.91000366210938,23.954898834228516,87.58767700195312
2022-05-02,391.20367431640625,310.20233154296875,177.02743530273438,59.63346862792969,38.186241149902344,69.52129364013672,32.06825256347656,32.94020462036133,120.6590347290039,31.014671325683594,100.08442687988281,88.91793823242188,93.69706726074219,61.38478469848633,173.6300048828125,24.320356369018555,85.47256469726562
2022-05-03,392.99700927734375,310.5334167480469,178.54299926757812,60.0776481628418,38.465965270996094,69.642333984375,32.48629379272461,33.86348342895508,121.0411148071289,31.13339614868164,100.75918579101562,89.0226058959961,94.3011703491211,61.70648956298828,174.08999633789062,23.981002807617188,86.53433227539062
2022-05-04,404.9648742675781,321.03338623046875,183.3075408935547,61.13148880004883,38.88103103637695,72.08772277832031,33.48029708862305,35.26997375488281,123.72491455078125,31.82819175720215,101.3143310546875,89.59844207763672,95.2240219116211,62.3342170715332,175.8000030517578,24.72932243347168,87.5286865234375
2022-05-05,390.5713195800781,304.86480712890625,175.87181091308594,59.16315841674805,37.44633865356445,68.62061309814453,32.50486755371094,34.73929977416992,121.32066345214844,31.502779006958008,98.53846740722656,88.69982147216797,93.76420593261719,61.22785186767578,175.1300048828125,24.598800659179688,85.1944808959961
2022-05-06,388.2400207519531,301.21221923828125,172.94488525390625,58.58833312988281,36.9320182800293,68.06858825683594,32.27261734008789,35.77475357055664,120.9385986328125,31.753427505493164,97.08650207519531,88.19384002685547,92.96717834472656,60.882606506347656,175.4199981689453,24.62490463256836,84.18326568603516
2022-05-09,375.8095703125,289.4266662597656,165.670166015625,56.820316314697266,35.867279052734375,65.4343490600586,31.50157928466797,32.81509017944336,117.8074951171875,31.515981674194336,97.94061279296875,88.84813690185547,93.29436492919922,60.23918533325195,172.8800048828125,23.51112937927246,80.47549438476562
2022-05-10,376.677978515625,292.9429626464844,165.71749877929688,57.24707794189453,36.038719177246094,66.4318618774414,31.22288703918457,33.11278533935547,118.22684478759766,31.13339614868164,98.82888793945312,89.14476776123047,93.68869018554688,60.584434509277344,171.4199981689453,23.371906280517578,79.00923919677734
2022-05-11,370.6940002441406,284.2547607421875,161.5970916748047,56.90740966796875,35.786067962646484,64.33515167236328,30.934900283813477,33.55717086791992,117.44406127929688,31.357664108276367,100.7335433959961,89.69441986083984,94.12494659423828,60.22349548339844,172.82000732421875,23.946197509765625,78.8406982421875
2022-05-12,370.30706787109375,283.5826721191406,163.4915771484375,56.76806640625,35.55147171020508,63.671749114990234,30.702653884887695,33.69954299926758,118.58096313476562,31.041048049926758,100.545654296875,89.99102783203125,94.16690826416016,60.199928283691406,170.1699981689453,24.059316635131836,79.45585632324219
2022-05-13,379.1602783203125,294.09222412109375,168.67291259765625,58.3444709777832,36.53499984741211,65.787841796875,31.14856719970703,34.851478576660156,119.83898162841797,31.410438537597656,99.05948638916016,89.51993560791016,93.6718978881836,60.27054977416992,168.7899932861328,24.38996696472168,81.55410766601562
2022-05-16,377.62176513671875,290.68316650390625,167.8677520751953,58.396732330322266,36.39063262939453,65.2067642211914,30.888452529907227,35.77043914794922,120.7242660522461,31.50718116760254,98.95701599121094,89.89507293701172,93.79776000976562,60.184234619140625,170.39999389648438,24.790231704711914,81.04008483886719
2022-05-17,385.3896789550781,298.2123107910156,173.00172424316406,59.485408782958984,37.28392791748047,67.09529113769531,31.715248107910156,36.18462371826172,122.38300323486328,31.832578659057617,97.76127624511719,89.21458435058594,93.26081085205078,60.12929916381836,169.3300018310547,24.520488739013672,82.14399719238281
2022-05-18,369.8539733886719,283.572998046875,166.93943786621094,58.065765380859375,36.39063262939453,64.02523040771484,30.842002868652344,35.257022857666016,119.22394561767578,31.524768829345703,99.84527587890625,89.85142517089844,93.60478973388672,59.634986877441406,169.4199981689453,23.989704132080078,79.75923156738281
2022-05-19,367.58880615234375,282.053466796875,167.21414184570312,58.62316131591797,36.968109130859375,63.32310104370117,30.63762664794922,35.12759017944336,119.48487091064453,31.45880889892578,100.08442687988281,90.17424011230469,93.85648345947266,60.0351448059082,171.91000366210938,24.29425048828125,79.40528869628906
2022-05-20,367.7492980957031,281.1769104003906,166.7878875732422,59.02381134033203,37.12150573730469,63.46353530883789,30.581890106201172,35.278594970703125,120.9385986328125,31.5467529296875,101.22042083740234,90.59298706054688,94.31792449951172,59.995933532714844,172.02999877929688,24.329055786132812,79.9109115600586
2022-05-23,374.6297912597656,285.8521728515625,168.8054962158203,60.0254020690918,37.40122604370117,64.92107391357422,31.57590103149414,36.210506439208984,122.00091552734375,31.9249210357666,99.55488586425781,90.0433578491211,93.98233795166016,60.2313232421875,172.8300018310547,24.51178741455078,80.83784484863281
2022-05-24,371.7699890136719,279.7742614746094,166.30477905273438,59.92958068847656,36.75155258178711,63.95743942260742,31.5108642578125,36.34856033325195,122.36437225341797,32.56254959106445,101.51932525634766,90.81983947753906,95.21561431884766,60.592288970947266,174.1300048828125,24.494382858276367,81.5204086303711
2022-05-25,375.05462646484375,283.6897888183594,169.29806518554688,59.9470100402832,36.9320182800293,64.70315551757812,31.761680603027344,37.09925842285156,122.32710266113281,32.540557861328125,101.9207534790039,91.00304412841797,96.19723510742188,61.51033401489258,173.0800018310547,24.668411254882812,82.2114028930664
2022-05-26,382.5487060546875,291.550048828125,173.0774688720703,60.60892105102539,37.509498596191406,66.25755310058594,32.49558639526367,37.50912857055664,122.84895324707031,32.632904052734375,101.45951843261719,90.9594497680664,96.22239685058594,62.36562728881836,172.75999450683594,24.938154220581055,82.31253814697266
2022-05-27,391.9398498535156,301.066162109375,177.73782348632812,61.34052276611328,37.9426155090332,68.49956512451172,33.04368209838867,38.19510269165039,124.88976287841797,33.14300537109375,101.70720672607422,91.09027862548828,96.72579193115234,62.92275619506836,172.85000610351562,25.23400115966797,84.52033233642578
2022-05-31,389.74072265625,300.2674255371094,175.53077697753906,60.97471237182617,38.4749870300293,68.0104751586914,32.95078659057617,37.621299743652344,123.2216796875,32.685672760009766,99.55488586425781,90.13934326171875,96.01266479492188,62.38130569458008,171.13999938964844,25.059972763061523,83.48384094238281
2022-06-01,386.5883483886719,298.04669189453125,174.5362091064453,60.330223083496094,38.204288482666016,67.80709838867188,32.421268463134766,38.233951568603516,121.45111846923828,32.632904052734375,99.44110107421875,89.63185119628906,95.45256042480469,62.15055465698242,172.22999572753906,25.181795120239258,82.79285430908203
2022-06-02,393.9503173828125,306.2088928222656,178.79873657226562,61.584381103515625,38.86299133300781,69.44864654541016,32.8671760559082,38.11314010620117,122.41098022460938,32.85276794433594,99.4924087524414,89.76285552978516,95.49461364746094,62.41046142578125,174.35000610351562,25.75608253479004,83.93045043945312
2022-06-03,387.4849548339844,298.2415466308594,177.18844604492188,60.70473098754883,38.231353759765625,67.78771209716797,32.393394470214844,38.617923736572266,120.97588348388672,32.69446563720703,99.27850341796875,89.58815002441406,95.19184875488281,61.945716857910156,172.5800018310547,25.99972152709961,82.80970764160156
2022-06-06,388.6647644042969,299.23492431640625,177.95571899414062,60.948604583740234,38.43889617919922,67.79256439208984,32.48629379272461,38.57477569580078,120.99451446533203,32.83958053588867,97.44747924804688,88.91556549072266,94.51905822753906,61.480979919433594,171.82000732421875,26.11284065246582,82.54847717285156
2022-06-07,392.3929443359375,301.816162109375,180.82577514648438,61.13148880004883,38.55619430541992,68.60124206542969,32.73712158203125,39.726722717285156,122.56936645507812,33.03746032714844,98.49989318847656,89.27367401123047,95.02365112304688,61.622764587402344,172.94000244140625,26.286867141723633,83.68607330322266
2022-06-08,388.1267395019531,299.6440734863281,178.03146362304688,60.27796173095703,38.763729095458984,67.82649230957031,32.16115188598633,39.812992095947266,121.60022735595703,32.39105224609375,97.62716674804688,88.94175720214844,94.47700500488281,61.0949821472168,172.77999877929688,26.521804809570312,81.75636291503906
2022-06-09,378.89599609375,291.6181945800781,174.3408660888672,59.0120849609375,37.84646224975586,66.01544952392578,31.35293960571289,38.9328727722168,118.85121154785156,31.612709045410156,97.95230865478516,88.8631362915039,93.85467529296875,60.60661697387695,172.22999572753906,26.565311431884766,79.81819915771484
2022-06-10,367.90960693359375,281.33270263671875,169.61122131347656,57.5877571105957,37.42786407470703,63.47805404663086,30.21959114074707,38.27276611328125,116.94086456298828,31.370861053466797,97.34477996826172,87.98960876464844,92.9464111328125,59.57469177246094,174.5399932861328,26.30426788330078,78.048583984375
2022-06-13,353.9408264160156,268.25177001953125,161.64305114746094,55.68269729614258,36.11747741699219,60.664669036865234,29.318477630615234,36.27522277832031,113.3997573852539,29.928516387939453,94.29019165039062,86.42603302001953,90.8018798828125,57.58177947998047,169.92999267578125,26.0084228515625,74.1469955444336
2022-06-14,352.874267578125,268.7388000488281,160.86428833007812,55.157470703125,36.61798095703125,61.04720687866211,29.06766128540039,36.3442497253418,112.31876373291016,29.172168731689453,93.10086822509766,85.7359390258789,90.33091735839844,57.95991134643555,168.57000732421875,25.72127914428711,73.58241271972656
2022-06-15,357.90496826171875,275.44970703125,163.21958923339844,56.190120697021484,37.10026931762695,62.335269927978516,29.392797470092773,35.54178237915039,113.45565795898438,29.361251831054688,94.8377914428711,86.93268585205078,91.74376678466797,59.086326599121094,170.77000427246094,25.73868179321289,75.32675170898438
2022-06-16,346.05975341796875,264.3363342285156,155.65977478027344,54.95272445678711,35.96278381347656,59.79789352416992,28.64961814880371,33.53990936279297,111.78759002685547,28.79400634765625,95.59075927734375,87.50045013427734,91.84473419189453,58.14892578125,172.69000244140625,25.85179901123047,73.34644317626953
2022-06-17,346.8057556152344,267.55047607421875,156.87542724609375,54.730167388916016,36.099281311035156,60.34507751464844,28.733224868774414,31.706296920776367,111.72235107421875,28.525758743286133,95.89877319335938,87.52667236328125,92.02972412109375,58.330116271972656,171.27000427246094,24.929452896118164,73.90262603759766
2022-06-21,355.5361633300781,274.3006591796875,159.68663024902344,55.558067321777344,36.68167495727539,61.88068389892578,29.30666160583496,33.348880767822266,114.73004913330078,29.06874656677246,94.2730712890625,87.07239532470703,91.10462188720703,58.29072189331055,170.6300048828125,24.868541717529297,74.9306869506836
2022-06-22,354.8914794921875,273.9005432128906,159.3827362060547,55.184181213378906,36.02648162841797,61.61851501464844,29.24128532409668,32.01386260986328,116.32091522216797,29.37459373474121,96.86565399169922,88.17305755615234,91.76900482177734,58.27496337890625,171.30999755859375,24.424772262573242,75.88291931152344
2022-06-23,358.3703918457031,277.979736328125,161.29164123535156,55.12186050415039,36.13567352294922,62.54094314575195,29.129215240478516,30.82720947265625,118.93183135986328,30.066072463989258,97.661376953125,88.67098236083984,92.4754638671875,58.692466735839844,170.25999450683594,23.876585006713867,77.3245849609375
2022-06-24,369.76434326171875,287.5043640136719,166.28721618652344,56.76874923706055,36.99106979370117,64.78876495361328,30.203227996826172,31.232940673828125,120.9063949584961,30.5891170501709,96.30948638916016,88.35649871826172,92.58477020263672,59.10994338989258,170.08999633789062,24.102821350097656,78.96979522705078
2022-06-27,368.3519287109375,285.396484375,166.904541015625,56.52839660644531,37.03657150268555,64.35183715820312,30.100500106811523,32.14912414550781,121.35557556152344,30.837339401245117,95.4880599975586,87.85858917236328,91.73538208007812,58.74760437011719,169.89999389648438,24.05061149597168,78.85106658935547
2022-06-28,360.82550048828125,276.7012939453125,163.7704315185547,56.145606994628906,36.80907440185547,62.4244384765625,29.8016414642334,33.017303466796875,119.24063873291016,30.722095489501953,95.93299102783203,87.9721450805664,91.71015167236328,58.10170364379883,169.6199951171875,24.337759017944336,77.89276885986328
2022-06-29,360.53167724609375,276.95501708984375,162.10841369628906,55.93195724487305,36.66347122192383,62.550662994384766,29.633533477783203,31.86989974975586,120.27938842773438,30.744258880615234,97.43036651611328,88.67967987060547,92.25680541992188,58.0150260925293,169.49000549316406,23.92009162902832,77.40938568115234
2022-06-30,357.60260009765625,273.5199890136719,160.8452911376953,55.6292839050293,36.490577697753906,61.71562194824219,29.37203598022461,31.19804573059082,120.00801849365234,31.08556365966797,98.2860107421875,89.361083984375,92.53430938720703,57.98350143432617,168.4600067138672,23.18047523498535,77.2652359008789
2022-07-01,361.3847351074219,275.3253479003906,162.7921905517578,55.7628173828125,36.26307678222656,61.856414794921875,29.77362060546875,31.664854049682617,121.35557556152344,31.847970962524414,99.2950439453125,90.31898498535156,93.70391845703125,58.536590576171875,168.32000732421875,23.293594360351562,78.65602111816406
2022-07-05,362.0672607421875,280.0388488769531,164.14083862304688,54.56993103027344,35.980979919433594,62.63318634033203,29.6708927154541,30.40837860107422,120.65370178222656,30.76198387145996,100.0752182006836,90.65143585205078,93.67864227294922,58.481231689453125,164.75,21.727344512939453,78.43553161621094
2022-07-06,363.2900695800781,281.8344421386719,162.9251708984375,54.614444732666016,35.7625846862793,63.172096252441406,29.596179962158203,29.88921546936035,121.46785736083984,31.081132888793945,98.39485168457031,89.88158416748047,93.2148208618164,58.25967788696289,162.13999938964844,21.405393600463867,78.2913589477539
2022-07-07,368.7311096191406,287.8654479980469,166.7810516357422,55.44233322143555,36.48147964477539,64.47806549072266,30.02579116821289,30.96681785583496,121.98255157470703,31.05010414123535,97.5289535522461,89.33041381835938,93.2063980102539,59.209171295166016,162.22999572753906,22.29293441772461,78.50336456298828
2022-07-08,368.4278259277344,288.22650146484375,166.7620391845703,55.5046501159668,36.48147964477539,64.50719451904297,29.960412979125977,30.95372200012207,122.3475341796875,30.948152542114258,96.44872283935547,88.78803253173828,93.05461120605469,59.25663375854492,162.3000030517578,22.68449592590332,78.08781433105469
2022-07-11,364.218994140625,282.0686950683594,163.40951538085938,54.60554122924805,35.50778579711914,63.618736267089844,29.717588424682617,30.657058715820312,122.03870391845703,31.143184661865234,98.11195373535156,89.48788452148438,93.31603240966797,58.92430877685547,161.42999267578125,22.640993118286133,77.91822052001953
2022-07-12,360.9961242675781,279.33624267578125,162.84918212890625,54.59663772583008,35.37128829956055,62.74970626831055,29.530805587768555,30.059362411499023,120.48527526855469,30.992477416992188,98.69493103027344,89.69786834716797,93.45094299316406,59.16170120239258,160.8300018310547,21.614227294921875,77.61292266845703
2022-07-13,359.1002502441406,278.7603454589844,162.70672607421875,54.56993103027344,35.28938674926758,62.58465576171875,29.269304275512695,30.01137351989746,119.31552124023438,30.863933563232422,99.82662200927734,90.08279418945312,94.15084838867188,59.09840393066406,161.60000610351562,21.736047744750977,77.23978424072266
2022-07-14,358.22821044921875,279.7559509277344,161.03524780273438,53.804351806640625,34.97089767456055,63.15751647949219,28.70895004272461,29.44420623779297,118.96924591064453,30.863933563232422,99.01213836669922,89.58413696289062,93.55215454101562,58.98762893676758,159.3300018310547,21.53591537475586,76.54439544677734
2022-07-15,365.0722351074219,284.8304138183594,164.38775634765625,54.65895462036133,35.152889251708984,64.26930236816406,29.680233001708984,29.924110412597656,121.8421859741211,30.921560287475586,99.56938934326172,89.89031219482422,94.3026351928711,59.73929977416992,159.00999450683594,21.814359664916992,77.84188842773438
2022-07-18,362.05780029296875,282.4200134277344,163.92242431640625,54.88151168823242,35.39858627319336,63.64787292480469,29.568159103393555,30.60906982421875,119.26871490478516,30.491600036621094,98.53202819824219,89.62785339355469,93.64492797851562,59.16170120239258,159.16000366210938,22.223325729370117,77.29066467285156
2022-07-19,371.8403015136719,291.1053771972656,169.7062225341797,56.37705993652344,35.980979919433594,65.58984375,30.455394744873047,31.551424026489258,121.29942321777344,30.686635971069336,98.00049591064453,89.2166976928711,93.90633392333984,59.94501876831055,159.5399932861328,22.310335159301758,79.29204559326172
2022-07-20,374.2100830078125,295.7213439941406,172.3654327392578,56.003173828125,35.82627868652344,66.61421966552734,30.567461013793945,31.856813430786133,120.10157775878906,30.278837203979492,98.2576904296875,89.12921142578125,93.80513000488281,60.206138610839844,158.0399932861328,22.29293441772461,79.10547637939453
2022-07-21,378.0207824707031,299.9664001464844,173.2486572265625,56.581809997558594,36.23577880859375,67.55122375488281,30.763586044311523,31.298381805419922,122.00125122070312,30.35862159729004,99.95514678955078,90.14403533935547,95.08688354492188,60.91824722290039,160.27000427246094,21.91877555847168,79.73303985595703
2022-07-22,374.5134582519531,294.7063293457031,170.48500061035156,56.43937301635742,35.87178039550781,66.61909484863281,30.586145401000977,31.040983200073242,121.49595642089844,30.775285720825195,101.63553619384766,91.17634582519531,95.8205337524414,60.839134216308594,160.6699981689453,21.657733917236328,80.14856719970703
2022-07-25,374.9684143066406,293.02783203125,171.3682403564453,56.87557601928711,35.99918746948242,66.19670104980469,30.782268524169922,32.17966079711914,122.13228607177734,31.160919189453125,100.6410140991211,90.85265350341797,95.0110092163086,60.82332229614258,160.22999572753906,22.04929542541504,80.28424835205078
2022-07-26,370.53216552734375,287.2701721191406,170.31402587890625,56.08329391479492,35.71708297729492,65.12377166748047,30.352659225463867,31.887351989746094,122.75927734375,31.347082138061523,100.71822357177734,90.88763427734375,94.99410247802734,60.396053314208984,160.0399932861328,22.092803955078125,80.36906433105469
2022-07-27,380.1535339355469,299.4100341796875,174.1888885498047,57.40970230102539,36.38137435913086,67.92504119873047,30.819616317749023,32.607200622558594,123.52664947509766,31.373682022094727,100.15237426757812,91.07136535644531,95.6266098022461,61.06068420410156,161.6699981689453,22.597482681274414,80.85243225097656
2022-07-28,384.9216003417969,302.33770751953125,176.58221435546875,57.70347595214844,36.53607940673828,68.95913696289062,31.04376792907715,32.790443420410156,124.31273651123047,32.49954605102539,100.94969177246094,91.97244262695312,96.41924285888672,61.6857795715332,163.63999938964844,22.614885330200195,83.47290802001953
2022-07-29,390.5332336425781,307.8514404296875,177.8358154296875,58.504669189453125,36.36317825317383,70.01750946044922,31.482707977294922,34.21269226074219,123.90097045898438,32.7787971496582,100.67533874511719,92.00745391845703,96.64693450927734,61.867759704589844,164.10000610351562,22.719303131103516,83.92235565185547
2022-08-01,389.3768310546875,307.6660461425781,177.76937866210938,58.584774017333984,36.05377197265625,69.86701202392578,31.22121238708496,33.50593948364258,122.9838638305664,32.81425857543945,103.09996795654297,92.54554748535156,96.83798217773438,61.8868522644043,165.02999877929688,22.258129119873047,83.24393463134766
2022-08-02,386.80792236328125,306.7486877441406,177.5984344482422,57.65007019042969,35.880882263183594,69.3718032836914,30.875659942626953,33.427406311035156,122.5440444946289,32.74777603149414,100.91839599609375,91.26602935791016,95.65454864501953,61.60085678100586,164.0500030517578,22.145009994506836,82.17539978027344
2022-08-03,392.8651123046875,315.102294921875,180.21018981933594,57.98834228515625,36.16298294067383,71.21668243408203,31.342622756958008,32.467594146728516,123.66699981689453,32.9516716003418,102.50733947753906,91.64288330078125,96.69428253173828,62.141014099121094,164.4499969482422,21.95357894897461,82.43827819824219
2022-08-04,392.5997009277344,316.57586669921875,179.83029174804688,58.2821159362793,36.41777801513672,71.5419692993164,31.239891052246094,31.263484954833984,123.0587387084961,33.02259063720703,102.47294616699219,92.10736083984375,96.846435546875,62.307830810546875,167.1699981689453,21.718643188476562,82.31106567382812
2022-08-05,391.93621826171875,313.98980712890625,181.2073974609375,57.87261962890625,36.45418167114258,71.37689208984375,31.464031219482422,31.882993698120117,123.01194763183594,32.90291976928711,100.03374481201172,90.7752456665039,95.53620147705078,61.99005889892578,165.2899932861328,21.64033317565918,82.5400619506836
2022-08-08,391.481201171875,312.9748229980469,183.1258544921875,58.00615692138672,36.49967956542969,70.77002716064453,31.445356369018555,32.04877471923828,123.30203247070312,32.9516716003418,101.6484603881836,91.30987548828125,95.9166030883789,62.0456657409668,166.69000244140625,21.9013729095459,83.27783966064453
2022-08-09,389.9266052246094,309.432373046875,180.62803649902344,57.69456481933594,36.36317825317383,70.06121063232422,31.604124069213867,32.611568450927734,122.92774963378906,33.3195686340332,101.25338745117188,91.03816986083984,95.48548126220703,61.584964752197266,167.1999969482422,22.0841007232666,83.73579406738281
2022-08-10,398.1166076660156,318.06890869140625,185.78504943847656,58.99427795410156,36.818172454833984,71.97405242919922,32.313907623291016,32.84716796875,124.26592254638672,33.46584701538086,100.59202575683594,91.09076690673828,96.38994598388672,62.50642013549805,166.77999877929688,22.388648986816406,85.00785064697266
2022-08-11,398.1166076660156,316.2635192871094,186.47833251953125,58.97647476196289,36.963768005371094,71.69245147705078,32.696815490722656,33.977108001708984,123.46112060546875,33.46141815185547,98.2472915649414,90.48605346679688,95.4601058959961,62.14897155761719,166.33999633789062,22.823719024658203,84.80432891845703
2022-08-12,404.8563232421875,322.4213562011719,190.28677368164062,59.430484771728516,37.355064392089844,73.11980438232422,33.21047592163086,34.23451614379883,125.04266357421875,34.00661849975586,99.24358367919922,90.84539031982422,96.56747436523438,62.70500183105469,167.8699951171875,22.701900482177734,86.26295471191406
2022-08-15,406.524658203125,325.0269470214844,190.96104431152344,59.07440185546875,37.182167053222656,73.58101654052734,33.20113754272461,33.56700897216797,125.66963958740234,34.29030990600586,99.15769958496094,91.13457489013672,96.49986267089844,62.593780517578125,165.7100067138672,22.42345428466797,86.61064910888672
2022-08-16,407.3209228515625,324.2657775878906,190.88507080078125,59.05659484863281,37.173065185546875,73.38194274902344,33.4439582824707,33.488487243652344,125.33277130126953,34.387821197509766,99.5699691772461,91.02942657470703,96.12793731689453,62.299896240234375,165.4199981689453,22.17111587524414,86.38168334960938
2022-08-17,404.4297790527344,320.5671691894531,187.67501831054688,58.584774017333984,37.01837158203125,72.85765838623047,33.275848388671875,33.76770782470703,124.60281372070312,34.330204010009766,98.53070831298828,90.41594696044922,95.22342681884766,61.656471252441406,164.35000610351562,22.258129119873047,85.86438751220703
2022-08-18,405.60516357421875,321.3381042480469,188.9191436767578,58.38893508911133,36.80907440185547,73.23631286621094,33.31320571899414,34.6751594543457,124.0506820678711,34.458740234375,98.67674255371094,90.59123992919922,95.46858978271484,61.75178146362305,163.9199981689453,22.597482681274414,85.29619598388672
2022-08-19,400.1546936035156,315.072998046875,184.8638153076172,57.5877571105957,36.30857849121094,71.90606689453125,32.650123596191406,34.66643142700195,124.3875732421875,34.441009521484375,97.08780670166016,89.81124877929688,94.33589172363281,61.1242561340332,162.72000122070312,22.58877944946289,84.39727020263672
2022-08-22,391.8224182128906,306.7779846191406,181.05540466308594,56.6085205078125,35.99007797241211,69.90099334716797,31.930994033813477,34.600982666015625,122.75927734375,33.971168518066406,96.76142883300781,89.4168701171875,93.7018814086914,60.433197021484375,161.63999938964844,22.78891372680664,82.55701446533203
2022-08-23,390.8745422363281,306.5242919921875,181.34982299804688,56.63522720336914,36.181175231933594,69.71651458740234,31.800249099731445,35.84872817993164,121.0467529296875,33.76726150512695,96.22891998291016,89.19778442382812,93.80331420898438,60.5840950012207,162.77000427246094,23.163074493408203,81.49694061279297
2022-08-24,392.1257629394531,307.41229248046875,182.7364044189453,56.70643997192383,36.17207717895508,69.76019287109375,31.968353271484375,36.289371490478516,121.19647979736328,33.8736457824707,95.5246353149414,88.89981079101562,93.5243911743164,60.65562057495117,163.25,23.40671157836914,81.96338653564453
2022-08-25,397.6615905761719,312.8479309082031,185.57611083984375,57.329586029052734,36.954673767089844,70.93994903564453,32.46333694458008,36.5685920715332,122.53471374511719,34.081974029541016,96.85591125488281,89.46946716308594,94.48802947998047,61.22751998901367,163.75,23.076059341430664,83.1845703125
2022-08-26,384.2012023925781,300.02496337890625,179.47885131835938,55.825130462646484,36.40867614746094,67.91048431396484,31.492053985595703,36.14103698730469,119.1189956665039,33.558929443359375,97.5859375,89.36429595947266,93.92168426513672,60.21871566772461,161.75999450683594,23.17177391052246,81.08991241455078
2022-08-29,381.6606750488281,297.0679626464844,177.8263397216797,55.70050048828125,36.181175231933594,67.01231384277344,31.26790428161621,36.68638229370117,118.2861328125,33.660884857177734,96.77860260009766,88.8559799194336,93.228515625,59.98836135864258,161.86000061035156,23.51112937927246,80.36058807373047
2022-08-30,377.470947265625,293.759765625,175.33804321289062,55.29990768432617,35.75348663330078,66.31320190429688,31.09980583190918,35.4429931640625,117.50004577636719,33.16886901855469,97.01908111572266,88.8296890258789,93.34688568115234,59.52764129638672,160.50999450683594,22.858524322509766,79.24964141845703
2022-08-31,374.5987243652344,292.0519714355469,174.27438354492188,54.92601776123047,35.880882263183594,65.66751098632812,30.866321563720703,35.120155334472656,116.75138854980469,32.9516716003418,96.09148406982422,88.46161651611328,92.3663330078125,59.201969146728516,159.27000427246094,22.379947662353516,78.87651062011719
2022-09-01,375.7742004394531,292.1788024902344,172.3749542236328,54.18714141845703,35.59878158569336,65.34709167480469,30.959718704223633,34.25632858276367,118.66979217529297,33.42595291137695,94.33222198486328,87.75841522216797,91.81024169921875,59.35843276977539,157.8699951171875,21.9013729095459,79.02068328857422
2022-09-02,371.8118896484375,288.0509033203125,171.03582763671875,53.831058502197266,35.271183013916016,64.49748992919922,30.716890335083008,34.88457107543945,116.96663665771484,33.066917419433594,94.86587524414062,88.2500228881836,91.87806701660156,59.31850814819336,159.25999450683594,22.04929542541504,77.91822052001953
2022-09-06,370.408935546875,285.9819641113281,169.3453369140625,53.69752502441406,34.85259246826172,64.07025909423828,30.64217758178711,34.56172180175781,117.07892608642578,33.15114212036133,92.51618194580078,87.26673889160156,90.63201904296875,59.15885543823242,158.3300018310547,21.91877555847168,78.62208557128906
2022-09-07,377.0633544921875,291.7591857910156,173.0302276611328,54.169334411621094,35.161991119384766,65.09463500976562,31.249229431152344,34.16035079956055,118.98796844482422,34.18836212158203,93.9793472290039,87.83740997314453,91.86959075927734,60.01300048828125,159.94000244140625,21.396692276000977,80.15704345703125
2022-09-08,379.5279235839844,293.2718200683594,174.4738311767578,54.2049446105957,34.97089767456055,65.31795501708984,31.800249099731445,34.30868148803711,121.05609893798828,34.16176223754883,93.01539611816406,87.5125732421875,91.65764617919922,60.276432037353516,158.97999572753906,21.483705520629883,80.37754821777344
2022-09-09,385.42401123046875,299.6833801269531,177.97833251953125,55.584774017333984,35.489593505859375,66.60935974121094,32.08976364135742,35.16378402709961,122.1229476928711,34.299171447753906,93.22191619873047,87.5213623046875,91.86959075927734,60.515892028808594,159.82000732421875,22.092803955078125,81.25104522705078
2022-09-12,389.56646728515625,303.24530029296875,180.13418579101562,56.3592529296875,36.01738357543945,67.67745208740234,32.35126876831055,35.80946350097656,122.93708801269531,34.6271858215332,92.45589447021484,87.3106689453125,91.6661605834961,60.699501037597656,160.6300048828125,22.39735221862793,82.03972625732422
2022-09-13,372.6271057128906,286.6163024902344,173.08718872070312,54.400794982910156,34.907196044921875,64.08480834960938,31.146493911743164,34.906375885009766,118.87568664550781,33.705204010009766,92.67109680175781,86.81900787353516,91.00495147705078,59.31850814819336,158.5399932861328,22.28423309326172,78.9019546508789
2022-09-14,374.0489501953125,288.8901062011719,173.7615203857422,54.578834533691406,35.0800895690918,64.3178482055664,31.053104400634766,35.89236068725586,118.94119262695312,33.98003005981445,92.98957824707031,86.86292266845703,91.43726348876953,59.40632247924805,157.92999267578125,22.379947662353516,78.00301361083984
2022-09-15,369.80224609375,284.0790100097656,172.49839782714844,54.098121643066406,34.70699691772461,62.83708953857422,31.155838012695312,34.96746063232422,119.60560607910156,33.1334114074707,92.92931365966797,86.56437683105469,90.99650573730469,59.031124114990234,154.97999572753906,21.727344512939453,76.56133270263672
2022-09-16,366.9810791015625,282.3419189453125,169.99111938476562,53.768741607666016,34.38849639892578,62.487548828125,30.875659942626953,34.22142028808594,119.26871490478516,33.00930404663086,92.15464782714844,86.63462829589844,90.78457641601562,59.23069381713867,155.83999633789062,21.649030685424805,76.56982421875
2022-09-19,369.8270263671875,284.5405578613281,171.44419860839844,53.955692291259766,34.49769592285156,62.99711608886719,31.225845336914062,34.24171829223633,118.6260986328125,33.451541900634766,92.3698501586914,86.38883209228516,90.93716430664062,59.4542121887207,155.9600067138672,21.718643188476562,76.4595718383789
2022-09-20,365.5819091796875,282.27252197265625,169.10787963867188,53.03877258300781,34.306602478027344,62.62722396850586,30.76581382751465,34.00355529785156,117.23556518554688,32.96512222290039,91.44889831542969,85.853271484375,90.03014373779297,58.84754943847656,155.07000732421875,21.69253921508789,74.60234832763672
2022-09-21,359.20477294921875,277.2181396484375,166.5246124267578,52.34440612792969,33.73331069946289,61.648990631103516,30.127403259277344,33.50518798828125,115.29072570800781,32.51439666748047,92.98094940185547,86.19569396972656,90.36920928955078,58.67190933227539,155.7899932861328,21.56201934814453,73.42359924316406
2022-09-22,356.1875,273.8061828613281,162.77322387695312,52.19306945800781,33.56951141357422,61.02115249633789,29.620426177978516,33.386112213134766,115.90142822265625,32.39836120605469,90.60543060302734,84.8963394165039,89.09772491455078,58.32068634033203,155.6999969482422,21.622928619384766,72.4907455444336
2022-09-23,350.2196044921875,269.34820556640625,158.8983612060547,50.52837371826172,32.74142074584961,60.222984313964844,29.1510066986084,31.08392906188965,115.30950927734375,32.02351760864258,90.97555541992188,85.00166320800781,88.84344482421875,57.578304290771484,153.00999450683594,20.892011642456055,71.5272216796875
2022-09-26,346.7550048828125,268.23370361328125,156.7227325439453,49.78059387207031,32.34102249145508,59.804420471191406,28.69097328186035,30.320945739746094,114.21023559570312,31.25147819519043,89.2369384765625,83.58820343017578,87.30068969726562,56.899784088134766,151.22999572753906,20.404733657836914,69.52129364013672
2022-09-27,345.869873046875,268.3412780761719,157.25732421875,49.442317962646484,32.304622650146484,59.882301330566406,28.568925857543945,30.660533905029297,113.86264038085938,30.724891662597656,86.88720703125,83.01751708984375,85.98681640625,56.78004837036133,151.5399932861328,20.622272491455078,68.59549713134766
2022-09-28,352.6754150390625,273.6790466308594,162.23097229003906,50.63520050048828,32.58672332763672,60.51499938964844,29.132230758666992,32.0189094543457,116.3523941040039,31.05512046813965,89.79637145996094,84.88756561279297,87.716064453125,57.79383087158203,154.69000244140625,21.19655990600586,70.01850128173828
2022-09-29,345.3082275390625,265.7895812988281,158.59381103515625,50.038761138916016,31.858726501464844,58.93811798095703,28.766082763671875,32.0189094543457,115.37528991699219,29.810062408447266,89.33158874511719,84.49248504638672,87.0633316040039,57.250999450683594,154.66000366210938,21.066038131713867,67.96113586425781
2022-09-30,339.9685974121094,261.2827453613281,157.438720703125,49.8607177734375,31.74043083190918,57.80900192260742,28.50320816040039,31.76311492919922,113.78746795654297,29.23439598083496,88.17823028564453,84.27301025390625,86.84296417236328,56.98759078979492,154.6699981689453,20.80500030517578,68.72407531738281
2022-10-03,348.9442443847656,267.4125061035156,161.6104278564453,50.84885025024414,32.259124755859375,59.60001754760742,29.273056030273438,33.5581169128418,116.12691497802734,30.091209411621094,89.57938385009766,85.2731704711914,88.44950866699219,57.73444747924805,158.42999267578125,21.274873733520508,69.9499282836914
2022-10-04,359.7568054199219,275.8201904296875,168.01608276367188,52.88743209838867,33.31471633911133,61.600311279296875,30.362112045288086,35.00028610229492,118.82339477539062,30.72936248779297,89.32914733886719,85.44908142089844,88.85773468017578,58.977867126464844,160.6999969482422,21.849164962768555,71.36434936523438
2022-10-05,358.91925048828125,275.6734924316406,166.77503967285156,52.32659912109375,33.33291244506836,61.804718017578125,30.127403259277344,35.72358322143555,119.21797943115234,30.046592712402344,88.47502899169922,84.63981628417969,88.18585205078125,58.7452392578125,159.80999755859375,22.240726470947266,69.9670639038086
2022-10-06,355.2166748046875,273.5031433105469,165.8395233154297,51.409690856933594,33.132713317871094,61.29856872558594,29.70492172241211,36.35867691040039,117.69593811035156,29.05589485168457,87.98326110839844,84.1736068725586,87.98175048828125,58.568748474121094,159.6300048828125,22.379947662353516,68.0211410522461
2022-10-07,345.3082275390625,263.08154296875,160.96128845214844,50.59069061279297,32.441123962402344,58.77751159667969,29.000791549682617,36.076416015625,115.20616149902344,28.453439712524414,87.129150390625,83.76017761230469,87.10575103759766,57.85478591918945,157.8800048828125,22.614885330200195,66.38385009765625
2022-10-10,342.67181396484375,260.45172119140625,160.06396484375,50.305824279785156,31.986129760742188,57.789527893066406,28.869359970092773,35.33546829223633,114.48270416259766,28.50252914428711,85.77465057373047,83.26756286621094,86.32330322265625,57.14883041381836,155.47999572753906,22.362548828125,65.758056640625
2022-10-11,340.50164794921875,256.8735656738281,160.11167907714844,49.75389099121094,31.47653579711914,56.90375900268555,28.50320816040039,35.053218841552734,115.09342193603516,28.399892807006836,86.15425109863281,83.47868347167969,86.14469146728516,57.32532501220703,155.16000366210938,22.04059410095215,66.42669677734375
2022-10-12,339.3785095214844,256.7856140136719,159.67251586914062,49.593650817871094,31.51293182373047,56.728553771972656,28.437490463256836,35.33546829223633,114.5296859741211,27.453826904296875,86.57701873779297,83.7513656616211,86.0426254272461,57.42158508300781,155.99000549316406,22.04059410095215,65.73234558105469
2022-10-13,348.3350524902344,262.807861328125,163.624755859375,50.617393493652344,31.603933334350586,58.49036407470703,29.611042022705078,36.77764129638672,117.19799041748047,28.141061782836914,85.74874877929688,83.39950561523438,86.19574737548828,57.549949645996094,154.91000366210938,22.345142364501953,66.9324722290039
2022-10-14,340.39697265625,254.90846252441406,159.2429656982422,49.8607177734375,31.130733489990234,56.845359802246094,29.11345672607422,35.406036376953125,116.40876007080078,27.734966278076172,85.04129791259766,82.93328094482422,85.37075805664062,57.36542892456055,152.97999572753906,21.9013729095459,65.26943969726562
2022-10-17,349.1441345214844,263.3259582519531,164.3216552734375,51.089202880859375,31.986129760742188,58.57796859741211,29.845752716064453,35.84707260131836,118.27845764160156,28.31510353088379,84.62716674804688,83.02128601074219,85.77899932861328,58.07137680053711,153.4199981689453,21.849164962768555,67.72968292236328
2022-10-18,353.2464294433594,265.4083557128906,166.2690887451172,51.454193115234375,31.995222091674805,59.07439422607422,30.324562072753906,36.16020584106445,118.93611145019531,28.832761764526367,84.82561492919922,83.23236083984375,86.28929901123047,58.48048782348633,153.75,21.614227294921875,68.4668960571289
2022-10-19,350.7431335449219,264.4404296875,163.44338989257812,50.822147369384766,31.4128360748291,58.904048919677734,29.82697105407715,37.22750473022461,117.27315521240234,28.457904815673828,83.28128051757812,82.36151885986328,85.10713958740234,57.9189567565918,151.69000244140625,21.605525970458984,66.76103210449219
2022-10-20,347.80206298828125,263.09136962890625,161.36224365234375,50.7064094543457,31.613027572631836,58.93811798095703,29.348163604736328,37.262786865234375,116.27722930908203,27.739429473876953,81.85774993896484,81.74577331542969,84.3672103881836,57.59808349609375,151.4499969482422,21.622928619384766,66.46955871582031
2022-10-21,356.25421142578125,269.2602233886719,164.8657989501953,51.62333297729492,32.09532928466797,60.51499938964844,30.22128677368164,38.338897705078125,118.88916778564453,28.252626419067383,80.38243865966797,81.93051147460938,84.6053695678711,58.1515998840332,154.14999389648438,21.649030685424805,66.99246978759766
2022-10-24,360.6134033203125,272.2224426269531,165.5722198486328,51.63223648071289,30.875940322875977,61.352108001708984,30.624982833862305,38.519718170166016,121.18160247802734,28.4891414642334,79.71812438964844,81.82493591308594,84.5628433227539,58.19171905517578,153.64999389648438,21.709941864013672,66.98389434814453
2022-10-25,366.3719787597656,277.8536071777344,170.08766174316406,52.771705627441406,31.130733489990234,62.525020599365234,30.99113655090332,38.559417724609375,122.10238647460938,29.060354232788086,82.03892517089844,82.8453140258789,85.6939697265625,58.753238677978516,154.0,21.83176040649414,69.61558532714844
2022-10-26,363.61163330078125,271.7140808105469,170.92770385742188,53.270225524902344,31.640335083007812,61.133094787597656,31.066246032714844,39.084251403808594,123.45529174804688,29.046968460083008,83.22089385986328,83.26756286621094,86.08515930175781,58.9136848449707,154.97999572753906,22.240726470947266,69.5727310180664
2022-10-27,361.669921875,266.76727294921875,170.96588134765625,52.771705627441406,31.394636154174805,60.43711853027344,31.319732666015625,39.22538757324219,122.80702209472656,29.27901840209961,84.09225463867188,83.85692596435547,86.48490905761719,59.34687423706055,154.74000549316406,22.275531768798828,69.67558288574219
2022-10-28,370.27435302734375,274.930419921875,174.8512725830078,53.29693603515625,31.203536987304688,63.06525802612305,32.098968505859375,39.362098693847656,124.82703399658203,30.08228302001953,83.51419830322266,83.42589569091797,86.66352081298828,59.80411148071289,153.16000366210938,22.014490127563477,71.21003723144531
2022-10-31,367.5998229980469,271.733642578125,175.0135498046875,52.79840850830078,31.112539291381836,62.233009338378906,31.901811599731445,39.692874908447266,124.72367095947266,29.801145553588867,82.91893768310547,83.04763793945312,86.19574737548828,58.90566635131836,151.91000366210938,21.857866287231445,71.13288879394531
2022-11-01,365.9912109375,268.95709228515625,175.25222778320312,53.2168083190918,31.68583106994629,61.712257385253906,31.98631477355957,40.076568603515625,124.79883575439453,29.91716957092285,83.69383239746094,83.03267669677734,86.8158950805664,59.25998306274414,153.4600067138672,22.188520431518555,71.107177734375
2022-11-02,356.8062438964844,259.7380676269531,169.4385223388672,52.44232940673828,31.42193603515625,59.5805549621582,31.582611083984375,39.11071014404297,122.6755142211914,29.627103805541992,83.33059692382812,82.89160919189453,86.39791107177734,58.72043228149414,152.38999938964844,22.388648986816406,69.15267944335938
2022-11-03,353.13226318359375,254.66409301757812,168.302490234375,51.997222900390625,31.603933334350586,57.82846450805664,31.263404846191406,39.8339958190918,122.15875244140625,29.756515502929688,82.88086700439453,82.53016662597656,86.09083557128906,58.30170822143555,151.80999755859375,22.371246337890625,69.05838775634766
2022-11-04,358.21490478515625,258.76031494140625,170.57452392578125,54.080322265625,32.941612243652344,58.88458251953125,31.836095809936523,40.31913375854492,122.90098571777344,29.93947982788086,81.4884262084961,82.35386657714844,86.26142120361328,58.704341888427734,156.47000122070312,23.128267288208008,70.00135803222656
2022-11-07,361.6413879394531,261.6053161621094,171.3477783203125,54.24945831298828,32.95981979370117,59.86770248413086,32.15529251098633,41.01155471801758,124.2163314819336,29.36827278137207,80.67545318603516,82.06295776367188,85.94578552246094,58.696292877197266,155.85000610351562,22.92813491821289,70.00135803222656
2022-11-08,363.5926513671875,263.51171875,171.4145965576172,54.86370849609375,33.19641876220703,60.44199752807617,32.34307098388672,41.05124282836914,124.83641815185547,29.57354736328125,81.5576171875,82.6095199584961,86.3040771484375,58.639915466308594,159.4499969482422,22.649690628051758,70.21564483642578
2022-11-09,356.1018371582031,257.4308166503906,166.70822143554688,54.098121643066406,32.62311553955078,58.8699951171875,31.798542022705078,39.04454803466797,123.49288940429688,29.341495513916016,81.82572937011719,82.89160919189453,86.082275390625,57.93935012817383,158.64999389648438,22.127609252929688,69.49559020996094
2022-11-10,375.671142578125,276.4263000488281,176.97059631347656,57.13374710083008,33.80611038208008,63.70768356323242,33.40395736694336,39.91337966918945,126.63096618652344,30.724891662597656,84.97388458251953,84.75167846679688,88.96562194824219,59.743141174316406,163.47999572753906,22.327739715576172,74.5789566040039
2022-11-11,379.3070983886719,281.519775390625,178.421630859375,58.27321243286133,34.72520065307617,64.79788208007812,33.67621994018555,41.073299407958984,125.08072662353516,30.38127899169922,84.66251373291016,84.57535552978516,89.20448303222656,59.952537536621094,164.55999755859375,22.754108428955078,74.57038116455078
2022-11-14,376.08038330078125,279.05609130859375,176.42645263671875,57.65896224975586,34.515899658203125,64.24303436279297,33.197410583496094,41.06006622314453,125.19342041015625,30.019807815551758,84.45494842529297,84.37261962890625,88.75235748291016,59.50961685180664,164.9199981689453,22.41475486755371,72.7530517578125
2022-11-15,379.28802490234375,282.9177551269531,179.0421600341797,58.04175567626953,35.30759048461914,65.021728515625,33.27251434326172,41.49227523803711,125.03372955322266,30.35004425048828,85.82144165039062,84.99849700927734,89.98929595947266,60.03303909301758,165.5,22.67579460144043,73.54169464111328
2022-11-16,376.39453125,279.05609130859375,175.89183044433594,57.90822982788086,34.7433967590332,64.13111877441406,33.1129150390625,40.6454963684082,124.97736358642578,30.62225914001465,87.69821166992188,85.62440490722656,90.75704956054688,59.904197692871094,165.1199951171875,22.42345428466797,72.8730697631836
2022-11-17,375.2427978515625,278.440185546875,174.25941467285156,57.88151931762695,34.80709457397461,64.2138442993164,32.93454360961914,40.73370361328125,124.92101287841797,30.086750030517578,86.77281951904297,85.04256439208984,90.27082061767578,59.646507263183594,163.9199981689453,22.04929542541504,72.3758773803711
2022-11-18,376.9465637207031,278.45001220703125,175.38587951660156,57.99724578857422,34.606895446777344,64.2868423461914,33.2067985534668,40.41175079345703,126.43367004394531,30.724891662597656,86.17607116699219,84.74285125732422,90.26227569580078,59.77534484863281,162.7899932861328,21.892671585083008,73.29312133789062
2022-11-21,375.5758972167969,275.5855407714844,174.46942138671875,57.56105041503906,34.17009735107422,63.59573745727539,33.31007385253906,39.8648681640625,126.49002838134766,30.86323356628418,86.53927612304688,84.68998718261719,90.12579345703125,59.75119400024414,161.8800048828125,21.814359664916992,73.67886352539062
2022-11-22,380.6300964355469,279.55474853515625,176.3310089111328,58.36223220825195,34.25199890136719,64.82706451416016,33.64806365966797,41.11299514770508,127.58930206298828,31.126529693603516,87.76738739013672,85.1748275756836,90.92769622802734,60.18601989746094,162.07000732421875,22.04059410095215,74.08174133300781
2022-11-23,383.0286865234375,282.3605041503906,176.78919982910156,59.00318908691406,34.53409957885742,65.4013671875,33.78889465332031,40.66755676269531,128.0966339111328,31.474611282348633,89.29827117919922,85.63320922851562,91.84044647216797,60.524261474609375,163.0800018310547,21.736047744750977,74.14175415039062
2022-11-25,382.94293212890625,280.5030822753906,177.1614990234375,59.30585479736328,34.37030029296875,65.021728515625,33.90155029296875,40.51759719848633,128.857666015625,31.65757942199707,88.99553680419922,85.60678100585938,91.93427276611328,60.40346145629883,163.22000122070312,21.54461669921875,74.61324310302734
2022-11-28,376.83233642578125,276.3871765136719,173.59115600585938,58.54027557373047,34.215599060058594,63.62981033325195,33.3194580078125,39.40619659423828,127.88990020751953,31.331809997558594,89.24634552001953,85.64203643798828,91.26888275146484,59.767269134521484,161.92999267578125,21.414094924926758,72.61588287353516
2022-11-29,376.1851806640625,274.29498291015625,174.0971221923828,58.709407806396484,34.95269775390625,63.00685119628906,33.51661682128906,40.001583099365234,127.57048034667969,31.099760055541992,88.19984436035156,85.28060150146484,90.81675720214844,60.02499771118164,162.72999572753906,21.69253921508789,73.81600952148438
2022-11-30,388.03521728515625,286.7989196777344,178.8702850341797,59.750972747802734,35.96278381347656,66.17033386230469,34.08931350708008,40.20005416870117,130.6146240234375,31.876235961914062,88.8485336303711,86.04753112792969,91.9257583618164,60.92690658569336,164.80999755859375,22.1798152923584,75.50475311279297
2022-12-01,387.7496337890625,287.1509094238281,178.47889709472656,60.3296012878418,35.844478607177734,66.26280975341797,33.89215850830078,40.06774139404297,130.9904022216797,31.849468231201172,91.68683624267578,86.98736572265625,93.07593536376953,61.15251922607422,167.83999633789062,22.06669807434082,75.34188842773438
2022-12-02,387.30224609375,286.007080078125,179.5194549560547,60.28508758544922,35.980979919433594,65.8783187866211,33.732547760009766,39.82958984375,131.32862854003906,31.697744369506836,92.83987426757812,87.1640396118164,93.6407470703125,61.10400390625,167.25999450683594,21.83176040649414,75.1189956665039
2022-12-05,380.33502197265625,281.2068786621094,174.57443237304688,59.49280548095703,35.57149124145508,64.78325653076172,32.8969841003418,38.647621154785156,130.06967163085938,31.519235610961914,91.53948974609375,86.28073120117188,92.8448715209961,60.52174377441406,164.38999938964844,21.266172409057617,73.7474365234375
2022-12-06,374.85260009765625,275.3802490234375,171.9014434814453,59.22574234008789,35.52598571777344,63.39620590209961,32.60594940185547,37.628841400146484,129.08309936523438,31.715587615966797,92.71851348876953,86.81073760986328,93.12728118896484,60.30338668823242,164.83999633789062,20.926815032958984,73.05309295654297
2022-12-07,374.21490478515625,274.25592041015625,171.39552307128906,59.22574234008789,35.31669235229492,63.074981689453125,32.47450256347656,37.54063415527344,130.14479064941406,31.56831932067871,94.9031982421875,87.5703353881836,94.16278839111328,60.63496780395508,166.3300018310547,20.82240104675293,73.19881439208984
2022-12-08,377.1463928222656,277.50164794921875,172.6365203857422,59.528404235839844,35.744380950927734,64.10677337646484,32.50266647338867,37.373046875,131.3192138671875,31.773597717285156,94.64309692382812,87.07569122314453,93.8632583618164,60.68349838256836,166.47000122070312,20.787595748901367,73.7131576538086
2022-12-09,374.3291320800781,275.73211669921875,170.5172576904297,59.564022064208984,35.50778579711914,63.71255874633789,32.41817855834961,36.46451187133789,129.63746643066406,31.608491897583008,92.1810073852539,86.43089294433594,93.16151428222656,60.68349838256836,167.05999755859375,20.81369972229004,73.57600402832031
2022-12-12,379.725830078125,279.1929626464844,172.52198791503906,59.742061614990234,35.39858627319336,65.10446166992188,32.85005187988281,37.42155838012695,131.01861572265625,32.3314323425293,92.47576904296875,86.30724334716797,93.04169464111328,60.918006896972656,165.67999267578125,21.039936065673828,74.14175415039062
2022-12-13,382.60040283203125,282.1942443847656,173.95094299316406,60.5893669128418,35.651729583740234,65.87345123291016,32.93454360961914,38.13161087036133,131.42257690429688,32.429603576660156,93.3686752319336,87.08452606201172,93.85468292236328,61.54877853393555,168.50999450683594,21.387990951538086,75.5133285522461
2022-12-14,380.1541748046875,280.1022033691406,172.80967712402344,60.53573989868164,35.670204162597656,65.31864166259766,32.52145004272461,37.89787673950195,131.6293182373047,32.389442443847656,93.76750946044922,87.322998046875,93.94026947021484,61.2010498046875,168.10000610351562,21.55331802368164,74.99897766113281
2022-12-15,370.85504150390625,270.6973571777344,168.48439025878906,58.989498138427734,34.84796905517578,62.87543869018555,31.88303565979004,37.66853332519531,129.2146759033203,31.996734619140625,94.13334655761719,87.49295806884766,94.0192642211914,60.97017288208008,165.35000610351562,21.292274475097656,73.99604034423828
2022-12-16,366.4765625,268.1163635253906,167.2280731201172,58.471107482910156,34.9495964050293,62.0432014465332,31.638935089111328,37.20545196533203,127.33557891845703,31.45230484008789,93.0818099975586,87.27168273925781,93.61580657958984,60.64497375488281,166.7899932861328,21.022531509399414,72.08441162109375
2022-12-19,363.3690490722656,264.348388671875,164.9647216796875,58.32810592651367,34.97731018066406,61.21589279174805,31.553911209106445,37.200992584228516,126.8601303100586,31.327220916748047,91.51758575439453,86.56369018554688,92.67160034179688,60.33607482910156,166.32000732421875,20.983139038085938,71.16717529296875
2022-12-20,363.86627197265625,264.1426086425781,165.8374481201172,58.56048583984375,34.96807098388672,61.308631896972656,31.686172485351562,37.76241683959961,126.83182525634766,31.336217880249023,89.8924789428711,85.93531799316406,91.58143615722656,60.181617736816406,169.0800018310547,21.07943344116211,70.9871597290039
2022-12-21,369.3069763183594,267.9742736816406,168.69540405273438,59.16824722290039,35.28218078613281,62.323856353759766,32.177433013916016,38.47979736328125,128.50167846679688,31.772632598876953,90.11842346191406,86.0415267944336,92.20806121826172,60.69375228881836,168.8000030517578,21.350807189941406,71.59579467773438
2022-12-22,364.0384216308594,261.41827392578125,166.48960876464844,58.68561553955078,34.96807098388672,60.752201080322266,31.894014358520508,37.593101501464844,128.32240295410156,31.579174041748047,90.10106658935547,86.01496124267578,92.18229675292969,60.31983184814453,166.75999450683594,21.07943344116211,71.29499816894531
2022-12-23,366.1324157714844,262.0062255859375,167.24722290039062,58.89118194580078,34.921878814697266,60.81566619873047,32.07351303100586,38.791690826416016,128.3978729248047,31.903118133544922,88.78012084960938,85.62555694580078,91.89904022216797,60.47426986694336,167.25999450683594,21.4646053314209,71.92963409423828
2022-12-27,364.68853759765625,258.3018798828125,166.1251678466797,58.98055648803711,35.439239501953125,60.239723205566406,32.064056396484375,39.206077575683594,128.06768798828125,32.101070404052734,87.0246810913086,84.90869903564453,90.71446990966797,59.848323822021484,168.6699981689453,21.65719223022461,71.9035415649414
2022-12-28,360.1562194824219,254.8916473388672,163.5453338623047,58.35491180419922,34.921878814697266,59.26842498779297,31.950700759887695,38.32829284667969,127.23748016357422,31.79513168334961,86.51197814941406,84.70515441894531,90.43119049072266,59.043521881103516,167.91000366210938,21.41208267211914,70.67776489257812
2022-12-29,366.63916015625,261.1046447753906,167.68836975097656,59.2755012512207,35.503910064697266,60.82054138183594,32.39472579956055,38.72931671142578,128.62429809570312,32.02458572387695,87.49398803710938,85.12110900878906,91.07498931884766,59.80766677856445,168.85000610351562,21.385820388793945,72.2251968383789
2022-12-30,365.6733703613281,260.9479064941406,167.21849060058594,58.66773986816406,35.01426696777344,60.737571716308594,32.3096923828125,38.97438049316406,128.1620330810547,31.71864891052246,86.52066802978516,84.76710510253906,90.49984741210938,59.856449127197266,169.63999938964844,21.578407287597656,71.7035903930664
2023-01-03,364.13397216796875,259.18389892578125,166.2978057861328,59.186126708984375,35.30990219116211,60.16162872314453,32.42306137084961,37.60647201538086,127.79410552978516,31.71864891052246,88.17179870605469,85.43087005615234,91.12650299072266,59.97026062011719,171.05999755859375,21.06192398071289,71.77313995361328
2023-01-04,366.94512939453125,260.41864013671875,168.3693084716797,59.972660064697266,36.37232971191406,60.317813873291016,32.942657470703125,37.602012634277344,128.13372802734375,32.006587982177734,89.37974548339844,86.08580780029297,91.78746032714844,60.6612548828125,172.6699981689453,20.68550682067871,73.3988265991211
2023-01-05,362.7570495605469,256.3419494628906,166.5663299560547,59.37382888793945,36.261470794677734,59.14640426635742,32.69702911376953,38.28819274902344,126.82238006591797,31.313722610473633,89.75344848632812,85.96185302734375,91.7187728881836,60.539302825927734,170.52000427246094,20.580461502075195,71.42539978027344
2023-01-06,371.07586669921875,263.4173583984375,170.30657958984375,60.89324188232422,37.01903533935547,60.87911605834961,33.42447280883789,39.01448440551758,127.99221801757812,31.9435977935791,91.40459442138672,87.06815338134766,93.22093963623047,61.40102767944336,173.7100067138672,20.69426155090332,73.34664916992188
2023-01-09,370.8655090332031,265.1225891113281,170.5943145751953,61.15243911743164,37.29619216918945,61.58683776855469,33.30165100097656,38.8763542175293,125.85066223144531,32.15955352783203,91.89124298095703,87.28939819335938,93.5900650024414,61.62052536010742,174.10000610351562,20.939369201660156,73.37273406982422
2023-01-10,373.46630859375,267.3666687011719,173.1165771484375,61.331207275390625,37.564117431640625,61.96754837036133,33.49060821533203,39.152610778808594,126.90727996826172,32.168556213378906,90.37042999267578,86.7406997680664,93.27245330810547,61.54735565185547,174.74000549316406,20.939369201660156,73.53789520263672
2023-01-11,378.18988037109375,271.9921569824219,175.2744140625,61.79596710205078,37.72116470336914,63.041343688964844,33.80236053466797,39.272911071777344,127.6242904663086,32.429508209228516,91.83911895751953,87.29823303222656,94.07076263427734,61.95383071899414,174.6199951171875,21.3157901763916,76.17202758789062
2023-01-12,379.5667724609375,273.4621887207031,178.2186737060547,62.70763397216797,37.905941009521484,63.50990676879883,33.86849594116211,40.021480560302734,127.21862030029297,32.20903778076172,93.64669036865234,88.07705688476562,95.13516235351562,62.30338668823242,176.63999938964844,21.49086570739746,77.13700103759766
2023-01-13,381.0392761230469,275.34368896484375,179.38870239257812,63.03832244873047,38.1553840637207,63.69050216674805,34.12356948852539,40.079402923583984,127.78465270996094,32.09206771850586,92.76895141601562,87.60800170898438,94.82616424560547,62.30338668823242,178.75999450683594,21.700963973999023,76.65885162353516
2023-01-17,380.34130859375,275.9023132324219,179.16812133789062,63.23494338989258,37.942893981933594,63.97846603393555,33.8968391418457,40.16405487060547,127.1903305053711,32.047080993652344,92.16934967041016,87.33363342285156,94.48280334472656,62.09202194213867,177.58999633789062,21.849777221679688,76.87619018554688
2023-01-18,374.3364562988281,272.31549072265625,176.2718505859375,63.01150894165039,37.68422317504883,63.15360641479492,33.26387023925781,39.42886734008789,125.39784240722656,31.277732849121094,94.40275573730469,88.51957702636719,95.5901107788086,62.16516876220703,177.0800018310547,21.613422393798828,75.7547378540039
2023-01-19,371.611328125,269.64019775390625,174.58389282226562,62.9131965637207,37.970611572265625,62.41658401489258,32.87653732299805,39.91899871826172,125.69971466064453,30.962793350219727,93.81180572509766,88.35142517089844,95.3926773071289,61.79936218261719,179.88999938964844,21.832271575927734,75.33745574951172
2023-01-20,378.5340881347656,277.01947021484375,177.46102905273438,63.467342376708984,38.552642822265625,64.10535430908203,33.3961296081543,40.31555938720703,126.33180236816406,31.14726448059082,92.29098510742188,87.76730346679688,94.89481353759766,61.921295166015625,179.2899932861328,21.963581085205078,76.2328872680664
2023-01-23,383.0759582519531,283.1736755371094,179.65724182128906,63.726539611816406,38.82980728149414,65.56475067138672,33.78347396850586,40.3690299987793,126.76578521728516,31.15625762939453,91.85649108886719,87.48409271240234,94.6201400756836,61.91318893432617,179.6300048828125,22.016101837158203,76.58061218261719
2023-01-24,382.6648254394531,282.5954895019531,179.2736358642578,63.64610290527344,38.857513427734375,65.53548431396484,33.80236053466797,40.21307373046875,125.92615509033203,31.313722610473633,93.17741394042969,87.98856353759766,95.11799621582031,61.95383071899414,180.27999877929688,21.8935489654541,76.77188873291016
2023-01-25,382.8081970214844,281.96832275390625,179.77230834960938,64.06616973876953,38.89447021484375,65.39879608154297,34.06689453125,40.217529296875,125.96388244628906,30.890819549560547,93.40335845947266,88.0859375,95.16090393066406,61.9456787109375,181.11000061035156,21.832271575927734,76.80664825439453
2023-01-26,387.01544189453125,287.4659729003906,180.8368682861328,64.11978912353516,39.264015197753906,66.44330596923828,34.24639129638672,41.4874153137207,126.19975280761719,30.994287490844727,92.96886444091797,87.76730346679688,95.1265640258789,62.100135803222656,179.47000122070312,21.928564071655273,77.66728973388672
2023-01-27,387.9046630859375,290.32757568359375,181.81507873535156,63.99467086791992,39.079246520996094,66.72151947021484,34.24639129638672,40.649742126464844,125.3412094116211,30.994287490844727,92.73421478271484,87.6345443725586,94.85189819335938,61.91318893432617,179.22000122070312,21.683454513549805,78.5366439819336
2023-01-30,383.0377197265625,284.45745849609375,179.283203125,63.583526611328125,38.293968200683594,65.44760131835938,34.07633590698242,39.71848678588867,124.20915985107422,30.854814529418945,92.39529418945312,87.36019897460938,94.49134826660156,61.57172393798828,178.75999450683594,21.403329849243164,77.53691864013672
2023-01-31,388.669677734375,288.7203063964844,183.63726806640625,63.94997024536133,38.210811614990234,66.36033630371094,34.539249420166016,40.07049560546875,125.81292724609375,31.08426856994629,93.13394927978516,87.8027114868164,95.16947937011719,62.05136489868164,179.41000366210938,21.770994186401367,79.16256713867188
2023-02-01,392.80035400390625,294.89422607421875,186.5239715576172,64.52200317382812,38.681983947753906,67.92221069335938,34.539249420166016,39.281837463378906,126.40729522705078,31.138259887695312,94.2535400390625,88.43419647216797,96.13558197021484,62.7032585144043,181.6699981689453,21.35955810546875,79.6493911743164
2023-02-02,398.51837158203125,305.4779357910156,190.19712829589844,64.4326171875,38.45101547241211,69.77694702148438,34.633724212646484,38.38622283935547,125.54879760742188,31.205759048461914,94.3755111694336,88.39872741699219,96.27336120605469,63.06266784667969,177.89999389648438,21.201988220214844,81.4576187133789
2023-02-03,394.28240966796875,300.0489196777344,188.92156982421875,63.83378219604492,37.767364501953125,69.19612884521484,34.567596435546875,38.30156707763672,125.18084716796875,30.553380966186523,92.96407318115234,87.4497299194336,95.1798095703125,62.4009895324707,173.4600067138672,20.668001174926758,79.92760467529297
2023-02-06,391.87286376953125,297.5107421875,186.18832397460938,63.18133544921875,37.213043212890625,68.35173034667969,34.55814743041992,38.127784729003906,124.48273468017578,30.814319610595703,92.27579498291016,86.69584655761719,94.4479751586914,62.000732421875,173.82000732421875,20.729278564453125,79.34513854980469
2023-02-07,396.998046875,303.6748046875,187.56935119628906,63.71760177612305,37.360862731933594,70.06002807617188,34.95492935180664,39.36648178100586,125.28462219238281,30.800827026367188,91.53520965576172,86.48300170898438,94.13793182373047,62.22127914428711,173.97999572753906,21.12320327758789,79.17124938964844
2023-02-08,392.65692138671875,298.27508544921875,184.8264617919922,63.32432556152344,37.31467056274414,69.21563720703125,34.74708938598633,39.01448440551758,124.91670227050781,30.28343391418457,91.9708480834961,86.80229187011719,94.23268127441406,61.95988845825195,174.41000366210938,21.16697120666504,78.79743194580078
2023-02-09,389.2529296875,295.63897705078125,182.15074157714844,63.440513610839844,37.49020767211914,68.83493041992188,34.35975646972656,38.680294036865234,123.82234954833984,29.86951446533203,91.09956359863281,86.41202545166016,93.44051361083984,61.55961227416992,173.02999877929688,21.000646591186523,77.93680572509766
2023-02-10,390.1612854003906,293.69866943359375,182.5151824951172,63.16345977783203,37.12989807128906,68.5176773071289,34.47311782836914,40.195255279541016,124.9921875,30.463397979736328,90.08016967773438,85.99517059326172,92.78612518310547,61.08584213256836,173.36000061035156,21.298280715942383,78.20628356933594
2023-02-13,394.7414245605469,298.4024963378906,184.71139526367188,63.798030853271484,37.43478012084961,69.70372009277344,34.869903564453125,40.0927734375,126.0299072265625,30.647863388061523,90.83819580078125,86.19915771484375,93.13055419921875,61.24102783203125,172.47999572753906,21.254512786865234,78.90177154541016
2023-02-14,394.5597229003906,300.6074523925781,184.62509155273438,63.91423416137695,37.3701057434082,70.00146484375,34.68095397949219,40.10612869262695,125.28462219238281,30.517385482788086,90.62907409667969,85.80892181396484,92.89807891845703,61.25737380981445,172.61000061035156,21.324542999267578,78.27584075927734
2023-02-15,395.84100341796875,302.9104309082031,186.49520874023438,63.62821578979492,37.05599594116211,70.32848358154297,34.71875,39.424415588378906,124.66195678710938,30.71533966064453,89.78395080566406,85.55171966552734,92.5450439453125,61.15935134887695,170.88999938964844,21.096940994262695,78.58880615234375
2023-02-16,390.3907165527344,297.22650146484375,184.71139526367188,63.31539535522461,37.06522750854492,69.10826873779297,34.369197845458984,39.03676223754883,123.41670227050781,30.481399536132812,88.51191711425781,85.2679214477539,91.80455017089844,60.66921615600586,170.75,21.035663604736328,77.82377624511719
2023-02-17,389.41546630859375,295.1293640136719,185.2196807861328,63.47627639770508,36.65873336791992,68.24434661865234,34.37865447998047,37.64656448364258,124.52046966552734,30.809825897216797,89.20018768310547,85.50736999511719,92.16617584228516,60.90610122680664,171.25999450683594,20.878093719482422,77.51949310302734
2023-02-21,381.60333251953125,288.1422119140625,179.75311279296875,62.77912139892578,36.196800231933594,66.62390899658203,33.67010498046875,37.45942687988281,122.9072265625,30.233943939208984,87.46637725830078,84.57608795166016,90.85741424560547,59.96672821044922,170.6199951171875,20.904354095458984,75.96337127685547
2023-02-22,381.07757568359375,288.35772705078125,180.2422637939453,62.430538177490234,36.021270751953125,66.52630615234375,33.63230895996094,37.209903717041016,122.49214172363281,30.116968154907227,88.26792907714844,84.72689819335938,91.1156997680664,60.35880661010742,169.66000366210938,20.632984161376953,75.27659606933594
2023-02-23,383.1046447753906,290.8763732910156,181.52734375,62.752323150634766,36.196800231933594,67.62936401367188,33.66065216064453,37.77132797241211,122.82232666015625,29.959495544433594,89.1305160522461,85.0550537109375,91.83036804199219,60.955135345458984,169.57000732421875,20.79055404663086,75.8416748046875
2023-02-24,379.01220703125,286.005859375,179.8298797607422,61.70659637451172,35.38380813598633,66.42378997802734,33.68899917602539,37.722320556640625,121.23739624023438,29.96849822998047,87.97171020507812,84.54064178466797,91.14153289794922,60.587547302246094,168.35000610351562,20.720523834228516,74.51156616210938
2023-02-27,380.302978515625,288.05401611328125,180.46279907226562,62.43949508666992,35.56857681274414,66.78010559082031,33.67955017089844,37.83371353149414,120.86947631835938,29.76603889465332,88.21568298339844,84.79783630371094,91.16734313964844,60.99596405029297,169.00999450683594,20.73802947998047,74.62458038330078
2023-02-28,378.8974609375,287.6815490722656,180.47242736816406,61.98365783691406,35.31913375854492,66.63365173339844,33.74568176269531,37.29011154174805,119.97325134277344,29.244140625,88.616455078125,84.93087768554688,91.20182800292969,60.8816032409668,169.77999877929688,20.79930877685547,74.52027130126953
2023-03-01,377.4440612792969,285.3688659667969,180.7025909423828,62.31435775756836,36.076698303222656,66.14559173583984,33.63230895996094,38.025299072265625,119.77513122558594,28.76273536682129,87.66444396972656,84.25191497802734,90.63323974609375,60.709041595458984,170.75999450683594,21.158218383789062,73.58138275146484
2023-03-02,380.3795166015625,287.7305908203125,181.1341552734375,62.43949508666992,36.20603561401367,66.96067810058594,33.47171401977539,38.3594856262207,120.51097869873047,29.30712890625,86.8871078491211,83.90526580810547,90.71100616455078,60.78298568725586,170.66000366210938,21.07943344116211,74.4420166015625
2023-03-03,386.47998046875,293.6790771484375,183.6564483642578,63.351139068603516,36.52939224243164,68.40052795410156,34.00076675415039,38.88080596923828,121.86004638671875,29.806528091430664,88.99202728271484,84.58071899414062,91.7392578125,61.40757369995117,172.49000549316406,21.41208267211914,75.5721664428711
2023-03-06,386.7477111816406,294.01220703125,180.97113037109375,63.19025802612305,36.400054931640625,68.72755432128906,34.02909851074219,38.89863586425781,121.80345153808594,29.95050621032715,88.30201721191406,84.42964935302734,91.4886703491211,61.40757369995117,171.6199951171875,21.307035446166992,75.27659606933594
2023-03-07,380.8193359375,290.4059753417969,178.87081909179688,62.13559341430664,35.79030227661133,67.87339782714844,33.15049362182617,38.22136306762695,119.84115600585938,29.46010398864746,88.84351348876953,84.43856811523438,91.22944641113281,60.972015380859375,168.6199951171875,20.869338989257812,73.52051544189453
2023-03-08,381.4409484863281,291.8563537597656,178.9571533203125,62.47523498535156,35.93811798095703,68.4347152709961,33.02768325805664,37.82925796508789,119.19963836669922,29.6850528717041,88.93087768554688,84.41184997558594,91.08257293701172,60.684356689453125,168.5399932861328,20.755537033081055,74.36377716064453
2023-03-09,374.4033508300781,286.7995910644531,173.979736328125,62.019412994384766,35.14360809326172,67.4536361694336,31.686172485351562,37.2945671081543,117.9920883178711,29.44659996032715,89.14923095703125,84.93623352050781,90.99613952636719,60.347415924072266,170.1999969482422,20.501676559448242,72.65988159179688
2023-03-10,369.0009460449219,282.77191162109375,168.9639129638672,61.35801696777344,34.958831787109375,66.26759338378906,31.10988998413086,36.81779861450195,117.1241455078125,28.98319435119629,92.2236328125,86.5003662109375,92.3009033203125,60.35565185546875,173.8699951171875,20.720523834228516,70.25178527832031
2023-03-13,368.4750061035156,284.86907958984375,166.21144104003906,60.93793869018555,35.01426696777344,66.6287841796875,29.881744384765625,36.06924057006836,118.21849822998047,29.428607940673828,92.43326568603516,87.54910278320312,92.3786849975586,60.02690124511719,177.86000061035156,20.589214324951172,71.17328643798828
2023-03-14,374.5660095214844,291.41522216796875,169.2899932861328,61.751277923583984,35.03274154663086,68.16625213623047,30.486364364624023,36.425697326660156,119.27511596679688,29.81552505493164,90.91351318359375,86.72257232666016,92.10218048095703,60.46244812011719,176.8300018310547,20.326595306396484,71.86009979248047
2023-03-15,372.2232971191406,292.9440612792969,166.4991912841797,59.83858871459961,34.43223190307617,68.20529174804688,29.67390251159668,34.469627380371094,119.17135620117188,30.22044563293457,92.66909790039062,87.97566986083984,92.98352813720703,60.26521682739258,178.2100067138672,19.853885650634766,71.80789184570312
2023-03-16,378.75396728515625,300.6662292480469,168.77212524414062,60.768123626708984,34.958831787109375,70.11860656738281,30.240741729736328,34.843902587890625,120.2845687866211,30.42290687561035,91.94415283203125,87.18470764160156,92.84529876708984,60.65971374511719,178.57000732421875,19.915163040161133,71.65141296386719
2023-03-17,374.3253479003906,299.2452697753906,164.21664428710938,60.04415512084961,34.74634552001953,70.02098846435547,29.267671585083008,34.29585266113281,118.73737335205078,30.130464553833008,93.32415771484375,88.21564483642578,93.3118896484375,60.29810333251953,183.77000427246094,19.853885650634766,70.02576446533203
2023-03-20,377.92474365234375,300.3072814941406,166.34573364257812,60.982627868652344,34.87568664550781,70.20980834960938,29.59332275390625,34.982444763183594,120.2423095703125,30.366134643554688,92.50315856933594,87.86012268066406,93.0353775024414,60.133731842041016,183.83999633789062,19.93267059326172,70.82554626464844
2023-03-21,382.8870849609375,304.596435546875,169.4146728515625,61.90322494506836,35.18979263305664,70.77723693847656,30.343355178833008,36.19355010986328,120.97156524658203,29.754289627075195,91.70833587646484,87.09583282470703,93.48470306396484,60.79121017456055,180.3699951171875,20.002700805664062,70.5125961303711
2023-03-22,376.3601989746094,300.45452880859375,164.60987854003906,61.688716888427734,35.32837677001953,70.07283782958984,29.640790939331055,35.42366027832031,119.14366912841797,29.16962242126465,92.93112182617188,88.24229431152344,94.0290756225586,60.84872817993164,183.44000244140625,20.055225372314453,67.87847900390625
2023-03-23,377.3776550292969,304.017333984375,163.87928771972656,61.6976432800293,35.818023681640625,71.21258544921875,29.44141387939453,34.93292236328125,118.91636657714844,28.870494842529297,92.93112182617188,88.74888610839844,94.29695129394531,60.61041259765625,185.74000549316406,20.002700805664062,67.45249938964844
2023-03-24,379.85394287109375,305.13623046875,165.36167907714844,61.50996398925781,35.72563171386719,71.39846801757812,29.422422409057617,35.067989349365234,120.5643081665039,29.77241325378418,93.32415771484375,88.77552795410156,94.5907211303711,60.48712158203125,183.64999389648438,20.0989933013916,69.1822738647461
2023-03-27,380.5642395019531,303.0456237792969,167.20016479492188,62.090911865234375,35.531620025634766,70.84571838378906,29.830673217773438,35.81536102294922,121.0567855834961,29.808673858642578,91.13188171386719,87.682373046875,93.45877075195312,60.339195251464844,181.9499969482422,20.475414276123047,69.1032485961914
2023-03-28,379.71002197265625,301.4360046386719,166.95953369140625,62.11772537231445,36.03974914550781,70.5130844116211,29.82118034362793,36.36913299560547,120.32754516601562,29.8902530670166,91.29784393310547,87.62906646728516,93.30323028564453,60.30633544921875,183.44000244140625,20.571706771850586,68.93640899658203
2023-03-29,385.22906494140625,306.932373046875,168.85580444335938,62.868499755859375,36.14137268066406,71.9903793334961,30.25791358947754,36.873382568359375,120.65901947021484,30.325349807739258,91.11441802978516,87.47797393798828,93.73529815673828,61.06242370605469,182.52999877929688,20.440399169921875,70.4642333984375
2023-03-30,387.4847106933594,309.8375549316406,168.62477111816406,63.601417541503906,36.501678466796875,72.82682800292969,30.19145393371582,37.03547286987305,121.31250762939453,30.456785202026367,91.5336685180664,87.61128997802734,93.8648910522461,61.42401123046875,184.17999267578125,20.589214324951172,71.38619995117188
2023-03-31,392.9461364746094,314.99041748046875,171.72430419921875,63.92315673828125,36.455482482910156,73.86874389648438,30.523754119873047,37.29209518432617,122.61002349853516,30.678865432739258,92.90489959716797,88.09120178222656,94.71170806884766,62.0897331237793,183.22000122070312,20.781801223754883,72.91401672363281
2023-04-03,394.44354248046875,314.2248229980469,171.8013153076172,64.4326171875,36.52939224243164,73.75135803222656,30.580713272094727,38.980438232421875,123.98330688476562,30.470382690429688,93.34184265136719,88.50617218017578,95.28375244140625,62.04180145263672,184.5399932861328,21.12320327758789,72.3344955444336
2023-04-04,392.2549743652344,313.164794921875,168.7884521484375,64.4415512084961,36.52939224243164,73.3453369140625,30.295886993408203,38.273582458496094,124.00222778320312,30.624483108520508,93.80594635009766,89.07608032226562,95.40509796142578,61.86021423339844,187.97999572753906,21.096940994262695,72.23789978027344
2023-04-05,391.2279968261719,310.0731506347656,167.13278198242188,63.99467086791992,36.24299240112305,72.50886535644531,30.25791358947754,38.84987258911133,126.14265441894531,31.417631149291992,94.78663635253906,89.45010375976562,95.71714782714844,61.513465881347656,187.8300018310547,21.17572784423828,71.85157012939453
2023-04-06,392.754150390625,312.16375732421875,167.38307189941406,64.29854583740234,36.390811920166016,72.91978454589844,30.371837615966797,38.26007843017578,126.45519256591797,31.63970184326172,95.03184509277344,89.47683715820312,95.63046264648438,61.785919189453125,186.49000549316406,21.114450454711914,72.34327697753906
2023-04-10,393.1572570800781,311.9870300292969,169.1734619140625,64.25386047363281,36.427764892578125,72.88066101074219,30.438302993774414,38.56623458862305,126.3699722290039,31.57625961303711,93.49948120117188,88.59523010253906,95.18841552734375,61.728084564208984,185.11000061035156,21.114450454711914,72.67694854736328
2023-04-11,393.2629089355469,309.9847412109375,170.511474609375,64.4683609008789,36.64949035644531,72.19581604003906,30.704137802124023,38.93091583251953,126.79613494873047,31.603450775146484,93.692138671875,88.5595703125,95.16240692138672,61.86021423339844,186.27999877929688,21.22825050354004,72.98426055908203
2023-04-12,391.6598815917969,307.2464294433594,169.2600860595703,64.87950897216797,36.390811920166016,71.78491973876953,30.637676239013672,38.95792007446289,126.83402252197266,31.57172393798828,93.59577178955078,88.81784057617188,94.96305084228516,61.843692779541016,187.19000244140625,21.394575119018555,72.63304138183594
2023-04-13,396.8622131347656,313.2629699707031,171.50291442871094,65.71070861816406,36.88969421386719,73.12033081054688,30.913009643554688,39.20104217529297,128.48193359375,31.57625961303711,92.86026000976562,88.52400970458984,95.12774658203125,62.26472473144531,189.72000122070312,21.394575119018555,72.41353607177734
2023-04-14,395.892822265625,312.67413330078125,169.905029296875,65.44258880615234,36.69568634033203,72.7143325805664,31.216821670532227,39.2730827331543,127.44965362548828,31.222734451293945,92.01092529296875,88.08765411376953,94.8156967163086,62.14914321899414,186.36000061035156,21.420835494995117,71.28960418701172
2023-04-17,397.3133239746094,312.93902587890625,172.090087890625,65.3263931274414,36.85274124145508,72.97846984863281,31.57759666442871,38.80935287475586,127.34545135498047,31.394962310791016,90.9163818359375,87.5266342163086,94.21765899658203,61.98406219482422,185.52999877929688,21.333297729492188,72.77352142333984
2023-04-18,397.5724792480469,312.95867919921875,171.35850524902344,65.68390655517578,36.80654525756836,73.20347595214844,31.672542572021484,38.96242141723633,126.47415924072266,31.231801986694336,91.24034118652344,87.66911315917969,94.5296630859375,62.025306701660156,186.25,21.37706756591797,72.606689453125
2023-04-19,397.50537109375,312.8115234375,171.57989501953125,65.47834777832031,36.4370002746582,72.99315643310547,31.74849510192871,38.827354431152344,126.86244201660156,31.472017288208008,91.15277862548828,87.48209381103516,94.0616226196289,61.777645111083984,185.36000061035156,21.07943344116211,73.03695678710938
2023-04-20,395.3360595703125,310.42645263671875,170.69435119628906,65.47834777832031,36.3815803527832,72.5137710571289,31.65355682373047,38.485198974609375,126.3415298461914,31.46294593811035,91.93211364746094,87.98970031738281,94.41697692871094,61.7198486328125,186.08999633789062,20.89560317993164,72.31694030761719
2023-04-21,395.6432189941406,310.75030517578125,170.91574096679688,65.80903625488281,36.03974914550781,72.27896881103516,31.53962516784668,38.26007843017578,127.19393157958984,31.553600311279297,91.41547393798828,87.7759780883789,94.47763061523438,61.909725189208984,184.25,20.851831436157227,72.32572174072266
2023-04-24,396.0559387207031,310.10260009765625,170.80026245117188,65.97886657714844,35.956600189208984,71.96101379394531,31.46367073059082,38.845367431640625,127.90425109863281,31.712221145629883,92.29985046386719,88.20339965820312,94.89372253417969,62.083106994628906,184.80999755859375,21.018156051635742,72.05350494384766
2023-04-25,389.76904296875,304.2529602050781,166.58413696289062,65.05826568603516,35.28218078613281,70.42504119873047,30.922500610351562,38.11601257324219,126.54042053222656,31.68049430847168,93.65705871582031,89.07608032226562,95.30975341796875,61.98406219482422,185.75,20.720523834228516,71.34230041503906
2023-04-26,388.1181335449219,306.0981140136719,164.97659301757812,65.01358032226562,35.48543167114258,71.47183990478516,30.62818145751953,37.60725402832031,124.74095916748047,30.93720817565918,92.6588363647461,88.72879791259766,94.89372253417969,61.744625091552734,184.74000549316406,20.40538215637207,70.65740203857422
2023-04-27,395.84478759765625,314.421142578125,167.180908203125,65.82691955566406,35.96583557128906,72.9882583618164,31.121877670288086,37.74232482910156,125.39444732666016,31.30885887145996,91.73944854736328,88.14997100830078,94.54698181152344,61.95100784301758,184.75,20.431644439697266,72.25547790527344
2023-04-28,399.2234191894531,316.5902404785156,168.64404296875,65.80010223388672,36.15061569213867,73.78070831298828,31.492149353027344,38.327606201171875,126.46465301513672,31.263530731201172,93.21923065185547,88.80894470214844,95.28375244140625,62.215213775634766,184.8000030517578,20.624229431152344,73.1423110961914
2023-05-01,398.8202819824219,316.2270202636719,168.74029541015625,65.70178985595703,36.03050994873047,73.82472229003906,31.406707763671875,37.89540481567383,127.11817169189453,31.317922592163086,90.53131103515625,87.763671875,93.74610137939453,61.92997360229492,183.97000122070312,20.44915199279785,72.59790802001953
2023-05-02,394.33782958984375,313.4691162109375,165.27500915527344,65.04039001464844,35.679447174072266,73.13499450683594,30.694643020629883,36.24757766723633,126.5688247680664,30.93720817565918,92.78736877441406,88.90624237060547,94.87671661376953,61.871944427490234,187.52000427246094,19.985193252563477,71.36862182617188
2023-05-03,391.6311340332031,311.4177551269531,165.88143920898438,65.210205078125,35.6240119934082,72.51866149902344,30.343355178833008,35.56322479248047,126.39836120605469,30.851099014282227,93.30529022216797,89.48645782470703,95.03326416015625,61.838768005371094,189.11000061035156,19.73133087158203,71.087646484375
2023-05-04,388.8572082519531,310.31854248046875,164.0236358642578,65.0761489868164,35.91040802001953,72.17135620117188,29.954097747802734,35.16703414916992,125.39444732666016,31.086761474609375,92.38358306884766,89.4686279296875,94.7723617553711,61.656349182128906,190.44000244140625,19.810115814208984,71.67594909667969
2023-05-05,396.0559387207031,316.9141540527344,167.92210388183594,66.03247833251953,36.390811920166016,73.98126983642578,30.694643020629883,36.12151336669922,126.52147674560547,31.286190032958984,92.07632446289062,88.98660278320312,94.39839172363281,61.98802185058594,187.4600067138672,20.25656509399414,72.87010955810547
2023-05-08,396.1615905761719,317.6993103027344,167.53707885742188,66.05036163330078,36.40929412841797,73.94213104248047,30.742115020751953,36.12151336669922,126.24684143066406,31.191009521484375,90.78590393066406,88.44208526611328,93.72001647949219,61.813899993896484,187.69000244140625,20.35285758972168,72.44863891601562
2023-05-09,394.4241943359375,315.6872863769531,167.0365447998047,65.78221893310547,36.187557220458984,73.37468719482422,30.62818145751953,36.13501739501953,125.4039306640625,31.150222778320312,90.46111297607422,88.3349380493164,93.68521881103516,61.656349182128906,189.02000427246094,20.414134979248047,72.14131927490234
2023-05-10,396.26715087890625,319.1225280761719,167.8836212158203,65.64815521240234,36.169090270996094,74.26985168457031,30.457290649414062,35.725318908691406,125.75436401367188,31.435766220092773,91.33895111083984,88.9955062866211,94.42448425292969,62.02944564819336,188.75,20.35285758972168,72.83499145507812
2023-05-11,395.5760498046875,320.16290283203125,166.59378051757812,65.48727416992188,36.03974914550781,73.93724060058594,30.40981674194336,35.29759979248047,125.36604309082031,31.113962173461914,92.3045654296875,89.32579040527344,94.78975677490234,61.92997360229492,187.1300048828125,20.002700805664062,72.03596496582031
2023-05-12,395.0577697753906,319.0145263671875,166.25686645507812,65.37109375,35.61477279663086,73.83940887451172,30.28639793395996,35.35162353515625,125.19557189941406,31.286190032958984,91.53205871582031,88.79019165039062,94.20703887939453,61.70608901977539,186.80999755859375,19.84513282775879,72.02717590332031
2023-05-15,396.4207458496094,320.741943359375,168.2878875732422,65.8716049194336,36.27070999145508,74.45087432861328,30.533239364624023,35.53171920776367,124.9777603149414,30.891887664794922,90.58399963378906,88.59380340576172,93.70262908935547,61.689491271972656,187.2100067138672,20.072734832763672,71.90424346923828
2023-05-16,393.7715759277344,321.1051330566406,165.83331298828125,65.24595642089844,36.01203155517578,74.52912139892578,30.248414993286133,34.65828323364258,123.93595123291016,30.20751190185547,90.31188201904297,88.30818176269531,93.23298645019531,61.258358001708984,184.8699951171875,19.853885650634766,70.10423278808594
2023-05-17,398.55157470703125,324.99176025390625,169.5296173095703,65.54984283447266,36.17832565307617,75.52213287353516,30.856040954589844,35.32461166381836,124.08747863769531,30.098739624023438,90.04852294921875,88.02252960205078,93.22429656982422,61.424190521240234,184.22999572753906,20.090242385864258,71.05252838134766
2023-05-18,402.3908996582031,331.02801513671875,170.55960083007812,65.45153045654297,35.984317779541016,77.06787872314453,31.083906173706055,35.581241607666016,123.78439331054688,30.008092880249023,89.38136291503906,87.47802734375,92.83291625976562,61.45734786987305,181.83999633789062,19.906410217285156,70.7100830078125
2023-05-19,401.8053894042969,330.28204345703125,169.51998901367188,65.83585357666016,36.01203155517578,77.03365325927734,30.95098876953125,35.85588073730469,124.36212158203125,29.9627685546875,88.74931335449219,87.14777374267578,92.7198486328125,61.52367401123047,183.63999938964844,19.880146026611328,70.59593963623047
2023-05-22,401.9685363769531,331.39111328125,171.58953857421875,65.8537368774414,36.30766296386719,77.18040466308594,31.007949829101562,35.70730209350586,124.48524475097656,29.971834182739258,88.43330383300781,86.9870834350586,92.68506622314453,61.79729080200195,183.2100067138672,19.897653579711914,71.02619934082031
2023-05-23,397.4573059082031,327.1903076171875,170.781005859375,64.88844299316406,35.74411392211914,76.04064178466797,30.647171020507812,36.089988708496094,123.12145233154297,29.86758804321289,88.68787384033203,87.1298828125,92.87641143798828,61.473941802978516,183.42999267578125,19.9764404296875,70.35885620117188
2023-05-24,394.57781982421875,325.5119934082031,168.9713134765625,63.9410400390625,35.476192474365234,75.48299407958984,30.248414993286133,36.24757766723633,122.27853393554688,29.672706604003906,88.24894714355469,86.90675354003906,92.51114654541016,61.042789459228516,181.9499969482422,19.985193252563477,68.84861755371094
2023-05-25,397.9947509765625,333.4325866699219,167.65260314941406,63.85166549682617,35.402286529541016,78.37886047363281,30.238924026489258,35.603755950927734,121.02837371826172,29.273862838745117,88.0295181274414,86.36224365234375,92.20673370361328,61.001304626464844,180.1999969482422,19.67005157470703,68.83983612060547
2023-05-26,403.14910888671875,341.9519958496094,169.5585174560547,64.47730255126953,36.03050994873047,80.60455322265625,30.48577308654785,35.46418380737305,120.78213500976562,29.273862838745117,88.74053192138672,86.52290344238281,92.59810638427734,61.37445831298828,180.9199981689453,19.985193252563477,69.63008117675781
2023-05-30,403.30267333984375,343.5027770996094,168.93280029296875,63.824851989746094,35.61477279663086,81.03502655029297,30.476272583007812,35.09949493408203,120.03392028808594,29.160560607910156,89.62714385986328,87.2012939453125,93.29386901855469,61.63975524902344,182.0399932861328,19.521236419677734,69.89349365234375
2023-05-31,401.0663757324219,341.5495910644531,167.26756286621094,63.16345977783203,35.28218078613281,80.35995483398438,30.15347671508789,34.48269271850586,121.06625366210938,29.427963256835938,90.40840911865234,87.5315933227539,93.59827423095703,61.44903564453125,182.32000732421875,19.30238914489746,70.2447280883789
2023-06-01,404.8768310546875,345.4951477050781,169.07720947265625,64.10192108154297,35.91040802001953,81.1768798828125,30.476272583007812,34.910400390625,121.86181640625,29.210412979125977,90.76312255859375,87.77494049072266,93.88533782958984,61.81813430786133,183.75999450683594,19.617528915405273,70.25349426269531
2023-06-02,410.73187255859375,348.0863037109375,175.20884704589844,64.93313598632812,36.52939224243164,81.6415786743164,31.140867233276367,35.97293472290039,123.42452239990234,29.514080047607422,89.76856231689453,87.0770492553711,93.63229370117188,62.134727478027344,181.0500030517578,19.87139320373535,71.96570587158203
2023-06-05,409.94476318359375,348.3316650390625,172.86019897460938,64.5577392578125,36.52014923095703,81.1719741821289,30.979469299316406,35.73432159423828,123.86963653564453,29.654577255249023,89.601318359375,87.05020141601562,93.43162536621094,62.08473205566406,182.13999938964844,19.81886863708496,71.4652099609375
2023-06-06,410.83746337890625,348.2727966308594,177.41314697265625,65.0940170288086,36.843502044677734,81.15241241455078,31.368730545043945,36.0224609375,122.83731842041016,29.631912231445312,90.1294174194336,87.10391235351562,93.61486053466797,62.18471908569336,182.33999633789062,19.84513282775879,72.15011596679688
2023-06-07,409.41680908203125,342.3642578125,180.7326202392578,64.52153015136719,36.68522262573242,79.93929290771484,31.492149353027344,36.97694396972656,122.35429382324219,30.134990692138672,88.79156494140625,86.4686279296875,92.77719116210938,61.8431282043457,180.14999389648438,19.923917770385742,73.4759750366211
2023-06-08,411.8931884765625,346.6141052246094,180.0569610595703,65.20414733886719,36.9459228515625,80.80510711669922,31.46367073059082,36.81936264038086,123.14039611816406,30.26643180847168,89.83015441894531,87.05020141601562,93.39671325683594,62.234703063964844,182.52999877929688,19.95893096923828,73.0193862915039
2023-06-09,412.6322937011719,347.9390869140625,178.5994415283203,65.09493255615234,37.113525390625,81.20620727539062,31.47317123413086,36.61676025390625,123.51921844482422,30.089672088623047,89.70693969726562,86.737060546875,93.15238952636719,62.2513427734375,182.0399932861328,19.836376190185547,72.59790802001953
2023-06-12,416.3756408691406,353.8182373046875,179.3426971435547,65.37708282470703,37.188011169433594,82.97209167480469,31.46367073059082,36.26558303833008,123.9643325805664,30.0352840423584,89.9709701538086,86.88021087646484,93.44905853271484,62.18471908569336,181.8800048828125,19.56500816345215,72.615478515625
2023-06-13,419.12078857421875,356.53704833984375,181.3986358642578,65.99598693847656,37.560447692871094,83.47593688964844,31.65355682373047,36.436668395996094,124.5894546508789,30.030752182006836,89.08203125,86.26283264160156,93.03023529052734,62.259681701660156,180.5399932861328,19.82762336730957,73.08084106445312
2023-06-14,419.6199035644531,359.12811279296875,179.44888305664062,66.2417221069336,37.839778900146484,84.33686065673828,31.53013038635254,36.062984466552734,123.31084442138672,30.01262664794922,89.79496002197266,86.379150390625,93.31819152832031,62.284690856933594,180.63999938964844,19.87139320373535,73.35305786132812
2023-06-15,424.82220458984375,363.4073486328125,180.92568969726562,66.94256591796875,38.19359588623047,85.42282104492188,31.947874069213867,36.45917892456055,125.22400665283203,30.33894920349121,90.65750885009766,87.05020141601562,94.12962341308594,62.58461380004883,181.91000366210938,20.291580200195312,73.73938751220703
2023-06-16,423.3751525878906,361.1205139160156,179.47781372070312,66.79692840576172,38.0632438659668,84.71842193603516,31.881420135498047,36.4051513671875,125.21452331542969,30.502107620239258,90.30546569824219,86.67440032958984,93.96385955810547,62.42633819580078,181.6300048828125,20.54544448852539,73.68670654296875
2023-06-20,421.1786193847656,360.6036071777344,178.6959686279297,65.91407775878906,37.31836700439453,84.14588928222656,31.64299201965332,35.5903434753418,125.07378387451172,30.144380569458008,90.93035125732422,86.93388366699219,94.30414581298828,62.259681701660156,179.75,20.36161231994629,72.81743621826172
2023-06-21,419.0205993652344,355.6893005371094,178.2809295654297,66.01420593261719,37.141456604003906,82.90081024169922,31.60484504699707,35.87192916870117,125.09278106689453,30.386518478393555,91.15042114257812,87.0144271850586,94.19943237304688,62.101417541503906,179.49000549316406,20.65924644470215,72.3783950805664
2023-06-22,420.5331726074219,359.8861083984375,176.95851135253906,65.60462951660156,37.01110076904297,83.57727813720703,31.35689353942871,35.39048767089844,125.94869232177734,30.153518676757812,90.05021667480469,86.52233123779297,93.71080017089844,61.918121337890625,177.7100067138672,20.27407455444336,71.34230041503906
2023-06-23,417.3538513183594,356.3183898925781,174.2944793701172,64.58523559570312,36.47106170654297,82.67041778564453,31.223379135131836,35.136146545410156,125.53024291992188,29.71035385131836,90.94798278808594,86.88021087646484,93.97257232666016,61.8098030090332,178.1999969482422,20.055225372314453,70.35885620117188
2023-06-26,415.648681640625,351.5418395996094,174.4682159423828,64.66716003417969,36.59210968017578,82.07728576660156,31.1566219329834,35.76747131347656,124.81700897216797,30.002744674682617,91.04483032226562,87.09495544433594,94.07727813720703,61.8431282043457,178.50999450683594,20.08148765563965,71.98328399658203
2023-06-27,420.2055969238281,357.5862731933594,176.9875030517578,65.2314453125,36.96455001831055,83.6949234008789,31.404573440551758,35.849220275878906,124.53170776367188,30.01188850402832,90.80714416503906,86.7907485961914,93.97257232666016,62.0514030456543,177.69000244140625,19.757591247558594,72.87010955810547
2023-06-28,420.4175109863281,358.2840576171875,177.856201171875,65.2769546508789,36.741085052490234,83.74393463134766,31.32827377319336,36.21257781982422,124.13229370117188,29.568721771240234,91.1944351196289,87.1396713256836,94.38267517089844,62.4096565246582,177.27999877929688,19.69631576538086,72.97547149658203
2023-06-29,422.0745544433594,357.5666198730469,179.90252685546875,65.1859359741211,36.545555114746094,83.89098358154297,31.871871948242188,36.630435943603516,124.94064331054688,29.568721771240234,89.54851531982422,86.24492645263672,93.6672134399414,62.24303436279297,177.08999633789062,19.705068588256836,73.79064178466797
2023-06-30,427.0553283691406,363.0803527832031,180.76161193847656,65.98689270019531,36.83420181274414,85.22430419921875,32.148441314697266,36.866615295410156,126.22444152832031,29.89767074584961,90.60472106933594,86.4328384399414,94.35649108886719,62.5429573059082,178.27000427246094,19.87139320373535,74.19911193847656
2023-07-03,427.54669189453125,363.9354553222656,181.12835693359375,65.91407775878906,37.24387741088867,85.04293823242188,32.32964324951172,36.952903747558594,125.1878890991211,30.121538162231445,90.091064453125,86.05791473388672,94.0921401977539,62.444969177246094,178.47000122070312,19.87139320373535,74.92725372314453
2023-07-05,426.91082763671875,363.925537109375,179.32337951660156,65.17684173583984,37.02041244506836,84.51842498779297,32.262882232666016,36.7485237121582,125.1213150024414,30.46418571472168,89.23499298095703,85.6453628540039,93.41813659667969,62.25229263305664,177.83999633789062,19.993947982788086,75.09596252441406
2023-07-06,423.5678405761719,361.1539611816406,176.4276580810547,64.0482406616211,36.26622772216797,84.29293823242188,31.986324310302734,35.92189025878906,124.12281036376953,30.094125747680664,87.97293090820312,84.94577026367188,92.47274780273438,61.799964904785156,177.30999755859375,19.950180053710938,74.51878356933594
2023-07-07,422.49847412109375,359.95489501953125,178.2905731201172,64.53062438964844,36.675907135009766,83.9253158569336,32.03399658203125,36.69401931762695,122.67728424072266,29.874826431274414,87.44342041015625,84.83814239501953,92.38520050048828,61.858604431152344,178.63999938964844,20.11650276184082,74.35006713867188
2023-07-10,423.5678405761719,360.0728759765625,181.34072875976562,64.71266174316406,36.70384216308594,84.14588928222656,32.17704772949219,36.980159759521484,123.64729309082031,29.746904373168945,87.55813598632812,85.27761840820312,92.86663818359375,62.16854476928711,178.77999877929688,20.1602725982666,74.66973876953125
2023-07-11,426.26531982421875,361.851806640625,183.2036590576172,65.295166015625,37.07627868652344,84.32725524902344,32.558528900146484,37.793155670166016,123.6758041381836,30.116968154907227,88.00826263427734,85.45698547363281,93.30432891845703,62.50358200073242,179.4499969482422,20.39662742614746,75.73529815673828
2023-07-12,429.6950378417969,366.4220275878906,185.2017059326172,66.54208374023438,37.90495681762695,85.28311920166016,32.768333435058594,38.142879486083984,123.34297180175781,30.555559158325195,88.98787689208984,86.29113006591797,94.12716674804688,62.989383697509766,181.8800048828125,20.54544448852539,76.1437759399414
2023-07-13,433.1054992675781,372.6433410644531,186.6978759765625,67.60697937011719,38.3984375,86.3958511352539,32.88276672363281,37.9975471496582,123.39051818847656,30.660648345947266,89.92339324951172,87.00865936279297,94.79241943359375,63.366336822509766,182.00999450683594,20.834321975708008,76.63215637207031
2023-07-14,432.8357238769531,372.56475830078125,184.87351989746094,67.22471618652344,38.18428039550781,86.26840209960938,32.66342544555664,36.99378204345703,125.24492645263672,30.541858673095703,89.39385986328125,86.5781478881836,94.05712890625,62.905635833740234,181.42999267578125,20.69426155090332,76.48119354248047
2023-07-17,434.33868408203125,376.0439758300781,186.85231018066406,67.14279174804688,38.23084259033203,87.37133026123047,32.978145599365234,36.92111587524414,124.67436218261719,30.190067291259766,89.43797302246094,86.72162628173828,94.21470642089844,63.02290344238281,181.55999755859375,20.527936935424805,75.98393249511719
2023-07-18,437.5660400390625,379.1202392578125,189.1592559814453,67.57967376708984,37.951507568359375,88.36151885986328,33.350074768066406,37.29354476928711,125.59680938720703,29.957061767578125,89.84397888183594,86.8203125,94.45104217529297,63.198822021484375,183.63999938964844,20.79930877685547,75.56658172607422
2023-07-19,438.5390625,379.0317687988281,189.9604034423828,67.54326629638672,37.87702178955078,88.14093017578125,33.49312973022461,37.511558532714844,126.17689514160156,30.263164520263672,90.85889434814453,87.11627197265625,94.98500061035156,63.24907684326172,183.6699981689453,20.913108825683594,76.4190444946289
2023-07-20,435.62957763671875,370.29437255859375,188.30015563964844,67.1974105834961,37.59769058227539,86.38115692138672,33.741085052490234,37.952125549316406,128.2690887451172,30.815975189208984,89.75566864013672,86.42564392089844,94.34600067138672,62.97266387939453,182.74000549316406,20.97438621520996,76.17039489746094
2023-07-21,435.62957763671875,369.1838073730469,187.70172119140625,67.33393859863281,37.54182815551758,86.33702087402344,33.62664031982422,38.2882194519043,129.56243896484375,31.27741813659668,89.78218841552734,86.4974365234375,94.5123062133789,63.131813049316406,182.17999267578125,21.08819007873535,76.52559661865234
2023-07-24,437.5757141113281,369.7734680175781,188.1650390625,67.17010498046875,38.05392837524414,86.48899841308594,33.95088577270508,38.90592575073242,129.27713012695312,31.19518280029297,89.45565032958984,86.29113006591797,94.39850616455078,63.02290344238281,181.39999389648438,21.4646053314209,77.15605926513672
2023-07-25,438.770263671875,372.2797546386719,188.14572143554688,67.24291229248047,38.37050247192383,87.47917938232422,33.731544494628906,39.11030960083008,129.22007751464844,31.250009536743164,89.2879409790039,86.12968444824219,94.24970245361328,62.98101043701172,182.41000366210938,21.543392181396484,76.60552215576172
2023-07-26,438.837646484375,371.0412902832031,189.63223266601562,67.4249496459961,38.593971252441406,86.3027114868164,33.931819915771484,39.123931884765625,129.1344757080078,31.250009536743164,89.37619018554688,86.42564392089844,94.6873779296875,63.2323112487793,183.3000030517578,21.438344955444336,76.95183563232422
2023-07-27,435.9281921386719,370.1567687988281,187.1804656982422,67.27022552490234,38.11910629272461,86.05272674560547,33.50266647338867,38.87411880493164,128.18348693847656,30.697195053100586,87.63758087158203,85.48391723632812,93.53191375732422,62.7297248840332,180.4199981689453,21.385820388793945,75.2824478149414
2023-07-28,440.1960754394531,376.8990173339844,189.6032257080078,67.75261688232422,39.040889739990234,87.2242660522461,33.56942367553711,38.992218017578125,128.56390380859375,30.6286678314209,88.087646484375,85.76192474365234,94.14469909667969,63.08991622924805,181.86000061035156,21.51712989807129,75.22028350830078
2023-07-31,441.0342712402344,377.0956115722656,191.8040313720703,67.77080535888672,39.05951690673828,87.42525482177734,33.693397521972656,39.73255157470703,127.57487487792969,30.642366409301758,88.29948425292969,85.86956787109375,94.40727996826172,63.24067687988281,182.35000610351562,21.60466957092285,75.70866394042969
2023-08-01,439.7721862792969,376.2208557128906,190.9256591796875,66.92436218261719,38.56603240966797,87.57230377197266,33.693397521972656,39.546321868896484,126.90914154052734,30.26773452758789,86.8525390625,85.36783599853516,93.46656036376953,62.92763137817383,180.4600067138672,21.49086570739746,75.58435821533203
2023-08-02,433.6546325683594,367.9651184082031,188.3291473388672,65.67743682861328,37.64425277709961,85.40568542480469,33.40729522705078,39.0285530090332,126.99478149414062,30.26773452758789,85.92330169677734,85.19700622558594,92.89562225341797,62.65829849243164,179.60000610351562,21.16697120666504,75.14923858642578
2023-08-03,432.4118347167969,367.3753662109375,187.79824829101562,65.49539947509766,37.79322814941406,85.05763244628906,33.42637634277344,39.4236946105957,126.35759735107422,29.577861785888672,83.94092559814453,84.56757354736328,92.06117248535156,62.456302642822266,179.5399932861328,21.36831283569336,74.33230590820312
2023-08-04,430.4560852050781,365.6553955078125,187.42178344726562,65.67743682861328,37.74666976928711,83.90078735351562,33.2928581237793,39.47819519042969,125.9106216430664,29.235204696655273,85.4277114868164,85.46674346923828,93.01858520507812,62.82661819458008,180.19000244140625,21.403329849243164,73.72847747802734
2023-08-07,434.2134094238281,368.7513122558594,187.54727172851562,66.23262786865234,37.69080352783203,84.1360855102539,33.76016616821289,39.523616790771484,127.36566162109375,29.230636596679688,84.58695983886719,85.25994110107422,92.79021453857422,62.944461822509766,179.77999877929688,21.41208267211914,74.6519775390625
2023-08-08,432.32513427734375,365.6160888671875,186.36965942382812,65.8321533203125,37.23456954956055,83.4890365600586,33.45498275756836,39.71892166137695,128.34515380859375,29.367694854736328,85.56929779052734,85.6915512084961,93.15910339355469,63.0791015625,178.63999938964844,21.385820388793945,74.1724624633789
2023-08-09,429.4349365234375,361.59625244140625,184.91213989257812,65.81395721435547,37.327674865722656,82.41061401367188,33.207027435302734,40.21854019165039,128.30711364746094,29.431659698486328,86.01181030273438,85.74549102783203,93.24696350097656,63.0875129699707,177.7899932861328,21.534639358520508,74.16358184814453
2023-08-10,429.5890808105469,362.2645568847656,184.09165954589844,66.09609985351562,37.383544921875,82.42041778564453,33.23563003540039,40.213993072509766,128.2215118408203,29.340286254882812,84.5958023071289,85.08910369873047,92.58819580078125,63.07068634033203,177.60000610351562,21.420835494995117,73.87944030761719
2023-08-11,429.3385925292969,359.95489501953125,184.352294921875,65.6501235961914,36.83420181274414,81.81257629394531,33.302391052246094,40.831687927246094,129.02035522460938,29.50018882751465,84.40111541748047,84.63949584960938,92.27198028564453,62.97811508178711,177.60000610351562,21.385820388793945,73.99486541748047
2023-08-14,431.70849609375,363.9943542480469,184.03378295898438,65.35887908935547,36.65727996826172,83.11649322509766,33.23563003540039,40.65909194946289,129.41026306152344,29.267187118530273,84.21527099609375,84.50463104248047,92.23685455322266,62.96970748901367,177.05999755859375,21.280773162841797,73.5064926147461
2023-08-15,426.67962646484375,360.1318664550781,181.60134887695312,64.548828125,36.23828887939453,82.29788970947266,32.62527847290039,39.814300537109375,128.93475341796875,28.792041778564453,83.70198059082031,84.34281921386719,91.75373077392578,62.767730712890625,176.58999633789062,21.026912689208984,72.68067169189453
2023-08-16,423.54864501953125,356.3183898925781,179.38128662109375,64.02093505859375,35.91241455078125,81.51355743408203,32.577598571777344,39.4691162109375,127.95524597167969,28.919965744018555,83.04708862304688,84.01908874511719,91.34091186523438,62.57414627075195,175.57000732421875,20.939369201660156,71.7838134765625
2023-08-17,420.3211364746094,352.42633056640625,177.26739501953125,63.565853118896484,35.99620819091797,80.73908233642578,32.41547775268555,39.94147491455078,126.93771362304688,28.85600471496582,82.6930923461914,83.91118621826172,91.09497833251953,62.31321334838867,175.3000030517578,20.99189567565918,71.2066421508789
2023-08-18,420.52349853515625,351.98406982421875,178.23263549804688,63.565853118896484,35.754119873046875,80.86162567138672,32.40593338012695,40.33662033081055,126.98523712158203,29.00676918029785,82.98514556884766,84.16294860839844,91.43751525878906,62.355289459228516,175.3300018310547,21.140710830688477,71.42863464355469
2023-08-21,423.259521484375,357.655029296875,177.9720458984375,63.80249786376953,35.83791732788086,82.40570831298828,32.3677864074707,40.08228302001953,127.11839294433594,28.824018478393555,81.87890625,83.64142608642578,90.89295196533203,62.33848571777344,175.80999755859375,21.08819007873535,70.77153015136719
2023-08-22,422.11309814453125,357.1439208984375,177.44113159179688,63.68417739868164,35.763431549072266,82.31257629394531,32.06260681152344,39.7734260559082,126.67141723632812,28.906259536743164,82.50724792480469,83.67740631103516,91.17401123046875,62.37214660644531,176.10000610351562,21.096940994262695,70.97576904296875
2023-08-23,426.814453125,362.7756042480469,179.3330078125,64.37589263916016,36.331398010253906,83.7978515625,32.377323150634766,39.67350387573242,127.05184936523438,29.020477294921875,84.55156707763672,84.5855712890625,92.45642852783203,62.877113342285156,177.88999938964844,21.140710830688477,72.09461975097656
2023-08-24,420.8992004394531,355.0210876464844,176.8523406982422,63.4930419921875,36.19173812866211,81.86651611328125,32.262882232666016,39.4009895324707,125.94869232177734,28.851428985595703,83.99403381347656,84.27082824707031,92.14021301269531,62.532073974609375,177.85000610351562,21.158218383789062,71.8193359375
2023-08-25,423.86651611328125,357.77301025390625,177.60523986816406,63.92081069946289,36.228981018066406,82.6998291015625,32.41547775268555,39.78250503540039,126.87115478515625,29.07073211669922,84.26835632324219,84.2438735961914,92.19288635253906,62.792964935302734,177.6199951171875,21.36831283569336,71.87261199951172
2023-08-28,426.55438232421875,360.4660339355469,179.18824768066406,64.59434509277344,36.582801818847656,83.37630462646484,32.59667205810547,40.05049133300781,127.16592407226562,29.066164016723633,84.35684967041016,84.4776611328125,92.48277282714844,63.02861404418945,178.1300048828125,21.333297729492188,72.54747009277344
2023-08-29,432.72015380859375,368.33843994140625,181.688232421875,65.3952865600586,37.048343658447266,85.04783630371094,32.89231872558594,40.15948486328125,128.30711364746094,29.175809860229492,85.23299407958984,85.08009338378906,93.2205810546875,63.424156188964844,179.8699951171875,21.41208267211914,73.42657470703125
2023-08-30,434.50238037109375,370.39263916015625,182.37351989746094,65.35887908935547,36.927303314208984,85.68998718261719,32.911380767822266,40.35934066772461,128.21202087402344,29.04332160949707,85.1445083618164,85.07110595703125,93.08883666992188,63.39891052246094,180.32000732421875,21.438344955444336,73.69296264648438
2023-08-31,433.8665771484375,371.5032653808594,182.05502319335938,65.1040267944336,36.47106170654297,86.10663604736328,32.787410736083984,40.38658142089844,126.68093872070312,28.764625549316406,85.52506256103516,85.24195098876953,93.24696350097656,63.35681915283203,180.02000427246094,21.525882720947266,73.15129852294922
2023-09-01,434.6758117675781,371.110107421875,184.21717834472656,65.06761169433594,36.89936828613281,86.37135314941406,33.08304214477539,41.21320724487305,127.0232925415039,28.618423461914062,84.19270324707031,84.72089385986328,92.58319854736328,63.47606658935547,180.11000061035156,21.779747009277344,73.2756118774414
2023-09-05,432.7971496582031,371.58184814453125,180.33689880371094,64.50332641601562,36.60142517089844,86.68016815185547,32.74925994873047,41.43122482299805,125.71092987060547,28.17983055114746,83.01213836669922,84.20706939697266,91.92208862304688,63.06174087524414,178.63999938964844,21.884794235229492,72.42315673828125
2023-09-06,429.8877258300781,368.3090515136719,179.66122436523438,64.36679077148438,36.396575927734375,85.76350402832031,32.73019027709961,41.44939041137695,125.02621459960938,28.243793487548828,83.2163314819336,83.99069213867188,91.83393096923828,62.90952682495117,177.8300018310547,21.93731689453125,72.27220153808594
2023-09-07,428.5679016113281,365.6750183105469,177.92379760742188,64.15745544433594,35.9682731628418,84.52332305908203,32.644351959228516,41.40850830078125,125.58729553222656,28.613859176635742,83.44709014892578,84.27918243408203,92.2394027709961,63.12093734741211,178.02000427246094,21.8935489654541,72.72506713867188
2023-09-08,429.21337890625,366.18609619140625,177.52804565429688,64.06644439697266,36.04276657104492,84.69979095458984,32.71111297607422,41.80819320678711,125.58729553222656,28.865137100219727,83.76664733886719,84.29719543457031,92.30992889404297,63.09554672241211,178.0800018310547,21.93731689453125,72.44093322753906
2023-09-11,432.0361328125,370.5007629394531,177.95272827148438,64.73086547851562,36.48968505859375,85.14096069335938,32.86369705200195,41.258628845214844,126.45269775390625,28.98392677307129,83.16304016113281,84.15294647216797,92.1336441040039,63.20549011230469,178.41000366210938,22.06862449645996,72.4498062133789
2023-09-12,429.6661376953125,366.3924865722656,177.7789764404297,64.46691131591797,36.377952575683594,83.59687805175781,33.08304214477539,42.23059844970703,126.29105377197266,29.020477294921875,83.64234924316406,84.27014923095703,92.1072006225586,63.10400390625,177.49000549316406,22.147411346435547,72.41429901123047
2023-09-13,430.1670837402344,367.7881164550781,176.6110382080078,64.26667785644531,36.331398010253906,83.80766296386719,33.08304214477539,41.912662506103516,126.31006622314453,29.367694854736328,83.62459564208984,84.36933135986328,92.30992889404297,63.273128509521484,177.0800018310547,22.21744155883789,71.62397766113281
2023-09-14,433.8762512207031,370.795654296875,179.1013946533203,65.1131362915039,36.573486328125,84.41549682617188,33.388221740722656,42.4031867980957,126.70945739746094,29.79715919494629,83.02102661132812,84.17999267578125,92.14244079589844,63.34922409057617,177.1699981689453,22.401275634765625,72.92042541503906
2023-09-15,428.64874267578125,364.44647216796875,177.228759765625,64.96749877929688,36.4338264465332,82.79296112060547,33.2165641784668,41.79003143310547,125.71092987060547,29.669233322143555,82.51506805419922,83.9186019897461,92.00140380859375,63.112483978271484,178.33999633789062,22.348752975463867,72.6451416015625
2023-09-18,428.90008544921875,364.8264465332031,176.0511932373047,64.7399673461914,36.387264251708984,83.19087982177734,33.30756759643555,42.144168853759766,125.51993560791016,29.647125244140625,82.98551177978516,83.99972534179688,92.17769622802734,63.154762268066406,179.38999938964844,22.339998245239258,71.99694061279297
2023-09-19,428.0106201171875,364.0488586425781,175.36585998535156,64.7945785522461,36.17311477661133,83.14665985107422,33.26925277709961,41.75068283081055,125.62498474121094,29.48592185974121,82.373046875,83.6932144165039,91.86917114257812,62.96025466918945,179.22000122070312,22.357507705688477,71.66838836669922
2023-09-20,424.0758056640625,358.8027038574219,173.60911560058594,64.63984680175781,36.024139404296875,81.83997344970703,33.039344787597656,41.36177062988281,125.63452911376953,29.5135555267334,82.63044738769531,83.630126953125,91.90444946289062,62.90952682495117,179.35000610351562,22.173673629760742,71.73053741455078
2023-09-21,417.0665283203125,352.227783203125,170.9160919189453,63.565853118896484,35.40031051635742,80.59223175048828,32.493316650390625,40.79441452026367,124.53640747070312,29.204973220825195,80.50899505615234,83.0080795288086,90.97884368896484,62.46137619018555,178.0500030517578,22.103641510009766,69.28861999511719
2023-09-22,416.12872314453125,352.27703857421875,170.5299835205078,63.62045669555664,35.819297790527344,80.76415252685547,32.2442512512207,40.8630485534668,124.27859497070312,29.14970588684082,81.156982421875,83.33261108398438,91.53421020507812,62.57130432128906,178.6199951171875,22.12114906311035,68.76470947265625
2023-09-25,417.8785705566406,353.9503173828125,171.29251098632812,63.33831024169922,35.661014556884766,81.02452087402344,32.32088851928711,41.37548828125,124.9565658569336,29.108253479003906,79.1597900390625,82.7196273803711,90.64392852783203,62.486751556396484,177.6999969482422,22.016101837158203,68.70254516601562
2023-09-26,411.73944091796875,348.63531494140625,169.0901641845703,62.51915740966797,35.15822219848633,79.56554412841797,31.889822006225586,41.137577056884766,123.89663696289062,28.237768173217773,78.88460540771484,82.69259643554688,90.3882827758789,62.21616744995117,176.27999877929688,21.98984146118164,67.45050811767578
2023-09-27,411.9037780761719,349.4522399902344,170.67091369628906,62.40084457397461,35.214080810546875,79.6883544921875,31.841917037963867,42.16246795654297,123.27596282958984,27.694292068481445,78.4762954711914,82.32296752929688,89.96515655517578,62.13161849975586,174.10000610351562,22.112396240234375,66.99765014648438
2023-09-28,414.2917785644531,352.3755187988281,172.2128448486328,62.91054153442383,35.307193756103516,80.25328826904297,32.07182312011719,42.20822525024414,123.86799621582031,27.095548629760742,78.71595001220703,82.54835510253906,90.12384033203125,62.42759704589844,173.22999572753906,22.08613395690918,67.64051818847656
2023-09-29,413.28631591796875,352.63140869140625,171.3982696533203,62.72850036621094,35.33512878417969,80.52835083007812,31.774860382080078,41.357200622558594,122.93221282958984,27.141605377197266,78.72484588623047,82.56637573242188,89.92988586425781,62.334564208984375,171.4499969482422,21.849777221679688,67.83777618408203
2023-10-02,413.1219482421875,355.5743408203125,168.80894470214844,61.809234619140625,35.15822219848633,81.3929443359375,31.50663948059082,40.53361892700195,122.76031494140625,25.879629135131836,77.40694427490234,81.89662170410156,89.10602569580078,61.956302642822266,169.64999389648438,21.683454513549805,66.59146118164062
2023-10-03,407.59185791015625,349.3341979980469,165.96746826171875,61.03559875488281,34.692665100097656,80.01255798339844,31.008514404296875,40.50616455078125,121.67173767089844,26.17900276184082,75.7418212890625,81.21875,88.07946014404297,61.32731246948242,169.16000366210938,21.587160110473633,65.29138946533203
2023-10-04,410.55999755859375,354.088134765625,166.04507446289062,61.14480972290039,34.59025573730469,81.0097885131836,31.238420486450195,39.23420333862305,122.18739318847656,26.151371002197266,76.81037902832031,81.73393249511719,88.849365234375,61.64180374145508,169.13999938964844,20.983139038085938,66.08937072753906
2023-10-05,410.4052734375,353.0447082519531,166.17115783691406,61.68181610107422,34.720603942871094,81.11785125732422,31.382104873657227,38.99170684814453,122.85580444335938,25.999380111694336,76.42748260498047,81.88756561279297,88.74317169189453,61.7013053894043,168.8300018310547,20.860586166381836,66.45698547363281
2023-10-06,415.27789306640625,358.96026611328125,167.77127075195312,62.36442947387695,35.223392486572266,82.6357650756836,31.65032958984375,39.22505569458008,124.14488220214844,26.367841720581055,75.50140380859375,81.40856170654297,88.47767639160156,61.78630828857422,169.6999969482422,20.939369201660156,66.63629913330078
2023-10-09,417.9366149902344,360.7908630371094,168.7410430908203,62.27342987060547,35.0557975769043,83.06314849853516,31.66948699951172,40.53361892700195,124.57461547851562,26.6303653717041,77.27340698242188,82.44798278808594,89.57506561279297,62.24530792236328,172.82000732421875,21.37706756591797,67.3625717163086
2023-10-10,420.1119079589844,362.7889709472656,170.65151977539062,63.12897491455078,35.558589935302734,83.19087982177734,31.89939308166504,40.583946228027344,125.16663360595703,26.99422264099121,77.16656494140625,82.2852783203125,89.61043548583984,62.22831726074219,172.52999877929688,21.324542999267578,67.68534088134766
2023-10-11,421.83282470703125,365.37762451171875,170.36056518554688,63.392921447753906,35.78205490112305,83.96212005615234,31.94729232788086,40.062355041503906,124.6128158569336,27.4317684173584,78.77825164794922,82.73719787597656,90.15910339355469,62.219791412353516,173.7899932861328,21.201988220214844,68.85990905761719
2023-10-12,419.26116943359375,364.10784912109375,166.51055908203125,62.86503219604492,35.381683349609375,84.04071807861328,31.746126174926758,40.10810470581055,123.5433349609375,27.008037567138672,76.64116668701172,81.9417953491211,89.22105407714844,61.88832473754883,173.25999450683594,21.193233489990234,67.85569763183594
2023-10-13,417.1728515625,359.53106689453125,165.12379455566406,62.28252410888672,35.2513313293457,82.83718872070312,31.813173294067383,40.99116134643555,124.31678009033203,27.312015533447266,78.01248931884766,82.4660415649414,89.71662902832031,61.83730697631836,178.8300018310547,21.75348472595215,67.68534088134766
2023-10-16,421.56207275390625,363.5960693359375,167.79067993164062,62.73760223388672,35.51203918457031,83.63298797607422,32.14845657348633,41.26568603515625,125.25257110595703,27.592966079711914,76.75692749023438,81.97796630859375,89.09716796875,61.8203125,177.9600067138672,21.683454513549805,68.49230194091797
2023-10-17,421.542724609375,362.4051208496094,169.66233825683594,62.77401351928711,35.41893005371094,83.24490356445312,32.301734924316406,41.695777893066406,125.08069610595703,27.519275665283203,75.9109878540039,81.17353820800781,88.38919067382812,61.53130340576172,178.2899932861328,21.744731903076172,68.39366149902344
2023-10-18,415.9256591796875,357.6511535644531,166.17115783691406,61.68181610107422,34.87889099121094,82.39016723632812,31.746126174926758,42.07553482055664,123.99214172363281,27.279773712158203,75.2431640625,80.7939453125,87.68123626708984,61.23380661010742,180.8699951171875,21.93731689453125,66.941162109375
2023-10-19,412.2711486816406,354.3046569824219,163.5236358642578,61.135711669921875,34.674049377441406,81.91856384277344,31.32463264465332,42.002323150634766,122.7698745727539,27.008037567138672,73.70269012451172,80.3962631225586,86.97328186035156,61.012821197509766,183.08999633789062,22.164918899536133,65.35413360595703
2023-10-20,407.2052001953125,349.01910400390625,161.40956115722656,60.5896110534668,34.25505828857422,80.53328704833984,30.84566307067871,41.29771423339844,122.28288269042969,26.72708511352539,74.12120056152344,80.86625671386719,87.31842041015625,61.14029312133789,183.58999633789062,21.998594284057617,64.91481018066406
2023-10-23,406.4993591308594,350.0723571777344,160.04214477539062,60.63512420654297,34.22712326049805,80.6266098022461,30.654075622558594,40.62970733642578,121.51897430419922,26.501407623291016,75.01166534423828,81.2458724975586,87.99982452392578,61.386802673339844,182.97000122070312,21.858531951904297,64.27820587158203
2023-10-24,409.56414794921875,353.47784423828125,161.43862915039062,60.98099136352539,34.664730072021484,81.18170928955078,30.864822387695312,40.05778121948242,121.8913803100586,27.183055877685547,76.00005340576172,81.39045715332031,88.49539947509766,61.7013053894043,182.9499969482422,21.622177124023438,65.10310363769531
2023-10-25,403.68597412109375,344.82623291015625,158.77175903320312,60.544097900390625,34.20850372314453,80.22380065917969,30.749862670898438,39.98456954956055,120.80281829833984,27.33504295349121,74.3082046508789,80.67645263671875,87.69007873535156,61.36981201171875,183.72000122070312,21.779747009277344,63.704376220703125
2023-10-26,398.85198974609375,338.2513427734375,159.17901611328125,60.10722732543945,34.04090118408203,78.6911392211914,30.682809829711914,39.67343521118164,119.60919952392578,27.569936752319336,75.4479751586914,81.2910385131836,88.32726287841797,61.582305908203125,184.00999450683594,21.595914840698242,64.92376708984375
2023-10-27,397.0440979003906,339.8753662109375,157.307373046875,59.92518997192383,34.01296615600586,79.14798736572266,30.127206802368164,38.72175216674805,117.5848159790039,27.049489974975586,75.1274185180664,81.4175796508789,88.1502685546875,61.505802154541016,186.14999389648438,21.884794235229492,63.883697509765625
2023-10-30,401.7911071777344,343.70416259765625,158.18017578125,60.689727783203125,34.366790771484375,79.99784851074219,30.663650512695312,38.8498649597168,118.24369049072266,27.256746292114258,74.78902435302734,81.14645385742188,87.88475799560547,61.522796630859375,185.10000610351562,21.534639358520508,64.28717041015625
2023-10-31,404.314453125,345.347900390625,159.54759216308594,60.90817642211914,34.1712532043457,80.56765747070312,30.998931884765625,38.97798156738281,118.92166900634766,27.49163818359375,74.42396545410156,80.97470092773438,87.76087188720703,61.68429183959961,184.08999633789062,21.455852508544922,65.38103485107422
2023-11-01,408.62640380859375,351.3419494628906,160.4591827392578,61.48158264160156,34.487831115722656,82.1248779296875,31.200096130371094,38.886470794677734,119.1699447631836,27.804828643798828,76.0376205444336,81.9073486328125,89.0168228149414,62.272247314453125,183.50999450683594,21.49086570739746,65.78453063964844
2023-11-02,416.4574279785156,357.719970703125,164.73587036132812,62.73760223388672,35.093040466308594,83.51507568359375,31.937713623046875,40.062355041503906,121.06062316894531,28.32527732849121,77.77105712890625,82.4148941040039,90.07377624511719,62.972991943359375,184.1199951171875,21.718469619750977,67.94536590576172
2023-11-03,420.2569580078125,361.9228515625,169.2162628173828,63.40203094482422,35.80998611450195,84.37474822998047,32.35920333862305,39.65970993041992,121.6622085571289,28.491085052490234,78.2982177734375,83.04936218261719,90.51789093017578,63.58829116821289,184.7899932861328,21.60466957092285,69.5682373046875
2023-11-06,421.22369384765625,363.3992004394531,167.1021270751953,63.083457946777344,36.098628997802734,84.9298324584961,32.26341247558594,39.21131896972656,122.47384643554688,28.41739273071289,77.53871154785156,82.5689926147461,90.03827667236328,63.331905364990234,183.35000610351562,21.69220733642578,68.56401824951172
2023-11-07,422.42254638671875,366.83428955078125,166.51055908203125,62.70120620727539,36.0334587097168,85.8582763671875,32.21551513671875,38.34199523925781,122.55978393554688,28.210134506225586,78.68241119384766,83.040283203125,90.75770568847656,63.340457916259766,182.58999633789062,21.22825050354004,67.9991455078125
2023-11-08,422.73193359375,367.070556640625,164.73587036132812,62.619285583496094,35.79136657714844,86.3446044921875,32.25383377075195,37.86157989501953,122.3879165649414,28.002878189086914,80.02269744873047,83.37565612792969,91.2195816040039,63.3746223449707,180.77000427246094,20.99189567565918,68.22330474853516
2023-11-09,419.4351501464844,364.2456970214844,162.18536376953125,62.61018371582031,35.45616912841797,85.94178009033203,32.119720458984375,37.747196197509766,119.85745239257812,27.634418487548828,78.18205261230469,82.55087280273438,90.29583740234375,62.98151779174805,181.49000549316406,20.939369201660156,67.14736938476562
2023-11-10,425.98040771484375,372.4347839355469,163.99887084960938,62.892330169677734,35.70756530761719,88.1867446899414,32.48373794555664,38.16355895996094,120.5736312866211,27.781801223754883,78.619873046875,82.64149475097656,90.74884033203125,63.2891731262207,179.50999450683594,21.044418334960938,67.7750015258789
2023-11-13,425.5743103027344,371.2732849121094,164.0570526123047,63.056156158447266,35.6982536315918,87.67094421386719,32.435848236083984,38.438079833984375,121.27069091796875,27.4501895904541,78.441162109375,82.59616088867188,90.75770568847656,63.2293701171875,180.50999450683594,21.350807189941406,67.21013641357422
2023-11-14,433.8306884765625,379.2654724121094,173.06625366210938,64.66716003417969,36.64797592163086,89.42465209960938,33.04892349243164,38.7812385559082,122.09188842773438,28.546354293823242,80.2192611694336,83.83790588378906,92.17884826660156,63.87028121948242,182.1199951171875,21.3157901763916,70.94003295898438
2023-11-15,434.7492370605469,379.55096435546875,173.36685180664062,64.56703186035156,36.955238342285156,89.53764343261719,33.230926513671875,38.708030700683594,122.18739318847656,28.458845138549805,79.09345245361328,83.18531799316406,91.69923400878906,63.665184020996094,181.63999938964844,21.17572784423828,71.14627075195312
2023-11-16,435.28094482421875,379.87579345703125,170.56423950195312,64.52153015136719,36.60142517089844,89.98465728759766,33.36504364013672,37.95308303833008,122.71257019042969,28.6108341217041,80.0762939453125,83.81070709228516,92.45416259765625,63.750648498535156,183.69000244140625,20.668001174926758,70.99383544921875
2023-11-17,435.82232666015625,379.96435546875,172.9014129638672,65.3952865600586,36.64797592163086,89.79800415039062,33.537471771240234,38.749210357666016,122.46430969238281,28.689130783081055,80.4515609741211,83.86508178710938,92.72063446044922,63.89590072631836,183.6699981689453,20.965633392333984,70.94003295898438
2023-11-20,439.1770935058594,384.5903015136719,173.9099578857422,65.64102172851562,37.10421371459961,91.09976196289062,33.67158126831055,38.804107666015625,123.2091293334961,28.601621627807617,80.94300079345703,83.98292541503906,93.0937271118164,63.96427917480469,183.3699951171875,21.22825050354004,71.4600830078125
2023-11-21,438.219970703125,382.3560485839844,171.66976928710938,65.38617706298828,36.871437072753906,90.3629150390625,33.65242385864258,38.717185974121094,123.95394134521484,28.661497116088867,80.90724182128906,84.09168243408203,93.120361328125,64.04972839355469,185.35000610351562,21.350807189941406,70.95797729492188
2023-11-22,439.911865234375,383.9210510253906,172.74623107910156,65.54090881347656,36.79694747924805,90.76573181152344,33.786537170410156,38.69887161254883,124.54595184326172,28.79966926574707,81.19316101074219,84.06446075439453,93.49340057373047,64.16085052490234,184.55999755859375,21.16697120666504,71.30764770507812
2023-11-24,440.18255615234375,383.3797302246094,173.9099578857422,66.04149627685547,36.81557083129883,90.58888244628906,33.891910552978516,38.859012603759766,125.21438598632812,28.87335777282715,80.23713684082031,83.62940979003906,93.0137710571289,64.09247589111328,185.52000427246094,21.026912689208984,71.51387023925781
2023-11-27,439.3898620605469,383.0450439453125,173.328125,65.81395721435547,36.66659927368164,90.58396911621094,33.77695846557617,38.72175216674805,124.43135833740234,28.919418334960938,81.57738494873047,84.26387786865234,93.76876068115234,64.18647003173828,186.77000427246094,20.88684844970703,71.77389526367188
2023-11-28,439.8248596191406,384.0490417480469,172.65896606445312,65.8321533203125,36.973854064941406,90.75590515136719,33.76737594604492,38.73091125488281,123.7916030883789,29.011533737182617,81.73824310302734,84.6354751586914,94.14179229736328,64.46847534179688,189.25999450683594,21.140710830688477,72.24910736083984
2023-11-29,439.5155029296875,383.67498779296875,173.5705108642578,65.96869659423828,36.75970458984375,90.82467651367188,34.006858825683594,38.442649841308594,123.82978057861328,28.781246185302734,82.7657470703125,85.07962036132812,94.90565490722656,64.81886291503906,189.5399932861328,21.289527893066406,72.7511978149414
2023-11-30,441.2461242675781,382.71044921875,174.22996520996094,65.91407775878906,36.83420181274414,90.95732116699219,34.390037536621094,38.69887161254883,125.3862533569336,28.90559959411621,81.8096923828125,84.66267395019531,94.40827178955078,64.69920349121094,188.75,20.93061637878418,73.28021240234375
2023-12-01,443.8564453125,383.8029479980469,179.32130432128906,66.60580444335938,36.99247741699219,91.16362762451172,34.648681640625,38.90019607543945,125.8828125,29.260238647460938,83.35050201416016,85.46148681640625,95.5449447631836,65.23491668701172,192.00999450683594,20.834321975708008,75.0823974609375
2023-12-04,441.5264587402344,380.23992919921875,181.24147033691406,66.08699798583984,36.573486328125,90.0534439086914,34.61037063598633,38.72175216674805,126.12152099609375,29.145097732543945,83.01885986328125,85.1070556640625,95.10811614990234,65.07178497314453,187.86000061035156,20.69426155090332,75.62933349609375
2023-12-05,441.439453125,381.1946716308594,178.8170166015625,65.8503646850586,36.35002517700195,90.59379577636719,34.43793487548828,38.044593811035156,125.95919799804688,28.93783950805664,84.80257415771484,85.70684814453125,95.86592102050781,65.13188171386719,187.14999389648438,20.510427474975586,75.12723541259766
2023-12-06,439.6605224609375,378.9899597167969,178.49697875976562,66.05059814453125,36.303470611572266,89.82746887207031,34.2655029296875,37.47724533081055,126.05467224121094,29.32472038269043,85.93196105957031,86.0612564086914,96.2225341796875,65.14045715332031,187.83999633789062,20.011457443237305,74.90308380126953
2023-12-07,443.0153503417969,384.2851867675781,179.7868194580078,66.36915588378906,36.480377197265625,90.91802978515625,34.4283561706543,37.22101593017578,125.90190887451172,29.260238647460938,85.43898010253906,85.93403625488281,96.2314453125,65.2520751953125,188.14999389648438,20.046470642089844,75.11827087402344
2023-12-08,444.91986083984375,385.9978942871094,181.1541748046875,66.56939697265625,36.32209014892578,91.69417572021484,34.61037063598633,37.6236572265625,126.11197662353516,29.204973220825195,84.73982238769531,85.37970733642578,95.71434783935547,65.12329864501953,185.63999938964844,20.134010314941406,74.99274444580078
2023-12-11,446.65045166015625,389.295166015625,181.5323944091797,66.73322296142578,36.53624725341797,92.49488830566406,34.821109771728516,37.669410705566406,126.94274139404297,29.39380645751953,84.56056213378906,85.3887939453125,95.68759155273438,65.08036804199219,183.58999633789062,20.06397819519043,75.19896697998047
2023-12-12,448.6904296875,392.39556884765625,181.34814453125,66.8515396118164,36.545555114746094,93.10894012451172,35.0701789855957,37.152381896972656,127.48699188232422,29.27406120300293,84.8115463256836,85.5705337524414,96.2314453125,65.22632598876953,183.49000549316406,19.757591247558594,75.15412902832031
2023-12-13,454.87786865234375,397.3857727050781,187.48680114746094,67.8254165649414,36.9086799621582,93.92930603027344,35.63536071777344,37.669410705566406,129.83602905273438,30.379436492919922,86.8014144897461,86.84284973144531,97.8450927734375,66.22212982177734,187.6300048828125,19.985193252563477,78.03225708007812
2023-12-14,456.3377685546875,397.0412292480469,192.7042236328125,68.32600402832031,37.44871520996094,93.69842529296875,35.98979949951172,38.77666473388672,129.20582580566406,29.983346939086914,89.05936431884766,87.56470489501953,98.88568878173828,66.51461029052734,188.72999572753906,20.317842483520508,80.28276062011719
2023-12-15,455.58642578125,398.96063232421875,191.08468627929688,67.66159057617188,37.22525405883789,94.16999053955078,35.77904510498047,38.57076644897461,128.10769653320312,29.462894439697266,89.15827941894531,87.49178314208984,98.74252319335938,66.36791229248047,187.0,20.35285758972168,79.15302276611328
2023-12-18,458.149169921875,401.4735412597656,191.15260314941406,67.8254165649414,37.206634521484375,94.45159149169922,35.89842987060547,38.88581085205078,128.31678771972656,29.396413803100586,88.44790649414062,87.3003921508789,98.33094787597656,66.41105651855469,187.85000610351562,20.498884201049805,78.97370147705078
2023-12-19,460.9350891113281,403.52484130859375,194.85711669921875,68.3988265991211,37.5232048034668,94.81100463867188,36.167972564697266,39.352359771728516,129.1800079345703,29.56378173828125,88.92449188232422,87.4644546508789,98.45619201660156,66.60084533691406,189.1300048828125,20.655014038085938,79.57443237304688
2023-12-20,454.54779052734375,397.5285949707031,191.04556274414062,67.70855712890625,36.84772491455078,93.37836456298828,35.522979736328125,38.9874267578125,127.30964660644531,28.96404266357422,89.52696228027344,87.8928451538086,98.71568298339844,66.60948181152344,188.10000610351562,20.416229248046875,78.6061019897461
2023-12-21,458.8577575683594,402.1539611816406,194.2964630126953,68.80523681640625,37.540279388427734,94.427001953125,35.86954116821289,39.139869689941406,128.86349487304688,29.015182495117188,88.96046447753906,87.75614166259766,98.67990112304688,66.91143798828125,189.42999267578125,20.452964782714844,79.30318450927734
2023-12-22,459.77996826171875,402.755615234375,196.1068572998047,68.86975860595703,37.36003112792969,94.55007934570312,35.946556091308594,39.25535202026367,129.50613403320312,29.112817764282227,88.55582427978516,87.67411041259766,98.50990295410156,66.83380126953125,190.27000427246094,20.416229248046875,79.6117935180664
2023-12-26,461.72137451171875,405.2211608886719,198.65701293945312,69.18309020996094,37.65412521362305,94.94392395019531,36.0909538269043,39.592567443847656,129.79391479492188,29.28948211669922,88.80760192871094,87.72877502441406,98.71568298339844,66.96319580078125,191.72000122070312,20.61827850341797,80.2017822265625
2023-12-27,462.5561828613281,406.0461120605469,199.3578338623047,69.55171966552734,37.8723258972168,94.93900299072266,36.206478118896484,39.417030334472656,130.3406219482422,29.27088165283203,90.38124084472656,88.41239166259766,99.63726043701172,67.23926544189453,192.58999633789062,20.526437759399414,80.59207916259766
2023-12-28,462.73089599609375,405.8487243652344,198.5985870361328,69.36740112304688,38.16642379760742,95.05224609375,36.312381744384766,38.8165168762207,130.67633056640625,29.4800968170166,89.72480773925781,88.07513427734375,99.37779998779297,67.0235824584961,191.47000122070312,20.351940155029297,81.16389465332031
2023-12-29,461.39129638671875,404.09228515625,195.35743713378906,69.44113159179688,38.1474494934082,94.76176452636719,36.19685745239258,38.7287483215332,130.81060791015625,29.442901611328125,88.91549682617188,87.85638427734375,99.01094055175781,66.76478576660156,191.1699981689453,20.241731643676758,80.2017822265625
2024-01-02,458.8092041015625,397.2541809082031,194.1991424560547,68.66699981689453,37.70156478881836,92.28047180175781,36.350887298583984,39.14448928833008,133.1126251220703,29.870622634887695,88.4029312133789,87.52825927734375,98.33990478515625,66.54045867919922,190.72000122070312,20.076417922973633,80.8916015625
2024-01-03,455.0622253417969,393.0506286621094,189.02101135253906,68.15091705322266,37.49284744262695,91.34014129638672,36.042823791503906,39.78196334838867,132.8919677734375,29.982200622558594,88.7716064453125,87.73786926269531,98.1162109375,66.35932159423828,189.1300048828125,20.33357048034668,78.95826721191406
2024-01-04,453.59649658203125,391.02783203125,188.6511688232422,68.30758666992188,37.369510650634766,90.67058563232422,36.187232971191406,39.08443832397461,133.55381774902344,29.889217376708984,87.42277526855469,87.20924377441406,97.5704116821289,66.10050201416016,189.32000732421875,20.223363876342773,78.81304168701172
2024-01-05,454.2177734375,391.49163818359375,188.0963592529297,68.35365295410156,37.41694259643555,90.64596557617188,36.34125900268555,39.11677169799805,133.43873596191406,30.000797271728516,86.58650970458984,86.8902359008789,97.22146606445312,66.15222930908203,189.35000610351562,20.324386596679688,78.61334228515625
2024-01-08,460.7021484375,399.5829162597656,191.48353576660156,69.08171081542969,37.521305084228516,92.92050170898438,36.57230758666992,38.6640739440918,134.61846923828125,30.219310760498047,87.44075775146484,87.18187713623047,97.96410369873047,66.523193359375,187.8699951171875,20.03049659729004,79.7388687133789
2024-01-09,460.0032043457031,400.372314453125,189.77049255371094,68.4642562866211,36.99003219604492,93.06819152832031,36.34125900268555,38.04507827758789,134.5993194580078,29.972902297973633,86.88324737548828,87.14543914794922,98.13410949707031,66.62675476074219,187.92999267578125,20.177440643310547,79.2033462524414
2024-01-10,462.6047058105469,403.0859375,189.8775634765625,68.90660095214844,36.90464782714844,93.86082458496094,36.39902114868164,37.67091751098633,135.2131805419922,29.96825408935547,86.47859191894531,87.00871276855469,98.00883483886719,66.74751281738281,187.5,20.03968048095703,79.29410552978516
2024-01-11,462.40087890625,403.9245910644531,188.3883514404297,68.89739990234375,37.05644607543945,94.33837890625,36.26424026489258,37.76792526245117,135.11721801757812,29.27088165283203,86.96416473388672,87.47355651855469,98.59937286376953,66.96319580078125,187.8699951171875,20.186626434326172,78.55889892578125
2024-01-12,462.7211608886719,404.1318054199219,188.07687377929688,69.18309020996094,37.18926239013672,94.64361572265625,36.19685745239258,38.19289779663086,134.7815399169922,29.438251495361328,86.7933120727539,87.71052551269531,98.8140869140625,67.03223419189453,189.7100067138672,20.260099411010742,79.0308837890625
2024-01-16,461.02239990234375,404.09228515625,185.7506103515625,68.02189636230469,36.28799057006836,94.87992858886719,35.946556091308594,37.28288650512695,133.97584533691406,29.117464065551758,85.26464080810547,86.99959564208984,97.8119888305664,66.60948181152344,187.91000366210938,20.085603713989258,78.4499740600586
2024-01-17,458.4597473144531,401.8129577636719,184.42689514160156,67.37679290771484,35.74722671508789,94.41222381591797,35.87916946411133,36.973388671875,133.70730590820312,28.69439697265625,85.1297378540039,86.717041015625,97.60620880126953,66.32478332519531,185.83999633789062,20.05805015563965,77.01583862304688
2024-01-18,462.5367126464844,407.5163269042969,185.5170135498047,67.97581481933594,36.041324615478516,96.32735443115234,35.93693161010742,36.91334533691406,133.68809509277344,28.387554168701172,84.33843994140625,86.52561950683594,97.4183349609375,66.46282958984375,187.3699951171875,20.186626434326172,76.59832000732422
2024-01-19,468.3027648925781,415.5978088378906,187.2982177734375,68.13248443603516,36.420806884765625,98.54771423339844,36.51454544067383,37.0334358215332,133.7648468017578,28.350357055664062,84.60821533203125,86.53474426269531,97.51675415039062,66.57498168945312,187.92999267578125,20.149890899658203,77.51508331298828
2024-01-22,469.29296875,416.1405029296875,191.29861450195312,68.34445190429688,36.09824752807617,98.98096466064453,36.687828063964844,37.172019958496094,134.3499298095703,28.206235885620117,85.11177062988281,86.79907989501953,97.78515625,66.62675476074219,187.22000122070312,20.232547760009766,77.97798919677734
2024-01-23,470.66162109375,417.8672790527344,190.74380493164062,68.15091705322266,36.411319732666016,99.37973022460938,36.745582580566406,37.250553131103516,134.25401306152344,28.25737762451172,84.4373550415039,86.58033752441406,97.4272689819336,66.54910278320312,187.9499969482422,20.342756271362305,77.44245910644531
2024-01-24,471.1761779785156,420.1861877441406,189.1767578125,68.66699981689453,36.81926727294922,100.06404876708984,36.88998794555664,37.781776428222656,133.02627563476562,27.87150001525879,83.94275665283203,86.334228515625,97.2394027709961,66.51461029052734,186.39999389648438,20.517253875732422,76.33509826660156
2024-01-25,473.7388000488281,420.6993103027344,190.74380493164062,68.86053466796875,36.866703033447266,100.48253631591797,37.07289505004883,38.63174057006836,132.82485961914062,28.37360382080078,84.49129486083984,86.7079086303711,97.88357543945312,67.0235824584961,187.13999938964844,20.673383712768555,77.31537628173828
2024-01-26,473.136962890625,418.1929626464844,190.7535400390625,69.16465759277344,36.89516067504883,99.32557678222656,37.20766830444336,38.91813659667969,133.58258056640625,28.457290649414062,84.3294448852539,86.55296325683594,97.60620880126953,66.97183990478516,187.00999450683594,20.76522445678711,77.0975570678711
2024-01-29,476.88397216796875,422.4754333496094,194.09207153320312,69.57014465332031,36.91413497924805,100.23637390136719,37.30393981933594,38.862709045410156,134.5225830078125,28.638601303100586,85.30061340332031,87.07252502441406,98.00883483886719,67.11849975585938,188.3300018310547,20.59072494506836,77.60585021972656
2024-01-30,476.5151062011719,419.6631774902344,192.4374237060547,69.47798919677734,36.620033264160156,99.40927124023438,37.77565002441406,39.26459884643555,134.8295135498047,28.62930679321289,86.07392883300781,87.19099426269531,98.32199096679688,67.03223419189453,188.58999633789062,20.72848892211914,76.87969970703125
2024-01-31,468.7396545410156,411.443603515625,187.7362518310547,69.12779235839844,36.420806884765625,97.32183074951172,37.31356430053711,38.530120849609375,134.64724731445312,28.568864822387695,86.91919708251953,87.92020416259766,98.5725326538086,66.84242248535156,188.4499969482422,20.50806999206543,76.14448547363281
2024-02-01,474.8746032714844,416.2885437011719,190.22796630859375,69.80976104736328,36.771827697753906,98.54771423339844,37.3713264465332,38.52549743652344,136.39291381835938,29.112817764282227,88.62422180175781,88.4647445678711,99.33483123779297,67.22735595703125,190.41000366210938,20.260099411010742,77.52415466308594
2024-02-02,479.8738098144531,423.3240661621094,189.22543334960938,69.25682067871094,36.66747283935547,99.56681060791016,37.525360107421875,38.58092498779297,136.19149780273438,28.587465286254883,86.66664123535156,87.31346893310547,98.42796325683594,66.92393493652344,188.61000061035156,20.03049659729004,76.56201934814453
2024-02-05,478.1264953613281,422.7715148925781,186.82130432128906,68.88816833496094,36.714908599853516,99.79328155517578,37.30393981933594,38.483924865722656,136.61351013183594,27.99237632751465,84.91651153564453,86.4637222290039,97.48516082763672,66.61180114746094,187.57000732421875,20.11315155029297,74.9554443359375
2024-02-06,479.5146484375,421.9228820800781,188.50515747070312,69.3121109008789,37.54977035522461,99.3354263305664,37.38095474243164,38.608642578125,138.10025024414062,28.09465789794922,85.7464599609375,86.9297103881836,98.03289794921875,66.85453796386719,188.5500030517578,20.186626434326172,75.96295928955078
2024-02-07,483.5140075683594,426.26458740234375,188.06715393066406,69.27523803710938,37.59720230102539,100.6499252319336,37.660125732421875,38.687171936035156,138.4743194580078,28.113252639770508,85.33148956298828,86.7744140625,97.74556732177734,66.96728515625,188.5,20.278467178344727,75.8540267944336
2024-02-08,483.7275390625,427.0539245605469,190.9190216064453,69.15544128417969,37.388484954833984,100.96500396728516,37.51573181152344,39.08443832397461,138.23451232910156,27.91333770751953,84.8353271484375,86.49113464355469,97.24272155761719,66.93257904052734,188.3300018310547,20.3886775970459,76.47124481201172
2024-02-09,486.5232238769531,431.2574768066406,194.02394104003906,69.39505004882812,37.54977035522461,102.32380676269531,37.62162399291992,38.483924865722656,138.12899780273438,28.020273208618164,84.66392517089844,86.3358154296875,97.11702728271484,67.0713119506836,187.60000610351562,20.44378089904785,76.58924102783203
2024-02-12,486.30963134765625,429.5700988769531,197.5474090576172,69.51485443115234,37.84386444091797,101.54593658447266,37.79490661621094,38.90890121459961,138.31124877929688,28.345712661743164,84.76315307617188,86.41805267333984,97.12601470947266,66.92393493652344,187.11000061035156,20.452964782714844,76.60741424560547
2024-02-13,479.6116638183594,422.8700866699219,189.42010498046875,68.44581604003906,37.1323356628418,99.82279968261719,37.28468704223633,38.51625442504883,137.02598571777344,27.87614631652832,83.31072235107422,85.4677963256836,96.05750274658203,66.38638305664062,184.52999877929688,20.33357048034668,75.02806854248047
2024-02-14,483.9702453613281,427.4782409667969,193.81954956054688,69.21073913574219,37.663612365722656,100.86653900146484,37.64087677001953,38.479305267333984,138.21534729003906,28.02956771850586,83.73472595214844,85.7876205444336,96.5064468383789,66.64647674560547,184.4199981689453,20.140705108642578,75.61803436279297
2024-02-15,487.3094482421875,428.75115966796875,198.9879150390625,69.99407958984375,37.84386444091797,100.65483856201172,38.28587341308594,39.55099868774414,139.22244262695312,28.499126434326172,84.16775512695312,86.0251693725586,96.85662078857422,66.88056182861328,185.66000366210938,20.186626434326172,77.37892150878906
2024-02-16,484.8827209472656,424.8633117675781,196.28207397460938,70.10466766357422,38.02412414550781,99.72928619384766,38.15110397338867,39.52789306640625,139.67327880859375,28.466583251953125,83.68058776855469,85.65054321289062,96.5064468383789,66.68115234375,186.33999633789062,20.232547760009766,76.58018493652344
2024-02-20,482.2132263183594,421.65643310546875,193.57620239257812,70.39035034179688,38.08103942871094,98.71510314941406,38.04521179199219,39.1675910949707,139.2032928466797,28.447988510131836,83.75277709960938,85.7967300415039,96.82969665527344,66.81988525390625,187.47000122070312,20.122337341308594,76.44401550292969
2024-02-21,482.6500244140625,419.9690856933594,192.6612548828125,70.44566345214844,38.1474494934082,98.09477233886719,38.160728454589844,39.90206527709961,139.51019287109375,28.824569702148438,83.15736389160156,85.52262115478516,96.5872573852539,66.69849395751953,187.47999572753906,20.204994201660156,76.8706283569336
2024-02-22,492.6387023925781,432.26397705078125,194.1212615966797,71.23821258544922,38.53641891479492,101.30470275878906,38.60355758666992,39.97135925292969,141.150390625,28.60141372680664,83.56332397460938,85.5317611694336,96.73989868164062,67.019287109375,187.55999755859375,20.260099411010742,77.01583862304688
2024-02-23,492.97845458984375,430.9910583496094,194.55926513671875,71.33037567138672,38.5174446105957,101.06838989257812,38.79609298706055,39.70804977416992,141.82179260253906,28.80597496032715,84.68196105957031,85.92463684082031,97.02725219726562,67.06262969970703,188.6199951171875,19.96620750427246,76.97953796386719
2024-02-26,491.1728820800781,430.7641296386719,195.78564453125,71.22900390625,38.3466796875,101.16686248779297,38.60355758666992,39.84663772583008,141.09283447265625,28.23877716064453,84.42935943603516,85.7967300415039,96.7219467163086,66.84590148925781,188.1999969482422,20.149890899658203,76.13541412353516
2024-02-27,492.08538818359375,431.8002014160156,198.55967712402344,71.42252349853516,38.42258071899414,101.2554931640625,38.70945739746094,39.675716400146484,140.74755859375,28.773427963256836,83.83396911621094,85.60484313964844,96.5872573852539,66.93257904052734,188.0,20.306018829345703,76.2261734008789
2024-02-28,491.4349670410156,429.5010681152344,196.9244842529297,71.00782775878906,37.919761657714844,100.77790832519531,38.85385513305664,39.59718704223633,140.04733276367188,28.86176300048828,84.36619567871094,85.91552734375,96.57830047607422,66.92393493652344,188.33999633789062,20.223363876342773,76.9977035522461
2024-02-29,493.2017517089844,433.181640625,198.29684448242188,71.192138671875,37.93873977661133,101.9004135131836,38.8346061706543,39.79119873046875,138.9059600830078,28.87105941772461,84.96161651611328,86.08914184570312,96.6680679321289,67.0452880859375,189.30999755859375,20.195810317993164,77.65122985839844
2024-03-01,497.83197021484375,439.7039794921875,200.39927673339844,71.8833236694336,38.403602600097656,103.7613754272461,38.786468505859375,40.253135681152344,140.36387634277344,28.69439697265625,85.49100494384766,86.48210144042969,97.25656127929688,67.29641723632812,192.88999938964844,20.29683494567871,78.57705688476562
2024-03-04,497.2981262207031,438.13507080078125,200.2143096923828,71.69900512695312,38.318214416503906,103.7613754272461,38.88274002075195,39.82353591918945,140.15284729003906,29.177902221679688,85.14712524414062,86.28975677490234,97.0763168334961,67.27898406982422,196.00999450683594,20.36112403869629,79.31226348876953
2024-03-05,492.32806396484375,430.270751953125,198.29684448242188,71.56998443603516,37.9766845703125,101.21115112304688,38.89236831665039,40.11917495727539,139.10736083984375,29.094219207763672,86.35974884033203,86.82109069824219,97.60799407958984,67.2266616821289,197.19000244140625,20.204994201660156,78.35012817382812
2024-03-06,494.8227844238281,432.97442626953125,199.77633666992188,72.41783905029297,38.52693557739258,102.0136489868164,39.09452819824219,40.24390411376953,140.05694580078125,29.373165130615234,86.86652374267578,87.03181457519531,97.8693618774414,67.39231872558594,198.80999755859375,20.37030792236328,78.74042510986328
2024-03-07,499.7346496582031,439.546142578125,201.4407196044922,73.27490997314453,38.76411437988281,103.62354278564453,39.036766052246094,40.585731506347656,140.7091522216797,29.56378173828125,86.78510284423828,87.17841339111328,98.11268615722656,67.47079467773438,199.94000244140625,20.425413131713867,78.72228240966797
2024-03-08,496.7351379394531,433.20135498046875,201.3141632080078,73.0353012084961,38.72616195678711,102.08257293701172,39.10415267944336,40.72893524169922,140.45016479492188,29.638166427612305,86.63126373291016,87.24251556396484,98.24784851074219,67.48824310302734,201.6300048828125,20.36112403869629,79.62995910644531
2024-03-11,496.3079833984375,431.5929870605469,199.71791076660156,72.62057495117188,38.811546325683594,101.80194854736328,39.171539306640625,41.14929962158203,140.3734588623047,29.786937713623047,86.58598327636719,87.13257598876953,98.2658920288086,67.47955322265625,202.0,20.53562355041504,79.24871826171875
2024-03-12,501.64703369140625,437.7799072265625,199.44540405273438,73.20117950439453,39.23846435546875,103.88938903808594,39.33519744873047,41.084625244140625,141.02569580078125,29.498693466186523,85.8620376586914,86.7752685546875,97.9504623413086,67.5405502319336,199.7899932861328,20.48051643371582,79.07625579833984
2024-03-13,500.8607177734375,434.41510009765625,200.2240753173828,73.21040344238281,39.11513137817383,102.76689147949219,39.62400436401367,41.74057388305664,140.4789581298828,29.6986026763916,85.44573974609375,86.58291625976562,97.85133361816406,67.56671142578125,201.19000244140625,20.76522445678711,78.67689514160156
2024-03-14,499.8705139160156,433.31976318359375,196.6422119140625,72.6758804321289,38.9159049987793,102.78658294677734,39.30632019042969,42.17017364501953,139.98019409179688,29.46150016784668,84.13355255126953,85.94161987304688,97.1303939819336,67.24410247802734,200.35000610351562,20.829513549804688,77.49690246582031
2024-03-15,496.43817138671875,428.1689147949219,197.01206970214844,72.70352172851562,38.67873001098633,101.23577880859375,39.267818450927734,42.29489517211914,139.42388916015625,29.503339767456055,84.10643005371094,85.7950439453125,97.15743255615234,67.20051574707031,199.7100067138672,20.902986526489258,77.32445526123047
2024-03-18,499.3885192871094,432.2525634765625,195.8830108642578,72.68509674072266,38.745140075683594,101.73335266113281,39.49295425415039,42.44111633300781,139.4075469970703,29.6392822265625,83.85305786132812,85.69427490234375,96.99518585205078,67.3574447631836,200.02999877929688,21.095849990844727,77.36075592041016
2024-03-19,502.16363525390625,433.32952880859375,196.71034240722656,72.81411743164062,38.555397033691406,102.26100158691406,39.68621826171875,42.92540740966797,140.33164978027344,29.901784896850586,84.08834838867188,85.94161987304688,97.27456665039062,67.62775421142578,199.8000030517578,21.086666107177734,77.33353424072266
2024-03-20,506.808349609375,438.4674072265625,200.60366821289062,73.58824157714844,38.99179458618164,103.40506744384766,40.15970993041992,42.864871978759766,140.0139923095703,29.939279556274414,84.06118774414062,86.14318084716797,97.45481872558594,67.8544692993164,202.17999267578125,21.03156280517578,77.84183502197266
2024-03-21,508.4832458496094,440.5423583984375,202.9085235595703,73.55137634277344,39.03923797607422,103.4790267944336,40.48826217651367,43.12099075317383,140.19688415527344,29.89240837097168,84.24217224121094,86.1523208618164,97.5989990234375,67.819580078125,201.97000122070312,21.004011154174805,78.40458679199219
2024-03-22,507.51922607421875,441.0462341308594,200.1079559326172,73.39470672607422,38.76411437988281,103.51356506347656,40.0244255065918,43.027862548828125,140.0043487548828,29.93459701538086,85.04759216308594,86.57374572753906,97.93243408203125,67.74982452392578,200.35000610351562,20.857065200805664,77.4177474975586
2024-03-25,506.1170654296875,439.445556640625,200.56658935546875,73.23805236816406,38.792572021484375,102.82810974121094,39.86982345581055,43.42833709716797,139.8118438720703,30.07522201538086,84.62226104736328,86.34471130371094,97.5989990234375,67.64521026611328,200.99000549316406,21.03156280517578,76.94173431396484
2024-03-26,505.1822509765625,438.02276611328125,200.20553588867188,73.32097625732422,38.76411437988281,102.40401458740234,40.00510787963867,43.09305191040039,140.32203674316406,29.7330322265625,84.85753631591797,86.47299194335938,97.57197570800781,67.56671142578125,201.63999938964844,20.866249084472656,76.6304931640625
2024-03-27,509.42767333984375,439.5147399902344,204.5673828125,73.76334381103516,38.83052062988281,102.92674255371094,40.47859573364258,43.493526458740234,142.1895294189453,30.56272315979004,85.69914245605469,86.80280303955078,98.24784851074219,67.92420959472656,203.10000610351562,20.847881317138672,78.6078109741211
2024-03-28,509.33038330078125,438.7045593261719,205.21142578125,73.59746551513672,38.97282409667969,102.70481872558594,40.70083999633789,43.96385192871094,142.2087860107422,30.773664474487305,85.62674713134766,86.72032928466797,98.15773010253906,67.7759780883789,205.72000122070312,21.095849990844727,79.16622161865234
2024-04-01,508.44427490234375,439.6333312988281,203.27931213378906,73.28411865234375,39.03923797607422,102.9908447265625,40.47859573364258,44.28982925415039,140.99586486816406,30.58616065979004,84.03058624267578,85.93568420410156,97.21785736083984,67.49991607666016,207.82000732421875,21.196876525878906,77.83885192871094
2024-04-02,505.2115478515625,435.8392028808594,199.54200744628906,72.76803588867188,39.16257095336914,101.9996566772461,40.26600646972656,44.9091682434082,138.8010711669922,30.637723922729492,83.5675277709961,85.75189971923828,97.07311248779297,67.38600158691406,210.88999938964844,21.389741897583008,76.8593521118164
2024-04-03,505.7663879394531,436.8174133300781,200.8495635986328,73.17353820800781,39.1910285949707,102.27086639404297,40.24668502807617,45.21650695800781,138.6470489501953,30.515851974487305,83.54936981201172,85.85297393798828,97.13643646240234,67.43858337402344,212.74000549316406,21.646896362304688,76.94173431396484
2024-04-04,499.5931091308594,430.13812255859375,198.8394317626953,72.54685974121094,39.04872131347656,100.65338134765625,39.792510986328125,45.188568115234375,136.6448211669922,30.454910278320312,84.14859771728516,86.14698791503906,97.2449951171875,67.38600158691406,211.52000427246094,21.702001571655273,76.44739532470703
2024-04-05,504.8121337890625,435.2068176269531,199.50296020507812,72.77725219726562,39.13410568237305,101.80730438232422,40.169376373291016,45.67286682128906,137.8673095703125,30.543975830078125,82.97736358642578,85.57732391357422,96.81983184814453,67.32465362548828,215.13999938964844,21.812210083007812,76.84104919433594
2024-04-08,505.09454345703125,435.3353576660156,200.59585571289062,73.13667297363281,39.390262603759766,101.68897247314453,40.34331512451172,45.384151458740234,137.4244842529297,30.745532989501953,82.96827697753906,85.38439178466797,96.81078338623047,67.48240661621094,216.47999572753906,21.80302619934082,77.6649169921875
2024-04-09,505.67889404296875,436.94586181640625,201.3862762451172,73.12744903564453,39.6558952331543,102.20183563232422,40.11139678955078,45.39811325073242,137.91543579101562,30.914283752441406,83.74003601074219,85.72433471679688,97.30831146240234,67.62262725830078,217.6699981689453,21.68363380432129,78.6993637084961
2024-04-10,500.6154479980469,433.1319580078125,196.06814575195312,72.15979766845703,39.11513137817383,100.94926452636719,39.51228713989258,45.537818908691406,136.29823303222656,30.384599685668945,81.91505432128906,84.58503723144531,95.92427062988281,67.02667236328125,215.61000061035156,21.793842315673828,75.44043731689453
2024-04-11,504.3935241699219,440.0483093261719,197.39524841308594,72.35332489013672,39.35231018066406,102.96617889404297,39.23206329345703,45.505226135253906,135.7399139404297,30.32366180419922,81.54280090332031,84.4655990600586,95.72525787353516,66.96531677246094,219.8000030517578,21.757104873657227,75.6967544555664
2024-04-12,497.4313659667969,433.0331115722656,193.88233947753906,71.18291473388672,38.45103454589844,101.29939270019531,38.71025085449219,44.764801025390625,133.71839904785156,30.093969345092773,81.97862243652344,84.81472778320312,95.94236755371094,66.93028259277344,216.88999938964844,21.784656524658203,74.79962921142578
2024-04-15,491.1994934082031,425.9093017578125,191.04273986816406,70.97095489501953,38.20437240600586,99.37618255615234,38.51699447631836,44.345706939697266,133.44888305664062,29.817405700683594,80.7074966430664,84.27263641357422,94.88397216796875,66.54466247558594,220.9499969482422,21.812210083007812,73.52719116210938
2024-04-16,490.30364990234375,425.9488220214844,190.34017944335938,70.27054595947266,37.70156478881836,99.49453735351562,38.25608444213867,43.959197998046875,133.49697875976562,29.423654556274414,80.17179870605469,83.94187927246094,94.56737518310547,66.32557678222656,221.22000122070312,21.77547264099121,72.49275970458984
2024-04-17,487.4018859863281,420.7516784667969,188.3300018310547,70.31663513183594,37.673095703125,98.05950927734375,38.35272216796875,43.83346939086914,133.2659912109375,30.0377197265625,81.06156158447266,84.47476959228516,95.08299255371094,66.4131851196289,219.58999633789062,21.43566131591797,71.96179962158203
2024-04-18,486.39892578125,418.3506774902344,188.1739044189453,70.12309265136719,37.82489013671875,96.94009399414062,38.48800277709961,43.698429107666016,133.25634765625,30.20647430419922,80.65301513671875,84.18075561523438,94.89302825927734,66.46577453613281,220.33999633789062,21.426477432250977,71.9709701538086
2024-04-19,482.1534729003906,409.6953430175781,188.46664428710938,70.15074920654297,37.673095703125,94.94290161132812,39.019474029541016,44.22462844848633,133.7568817138672,30.67053985595703,80.94355773925781,84.2909927368164,94.9925308227539,66.58847045898438,221.02999877929688,21.527503967285156,72.31881713867188
2024-04-22,486.59375,413.8155517578125,190.57440185546875,70.97095489501953,38.08103942871094,95.79109954833984,39.49295425415039,44.51334762573242,134.26710510253906,30.95178985595703,80.807373046875,84.3001937866211,95.22772216796875,66.9565658569336,215.57000732421875,21.527503967285156,72.95960998535156
2024-04-23,492.3679504394531,419.99090576171875,193.76524353027344,71.74507904052734,38.39411544799805,97.2113265991211,39.74420166015625,44.76014709472656,136.0190887451172,31.09709930419922,80.8346176147461,84.41044616699219,95.39054870605469,67.2282485961914,215.0399932861328,21.61934471130371,73.62788391113281
2024-04-24,492.1342468261719,421.4136657714844,192.89675903320312,71.60684204101562,38.52693557739258,97.65513610839844,39.734535217285156,44.792747497558594,135.59552001953125,31.284605026245117,80.26260375976562,84.15318298339844,95.01966857910156,67.07927703857422,214.63999938964844,21.5917911529541,73.76521301269531
2024-04-25,490.2646789550781,419.3783264160156,191.72579956054688,71.27507019042969,38.61231994628906,97.44309997558594,39.502628326416016,44.997642517089844,134.69064331054688,31.368982315063477,79.6996841430664,83.83161163330078,94.7392349243164,66.93902587890625,215.9199981689453,21.711183547973633,73.34410858154297
2024-04-26,494.9093322753906,425.8500061035156,193.56031799316406,71.8464584350586,39.058204650878906,98.54278564453125,39.44464874267578,44.583194732666016,134.7291717529297,31.026792526245117,80.11730194091797,84.06130981445312,95.10108184814453,67.14937591552734,216.6199951171875,21.72955322265625,73.3807144165039
2024-04-29,496.6620788574219,427.5790710449219,195.12164306640625,72.12293243408203,39.43769454956055,98.96688842773438,39.386661529541016,44.88587951660156,135.1815948486328,31.44866371154785,80.78919982910156,84.40127563476562,95.49910736083984,67.35092163085938,216.17999267578125,21.711183547973633,74.13138580322266
2024-04-30,488.7943420410156,419.5166015625,191.1598358154297,71.21056365966797,38.8874397277832,96.7872314453125,39.00013732910156,43.54940414428711,135.08534240722656,31.284605026245117,80.09915161132812,84.00618743896484,94.97444152832031,66.86016082763672,211.8699951171875,21.43566131591797,72.87723541259766
2024-05-01,487.2071533203125,416.4832458496094,191.55990600585938,71.05389404296875,38.92538833618164,95.79602813720703,39.00013732910156,42.85556411743164,135.3260040283203,31.64554214477539,80.6895751953125,84.33883666992188,95.36949920654297,67.2125473022461,213.7899932861328,21.123403549194336,72.90470123291016
2024-05-02,491.7642517089844,421.7989501953125,195.08258056640625,72.01233673095703,39.9310188293457,97.17681121826172,39.096778869628906,43.10236358642578,135.22972106933594,31.814292907714844,81.0357894897461,84.73511505126953,95.95982360839844,67.62664031982422,213.1300048828125,21.196876525878906,73.92996978759766
2024-05-03,497.8597412109375,430.2764892578125,197.01466369628906,72.73116302490234,40.29153060913086,99.88410186767578,39.18374252319336,43.10702896118164,135.56663513183594,32.06742858886719,81.8558120727539,85.20510864257812,96.63188171386719,67.90856170654297,212.9600067138672,21.224430084228516,74.42430877685547
2024-05-06,503.0010986328125,434.9895324707031,199.5615234375,73.22883605957031,40.32947540283203,101.05774688720703,39.68621826171875,43.44696044921875,136.1153106689453,32.23149108886719,82.17472076416016,85.27882385253906,96.90434265136719,67.98786163330078,215.1999969482422,21.463214874267578,74.4883804321289
2024-05-07,503.55609130859375,435.0586853027344,200.01039123535156,73.42235565185547,40.101783752441406,100.72736358642578,39.821502685546875,43.405052185058594,137.24163818359375,32.59711456298828,82.67584228515625,85.49999237060547,96.94977569580078,67.99665069580078,214.2100067138672,21.444847106933594,75.19326782226562
2024-05-08,503.6047668457031,434.8017883300781,198.84918212890625,73.33941650390625,40.11127471923828,101.01337432861328,39.96644592285156,43.35383224487305,136.76992797851562,32.93929672241211,82.17472076416016,85.2603759765625,96.7045669555664,67.83807373046875,213.5800018310547,21.334636688232422,74.56161499023438
2024-05-09,506.5065002441406,435.750244140625,200.87884521484375,73.90157318115234,40.2346076965332,100.9837875366211,40.26600646972656,43.9359130859375,137.94435119628906,33.44086456298828,82.57562255859375,85.51844024658203,96.85893249511719,67.85569763183594,216.9499969482422,21.417293548583984,76.09038543701172
2024-05-10,507.1590576171875,436.7778625488281,199.36634826660156,74.03981018066406,40.31999206542969,101.35856628417969,40.42061996459961,43.693763732910156,138.22348022460938,33.408050537109375,82.11094665527344,85.24195861816406,96.55015563964844,67.7499771118164,218.7100067138672,21.38055992126465,75.87982940673828
2024-05-13,507.2270202636719,437.7856750488281,199.78594970703125,74.03981018066406,40.62357711791992,101.83689880371094,40.256343841552734,43.57735061645508,138.08872985839844,33.408050537109375,82.32048797607422,85.34333038330078,96.58648681640625,67.73235321044922,216.25999450683594,21.518320083618164,76.12699890136719
2024-05-14,509.5543518066406,440.6016540527344,201.8546600341797,74.59276580810547,40.841773986816406,102.73933410644531,40.45927047729492,43.63322448730469,138.6759490966797,33.49711990356445,82.78517150878906,85.59213256835938,96.8680419921875,67.83807373046875,218.08999633789062,21.426477432250977,76.71288299560547
2024-05-15,515.8641967773438,447.4883117675781,204.3722381591797,75.38533020019531,41.27818298339844,105.05213928222656,40.758819580078125,43.73102569580078,140.7359619140625,33.998687744140625,83.91494750976562,86.23721313476562,97.7308120727539,68.23453521728516,220.88999938964844,21.499950408935547,77.7747802734375
2024-05-16,514.802734375,446.5793151855469,202.89874267578125,74.9798355102539,41.36356735229492,104.68722534179688,40.758819580078125,43.609947204589844,140.57229614257812,33.881492614746094,83.83296966552734,86.07135009765625,97.57640075683594,68.07593536376953,220.02999877929688,21.5550537109375,77.7198486328125
2024-05-17,515.5427856445312,446.3619384765625,203.04515075683594,75.23786926269531,41.5438232421875,104.45545959472656,41.058380126953125,44.219970703125,140.8418426513672,33.90961837768555,83.26806640625,85.80409240722656,97.34934997558594,68.08475494384766,223.66000366210938,21.77547264099121,77.71070861816406
2024-05-20,516.13671875,449.4743347167969,203.4939727783203,75.29316711425781,41.39202880859375,105.683349609375,40.4979248046875,43.9312629699707,140.5434112548828,33.8533821105957,83.0220718383789,85.67508697509766,97.3039321899414,68.12001037597656,224.55999755859375,21.968339920043945,77.25298309326172
2024-05-21,517.402587890625,450.3536682128906,203.298828125,75.1733627319336,41.13587951660156,105.85594177246094,40.758819580078125,43.717044830322266,140.78407287597656,34.158058166503906,83.45027923583984,85.89622497558594,97.4674301147461,68.06714630126953,224.22999572753906,21.876497268676758,77.22551727294922
2024-05-22,515.9127807617188,450.2647705078125,201.5814208984375,74.46375274658203,41.00305938720703,106.0926513671875,40.52690887451172,42.87884521484375,141.03436279296875,33.75493621826172,83.55050659179688,85.78565979003906,97.3221206665039,67.91737365722656,220.11000061035156,21.564237594604492,76.52979278564453
2024-05-23,512.1444702148438,448.2392272949219,198.27345275878906,74.08589172363281,40.6994743347168,105.22965240478516,39.96644592285156,42.48767852783203,139.49417114257812,33.18305587768555,83.01296997070312,85.48155975341797,96.895263671875,67.67949676513672,215.72000122070312,21.454030990600586,74.88203430175781
2024-05-24,515.5330200195312,452.4779968261719,200.46900939941406,74.69414520263672,40.813316345214844,106.1173095703125,40.20802688598633,42.548221588134766,139.02249145507812,33.515872955322266,83.25894927978516,85.59213256835938,97.15865325927734,67.91737365722656,215.9199981689453,21.600976943969727,74.93694305419922
2024-05-28,515.8932495117188,454.187255859375,200.19580078125,74.66648864746094,40.75639343261719,106.5660629272461,39.763526916503906,42.9859504699707,137.337890625,33.483062744140625,82.06539154052734,85.1129379272461,96.57738494873047,67.64425659179688,218.19000244140625,21.986709594726562,74.44261932373047
2024-05-29,512.2807006835938,450.9859924316406,197.23910522460938,73.48686981201172,40.14922332763672,105.89046478271484,39.44464874267578,42.22690963745117,136.2693634033203,33.05180740356445,81.0722427368164,84.69827270507812,96.05973815917969,67.441650390625,216.16000366210938,21.757104873657227,73.71942138671875
2024-05-30,508.8824768066406,446.15447998046875,199.1126251220703,74.10433197021484,40.035377502441406,103.47410583496094,39.65723419189453,42.347984313964844,136.33676147460938,33.49711990356445,81.8558120727539,85.12215423583984,96.6500473022461,67.71472930908203,216.57000732421875,21.47239875793457,74.79962921142578
2024-05-31,513.5173950195312,445.324462890625,200.79104614257812,74.8139419555664,39.64641189575195,103.6368408203125,40.237022399902344,43.400394439697266,138.3293914794922,34.08775329589844,82.41161346435547,85.51844024658203,97.076904296875,67.9526138305664,215.3000030517578,21.371374130249023,76.20024108886719
2024-06-03,513.9360961914062,447.7156066894531,199.65908813476562,75.02591705322266,40.0638427734375,103.89820098876953,39.985782623291016,42.264163970947266,139.30165100097656,33.69868850708008,83.74457550048828,86.07854461669922,97.74698638916016,68.16328430175781,217.22000122070312,21.06829833984375,76.02630615234375
2024-06-04,514.5106201171875,448.94073486328125,197.08299255371094,74.93374633789062,39.50410461425781,104.11518096923828,39.802181243896484,41.85902786254883,139.70594787597656,33.68461990356445,84.72280883789062,86.54993438720703,98.12986755371094,68.12786865234375,215.27000427246094,20.857065200805664,76.6121826171875
2024-06-05,520.6256103515625,457.9913330078125,200.0981903076172,75.45904541015625,40.13973617553711,106.42797088623047,39.91813659667969,41.854373931884766,140.34127807617188,33.492431640625,85.34451293945312,86.86418151855469,98.45805358886719,68.34915924072266,217.82000732421875,20.930538177490234,76.5206298828125
2024-06-06,520.6159057617188,457.833251953125,198.6637725830078,75.71709442138672,40.33896255493164,106.07292938232422,39.89881134033203,42.07323455810547,140.80332946777344,33.14555740356445,85.21649932861328,86.82721710205078,98.39424896240234,68.23406982421875,219.42999267578125,21.2060604095459,76.66709899902344
2024-06-07,519.9830322265625,457.4281005859375,196.33155822753906,74.89688110351562,39.88358688354492,106.31948852539062,40.08240509033203,41.90559768676758,140.9573211669922,32.78461837768555,83.65315246582031,85.91215515136719,97.50993347167969,68.05707550048828,211.60000610351562,20.902986526489258,75.94391632080078
2024-06-10,521.589599609375,459.2757873535156,197.00489807128906,74.84159088134766,40.12076187133789,106.59070587158203,39.927799224853516,42.22225570678711,141.47715759277344,33.20649337768555,83.095458984375,85.72733306884766,97.30937194824219,68.1190185546875,213.5399932861328,21.2060604095459,76.20024108886719
2024-06-11,522.8458251953125,462.42767333984375,196.33164978027344,73.99114227294922,39.98702621459961,108.57311248779297,39.4736328125,42.138431549072266,140.88998413085938,33.00493240356445,83.9548568725586,86.18020629882812,97.72872161865234,68.20751953125,214.14999389648438,21.178508758544922,75.92560577392578
2024-06-12,527.139892578125,468.4844055175781,199.34556579589844,74.8631591796875,40.38822937011719,110.97466278076172,39.43498992919922,41.686729431152344,140.59158325195312,32.78929901123047,84.5856704711914,86.66084289550781,98.33043670654297,68.48191833496094,214.72000122070312,21.25197982788086,76.60302734375
2024-06-13,528.2012939453125,471.0237121582031,197.60377502441406,73.79422760009766,40.292701721191406,111.85245513916016,39.40599060058594,41.30487823486328,140.47604370117188,32.86430358886719,85.82904052734375,87.23389434814453,98.79537963867188,68.47306823730469,212.97000122070312,21.270347595214844,76.91426086425781
2024-06-14,528.522705078125,473.46417236328125,194.46267700195312,72.97846221923828,40.34046936035156,112.27159881591797,39.280372619628906,40.99753952026367,140.42791748046875,32.78461837768555,86.55126953125,87.43722534179688,98.87739562988281,68.20751953125,215.72999572753906,21.187692642211914,76.89596557617188
2024-06-17,532.7291870117188,479.2640075683594,196.09681701660156,73.26912689208984,40.598388671875,113.97291564941406,39.628238677978516,41.104637145996094,140.28350830078125,32.42367935180664,85.69193267822266,87.0305404663086,98.41248321533203,68.25177764892578,214.61000061035156,21.26116371154785,76.5938720703125
2024-06-18,534.0826416015625,479.4122314453125,196.43931579589844,73.55980682373047,40.9709358215332,114.11592864990234,39.879486083984375,41.27694320678711,140.46640014648438,32.437740325927734,86.47815704345703,87.40948486328125,98.86827850341797,68.4642105102539,215.47000122070312,21.43566131591797,76.89596557617188
2024-06-20,532.6317749023438,475.7169494628906,195.6075897216797,73.606689453125,40.90407180786133,112.83377838134766,40.09207534790039,42.03598403930664,140.928466796875,32.718990325927734,85.9021987915039,87.18767547607422,98.54008483886719,68.41996002197266,218.16000366210938,21.481582641601562,76.67626190185547
2024-06-21,531.9176025390625,474.4423828125,196.04791259765625,73.09097290039062,40.760780334472656,112.63653564453125,39.93746566772461,41.79383850097656,141.32315063476562,32.52680206298828,85.9021987915039,87.20616149902344,98.56745910644531,68.49961853027344,214.77999877929688,21.307085037231445,76.86849975585938
2024-06-24,530.1885986328125,469.0409851074219,196.89923095703125,73.67232513427734,40.760780334472656,109.87506866455078,40.34782791137695,42.847660064697266,142.14747619628906,32.95444107055664,86.24959564208984,87.28012084960938,98.66775512695312,68.42880249023438,215.6300048828125,21.481582641601562,77.4635238647461
2024-06-25,532.2303466796875,474.4047546386719,196.25341796875,73.8504867553711,40.665260314941406,111.89057922363281,40.04708480834961,42.94623947143555,141.7029571533203,32.642578125,86.39588165283203,87.35406494140625,98.63127136230469,68.517333984375,214.55999755859375,21.27953338623047,76.51148223876953
2024-06-26,532.89453125,475.3844909667969,195.7347869873047,73.30663299560547,40.579280853271484,111.76214599609375,39.794857025146484,42.52376174926758,141.20040893554688,32.50554275512695,85.16165924072266,86.82721710205078,98.09339141845703,68.36683654785156,212.5800018310547,21.316268920898438,76.27346801757812
2024-06-27,533.734619140625,476.6116027832031,197.72119140625,73.3628921508789,40.60793685913086,111.81649017333984,39.74634552001953,42.622344970703125,140.96849060058594,32.56224822998047,85.49990844726562,87.02130889892578,98.28485870361328,68.44652557373047,214.99000549316406,21.426477432250977,77.01496124267578
2024-06-28,531.6343383789062,474.13751220703125,198.53338623046875,73.4472885131836,40.684364318847656,111.7572021484375,39.88216781616211,42.7866325378418,140.85252380371094,32.198394775390625,83.90912628173828,86.55915832519531,97.65579223632812,68.27835845947266,215.00999450683594,21.334636688232422,77.62944030761719
2024-07-01,532.7284545898438,476.91839599609375,196.869873046875,73.57855987548828,40.77988815307617,112.60193634033203,39.96947479248047,42.81011199951172,140.06005859375,31.976299285888672,82.4609603881836,85.91482543945312,97.07575988769531,68.2650146484375,215.57000732421875,21.61016082763672,76.89726257324219
2024-07-02,536.313720703125,481.9259338378906,197.54507446289062,73.75672149658203,40.90407180786133,113.16510009765625,40.43513870239258,42.777244567871094,139.54786682128906,32.14168930053711,83.10298156738281,86.23931884765625,97.69788360595703,68.45183563232422,215.55999755859375,21.637712478637695,77.25872039794922
2024-07-03,538.7068481445312,485.9437255859375,197.49615478515625,74.6006088256836,41.505882263183594,114.6915512084961,40.309017181396484,42.96501159667969,138.48486328125,32.33542251586914,84.19437408447266,86.81412506103516,98.4206314086914,68.69209289550781,217.99000549316406,21.757104873657227,77.18457794189453
2024-07-05,541.8134765625,491.0105895996094,196.55674743652344,75.09757995605469,41.67782974243164,115.04231262207031,40.299320220947266,42.29375457763672,139.55755615234375,32.39213180541992,84.89140319824219,87.29621124267578,98.93294525146484,68.89674377441406,220.92999267578125,21.839763641357422,77.39773559570312
2024-07-08,542.4386596679688,492.1783752441406,197.93649291992188,74.72250366210938,41.6873779296875,115.82775115966797,40.19260787963867,42.03558349609375,139.40293884277344,32.425209045410156,85.07484436035156,87.32402038574219,98.92379760742188,68.87895965576172,218.19000244140625,21.54587173461914,77.64797973632812
2024-07-09,542.9661865234375,492.6038818359375,197.0753631591797,74.42247009277344,41.85932540893555,115.73389434814453,40.503047943115234,41.66474533081055,140.07940673828125,32.519710540771484,84.69880676269531,87.20348358154297,98.74083709716797,68.79887390136719,218.55999755859375,21.398923873901367,77.62944030761719
2024-07-10,548.3389282226562,497.739990234375,199.00306701660156,75.47264862060547,42.09813690185547,117.41348266601562,40.65827560424805,41.94639205932617,141.40338134765625,32.82685852050781,84.96477508544922,87.28694152832031,98.97870635986328,68.95903778076172,219.36000061035156,21.398923873901367,78.20405578613281
2024-07-11,543.61083984375,486.824462890625,206.1560821533203,75.68831634521484,42.34650802612305,114.47421264648438,40.978416442871094,42.38294982910156,142.39877319335938,33.426971435546875,85.79022216796875,87.84320068359375,99.50929260253906,69.20819854736328,223.25,21.47239875793457,80.44694519042969
2024-07-12,547.0396728515625,489.6845397949219,208.56326293945312,76.49469757080078,42.51844787597656,115.49678039550781,41.11423110961914,42.490909576416016,143.287841796875,33.67269515991211,86.15707397460938,88.02864074707031,99.87525177001953,69.38613891601562,223.11000061035156,21.389741897583008,81.05863189697266
2024-07-15,548.5441284179688,491.000732421875,212.5263214111328,75.819580078125,42.06948471069336,115.70426177978516,41.71571350097656,43.133995056152344,142.78533935546875,32.8552131652832,85.16654205322266,87.75048828125,99.32633972167969,69.39503479003906,223.8300018310547,21.233612060546875,81.6054458618164
2024-07-16,551.7969970703125,491.188720703125,219.77720642089844,76.18527221679688,42.30830001831055,115.31893920898438,42.191078186035156,43.32645797729492,144.82443237304688,33.11037826538086,86.36801147460938,88.139892578125,99.90267944335938,69.66197967529297,228.2899932861328,21.178508758544922,82.60639953613281
2024-07-17,544.0602416992188,476.7698974609375,217.47764587402344,75.78207397460938,41.62051010131836,110.83343505859375,42.51123046875,43.7583122253418,145.4815673828125,33.12928009033203,86.38636779785156,88.21403503417969,99.94843292236328,69.58189392089844,227.22999572753906,21.178508758544922,83.1717529296875
2024-07-18,539.8792114257812,474.51361083984375,213.2699737548828,75.03194427490234,41.22885513305664,110.84330749511719,41.99706268310547,43.83810806274414,142.17648315429688,33.100929260253906,85.72601318359375,87.96372985839844,99.51844787597656,69.43952941894531,225.77999877929688,21.02237892150879,82.4395751953125
2024-07-19,536.2940063476562,470.3077087402344,212.18382263183594,74.57247924804688,40.82765197753906,109.109375,41.5701904296875,43.35931396484375,142.9012908935547,33.138729095458984,85.22156524658203,87.68559265136719,99.15250396728516,69.38613891601562,221.72999572753906,20.737672805786133,82.29129028320312
2024-07-22,541.8231811523438,477.31427001953125,215.5597381591797,75.36012268066406,41.171539306640625,111.69298553466797,41.80302810668945,43.087059020996094,143.7227325439453,33.41753005981445,84.97393798828125,87.60213470458984,99.09762573242188,69.64415740966797,221.8000030517578,20.792776107788086,83.1439437866211
2024-07-23,540.9733276367188,475.63189697265625,217.84950256347656,74.93817138671875,40.80854415893555,111.24839782714844,41.88063430786133,42.4017219543457,143.63572692871094,33.20960998535156,84.85472106933594,87.66706085205078,99.0244369506836,69.65306091308594,222.5800018310547,20.599910736083984,83.07906341552734
2024-07-24,528.7135620117188,458.5708312988281,213.17214965820312,73.99114227294922,40.216285705566406,106.64431762695312,41.308258056640625,42.40641403198242,144.83409118652344,33.58291244506836,83.93758392333984,87.47236633300781,98.4206314086914,69.43061828613281,221.8000030517578,20.59072494506836,81.8556900024414
2024-07-25,525.958740234375,453.5137939453125,215.83375549316406,73.52230834960938,40.05389404296875,105.50320434570312,41.46348190307617,43.138694763183594,144.10928344726562,33.30412292480469,84.62542724609375,87.66706085205078,98.81401824951172,69.43952941894531,218.3300018310547,20.636646270751953,81.5869140625
2024-07-26,531.8493041992188,458.1650695800781,219.40533447265625,74.45996856689453,40.46465301513672,106.8419189453125,42.113468170166016,43.27482223510742,144.92105102539062,33.630165100097656,85.28578186035156,88.08422088623047,99.36293029785156,69.66197967529297,220.6300048828125,20.425413131713867,83.0141830444336
2024-07-29,532.1619262695312,459.08538818359375,216.96884155273438,74.13177490234375,40.33091735839844,106.3676986694336,42.055259704589844,42.903987884521484,145.00802612304688,33.781375885009766,85.74433898925781,88.23258209228516,99.57333374023438,69.59967803955078,220.32000732421875,20.33357048034668,83.4405288696289
2024-07-30,529.4657592773438,452.7815246582031,217.79078674316406,74.3005599975586,40.14942169189453,103.69515228271484,42.54032516479492,43.570552825927734,145.13365173339844,33.95621109008789,86.07450866699219,88.41800689697266,99.65567779541016,69.6352767944336,222.52000427246094,20.2692813873291,84.08930206298828
2024-07-31,538.0719604492188,466.1810302734375,219.0531005859375,75.35074615478516,41.028255462646484,108.08679962158203,42.43362045288086,43.75362014770508,144.60215759277344,34.39567184448242,86.9549789428711,89.0669937133789,100.23207092285156,69.88441467285156,226.5500030517578,20.737672805786133,83.792724609375
2024-08-01,530.4523315429688,454.8894348144531,211.92941284179688,73.35352325439453,40.31181335449219,104.05577850341797,41.832130432128906,42.594181060791016,146.08074951171875,35.014686584472656,87.70494079589844,89.44731140136719,100.56439971923828,69.7314682006836,225.77000427246094,20.489700317382812,84.6361083984375
2024-08-02,520.5762329101562,444.0926818847656,204.43389892578125,72.2001953125,39.7386589050293,101.13130187988281,40.803794860839844,41.49576187133789,145.7908172607422,35.07139587402344,90.43799591064453,90.83287048339844,101.54682922363281,69.4989013671875,225.33999633789062,20.11315155029297,84.58976745605469
2024-08-05,505.41510009765625,430.8515319824219,197.8582000732422,70.62492370605469,38.6114501953125,97.76223754882812,39.62023162841797,40.580406188964844,141.89620971679688,34.145225524902344,90.91649627685547,90.92586517333984,101.28975677490234,69.06957244873047,222.47999572753906,20.076417922973633,82.1707992553711
2024-08-06,510.0747985839844,434.9683532714844,200.0109405517578,70.7468032836914,38.8311653137207,99.09109497070312,40.26051330566406,40.829200744628906,142.55335998535156,34.433475494384766,88.88282775878906,90.11686706542969,100.62869262695312,69.32898712158203,220.6999969482422,19.911104202270508,83.792724609375
2024-08-07,506.66546630859375,430.25775146484375,197.64288330078125,71.0843734741211,39.069976806640625,97.48560333251953,40.309017181396484,40.993492126464844,141.103759765625,34.6272087097168,88.25707244873047,89.7913818359375,100.16959381103516,69.463134765625,220.5500030517578,20.094785690307617,83.21810150146484
2024-08-08,518.3782348632812,443.4197082519531,202.4474639892578,72.27520751953125,39.958370208740234,101.1263656616211,40.959007263183594,41.87598419189453,144.22523498535156,34.66501235961914,87.71416473388672,89.52169799804688,100.21552276611328,69.74935913085938,224.00999450683594,20.278467178344727,84.03367614746094
2024-08-09,520.6640625,445.7353820800781,202.0267333984375,72.55650329589844,40.178077697753906,101.58084869384766,41.133636474609375,41.96986770629883,144.9403839111328,34.783145904541016,88.57914733886719,89.88436889648438,100.72967529296875,69.74038696289062,224.55999755859375,20.397859573364258,84.4229507446289
2024-08-12,520.9376220703125,446.6953430175781,200.20664978027344,72.4908676147461,40.31181335449219,102.41075897216797,40.92020034790039,42.17639923095703,144.38955688476562,34.844573974609375,88.9012222290039,90.13545227050781,100.94086456298828,69.7851333618164,228.41000366210938,20.682567596435547,83.8019790649414
2024-08-13,529.5048217773438,457.77911376953125,203.50430297851562,73.73796081542969,40.760780334472656,105.55753326416016,41.25975036621094,41.76801681518555,146.1387176513672,35.047767639160156,89.51775360107422,90.53530883789062,101.64781188964844,70.10714721679688,228.05999755859375,20.489700317382812,84.53416442871094
2024-08-14,531.1751708984375,457.9275817871094,202.24197387695312,74.00988006591797,40.541072845458984,106.13551330566406,41.764225006103516,42.01211166381836,146.66055297851562,35.02414321899414,90.0791015625,90.65618896484375,102.09771728515625,70.23236083984375,226.1999969482422,20.36112403869629,84.75660705566406
2024-08-15,540.2797241210938,469.4962463378906,207.48687744140625,74.91004943847656,40.99004364013672,109.18841552734375,42.152278900146484,42.514381408691406,147.57867431640625,35.019412994384766,89.35212707519531,90.08893585205078,101.78556060791016,70.29495239257812,226.91000366210938,20.526437759399414,84.69171905517578
2024-08-16,541.4911499023438,470.0998840332031,208.03488159179688,75.32261657714844,41.46767044067383,109.37118530273438,42.46271514892578,42.46744155883789,147.73326110839844,35.175350189208984,89.66500854492188,90.26560974121094,102.0885238647461,70.51856994628906,231.99000549316406,20.397859573364258,84.6453857421875
2024-08-19,546.66845703125,476.275146484375,210.57904052734375,76.24152374267578,41.86887741088867,111.17428588867188,42.69554901123047,42.753780364990234,148.63201904296875,35.406890869140625,90.0791015625,90.38652801513672,102.32726287841797,70.63487243652344,231.61000061035156,20.28765106201172,85.3497543334961
2024-08-20,545.7794799804688,475.275634765625,208.12295532226562,76.0071029663086,41.54409408569336,110.78402709960938,42.55973434448242,41.627197265625,149.231201171875,35.33128356933594,90.79685974121094,90.74918365478516,102.59353637695312,70.57225799560547,232.4600067138672,20.204994201660156,85.24779510498047
2024-08-21,547.6550903320312,477.49237060546875,210.83348083496094,76.71035766601562,41.70648193359375,111.43611145019531,42.4918212890625,41.69760513305664,149.482421875,35.581729888916016,90.85206604003906,90.93514251708984,102.82305145263672,70.7332534790039,232.14999389648438,20.10396957397461,85.70194244384766
2024-08-22,543.35693359375,469.9217834472656,208.97425842285156,76.26029205322266,41.19064712524414,108.87226867675781,42.73435592651367,41.805564880371094,149.57911682128906,35.53919982910156,89.95027923583984,90.51670837402344,102.40071105957031,70.64379119873047,229.3699951171875,20.085603713989258,85.9521713256836
2024-08-23,549.1301879882812,475.018310546875,215.64781188964844,77.65740203857422,41.8784294128418,110.6358413696289,43.10300827026367,42.42988204956055,150.22657775878906,35.63843536376953,90.53919982910156,90.93514251708984,102.98831176757812,71.01947784423828,232.02000427246094,20.44378089904785,87.8428726196289
2024-08-26,547.8211669921875,470.40667724609375,215.71629333496094,77.31046295166016,41.524986267089844,109.24769592285156,43.238826751708984,42.81011199951172,150.14927673339844,35.86997604370117,90.30914306640625,90.82357025146484,102.85977172851562,70.8763656616211,232.75999450683594,20.655014038085938,87.80579376220703
2024-08-27,548.5733642578125,471.8119201660156,214.0430145263672,77.66678619384766,41.582298278808594,109.90966796875,43.46195602416992,42.41110610961914,150.38119506835938,35.58645248413086,90.1527099609375,90.78636932373047,102.77714538574219,70.92108917236328,233.38999938964844,20.55398941040039,87.935546875
2024-08-28,545.3887939453125,466.45806884765625,212.5947723388672,77.39485931396484,41.324378967285156,108.39307403564453,43.568660736083984,42.138851165771484,150.55516052246094,35.58645248413086,90.04230499267578,90.7398681640625,102.56597900390625,70.88531494140625,231.75,20.306018829345703,87.59263610839844
2024-08-29,545.4376220703125,465.7752990722656,214.11154174804688,77.68553924560547,41.34348678588867,107.41495513916016,43.956722259521484,42.68806076049805,150.87408447265625,35.78019332885742,89.7478256225586,90.58181762695312,102.39151763916016,70.95687103271484,232.9499969482422,20.53562355041504,87.32386016845703
2024-08-30,550.6444091796875,471.3269958496094,215.354248046875,77.80742645263672,41.42945861816406,108.84261322021484,44.37388229370117,42.847660064697266,151.91778564453125,36.04953384399414,88.79080200195312,90.26560974121094,102.10688018798828,70.96581268310547,231.2899932861328,20.306018829345703,88.16724395751953
2024-09-03,539.3126831054688,457.01708984375,208.76876831054688,76.57908630371094,40.60793685913086,103.8433609008789,44.044036865234375,41.782100677490234,151.62783813476562,35.997562408447266,90.24300384521484,90.86067199707031,102.41560363769531,70.71416473388672,230.2899932861328,19.901920318603516,88.12091064453125
2024-09-04,538.2088012695312,455.8295593261719,208.41650390625,76.24152374267578,40.598388671875,103.57659912109375,44.0925407409668,41.2047233581543,151.36695861816406,36.30470657348633,91.4062271118164,91.39229583740234,103.05143737792969,70.97481536865234,230.42999267578125,19.754974365234375,88.37115478515625
2024-09-05,536.8997192382812,456.255126953125,207.37924194335938,76.26029205322266,40.65570068359375,103.41851806640625,43.60747528076172,40.885528564453125,149.2891845703125,36.21491622924805,91.92322540283203,91.6068115234375,103.55826568603516,71.21747589111328,232.35000610351562,19.800893783569336,88.0838394165039
2024-09-06,527.8635864257812,444.0332946777344,203.43576049804688,74.8256607055664,39.910606384277344,100.7361068725586,42.96718978881836,40.373878479003906,148.77699279785156,35.86997604370117,91.91400146484375,91.73737335205078,103.5121841430664,71.12757873535156,230.6300048828125,19.534557342529297,88.00041961669922
2024-09-09,533.7737426757812,449.743408203125,204.0033416748047,75.57579040527344,40.24494171142578,102.38605499267578,43.60747528076172,40.66490173339844,149.82066345214844,36.23382568359375,92.31099700927734,91.86795043945312,103.74256896972656,71.29835510253906,231.60000610351562,19.58966064453125,88.98283386230469
2024-09-10,536.0987548828125,453.8997802734375,203.8369903564453,75.20071411132812,40.09210205078125,103.91744232177734,43.16121292114258,39.965492248535156,150.50682067871094,36.403934478759766,92.95720672607422,92.25968170166016,104.02823638916016,71.16354370117188,232.6199951171875,19.304954528808594,90.27110290527344
2024-09-11,541.5984497070312,463.75640869140625,204.43389892578125,75.65080261230469,40.38822937011719,107.46437072753906,42.95748519897461,39.59465408325195,150.0623016357422,36.51734161376953,92.88336944580078,92.19438171386719,104.07431030273438,71.27139282226562,232.25,19.479450225830078,90.09500885009766
2024-09-12,546.16064453125,468.3087158203125,207.0661163330078,76.26966094970703,40.722572326660156,108.35356140136719,43.05449676513672,39.9514045715332,150.60348510742188,36.5976676940918,92.44945526123047,92.04515838623047,104.00059509277344,71.3702392578125,236.3300018310547,19.855998992919922,90.47500610351562
2024-09-13,549.012939453125,470.40667724609375,212.17404174804688,76.44781494140625,40.91362380981445,108.89695739746094,43.18061828613281,40.17671203613281,150.91273498535156,37.11273193359375,92.69874572753906,92.22237396240234,104.32310485839844,71.5679931640625,238.67999267578125,19.892736434936523,91.42034149169922
2024-09-16,549.8237915039062,468.3284912109375,212.9373016357422,77.0666732788086,41.047359466552734,108.48200988769531,43.74329376220703,40.63673782348633,151.95645141601562,37.3962516784668,93.5480728149414,92.46488189697266,104.78386688232422,71.74773406982422,238.66000366210938,20.03968048095703,91.72620391845703
2024-09-17,550.0485229492188,468.57586669921875,214.69863891601562,76.63534545898438,41.095123291015625,108.26957702636719,43.97612380981445,41.18595504760742,150.390869140625,37.3679084777832,93.09568786621094,92.2969741821289,104.79306030273438,71.76569366455078,237.33999633789062,20.177440643310547,91.0866928100586
2024-09-18,548.4170532226562,466.54718017578125,214.73779296875,76.39156341552734,40.95183563232422,107.28157806396484,43.84030532836914,41.26575469970703,150.1396026611328,37.08438491821289,91.94170379638672,91.89595031738281,104.35997009277344,71.82860565185547,235.50999450683594,20.048864364624023,90.97547149658203
2024-09-19,557.7755126953125,478.34344482421875,219.1607208251953,77.90119171142578,41.82111358642578,110.46786499023438,44.32537078857422,41.758636474609375,150.6807861328125,36.86701583862305,91.63703155517578,91.8213119506836,104.45210266113281,72.04434204101562,239.1699981689453,20.407045364379883,90.99401092529297
2024-09-20,556.8113403320312,477.4330139160156,216.81227111816406,77.13230895996094,41.735145568847656,109.92941284179688,44.296268463134766,41.66474533081055,150.0623016357422,37.84043502807617,91.28620910644531,91.79335021972656,104.54425048828125,72.13419342041016,242.2100067138672,20.407045364379883,90.63256072998047
2024-09-23,558.2027587890625,478.6985168457031,216.01963806152344,77.42298889160156,42.05992889404297,109.90912628173828,44.24271774291992,42.17921447753906,149.76837158203125,38.21579360961914,91.09234619140625,91.73737335205078,104.3968276977539,71.99938201904297,242.67999267578125,20.416229248046875,91.53157043457031
2024-09-24,559.7998657226562,481.0075988769531,216.3817138671875,77.8824462890625,43.4928092956543,110.6613540649414,43.87273406982422,42.0750846862793,149.46768188476562,37.94462203979492,91.07389831542969,91.83998107910156,104.57190704345703,72.00836181640625,246.07000732421875,20.756038665771484,91.66132354736328
2024-09-25,558.5652465820312,481.45355224609375,213.74244689941406,77.46048736572266,43.0342903137207,110.97808074951172,43.60984420776367,41.25157165527344,148.0126953125,38.14442825317383,90.31685638427734,91.4668960571289,103.95449829101562,71.927490234375,245.72999572753906,20.58154296875,91.04962921142578
2024-09-26,560.77978515625,485.07073974609375,214.88140869140625,79.16704559326172,44.6104621887207,112.44788360595703,43.83378601074219,40.44225311279297,148.50738525390625,37.882774353027344,90.52921295166016,91.40161895751953,103.95449829101562,72.04434204101562,246.97999572753906,20.397859573364258,90.22476196289062
2024-09-27,559.9664916992188,482.37518310546875,216.3345947265625,78.68882751464844,44.52449035644531,111.39873504638672,43.96036148071289,41.265769958496094,148.42979431152344,38.258609771728516,91.00001525878906,91.76536560058594,104.36918640136719,72.22406005859375,245.02000427246094,20.498884201049805,90.3397216796875
2024-09-30,562.2105102539062,483.683349609375,216.88442993164062,78.41690063476562,43.808048248291016,111.725341796875,44.125877380371094,41.554473876953125,149.39979553222656,38.42987060546875,90.56610870361328,91.5135498046875,104.11117553710938,72.17015075683594,243.05999755859375,20.452964782714844,91.05001068115234
2024-10-01,557.1738891601562,476.9444274902344,213.9388427734375,77.83556365966797,44.12328338623047,109.00347137451172,43.89220428466797,42.501041412353516,148.61407470703125,38.73910140991211,91.22000885009766,91.8465347290039,104.61151885986328,72.13402557373047,245.61000061035156,20.81114387512207,90.46121978759766
2024-10-02,557.4090576171875,477.61834716796875,213.64425659179688,77.67615509033203,44.9925651550293,109.81015014648438,43.94089126586914,42.93647003173828,148.31336975097656,38.75812911987305,90.45127868652344,91.58462524414062,104.38030242919922,72.14305114746094,245.66000366210938,20.98564338684082,90.14344787597656
2024-10-03,556.3900146484375,477.26153564453125,212.2107391357422,76.95416259765625,44.45762252807617,110.26544189453125,43.707210540771484,43.693721771240234,146.9747772216797,38.74385452270508,89.59919738769531,91.11693572998047,103.70513916015625,71.97147369384766,245.49000549316406,21.28871726989746,89.32099914550781
2024-10-04,561.446044921875,482.9400634765625,215.17596435546875,77.40423583984375,44.86838150024414,111.49274444580078,44.44718551635742,44.10074996948242,147.09115600585938,38.682010650634766,88.49703979492188,90.23767852783203,103.14098358154297,71.8901596069336,245.0,21.343822479248047,88.89107513427734
2024-10-07,556.370361328125,477.7669372558594,213.4871826171875,76.97290802001953,45.240936279296875,110.7256851196289,43.901939392089844,44.256935119628906,146.4412841796875,37.79238510131836,87.83018493652344,89.91027069091797,102.61380767822266,71.58309173583984,244.1699981689453,21.637712478637695,88.10599517822266
2024-10-08,561.6322631835938,484.9022216796875,213.63446044921875,76.85101318359375,44.12328338623047,112.79429626464844,44.155086517333984,43.10211944580078,147.23666381835938,37.81142044067383,87.9783706665039,89.98509216308594,102.81726837158203,71.75468444824219,242.3699951171875,21.132587432861328,88.2835693359375
2024-10-09,565.5223388671875,488.7176208496094,214.10572814941406,76.86976623535156,43.88447189331055,114.0562744140625,44.56402587890625,43.362422943115234,148.7401885986328,37.487918853759766,87.47822570800781,89.64836120605469,102.61380767822266,71.70955657958984,241.0500030517578,20.948904037475586,88.37702941894531
2024-10-10,564.5327758789062,488.1627197265625,212.91769409179688,76.77599334716797,43.97043991088867,114.02656555175781,44.427711486816406,43.65585708618164,148.18728637695312,37.37373733520508,87.13554382324219,89.63903045654297,102.5028305053711,71.67339324951172,242.82000732421875,21.36219024658203,87.59196472167969
2024-10-11,567.9132690429688,488.9257507324219,217.24771118164062,77.16981506347656,44.28567886352539,114.22452545166016,45.284523010253906,43.925636291503906,149.273681640625,37.70199966430664,86.78357696533203,89.66705322265625,102.48432922363281,71.8630599975586,245.47000122070312,21.38055992126465,88.58264923095703
2024-10-14,572.5579223632812,493.0285339355469,218.84815979003906,77.39485931396484,44.10417938232422,115.7141342163086,45.5668830871582,43.906700134277344,150.0981903076172,38.177730560302734,86.84841918945312,89.50804901123047,102.49356842041016,71.8991928100586,245.07000732421875,21.0499324798584,89.1153793334961
2024-10-15,568.1092529296875,486.43829345703125,219.02490234375,76.1102523803711,43.168025970458984,113.17041778564453,45.66425323486328,42.4915771484375,148.26487731933594,38.3489990234375,87.9042739868164,89.96639251708984,102.99300384521484,71.88113403320312,245.9199981689453,20.645830154418945,90.190185546875
2024-10-16,570.5784912109375,486.4977722167969,222.62835693359375,76.30716705322266,43.50236892700195,113.52178955078125,46.22896957397461,42.69509506225586,148.68199157714844,39.110172271728516,88.27474975585938,90.106689453125,103.31671905517578,72.00759887695312,247.14999389648438,20.59072494506836,91.18087005615234
2024-10-17,570.6275024414062,486.8347473144531,222.0195770263672,76.31654357910156,43.43550109863281,113.86820983886719,46.35554122924805,42.89860534667969,147.81869506835938,38.76288986206055,86.87620544433594,89.63903045654297,102.54906463623047,71.8991928100586,248.6300048828125,20.61827850341797,90.46121978759766
2024-10-18,572.8224487304688,490.0257873535156,221.55810546875,76.83226013183594,43.8653678894043,114.27401733398438,46.36528015136719,42.75661849975586,148.5364990234375,38.986480712890625,86.94103240966797,89.74191284179688,102.42884063720703,72.07080078125,251.27000427246094,20.50806999206543,91.13414764404297
2024-10-21,571.8817749023438,490.9672546386719,218.07249450683594,75.92272186279297,43.55967712402344,114.8084945678711,45.99528884887695,42.62882614135742,146.79046630859375,38.8342399597168,85.4220962524414,89.04969024658203,101.38373565673828,71.78179931640625,251.22000122070312,20.572359085083008,89.3490219116211
2024-10-22,571.5780029296875,491.5024108886719,217.24771118164062,75.49140167236328,43.46415710449219,114.6897201538086,45.907657623291016,42.72821807861328,146.5770721435547,38.69628143310547,85.50543975830078,88.96551513671875,101.37449645996094,71.68246459960938,253.92999267578125,20.930538177490234,89.47987365722656
2024-10-23,566.3553466796875,483.970703125,215.2643585205078,74.73188781738281,43.20623779296875,113.04669189453125,45.868717193603516,42.505775451660156,145.88836669921875,39.067359924316406,85.2739028930664,88.75975799560547,101.03227996826172,71.46566772460938,250.8699951171875,20.81114387512207,90.13410186767578
2024-10-24,567.5802001953125,487.8951110839844,215.7356414794922,75.15383911132812,43.13936996459961,113.37826538085938,45.907657623291016,42.501041412353516,144.92808532714844,38.815216064453125,85.82035064697266,88.9561538696289,101.3375015258789,71.67339324951172,252.8000030517578,20.801959991455078,90.33037567138672
2024-10-25,567.3840942382812,490.8681335449219,214.92068481445312,74.90067291259766,43.10115432739258,113.96717834472656,45.401363372802734,42.486846923828125,144.13265991210938,38.23957443237305,85.33872985839844,88.75975799560547,101.0970230102539,71.60116577148438,253.32000732421875,20.948904037475586,89.47987365722656
2024-10-28,569.1380615234375,490.94744873046875,218.42596435546875,75.50077056884766,43.29220962524414,113.93254852294922,45.96608352661133,42.21706771850586,144.3460693359375,38.53929138183594,85.1072006225586,88.553955078125,101.0137939453125,71.78179931640625,253.3300018310547,20.3886775970459,89.76026153564453
2024-10-29,570.0592041015625,495.6646728515625,217.71900939941406,75.22885131835938,43.15847396850586,115.46668243408203,45.6837158203125,41.57340621948242,143.94834899902344,37.716270446777344,85.23686218261719,88.59135437011719,101.13402557373047,71.79986572265625,256.0899963378906,20.351940155029297,89.1153793334961
2024-10-30,568.334716796875,491.91864013671875,217.42445373535156,74.74126434326172,42.7381591796875,113.63066101074219,45.888187408447266,41.668060302734375,143.67677307128906,37.62587356567383,85.48692321777344,88.46041107177734,101.00454711914062,71.67339324951172,257.5,20.609094619750977,89.50790405273438
2024-10-31,557.1935424804688,479.5012512207031,213.81118774414062,74.28180694580078,42.46113586425781,109.98336029052734,45.255313873291016,41.92836380004883,142.4642791748047,38.015987396240234,85.62584686279297,88.41362762451172,100.80106353759766,71.47472381591797,253.50999450683594,20.746854782104492,87.99384307861328
2024-11-01,559.5450439453125,483.0490417480469,215.00904846191406,74.43183898925781,42.49934768676758,110.80982208251953,45.41109848022461,41.663333892822266,143.3081817626953,37.16917419433594,84.41867065429688,87.89006805419922,100.24882507324219,71.479248046875,252.47000122070312,20.526437759399414,87.02184295654297
2024-11-04,558.33984375,481.641845703125,216.09893798828125,74.48810577392578,42.7381591796875,110.7256851196289,45.060585021972656,42.39218521118164,142.3672637939453,36.726741790771484,85.72900390625,88.35921478271484,100.99134826660156,71.67896270751953,252.8300018310547,20.87543296813965,87.97515106201172
2024-11-05,565.09130859375,487.78607177734375,220.1638641357422,75.22885131835938,43.32086181640625,112.28458404541016,45.47925567626953,42.67615509033203,143.41485595703125,37.278587341308594,86.18435668945312,88.4061279296875,101.47398376464844,71.8786392211914,253.39999389648438,21.004011154174805,89.14341735839844
2024-11-06,579.1425170898438,501.0359191894531,232.91831970214844,74.14115905761719,42.78592300415039,115.4815444946289,48.24441909790039,44.280601501464844,143.5991668701172,36.89324951171875,83.82389831542969,87.49600982666016,100.41588592529297,72.0057144165039,245.6999969482422,20.7744083404541,87.24614715576172
2024-11-07,583.62060546875,508.9243469238281,232.09352111816406,75.26634979248047,43.731624603271484,117.49571990966797,47.46549987792969,44.07707977294922,144.63705444335938,36.95985412597656,84.87406158447266,88.19972229003906,101.6039047241211,72.3143310546875,249.64999389648438,20.98564338684082,88.29292297363281
2024-11-08,586.148681640625,509.5190124511719,233.80198669433594,74.22555541992188,42.652191162109375,117.3670425415039,47.8939094543457,44.37051773071289,145.67495727539062,37.66869354248047,85.95203399658203,88.38738250732422,101.95660400390625,72.43232727050781,247.9600067138672,20.664199829101562,89.61073303222656
2024-11-11,586.707275390625,509.2217102050781,237.31704711914062,74.24430847167969,42.32740020751953,116.71875762939453,48.575469970703125,44.621360778808594,144.82138061523438,37.77335739135742,85.53386688232422,88.14340209960938,101.76168060302734,72.35063171386719,242.13999938964844,20.33357048034668,89.16210174560547
2024-11-12,584.884765625,508.3000183105469,233.15394592285156,72.86593627929688,41.524986267089844,116.86721801757812,48.429420471191406,44.38471603393555,142.80377197265625,37.34043884277344,84.25139617919922,87.58980560302734,100.84284210205078,72.0601806640625,240.0500030517578,20.223363876342773,87.92842864990234
2024-11-13,585.1688232421875,507.64599609375,230.8465576171875,72.43461608886719,41.257511138916016,116.4614028930664,48.45862579345703,44.73021697998047,142.42544555664062,37.273834228515625,83.45220947265625,87.53353118896484,100.46229553222656,72.07833099365234,237.6300048828125,20.159074783325195,88.41441345214844
2024-11-14,581.4061279296875,504.11798095703125,227.73403930664062,72.58464050292969,41.028255462646484,116.06549835205078,48.332054138183594,44.90060043334961,140.18475341796875,37.1453857421875,83.93544006347656,87.5241470336914,100.43445587158203,71.92401885986328,237.00999450683594,20.140705108642578,87.6199951171875
2024-11-15,573.9591064453125,492.10693359375,224.33677673339844,72.32209014892578,41.028255462646484,113.1852798461914,48.555992126464844,44.834346771240234,137.58514404296875,37.70199966430664,83.71240234375,87.56167602539062,100.48086547851562,71.9149398803711,236.58999633789062,20.03968048095703,87.6667251586914
2024-11-18,576.3108520507812,495.5259094238281,224.7786407470703,72.71591186523438,41.4963264465332,113.55148315429688,48.70204162597656,45.43067932128906,137.68215942382812,38.030250549316406,83.861083984375,87.75870513916016,100.66649627685547,72.05107879638672,241.08999633789062,20.498884201049805,88.30227661132812
2024-11-19,578.4175415039062,498.9349670410156,226.4477996826172,72.62213134765625,41.46767044067383,114.48187255859375,48.380733489990234,45.141971588134766,136.97406005859375,38.27287673950195,84.28855895996094,87.94638061523438,100.87995910644531,72.1600341796875,243.25,20.563173294067383,88.73218536376953
2024-11-20,578.6134033203125,498.6476135253906,226.7423553466797,72.42523193359375,41.4199104309082,114.38289642333984,48.23468780517578,45.59633255004883,138.5939483642578,38.29190444946289,84.0190658569336,87.81500244140625,100.6386489868164,72.14185333251953,244.6199951171875,20.55398941040039,88.62002563476562
2024-11-21,581.7196655273438,500.4413146972656,230.188720703125,72.4439926147461,41.33393478393555,115.54586791992188,48.84809112548828,45.965492248535156,139.70945739746094,38.95793914794922,83.95401763916016,87.76808166503906,100.51797485351562,72.16909790039062,246.66000366210938,20.700937271118164,89.27426147460938
2024-11-22,583.5226440429688,501.2440490722656,234.44020080566406,72.72528076171875,41.34348678588867,115.60526275634766,49.393333435058594,46.03648376464844,139.83554077148438,38.748619079589844,84.00049591064453,87.82439422607422,100.61079406738281,72.15093994140625,249.83999633789062,20.719303131103516,89.94718933105469
2024-11-25,585.501953125,502.036865234375,238.00437927246094,73.10035705566406,41.37215042114258,115.60030364990234,49.714637756347656,45.127777099609375,141.02865600585938,38.81997299194336,86.17507934570312,88.77206420898438,101.86380004882812,72.4232406616211,242.47999572753906,20.425413131713867,91.1995620727539
2024-11-26,588.5591430664062,504.7324523925781,236.2566680908203,72.67839813232422,41.20020294189453,116.17932891845703,49.8120002746582,45.06625747680664,141.7852783203125,39.43843078613281,85.84052276611328,88.58442687988281,101.6039047241211,72.28709411621094,242.9499969482422,20.425413131713867,91.5640640258789
2024-11-27,586.7757568359375,500.7584228515625,236.58065795898438,73.07222747802734,41.257511138916016,114.60558319091797,49.909366607666016,45.018924713134766,142.5418701171875,39.43843078613281,86.43529510498047,88.94097137451172,101.97518157958984,72.50493621826172,243.49000549316406,20.315204620361328,92.15287017822266
2024-11-29,590.4207763671875,505.15850830078125,237.48397827148438,74.04739379882812,41.324378967285156,115.66959381103516,49.98726272583008,45.21297073364258,142.98806762695312,39.45269775390625,87.32743072509766,89.3162612915039,102.60631561279297,72.65016174316406,245.58999633789062,20.33357048034668,91.74164581298828
2024-12-02,591.4791259765625,510.6585998535156,237.36614990234375,74.2536849975586,41.486778259277344,116.76822662353516,49.490699768066406,44.734947204589844,142.73582458496094,38.60589599609375,87.53723907470703,89.30876922607422,102.7674331665039,72.62371826171875,243.44000244140625,20.186626434326172,90.40514373779297
2024-12-03,591.7535400390625,512.2244873046875,235.67733764648438,74.67562103271484,41.572750091552734,117.18888854980469,49.12071228027344,44.73021697998047,142.41575622558594,38.27287673950195,86.7818832397461,89.05464172363281,102.40418243408203,72.62371826171875,243.92999267578125,20.416229248046875,89.94718933105469
2024-12-04,595.4279174804688,518.5570678710938,236.52174377441406,74.73188781738281,41.67782974243164,119.33175659179688,48.93572235107422,43.65113067626953,142.33816528320312,38.268123626708984,87.71443176269531,89.3934555053711,102.8978271484375,72.79695129394531,244.6699981689453,20.306018829345703,89.70418548583984
2024-12-05,594.4481811523438,517.1199951171875,233.76271057128906,75.09757995605469,41.95485305786133,118.72798919677734,49.081764221191406,43.821510314941406,140.7473602294922,38.38705825805664,87.89161682128906,89.38404846191406,102.86988067626953,72.7331314086914,242.86000061035156,20.278467178344727,89.48922729492188
2024-12-06,595.5750732421875,521.748046875,234.5972900390625,75.08820343017578,41.88798522949219,119.18822479248047,49.07202911376953,43.07844924926758,139.9519500732422,37.91132354736328,88.02217102050781,89.66639709472656,103.10272216796875,72.8516616821289,242.9499969482422,20.122337341308594,89.3583755493164
2024-12-09,592.5079345703125,517.6849365234375,233.41903686523438,75.04132080078125,42.74771499633789,118.41126251220703,48.40020751953125,43.00746154785156,140.35935974121094,37.43558883666992,87.2108383178711,89.3558120727539,102.8419418334961,72.76048278808594,245.36000061035156,20.315204620361328,89.61073303222656
2024-12-10,590.665771484375,515.9207763671875,232.40773010253906,74.36619567871094,42.05992889404297,116.76822662353516,48.390472412109375,42.71402359008789,139.77735900878906,37.1644172668457,86.80052947998047,89.19580078125,102.68360900878906,72.79695129394531,248.58999633789062,20.36112403869629,88.31160736083984
2024-12-11,595.2320556640625,525.1571044921875,233.45834350585938,74.83502960205078,42.231876373291016,118.46074676513672,48.48783874511719,42.785011291503906,137.8761444091797,36.93130111694336,85.97989654541016,88.93228149414062,102.40418243408203,72.81517791748047,250.9600067138672,20.61827850341797,88.10599517822266
2024-12-12,592.1651000976562,521.7678833007812,230.42433166503906,74.17866516113281,42.021724700927734,117.79759979248047,48.27363586425781,42.439510345458984,136.780029296875,36.912269592285156,84.93546295166016,88.59346008300781,101.82674407958984,72.6146011352539,247.27999877929688,20.53562355041504,87.96581268310547
2024-12-13,592.0475463867188,525.76171875,228.84359741210938,73.97237396240234,42.05992889404297,118.3023910522461,48.23468780517578,42.226539611816406,136.76065063476562,36.936065673828125,84.0682144165039,88.1793212890625,101.25860595703125,72.40489959716797,244.2899932861328,20.526437759399414,87.71345520019531
2024-12-16,594.5755004882812,533.3329467773438,230.188720703125,73.72859191894531,41.83067321777344,119.48515319824219,48.14706039428711,41.29890060424805,135.1310272216797,36.641109466552734,84.31999969482422,88.20758056640625,101.38900756835938,72.54164123535156,244.8800048828125,20.416229248046875,87.405029296875
2024-12-17,592.1258544921875,530.9842529296875,227.55345153808594,73.61167907714844,41.73061752319336,118.76261901855469,47.80628204345703,40.99126434326172,135.0340576171875,36.48887634277344,84.525146484375,88.20758056640625,101.3983154296875,72.38665771484375,243.94000244140625,20.278467178344727,86.98445892333984
2024-12-18,574.4783935546875,511.8279724121094,217.4791259765625,71.80584716796875,40.75923538208008,114.93221282958984,46.37501525878906,39.77965545654297,133.20074462890625,35.62779235839844,83.46823120117188,87.52578735351562,100.14119720458984,71.64336395263672,239.25999450683594,20.094785690307617,83.39553833007812
2024-12-19,574.302001953125,509.5487365722656,216.5140380859375,71.5777359008789,40.895225524902344,115.0559310913086,46.540531158447266,39.43415451049805,132.19195556640625,35.789546966552734,82.20440673828125,87.12918853759766,99.59907531738281,71.57003784179688,239.60000610351562,20.094785690307617,82.10578155517578
2024-12-20,581.199951171875,513.998291015625,218.54269409179688,71.37814331054688,41.060359954833984,116.773193359375,47.23183059692383,39.822242736816406,133.8603515625,36.36042785644531,82.6724853515625,87.45025634765625,99.99165344238281,72.0191421508789,242.10000610351562,20.223363876342773,83.489013671875
2024-12-23,584.6803588867188,519.0060424804688,218.04046630859375,71.84386444091797,41.293495178222656,118.01043701171875,47.345252990722656,40.05610275268555,135.1972198486328,36.48417663574219,81.9141845703125,87.06310272216797,99.70189666748047,71.82666015625,240.9600067138672,20.238842010498047,83.81552124023438
2024-12-24,591.1790771484375,526.043701171875,219.99032592773438,72.10047912597656,41.41977310180664,119.2298583984375,47.9025993347168,40.39495849609375,135.75262451171875,36.68564987182617,82.26057434082031,87.11030578613281,100.01033782958984,72.05579376220703,241.44000244140625,20.354934692382812,84.37227630615234
2024-12-26,591.2183837890625,525.6863403320312,222.24546813964844,72.44264221191406,41.274070739746094,119.30916595458984,48.019935607910156,40.36155319213867,136.02545166015625,36.59930419921875,82.2137680053711,87.17640686035156,100.10382080078125,72.23909759521484,243.07000732421875,20.296886444091797,84.59874725341797
2024-12-27,584.9949951171875,518.6983032226562,219.0055389404297,72.33809661865234,41.08950424194336,117.72293853759766,47.66792297363281,40.35676956176758,135.39208984375,36.4937744140625,81.53970336914062,86.94977569580078,99.68319702148438,71.99164581298828,241.39999389648438,20.393630981445312,83.74945831298828
2024-12-30,578.3192749023438,511.7997131347656,217.32156372070312,71.86286926269531,40.75923538208008,116.22593688964844,47.20835876464844,40.35199737548828,133.72589111328125,36.34027862548828,82.19503784179688,87.4596939086914,100.11315155029297,72.09246063232422,240.6300048828125,20.57744598388672,83.33425903320312
2024-12-31,576.2152709960938,507.4521179199219,217.5973358154297,71.86286926269531,40.62323760986328,115.25932312011719,47.25725173950195,40.88175964355469,134.04742431640625,36.30670166015625,81.75505065917969,87.29916381835938,99.86075592041016,72.08329010009766,242.1300048828125,20.683862686157227,84.06086730957031
