T,K,side,iv
0.020283517373311025,685.0,call,0.4166928448486328
0.020283517373311025,700.0,call,0.33765310791015624
0.020283517373311025,705.0,call,0.31201859863281245
0.020283517373311025,710.0,call,0.28766581481933584
0.020283517373311025,720.0,call,0.21131159790039059
0.020283517373311025,725.0,call,0.21930712341308595
0.020283517373311025,730.0,call,0.20313296874999998
0.020283517373311025,735.0,call,0.18811847045898436
0.020283517373311025,740.0,call,0.15015498291015628
0.020283517373311025,745.0,call,0.14078618011474608
0.020283517373311025,750.0,call,0.13221082641601564
0.020283517373311025,755.0,call,0.1247035772705078
0.020283517373311025,760.0,call,0.11811184631347656
0.020283517373311025,765.0,call,0.1128018408203125
0.020283517373311025,675.0,put,0.2963937548828125
0.020283517373311025,680.0,put,0.28125718749999995
0.020283517373311025,685.0,put,0.26538820556640624
0.020283517373311025,690.0,put,0.2512281909179687
0.020283517373311025,695.0,put,0.23780059082031246
0.020283517373311025,700.0,put,0.22510540527343748
0.020283517373311025,705.0,put,0.213875048828125
0.020283517373311025,710.0,put,0.20294986511230467
0.020283517373311025,715.0,put,0.19312330322265625
0.020283517373311025,720.0,put,0.18433432861328125
0.020283517373311025,725.0,put,0.17615569946289064
0.020283517373311025,730.0,put,0.1680991394042969
0.020283517373311025,735.0,put,0.1609275802612305
0.020283517373311025,740.0,put,0.15387809020996096
0.020283517373311025,745.0,put,0.17551483673095702
0.020283517373311025,750.0,put,0.17237155761718753
0.020283517373311025,755.0,put,0.17487397399902344
0.020283517373311025,760.0,put,0.18457846679687498
0.020283517373311025,765.0,put,0.20117986328124998
0.03123492052183943,505.0,call,0.999023447265625
0.03123492052183943,510.0,call,0.9841310180664062
0.03123492052183943,520.0,call,0.9335944140625
0.03123492052183943,525.0,call,0.9165047412109376
0.03123492052183943,530.0,call,0.8881847119140623
0.03123492052183943,535.0,call,0.8728040063476561
0.03123492052183943,560.0,call,0.7697776928710938
0.03123492052183943,570.0,call,0.7324245507812499
0.03123492052183943,575.0,call,0.6435582519531251
0.03123492052183943,580.0,call,0.6867707104492189
0.03123492052183943,590.0,call,0.6523472265625001
0.03123492052183943,595.0,call,0.6279334082031252
0.03123492052183943,600.0,call,0.6137733935546876
0.03123492052183943,610.0,call,0.5747112841796875
0.03123492052183943,615.0,call,0.5556685058593751
0.03123492052183943,625.0,call,0.5127001855468749
0.03123492052183943,630.0,call,0.594730615234375
0.03123492052183943,635.0,call,0.569340244140625
0.03123492052183943,640.0,call,0.5396774548339844
0.03123492052183943,645.0,call,0.5288743402099609
0.03123492052183943,650.0,call,0.5062305236816407
0.03123492052183943,655.0,call,0.4840139489746094
0.03123492052183943,660.0,call,0.45715874877929696
0.03123492052183943,665.0,call,0.4409235595703125
0.03123492052183943,670.0,call,0.4171811212158203
0.03123492052183943,675.0,call,0.39722282470703124
0.03123492052183943,680.0,call,0.370123486328125
0.03123492052183943,685.0,call,0.3493717407226562
0.03123492052183943,690.0,call,0.3034737622070312
0.03123492052183943,695.0,call,0.30927204406738285
0.03123492052183943,700.0,call,0.29041236938476556
0.03123492052183943,701.0,call,0.2868113311767577
0.03123492052183943,702.0,call,0.28314925842285155
0.03123492052183943,703.0,call,0.27973132385253896
0.03123492052183943,704.0,call,0.2763133892822265
0.03123492052183943,705.0,call,0.2727733856201171
0.03123492052183943,706.0,call,0.2695385546875
0.03123492052183943,707.0,call,0.26618165466308596
0.03123492052183943,708.0,call,0.2627637200927735
0.03123492052183943,709.0,call,0.2595899237060547
0.03123492052183943,710.0,call,0.2563550927734375
0.03123492052183943,711.0,call,0.25299819274902346
0.03123492052183943,712.0,call,0.24988543090820312
0.03123492052183943,713.0,call,0.24665059997558597
0.03123492052183943,714.0,call,0.24362938995361327
0.03123492052183943,715.0,call,0.24048611083984373
0.03123492052183943,716.0,call,0.23401644897460935
0.03123492052183943,717.0,call,0.2312393771362305
0.03123492052183943,718.0,call,0.2283402362060547
0.03123492052183943,719.0,call,0.225593681640625
0.03123492052183943,720.0,call,0.22272505798339842
0.03123492052183943,721.0,call,0.21900195068359374
0.03123492052183943,722.0,call,0.21656056884765623
0.03123492052183943,723.0,call,0.2142107388305664
0.03123492052183943,724.0,call,0.21192194335937498
0.03123492052183943,725.0,call,0.20948056152343747
0.03123492052183943,726.0,call,0.20771055969238278
0.03123492052183943,727.0,call,0.20533021240234373
0.03123492052183943,728.0,call,0.20337710693359373
0.03123492052183943,729.0,call,0.2010577941894531
0.03123492052183943,730.0,call,0.18140467041015623
0.03123492052183943,731.0,call,0.19702951416015624
0.03123492052183943,732.0,call,0.1946796841430664
0.03123492052183943,733.0,call,0.19272657867431642
0.03123492052183943,734.0,call,0.1909260595703125
0.03123492052183943,735.0,call,0.1676108630371094
0.03123492052183943,736.0,call,0.1749960430908203
0.03123492052183943,737.0,call,0.1855855368041992
0.03123492052183943,738.0,call,0.1779257012939453
0.03123492052183943,739.0,call,0.16358258300781253
0.03123492052183943,740.0,call,0.15769274932861327
0.03123492052183943,741.0,call,0.1563805065917969
0.03123492052183943,742.0,call,0.15473257385253908
0.03123492052183943,743.0,call,0.15332877929687502
0.03123492052183943,744.0,call,0.15174188110351564
0.03123492052183943,745.0,call,0.15015498291015628
0.03123492052183943,746.0,call,0.14859860198974612
0.03123492052183943,747.0,call,0.14719480743408203
0.03123492052183943,748.0,call,0.14563842651367187
0.03123492052183943,749.0,call,0.14402101104736326
0.03123492052183943,750.0,call,0.14258669921875
0.03123492052183943,751.0,call,0.14112187011718752
0.03123492052183943,752.0,call,0.139657041015625
0.03123492052183943,753.0,call,0.13816169464111328
0.03123492052183943,754.0,call,0.13660531372070314
0.03123492052183943,755.0,call,0.13526255371093754
0.03123492052183943,756.0,call,0.13367565551757812
0.03123492052183943,757.0,call,0.13227186096191407
0.03123492052183943,758.0,call,0.13092910095214844
0.03123492052183943,759.0,call,0.12952530639648438
0.03123492052183943,760.0,call,0.12848771911621093
0.03123492052183943,761.0,call,0.12720599365234375
0.03123492052183943,762.0,call,0.125985302734375
0.03123492052183943,763.0,call,0.12494771545410156
0.03123492052183943,764.0,call,0.12366598999023437
0.03123492052183943,765.0,call,0.12268943725585937
0.03123492052183943,766.0,call,0.12195702270507813
0.03123492052183943,767.0,call,0.12122460815429686
0.03123492052183943,768.0,call,0.12049219360351562
0.03123492052183943,769.0,call,0.11975977905273436
0.03123492052183943,770.0,call,0.11914943359374999
0.03123492052183943,771.0,call,0.1186611572265625
0.03123492052183943,772.0,call,0.11853908813476563
0.03123492052183943,773.0,call,0.11792874267578124
0.03123492052183943,774.0,call,0.11792874267578124
0.03123492052183943,775.0,call,0.11841701904296875
0.03123492052183943,779.0,call,0.1211025390625
0.03123492052183943,781.0,call,0.12476461181640625
0.03123492052183943,782.0,call,0.12549702636718751
0.03123492052183943,510.0,put,0.6875031250000001
0.03123492052183943,525.0,put,0.6601596484375001
0.03123492052183943,530.0,put,0.6445348046875
0.03123492052183943,540.0,put,0.6191444335937502
0.03123492052183943,550.0,put,0.6015664843750002
0.03123492052183943,555.0,put,0.584965087890625
0.03123492052183943,560.0,put,0.5742230078125
0.03123492052183943,565.0,put,0.5634809277343751
0.03123492052183943,570.0,put,0.55273884765625
0.03123492052183943,575.0,put,0.5361374511718751
0.03123492052183943,580.0,put,0.524418818359375
0.03123492052183943,585.0,put,0.5117236328125
0.03123492052183943,590.0,put,0.5009815527343751
0.03123492052183943,595.0,put,0.48828636718750007
0.03123492052183943,600.0,put,0.47510290527343746
0.03123492052183943,605.0,put,0.46143116699218756
0.03123492052183943,610.0,put,0.44775942871093743
0.03123492052183943,615.0,put,0.43408769042968753
0.03123492052183943,620.0,put,0.41992767578125
0.03123492052183943,625.0,put,0.4057676611328125
0.03123492052183943,630.0,put,0.39160764648437496
0.03123492052183943,635.0,put,0.37915659912109373
0.03123492052183943,640.0,put,0.36426416992187505
0.03123492052183943,645.0,put,0.3513248461914062
0.03123492052183943,650.0,put,0.33618827880859375
0.03123492052183943,655.0,put,0.3225165405273437
0.03123492052183943,660.0,put,0.30982135498046875
0.03123492052183943,665.0,put,0.2966378930664062
0.03123492052183943,670.0,put,0.28394270751953116
0.03123492052183943,675.0,put,0.27075924560546877
0.03123492052183943,680.0,put,0.25879647460937505
0.03123492052183943,685.0,put,0.24732197998046873
0.03123492052183943,690.0,put,0.23596955444335935
0.03123492052183943,695.0,put,0.22571575073242187
0.03123492052183943,700.0,put,0.21613332702636717
0.03123492052183943,701.0,put,0.21448539428710936
0.03123492052183943,702.0,put,0.21277642700195312
0.03123492052183943,703.0,put,0.21094539062499998
0.03123492052183943,704.0,put,0.2089312506103515
0.03123492052183943,705.0,put,0.20728331787109372
0.03123492052183943,706.0,put,0.20587952331542966
0.03123492052183943,707.0,put,0.2039874523925781
0.03123492052183943,708.0,put,0.20227848510742186
0.03123492052183943,709.0,put,0.20087469055175777
0.03123492052183943,710.0,put,0.19928779235839844
0.03123492052183943,711.0,put,0.19788399780273438
0.03123492052183943,712.0,put,0.19635813415527342
0.03123492052183943,713.0,put,0.19464916687011719
0.03123492052183943,714.0,put,0.1930622686767578
0.03123492052183943,715.0,put,0.19165847412109377
0.03123492052183943,716.0,put,0.1900715759277344
0.03123492052183943,717.0,put,0.18860674682617187
0.03123492052183943,718.0,put,0.18720295227050782
0.03123492052183943,719.0,put,0.1859212268066406
0.03123492052183943,720.0,put,0.18439536315917968
0.03123492052183943,721.0,put,0.1829610513305664
0.03123492052183943,722.0,put,0.18158777404785154
0.03123492052183943,723.0,put,0.1801839794921875
0.03123492052183943,724.0,put,0.1788717367553711
0.03123492052183943,725.0,put,0.1775594940185547
0.03123492052183943,726.0,put,0.17621673400878907
0.03123492052183943,727.0,put,0.1746603530883789
0.03123492052183943,728.0,put,0.17328707580566405
0.03123492052183943,729.0,put,0.17194431579589847
0.03123492052183943,730.0,put,0.17072362487792972
0.03123492052183943,731.0,put,0.1692587957763672
0.03123492052183943,732.0,put,0.16791603576660158
0.03123492052183943,733.0,put,0.16651224121093755
0.03123492052183943,734.0,put,0.165047412109375
0.03123492052183943,735.0,put,0.1637046520996094
0.03123492052183943,736.0,put,0.16227034027099607
0.03123492052183943,737.0,put,0.16089706298828127
0.03123492052183943,738.0,put,0.15961533752441404
0.03123492052183943,739.0,put,0.15821154296875
0.03123492052183943,740.0,put,0.1568382656860352
0.03123492052183943,741.0,put,0.15552602294921875
0.03123492052183943,742.0,put,0.15406119384765626
0.03123492052183943,743.0,put,0.15265739929199224
0.03123492052183943,744.0,put,0.15143670837402345
0.03123492052183943,745.0,put,0.16248396118164063
0.03123492052183943,746.0,put,0.17136448760986328
0.03123492052183943,747.0,put,0.17035741760253909
0.03123492052183943,748.0,put,0.1694418994140625
0.03123492052183943,749.0,put,0.16834327758789067
0.03123492052183943,750.0,put,0.16751931121826175
0.03123492052183943,751.0,put,0.1667563793945313
0.03123492052183943,752.0,put,0.16602396484375004
0.03123492052183943,753.0,put,0.16556620574951175
0.03123492052183943,754.0,put,0.1651999984741211
0.03123492052183943,755.0,put,0.16492534301757814
0.03123492052183943,756.0,put,0.16498637756347656
0.03123492052183943,757.0,put,0.1651694812011719
0.03123492052183943,758.0,put,0.16553568847656253
0.03123492052183943,759.0,put,0.16602396484375004
0.03123492052183943,760.0,put,0.16724465576171876
0.03123492052183943,761.0,put,0.16797707031250003
0.03123492052183943,762.0,put,0.16922827850341798
0.03123492052183943,763.0,put,0.1710287976074219
0.03123492052183943,764.0,put,0.17292086853027344
0.03123492052183943,765.0,put,0.1754843194580078
0.03123492052183943,766.0,put,0.17737639038085937
0.03123492052183943,767.0,put,0.17993984130859375
0.03123492052183943,768.0,put,0.18647053771972655
0.03123492052183943,770.0,put,0.19275709594726562
0.03123492052183943,771.0,put,0.19623606506347657
0.03123492052183943,773.0,put,0.20331607238769528
0.03123492052183943,774.0,put,0.2069781451416015
0.03123492052183943,775.0,put,0.21021297607421874
0.03123492052183943,779.0,put,0.22614299255371095
0.03123492052183943,780.0,put,0.23023230712890624
0.03123492052183943,781.0,put,0.23395541442871093
0.03123492052183943,785.0,put,0.24958025817871093
0.03123492052183943,787.0,put,0.2574537145996094
0.03123492052183943,790.0,put,0.26868407104492187
0.03123492052183943,792.0,put,0.2763133892822265
0.03123492052183943,795.0,put,0.2868723657226562
0.03123492052183943,800.0,put,0.30542686767578126
0.03123492052183943,805.0,put,0.3236151623535155
0.03123492052183943,810.0,put,0.3414372497558594
0.03123492052183943,815.0,put,0.3585269226074219
0.04218632367036783,475.0,call,0.9853517089843751
0.04218632367036783,485.0,call,0.9594730615234374
0.04218632367036783,500.0,call,0.8964854101562498
0.04218632367036783,507.0,call,0.8632826171875
0.04218632367036783,510.0,call,0.858399853515625
0.04218632367036783,516.0,call,0.834718449707031
0.04218632367036783,520.0,call,0.8234880932617187
0.04218632367036783,521.0,call,0.8188494677734374
0.04218632367036783,525.0,call,0.8034687622070311
0.04218632367036783,526.0,call,0.7954122021484374
0.04218632367036783,530.0,call,0.7861349511718749
0.04218632367036783,536.0,call,0.762697685546875
0.04218632367036783,540.0,call,0.7495142236328125
0.04218632367036783,545.0,call,0.7299831689453125
0.04218632367036783,550.0,call,0.7075224560546876
0.04218632367036783,551.0,call,0.7082548706054688
0.04218632367036783,552.0,call,0.7050810742187501
0.04218632367036783,555.0,call,0.6921417504882813
0.04218632367036783,557.0,call,0.6853058813476562
0.04218632367036783,558.0,call,0.684573466796875
0.04218632367036783,560.0,call,0.6765169067382814
0.04218632367036783,561.0,call,0.663333444824219
0.04218632367036783,563.0,call,0.6638217211914064
0.04218632367036783,565.0,call,0.6569858520507813
0.04218632367036783,570.0,call,0.641605146484375
0.04218632367036783,571.0,call,0.6373327282714845
0.04218632367036783,573.0,call,0.6311072045898438
0.04218632367036783,575.0,call,0.6189002954101563
0.04218632367036783,578.0,call,0.6145058081054688
0.04218632367036783,579.0,call,0.5170946728515625
0.04218632367036783,580.0,call,0.6066933862304689
0.04218632367036783,582.0,call,0.5996133789062501
0.04218632367036783,583.0,call,0.5493209130859377
0.04218632367036783,585.0,call,0.5892375061035158
0.04218632367036783,590.0,call,0.5727581787109376
0.04218632367036783,591.0,call,0.5690961059570312
0.04218632367036783,594.0,call,0.5295457202148439
0.04218632367036783,595.0,call,0.5510298803710938
0.04218632367036783,597.0,call,0.5485884985351563
0.04218632367036783,600.0,call,0.5336960693359375
0.04218632367036783,602.0,call,0.532231240234375
0.04218632367036783,604.0,call,0.4953663745117188
0.04218632367036783,605.0,call,0.5219774365234374
0.04218632367036783,608.0,call,0.5122119091796875
0.04218632367036783,609.0,call,0.5086719055175781
0.04218632367036783,610.0,call,0.5288133056640626
0.04218632367036783,611.0,call,0.5892375061035158
0.04218632367036783,612.0,call,0.5918009570312501
0.04218632367036783,614.0,call,0.5832561206054687
0.04218632367036783,615.0,call,0.5798381860351562
0.04218632367036783,616.0,call,0.5762981823730469
0.04218632367036783,617.0,call,0.572391971435547
0.04218632367036783,618.0,call,0.5678754150390625
0.04218632367036783,619.0,call,0.5638471350097658
0.04218632367036783,620.0,call,0.5598188549804688
0.04218632367036783,621.0,call,0.5474898767089844
0.04218632367036783,622.0,call,0.4770560107421875
0.04218632367036783,623.0,call,0.5448043566894532
0.04218632367036783,624.0,call,0.4699760034179688
0.04218632367036783,625.0,call,0.5354050366210938
0.04218632367036783,628.0,call,0.5294846856689455
0.04218632367036783,629.0,call,0.45203184692382814
0.04218632367036783,630.0,call,0.5214891601562499
0.04218632367036783,632.0,call,0.5150194982910157
0.04218632367036783,633.0,call,0.5100757000732423
0.04218632367036783,634.0,call,0.49786879089355474
0.04218632367036783,635.0,call,0.49927258544921876
0.04218632367036783,636.0,call,0.4924367163085938
0.04218632367036783,637.0,call,0.49231464721679696
0.04218632367036783,639.0,call,0.4881032635498047
0.04218632367036783,640.0,call,0.47522497436523436
0.04218632367036783,641.0,call,0.47876497802734375
0.04218632367036783,642.0,call,0.4738822143554688
0.04218632367036783,643.0,call,0.4726615234375
0.04218632367036783,644.0,call,0.4682670361328125
0.04218632367036783,645.0,call,0.4611259942626954
0.04218632367036783,646.0,call,0.4611870288085938
0.04218632367036783,647.0,call,0.4563042651367188
0.04218632367036783,648.0,call,0.4523370196533204
0.04218632367036783,649.0,call,0.4470270141601562
0.04218632367036783,650.0,call,0.44220528503417966
0.04218632367036783,651.0,call,0.4408014904785156
0.04218632367036783,652.0,call,0.38867798828125
0.04218632367036783,653.0,call,0.4285945812988281
0.04218632367036783,654.0,call,0.4246883703613281
0.04218632367036783,655.0,call,0.422857333984375
0.04218632367036783,656.0,call,0.4167538793945312
0.04218632367036783,657.0,call,0.4190731921386719
0.04218632367036783,658.0,call,0.39905386108398444
0.04218632367036783,659.0,call,0.4118711157226562
0.04218632367036783,660.0,call,0.4022276574707031
0.04218632367036783,661.0,call,0.40430283203125
0.04218632367036783,662.0,call,0.39588006469726567
0.04218632367036783,663.0,call,0.39624627197265627
0.04218632367036783,664.0,call,0.24536887451171874
0.04218632367036783,665.0,call,0.38355108642578123
0.04218632367036783,666.0,call,0.37995004821777345
0.04218632367036783,667.0,call,0.38172005004882803
0.04218632367036783,668.0,call,0.3723817645263672
0.04218632367036783,669.0,call,0.3687807263183594
0.04218632367036783,670.0,call,0.3651796881103516
0.04218632367036783,671.0,call,0.36157864990234373
0.04218632367036783,672.0,call,0.3579165771484375
0.04218632367036783,673.0,call,0.35425450439453116
0.04218632367036783,674.0,call,0.3505924316406249
0.04218632367036783,675.0,call,0.3469913934326171
0.04218632367036783,676.0,call,0.34326828613281246
0.04218632367036783,677.0,call,0.3399724206542969
0.04218632367036783,678.0,call,0.3363103479003906
0.04218632367036783,679.0,call,0.332587240600586
0.04218632367036783,680.0,call,0.32923034057617184
0.04218632367036783,681.0,call,0.3255072332763671
0.04218632367036783,682.0,call,0.3221503332519531
0.04218632367036783,683.0,call,0.31873239868164055
0.04218632367036783,684.0,call,0.315314464111328
0.04218632367036783,685.0,call,0.3118354949951171
0.04218632367036783,686.0,call,0.3083565258789062
0.04218632367036783,687.0,call,0.30524376403808595
0.04218632367036783,688.0,call,0.30170376037597657
0.04218632367036783,689.0,call,0.2985299639892578
0.04218632367036783,690.0,call,0.29529513305664057
0.04218632367036783,691.0,call,0.29169409484863273
0.04218632367036783,692.0,call,0.2887034020996093
0.04218632367036783,693.0,call,0.2854075366210937
0.04218632367036783,694.0,call,0.2820506365966796
0.04218632367036783,695.0,call,0.27899890930175775
0.04218632367036783,696.0,call,0.2758861474609374
0.04218632367036783,697.0,call,0.2730175238037109
0.04218632367036783,698.0,call,0.26984372741699214
0.04218632367036783,699.0,call,0.2668530346679688
0.04218632367036783,700.0,call,0.26416751464843746
0.04218632367036783,701.0,call,0.2611157873535156
0.04218632367036783,702.0,call,0.25830819824218754
0.04218632367036783,703.0,call,0.255439574584961
0.04218632367036783,704.0,call,0.25275405456542965
0.04218632367036783,705.0,call,0.2500075
0.04218632367036783,706.0,call,0.2472609454345703
0.04218632367036783,707.0,call,0.24463645996093752
0.04218632367036783,708.0,call,0.2417068017578125
0.04218632367036783,709.0,call,0.23899076446533202
0.04218632367036783,710.0,call,0.23642731353759766
0.04218632367036783,711.0,call,0.2335586898803711
0.04218632367036783,712.0,call,0.2310562734985352
0.04218632367036783,713.0,call,0.2287064434814453
0.04218632367036783,714.0,call,0.2262650616455078
0.04218632367036783,715.0,call,0.22376264526367184
0.04218632367036783,716.0,call,0.2215654016113281
0.04218632367036783,717.0,call,0.2163469479370117
0.04218632367036783,718.0,call,0.21381401428222657
0.04218632367036783,719.0,call,0.21155573608398434
0.04218632367036783,720.0,call,0.19309278594970702
0.04218632367036783,721.0,call,0.20749693878173825
0.04218632367036783,722.0,call,0.2052996951293945
0.04218632367036783,723.0,call,0.2033465896606445
0.04218632367036783,724.0,call,0.20127141510009766
0.04218632367036783,725.0,call,0.19739572143554687
0.04218632367036783,726.0,call,0.19779244598388673
0.04218632367036783,727.0,call,0.1958088232421875
0.04218632367036783,728.0,call,0.19388623504638675
0.04218632367036783,729.0,call,0.1871419177246094
0.04218632367036783,730.0,call,0.19043778320312502
0.04218632367036783,731.0,call,0.18076380767822264
0.04218632367036783,732.0,call,0.18131311859130855
0.04218632367036783,733.0,call,0.1754843194580078
0.04218632367036783,734.0,call,0.1834798449707031
0.04218632367036783,735.0,call,0.1630637893676758
0.04218632367036783,736.0,call,0.1805501867675781
0.04218632367036783,737.0,call,0.17807828765869144
0.04218632367036783,738.0,call,0.17017431396484378
0.04218632367036783,739.0,call,0.16434551483154297
0.04218632367036783,740.0,call,0.15473257385253908
0.04218632367036783,741.0,call,0.15320671020507814
0.04218632367036783,742.0,call,0.15174188110351564
0.04218632367036783,743.0,call,0.1503686038208008
0.04218632367036783,744.0,call,0.14902584381103517
0.04218632367036783,745.0,call,0.1475610147094727
0.04218632367036783,746.0,call,0.14615722015380855
0.04218632367036783,747.0,call,0.14478394287109375
0.04218632367036783,748.0,call,0.14325807922363282
0.04218632367036783,749.0,call,0.1419458364868164
0.04218632367036783,750.0,call,0.1404504901123047
0.04218632367036783,751.0,call,0.13916876464843753
0.04218632367036783,752.0,call,0.13773445281982422
0.04218632367036783,753.0,call,0.13648324462890626
0.04218632367036783,754.0,call,0.135048932800293
0.04218632367036783,755.0,call,0.13382824188232423
0.04218632367036783,756.0,call,0.1324549645996094
0.04218632367036783,757.0,call,0.13126479095458982
0.04218632367036783,758.0,call,0.1301051345825195
0.04218632367036783,759.0,call,0.1287928918457031
0.04218632367036783,760.0,call,0.1277553045654297
0.04218632367036783,761.0,call,0.12653461364746094
0.04218632367036783,762.0,call,0.12537495727539064
0.04218632367036783,763.0,call,0.1243373699951172
0.04218632367036783,764.0,call,0.12342185180664064
0.04218632367036783,765.0,call,0.1223842645263672
0.04218632367036783,766.0,call,0.12152978088378906
0.04218632367036783,767.0,call,0.12055322814941406
0.04218632367036783,768.0,call,0.11994288269042967
0.04218632367036783,769.0,call,0.11927150268554687
0.04218632367036783,770.0,call,0.11853908813476563
0.04218632367036783,771.0,call,0.11792874267578124
0.04218632367036783,772.0,call,0.11744046630859376
0.04218632367036783,773.0,call,0.11701322448730468
0.04218632367036783,774.0,call,0.11683012084960936
0.04218632367036783,775.0,call,0.11695218994140624
0.04218632367036783,776.0,call,0.11683012084960936
0.04218632367036783,777.0,call,0.117196328125
0.04218632367036783,778.0,call,0.117196328125
0.04218632367036783,779.0,call,0.11695218994140624
0.04218632367036783,780.0,call,0.11744046630859376
0.04218632367036783,781.0,call,0.11744046630859376
0.04218632367036783,782.0,call,0.1186611572265625
0.04218632367036783,783.0,call,0.11988184814453123
0.04218632367036783,791.0,call,0.129891513671875
0.04218632367036783,480.0,put,0.6914093359375001
0.04218632367036783,495.0,put,0.65820654296875
0.04218632367036783,504.0,put,0.63086306640625
0.04218632367036783,507.0,put,0.63086306640625
0.04218632367036783,508.0,put,0.6289099609375001
0.04218632367036783,510.0,put,0.62305064453125
0.04218632367036783,512.0,put,0.6171913281250001
0.04218632367036783,513.0,put,0.6132851171875001
0.04218632367036783,514.0,put,0.6152382226562501
0.04218632367036783,515.0,put,0.6152382226562501
0.04218632367036783,517.0,put,0.6093789062500001
0.04218632367036783,521.0,put,0.5976602734375001
0.04218632367036783,522.0,put,0.59570716796875
0.04218632367036783,523.0,put,0.5996133789062501
0.04218632367036783,524.0,put,0.596683720703125
0.04218632367036783,525.0,put,0.5937540625000001
0.04218632367036783,526.0,put,0.5898478515625001
0.04218632367036783,527.0,put,0.58789474609375
0.04218632367036783,528.0,put,0.5839885351562499
0.04218632367036783,529.0,put,0.5820354296875
0.04218632367036783,530.0,put,0.584965087890625
0.04218632367036783,531.0,put,0.5820354296875
0.04218632367036783,532.0,put,0.579105771484375
0.04218632367036783,533.0,put,0.57617611328125
0.04218632367036783,534.0,put,0.5732464550781251
0.04218632367036783,535.0,put,0.570316796875
0.04218632367036783,536.0,put,0.567387138671875
0.04218632367036783,537.0,put,0.567387138671875
0.04218632367036783,538.0,put,0.567387138671875
0.04218632367036783,539.0,put,0.5644574804687501
0.04218632367036783,540.0,put,0.561527822265625
0.04218632367036783,541.0,put,0.5585981640625001
0.04218632367036783,542.0,put,0.5556685058593751
0.04218632367036783,543.0,put,0.5546919531250001
0.04218632367036783,544.0,put,0.5546919531250001
0.04218632367036783,545.0,put,0.551762294921875
0.04218632367036783,546.0,put,0.5488326367187502
0.04218632367036783,547.0,put,0.5459029785156251
0.04218632367036783,548.0,put,0.5429733203125001
0.04218632367036783,549.0,put,0.5429733203125001
0.04218632367036783,550.0,put,0.5419967675781252
0.04218632367036783,551.0,put,0.5390671093750001
0.04218632367036783,552.0,put,0.5361374511718751
0.04218632367036783,553.0,put,0.53320779296875
0.04218632367036783,554.0,put,0.5302781347656251
0.04218632367036783,555.0,put,0.5273484765625001
0.04218632367036783,556.0,put,0.526371923828125
0.04218632367036783,557.0,put,0.52539537109375
0.04218632367036783,558.0,put,0.5224657128906249
0.04218632367036783,559.0,put,0.5195360546875
0.04218632367036783,560.0,put,0.516606396484375
0.04218632367036783,561.0,put,0.51562984375
0.04218632367036783,562.0,put,0.514653291015625
0.04218632367036783,563.0,put,0.5117236328125
0.04218632367036783,564.0,put,0.508793974609375
0.04218632367036783,565.0,put,0.50586431640625
0.04218632367036783,566.0,put,0.5029346582031251
0.04218632367036783,567.0,put,0.5019581054687501
0.04218632367036783,568.0,put,0.5009815527343751
0.04218632367036783,569.0,put,0.500005
0.04218632367036783,570.0,put,0.49707534179687507
0.04218632367036783,571.0,put,0.49414568359375005
0.04218632367036783,572.0,put,0.49121602539062503
0.04218632367036783,573.0,put,0.49170430175781255
0.04218632367036783,574.0,put,0.48828636718750007
0.04218632367036783,575.0,put,0.485356708984375
0.04218632367036783,576.0,put,0.48242705078125003
0.04218632367036783,577.0,put,0.47949739257812496
0.04218632367036783,578.0,put,0.47998566894531247
0.04218632367036783,579.0,put,0.4770560107421875
0.04218632367036783,580.0,put,0.47412635253906255
0.04218632367036783,581.0,put,0.47119669433593747
0.04218632367036783,582.0,put,0.4682670361328125
0.04218632367036783,583.0,put,0.4682670361328125
0.04218632367036783,584.0,put,0.46533737792968755
0.04218632367036783,585.0,put,0.4624077197265626
0.04218632367036783,586.0,put,0.4594780615234375
0.04218632367036783,587.0,put,0.45654840332031255
0.04218632367036783,588.0,put,0.45606012695312503
0.04218632367036783,589.0,put,0.45313046875
0.04218632367036783,590.0,put,0.450200810546875
0.04218632367036783,591.0,put,0.44727115234375
0.04218632367036783,592.0,put,0.44434149414062496
0.04218632367036783,593.0,put,0.44434149414062496
0.04218632367036783,594.0,put,0.4414118359375
0.04218632367036783,595.0,put,0.43848217773437503
0.04218632367036783,596.0,put,0.43555251953125
0.04218632367036783,597.0,put,0.43506424316406256
0.04218632367036783,598.0,put,0.4321345849609375
0.04218632367036783,599.0,put,0.4292049267578125
0.04218632367036783,600.0,put,0.42578699218750005
0.04218632367036783,601.0,put,0.422857333984375
0.04218632367036783,602.0,put,0.42236905761718746
0.04218632367036783,603.0,put,0.4194393994140625
0.04218632367036783,604.0,put,0.4165097412109374
0.04218632367036783,605.0,put,0.41358008300781246
0.04218632367036783,606.0,put,0.41309180664062495
0.04218632367036783,607.0,put,0.4101621484375
0.04218632367036783,608.0,put,0.407232490234375
0.04218632367036783,609.0,put,0.40405869384765625
0.04218632367036783,610.0,put,0.40332627929687503
0.04218632367036783,611.0,put,0.40039662109375
0.04218632367036783,612.0,put,0.397466962890625
0.04218632367036783,613.0,put,0.39649041015625003
0.04218632367036783,614.0,put,0.393560751953125
0.04218632367036783,615.0,put,0.39063109375
0.04218632367036783,616.0,put,0.387701435546875
0.04218632367036783,617.0,put,0.38672488281249995
0.04218632367036783,618.0,put,0.383795224609375
0.04218632367036783,619.0,put,0.3806214282226562
0.04218632367036783,620.0,put,0.3794007373046875
0.04218632367036783,621.0,put,0.3764710791015625
0.04218632367036783,622.0,put,0.37354142089843745
0.04218632367036783,623.0,put,0.37256486816406253
0.04218632367036783,624.0,put,0.36939107177734376
0.04218632367036783,625.0,put,0.36646141357421874
0.04218632367036783,626.0,put,0.36524072265625
0.04218632367036783,627.0,put,0.362311064453125
0.04218632367036783,628.0,put,0.35938140625
0.04218632367036783,629.0,put,0.3579165771484375
0.04218632367036783,630.0,put,0.3549869189453124
0.04218632367036783,631.0,put,0.35205726074218746
0.04218632367036783,632.0,put,0.3505924316406249
0.04218632367036783,633.0,put,0.34766277343749996
0.04218632367036783,634.0,put,0.344733115234375
0.04218632367036783,635.0,put,0.34326828613281246
0.04218632367036783,636.0,put,0.34009448974609374
0.04218632367036783,637.0,put,0.3386296606445312
0.04218632367036783,638.0,put,0.33570000244140624
0.04218632367036783,639.0,put,0.3325262060546875
0.04218632367036783,640.0,put,0.331061376953125
0.04218632367036783,641.0,put,0.32813171874999997
0.04218632367036783,642.0,put,0.32642275146484373
0.04218632367036783,643.0,put,0.3232489550781249
0.04218632367036783,644.0,put,0.3217841259765625
0.04218632367036783,645.0,put,0.3186103295898437
0.04218632367036783,646.0,put,0.31690136230468746
0.04218632367036783,647.0,put,0.3139717041015625
0.04218632367036783,648.0,put,0.31201859863281245
0.04218632367036783,649.0,put,0.3090889404296875
0.04218632367036783,650.0,put,0.3073799731445312
0.04218632367036783,651.0,put,0.3042061767578125
0.04218632367036783,652.0,put,0.30225307128906254
0.04218632367036783,653.0,put,0.30054410400390624
0.04218632367036783,654.0,put,0.2973703076171874
0.04218632367036783,655.0,put,0.2954172021484375
0.04218632367036783,656.0,put,0.2934640966796874
0.04218632367036783,657.0,put,0.2902903002929687
0.04218632367036783,658.0,put,0.28833719482421866
0.04218632367036783,659.0,put,0.2863840893554687
0.04218632367036783,660.0,put,0.2841868457031249
0.04218632367036783,661.0,put,0.282233740234375
0.04218632367036783,662.0,put,0.28003649658203117
0.04218632367036783,663.0,put,0.27686270019531245
0.04218632367036783,664.0,put,0.27466545654296876
0.04218632367036783,665.0,put,0.27246821289062495
0.04218632367036783,666.0,put,0.27027096923828126
0.04218632367036783,667.0,put,0.26807372558593745
0.04218632367036783,668.0,put,0.266608896484375
0.04218632367036783,669.0,put,0.2644116528320312
0.04218632367036783,670.0,put,0.26197027099609377
0.04218632367036783,671.0,put,0.25965095825195317
0.04218632367036783,672.0,put,0.2573316455078125
0.04218632367036783,673.0,put,0.2556226782226563
0.04218632367036783,674.0,put,0.25318129638671877
0.04218632367036783,675.0,put,0.2514723291015625
0.04218632367036783,676.0,put,0.24890887817382812
0.04218632367036783,677.0,put,0.247077841796875
0.04218632367036783,678.0,put,0.2452468054199219
0.04218632367036783,679.0,put,0.24341576904296874
0.04218632367036783,680.0,put,0.24134059448242187
0.04218632367036783,681.0,put,0.23938748901367185
0.04218632367036783,682.0,put,0.23731231445312498
0.04218632367036783,683.0,put,0.2352371398925781
0.04218632367036783,684.0,put,0.23303989624023438
0.04218632367036783,685.0,put,0.231452998046875
0.04218632367036783,686.0,put,0.22925575439453127
0.04218632367036783,687.0,put,0.2274247180175781
0.04218632367036783,688.0,put,0.22571575073242187
0.04218632367036783,689.0,put,0.22376264526367184
0.04218632367036783,690.0,put,0.22187057434082028
0.04218632367036783,691.0,put,0.22034471069335934
0.04218632367036783,692.0,put,0.21826953613281247
0.04218632367036783,693.0,put,0.2166826379394531
0.04218632367036783,694.0,put,0.21497367065429687
0.04218632367036783,695.0,put,0.21314263427734376
0.04218632367036783,696.0,put,0.21167780517578122
0.04218632367036783,697.0,put,0.20972469970703123
0.04218632367036783,698.0,put,0.20807676696777339
0.04218632367036783,699.0,put,0.20673400695800775
0.04218632367036783,700.0,put,0.2049640051269531
0.04218632367036783,701.0,put,0.20337710693359373
0.04218632367036783,702.0,put,0.20179020874023437
0.04218632367036783,703.0,put,0.2003864141845703
0.04218632367036783,704.0,put,0.19886055053710935
0.04218632367036783,705.0,put,0.19727365234375
0.04218632367036783,706.0,put,0.1959308923339844
0.04218632367036783,707.0,put,0.19440502868652343
0.04218632367036783,708.0,put,0.1930622686767578
0.04218632367036783,709.0,put,0.19159743957519532
0.04218632367036783,710.0,put,0.19031571411132814
0.04218632367036783,711.0,put,0.18891191955566405
0.04218632367036783,712.0,put,0.1873555386352539
0.04218632367036783,713.0,put,0.1859212268066406
0.04218632367036783,714.0,put,0.1846395013427734
0.04218632367036783,715.0,put,0.18341881042480468
0.04218632367036783,716.0,put,0.18207605041503905
0.04218632367036783,717.0,put,0.1808248422241211
0.04218632367036783,718.0,put,0.17939053039550779
0.04218632367036783,719.0,put,0.17807828765869144
0.04218632367036783,720.0,put,0.176766044921875
0.04218632367036783,721.0,put,0.17554535400390625
0.04218632367036783,722.0,put,0.17414155944824222
0.04218632367036783,723.0,put,0.1729819030761719
0.04218632367036783,724.0,put,0.17163914306640626
0.04218632367036783,725.0,put,0.17032690032958986
0.04218632367036783,726.0,put,0.16901465759277345
0.04218632367036783,727.0,put,0.16773293212890628
0.04218632367036783,728.0,put,0.16660379302978523
0.04218632367036783,729.0,put,0.16529155029296877
0.04218632367036783,730.0,put,0.16394879028320314
0.04218632367036783,731.0,put,0.16257551300048828
0.04218632367036783,732.0,put,0.1613548220825195
0.04218632367036783,733.0,put,0.15992051025390625
0.04218632367036783,734.0,put,0.15860826751708984
0.04218632367036783,735.0,put,0.1574180938720703
0.04218632367036783,736.0,put,0.15598378204345703
0.04218632367036783,737.0,put,0.15467153930664065
0.04218632367036783,738.0,put,0.15342033111572267
0.04218632367036783,739.0,put,0.15210808837890627
0.04218632367036783,740.0,put,0.1508263629150391
0.04218632367036783,741.0,put,0.14948360290527346
0.04218632367036783,742.0,put,0.1480492910766602
0.04218632367036783,743.0,put,0.14682860015869142
0.04218632367036783,744.0,put,0.14563842651367187
0.04218632367036783,745.0,put,0.14432618377685547
0.04218632367036783,746.0,put,0.16285016845703126
0.04218632367036783,747.0,put,0.16175154663085936
0.04218632367036783,748.0,put,0.16089706298828127
0.04218632367036783,749.0,put,0.15781481842041017
0.04218632367036783,750.0,put,0.15869981933593752
0.04218632367036783,751.0,put,0.15784533569335937
0.04218632367036783,752.0,put,0.1570824038696289
0.04218632367036783,753.0,put,0.15656361022949222
0.04218632367036783,754.0,put,0.1559532647705078
0.04218632367036783,755.0,put,0.1555870574951172
0.04218632367036783,756.0,put,0.15497671203613284
0.04218632367036783,757.0,put,0.15485464294433599
0.04218632367036783,758.0,put,0.1550377465820313
0.04218632367036783,759.0,put,0.15497671203613284
0.04218632367036783,760.0,put,0.15528188476562502
0.04218632367036783,761.0,put,0.1557701611328125
0.04218632367036783,762.0,put,0.15644154113769532
0.04218632367036783,763.0,put,0.1573570593261719
0.04218632367036783,764.0,put,0.15808947387695313
0.04218632367036783,765.0,put,0.1595543029785156
0.04218632367036783,766.0,put,0.161141201171875
0.04218632367036783,768.0,put,0.16480327392578126
0.04218632367036783,769.0,put,0.16974707214355472
0.04218632367036783,770.0,put,0.17218845397949223
0.04218632367036783,771.0,put,0.17450776672363283
0.04218632367036783,772.0,put,0.17701018310546873
0.04218632367036783,773.0,put,0.1800008758544922
0.04218632367036783,774.0,put,0.18293053405761717
0.04218632367036783,775.0,put,0.18555501953124998
0.04218632367036783,776.0,put,0.18836260864257812
0.04218632367036783,777.0,put,0.19171950866699222
0.04218632367036783,779.0,put,0.19867744689941402
0.04218632367036783,780.0,put,0.20197331237792968
0.04218632367036783,783.0,put,0.21161677062988277
0.04218632367036783,785.0,put,0.21857470886230468
0.04218632367036783,788.0,put,0.22852333984375
0.04218632367036783,790.0,put,0.23462679443359374
0.04218632367036783,795.0,put,0.3286199951171874
0.04218632367036783,800.0,put,0.2675244146728516
0.04218632367036783,805.0,put,0.28302718933105464
0.04218632367036783,810.0,put,0.2985909985351562
0.04218632367036783,820.0,put,0.32855896057128897
0.04218632367036783,825.0,put,0.34290207885742185
0.04218632367036783,830.0,put,0.3570620935058594
0.04218632367036783,850.0,put,0.41260353027343744
0.04218632367036783,855.0,put,0.42517664672851563
0.04218632367036783,900.0,put,0.5379684875488282
0.047662025244632034,500.0,call,0.8435074243164062
0.047662025244632034,505.0,call,0.8261736132812498
0.047662025244632034,525.0,call,0.7612328564453126
0.047662025244632034,540.0,call,0.7053252124023439
0.047662025244632034,600.0,call,0.554814022216797
0.047662025244632034,605.0,call,0.5874064697265625
0.047662025244632034,610.0,call,0.5664105859375
0.047662025244632034,625.0,call,0.5092822509765625
0.047662025244632034,635.0,call,0.47363807617187503
0.047662025244632034,640.0,call,0.4622246160888672
0.047662025244632034,650.0,call,0.4211483666992188
0.047662025244632034,655.0,call,0.4039366247558594
0.047662025244632034,660.0,call,0.3869079864501953
0.047662025244632034,665.0,call,0.36975727905273437
0.047662025244632034,670.0,call,0.35352208984374994
0.047662025244632034,675.0,call,0.33661552062988287
0.047662025244632034,680.0,call,0.32166205688476557
0.047662025244632034,685.0,call,0.3064644549560547
0.047662025244632034,690.0,call,0.29206030212402334
0.047662025244632034,695.0,call,0.27826649475097653
0.047662025244632034,700.0,call,0.26499148101806635
0.047662025244632034,701.0,call,0.2623975128173829
0.047662025244632034,702.0,call,0.2599561309814453
0.047662025244632034,703.0,call,0.25727061096191406
0.047662025244632034,704.0,call,0.25473767730712893
0.047662025244632034,705.0,call,0.25238784729003905
0.047662025244632034,706.0,call,0.24994646545410154
0.047662025244632034,707.0,call,0.2474745663452148
0.047662025244632034,708.0,call,0.2449416326904297
0.047662025244632034,710.0,call,0.24024197265624997
0.047662025244632034,711.0,call,0.2381362808227539
0.047662025244632034,712.0,call,0.2357254162597656
0.047662025244632034,715.0,call,0.22919471984863282
0.047662025244632034,716.0,call,0.22702799346923824
0.047662025244632034,717.0,call,0.22232833343505853
0.047662025244632034,718.0,call,0.22022264160156246
0.047662025244632034,719.0,call,0.2181779843139648
0.047662025244632034,720.0,call,0.2162248788452148
0.047662025244632034,721.0,call,0.21433280792236326
0.047662025244632034,722.0,call,0.21234918518066404
0.047662025244632034,723.0,call,0.21057918334960937
0.047662025244632034,724.0,call,0.20868711242675775
0.047662025244632034,725.0,call,0.20685607604980466
0.047662025244632034,726.0,call,0.20505555694580074
0.047662025244632034,727.0,call,0.20313296874999998
0.047662025244632034,728.0,call,0.20142400146484374
0.047662025244632034,729.0,call,0.18680622772216798
0.047662025244632034,730.0,call,0.19788399780273438
0.047662025244632034,731.0,call,0.1959003750610352
0.047662025244632034,732.0,call,0.19440502868652343
0.047662025244632034,733.0,call,0.19272657867431642
0.047662025244632034,734.0,call,0.17340914489746095
0.047662025244632034,735.0,call,0.17096776306152345
0.047662025244632034,736.0,call,0.1695639685058594
0.047662025244632034,737.0,call,0.18439536315917968
0.047662025244632034,738.0,call,0.1782003567504883
0.047662025244632034,739.0,call,0.17170017761230472
0.047662025244632034,740.0,call,0.16300275482177734
0.047662025244632034,741.0,call,0.1615074084472656
0.047662025244632034,742.0,call,0.1599815447998047
0.047662025244632034,743.0,call,0.15851671569824222
0.047662025244632034,744.0,call,0.15699085205078128
0.047662025244632034,745.0,call,0.15552602294921875
0.047662025244632034,746.0,call,0.15415274566650394
0.047662025244632034,747.0,call,0.15265739929199224
0.047662025244632034,748.0,call,0.15122308746337892
0.047662025244632034,749.0,call,0.14981929290771484
0.047662025244632034,750.0,call,0.14850705017089844
0.047662025244632034,751.0,call,0.14704222106933595
0.047662025244632034,752.0,call,0.14563842651367187
0.047662025244632034,753.0,call,0.14429566650390624
0.047662025244632034,754.0,call,0.14298342376708983
0.047662025244632034,755.0,call,0.14151859466552735
0.047662025244632034,756.0,call,0.14029790374755857
0.047662025244632034,757.0,call,0.13892462646484377
0.047662025244632034,758.0,call,0.13779548736572267
0.047662025244632034,759.0,call,0.1365137619018555
0.047662025244632034,760.0,call,0.135323588256836
0.047662025244632034,761.0,call,0.13416393188476564
0.047662025244632034,762.0,call,0.13291272369384766
0.047662025244632034,763.0,call,0.13196668823242189
0.047662025244632034,764.0,call,0.13062392822265623
0.047662025244632034,765.0,call,0.12970841003417968
0.047662025244632034,766.0,call,0.12860978820800778
0.047662025244632034,767.0,call,0.1277553045654297
0.047662025244632034,768.0,call,0.1267787518310547
0.047662025244632034,769.0,call,0.12610737182617188
0.047662025244632034,770.0,call,0.12537495727539064
0.047662025244632034,771.0,call,0.12464254272460937
0.047662025244632034,772.0,call,0.12391012817382813
0.047662025244632034,773.0,call,0.12317771362304689
0.047662025244632034,774.0,call,0.12299460998535157
0.047662025244632034,775.0,call,0.12250633361816407
0.047662025244632034,776.0,call,0.12220116088867189
0.047662025244632034,777.0,call,0.1215908154296875
0.047662025244632034,778.0,call,0.12171288452148438
0.047662025244632034,779.0,call,0.12171288452148438
0.047662025244632034,780.0,call,0.12146874633789062
0.047662025244632034,781.0,call,0.1215908154296875
0.047662025244632034,782.0,call,0.1215908154296875
0.047662025244632034,783.0,call,0.12207909179687501
0.047662025244632034,784.0,call,0.12256736816406251
0.047662025244632034,785.0,call,0.12281150634765625
0.047662025244632034,786.0,call,0.12256736816406251
0.047662025244632034,787.0,call,0.1235439208984375
0.047662025244632034,788.0,call,0.1245204736328125
0.047662025244632034,789.0,call,0.12525288818359376
0.047662025244632034,792.0,call,0.12867082275390623
0.047662025244632034,794.0,call,0.13086806640624998
0.047662025244632034,505.0,put,0.6113320117187502
0.047662025244632034,510.0,put,0.6044961425781252
0.047662025244632034,515.0,put,0.596683720703125
0.047662025244632034,520.0,put,0.5820354296875
0.047662025244632034,525.0,put,0.5742230078125
0.047662025244632034,530.0,put,0.5644574804687501
0.047662025244632034,535.0,put,0.5556685058593751
0.047662025244632034,540.0,put,0.5459029785156251
0.047662025244632034,545.0,put,0.53320779296875
0.047662025244632034,550.0,put,0.5214891601562499
0.047662025244632034,555.0,put,0.5127001855468749
0.047662025244632034,560.0,put,0.500005
0.047662025244632034,565.0,put,0.49121602539062503
0.047662025244632034,570.0,put,0.48291532714843755
0.047662025244632034,575.0,put,0.47119669433593747
0.047662025244632034,580.0,put,0.4594780615234375
0.047662025244632034,585.0,put,0.44775942871093743
0.047662025244632034,590.0,put,0.43604079589843747
0.047662025244632034,595.0,put,0.42627526855468756
0.047662025244632034,600.0,put,0.414068359375
0.047662025244632034,605.0,put,0.40161731201171874
0.047662025244632034,610.0,put,0.39111937011718745
0.047662025244632034,615.0,put,0.38013315185546875
0.047662025244632034,620.0,put,0.36914693359375
0.047662025244632034,625.0,put,0.35767243896484374
0.047662025244632034,630.0,put,0.3459538061523437
0.047662025244632034,635.0,put,0.33399103515625
0.047662025244632034,640.0,put,0.3232489550781249
0.047662025244632034,645.0,put,0.31201859863281245
0.047662025244632034,650.0,put,0.3012765185546875
0.047662025244632034,655.0,put,0.2902903002929687
0.047662025244632034,660.0,put,0.27967028930664056
0.047662025244632034,665.0,put,0.2691723474121094
0.047662025244632034,670.0,put,0.25879647460937505
0.047662025244632034,675.0,put,0.249030947265625
0.047662025244632034,680.0,put,0.23938748901367185
0.047662025244632034,685.0,put,0.23023230712890624
0.047662025244632034,690.0,put,0.22162643615722655
0.047662025244632034,695.0,put,0.21381401428222657
0.047662025244632034,700.0,put,0.2061236614990234
0.047662025244632034,701.0,put,0.2046588323974609
0.047662025244632034,702.0,put,0.20313296874999998
0.047662025244632034,703.0,put,0.20179020874023437
0.047662025244632034,704.0,put,0.20032537963867186
0.047662025244632034,705.0,put,0.19879951599121093
0.047662025244632034,706.0,put,0.19739572143554687
0.047662025244632034,707.0,put,0.1959308923339844
0.047662025244632034,708.0,put,0.19458813232421873
0.047662025244632034,709.0,put,0.1931843377685547
0.047662025244632034,710.0,put,0.19190261230468753
0.047662025244632034,711.0,put,0.19049881774902344
0.047662025244632034,712.0,put,0.18918657501220704
0.047662025244632034,713.0,put,0.18778278045654295
0.047662025244632034,714.0,put,0.18647053771972655
0.047662025244632034,715.0,put,0.18524984680175777
0.047662025244632034,716.0,put,0.1839070867919922
0.047662025244632034,717.0,put,0.18262536132812499
0.047662025244632034,718.0,put,0.18143518768310546
0.047662025244632034,719.0,put,0.18009242767333983
0.047662025244632034,720.0,put,0.17881070220947265
0.047662025244632034,721.0,put,0.17759001129150392
0.047662025244632034,722.0,put,0.1763998376464844
0.047662025244632034,723.0,put,0.17505707763671874
0.047662025244632034,724.0,put,0.17389742126464847
0.047662025244632034,725.0,put,0.1726156958007813
0.047662025244632034,726.0,put,0.17133397033691405
0.047662025244632034,727.0,put,0.1700522448730469
0.047662025244632034,728.0,put,0.16880103668212892
0.047662025244632034,729.0,put,0.16751931121826175
0.047662025244632034,730.0,put,0.1660849993896485
0.047662025244632034,731.0,put,0.16477275665283203
0.047662025244632034,732.0,put,0.16346051391601565
0.047662025244632034,733.0,put,0.16214827117919922
0.047662025244632034,734.0,put,0.1609275802612305
0.047662025244632034,735.0,put,0.1595237857055664
0.047662025244632034,736.0,put,0.15821154296875
0.047662025244632034,737.0,put,0.1568687829589844
0.047662025244632034,738.0,put,0.15561757476806642
0.047662025244632034,739.0,put,0.15430533203125002
0.047662025244632034,740.0,put,0.15293205474853522
0.047662025244632034,741.0,put,0.15165032928466798
0.047662025244632034,742.0,put,0.15042963836669926
0.047662025244632034,743.0,put,0.1491173956298828
0.047662025244632034,744.0,put,0.14786618743896485
0.047662025244632034,745.0,put,0.14649291015625
0.047662025244632034,746.0,put,0.16407085937500002
0.047662025244632034,747.0,put,0.15949326843261719
0.047662025244632034,748.0,put,0.1590049920654297
0.047662025244632034,749.0,put,0.15311515838623052
0.047662025244632034,750.0,put,0.1482629119873047
0.047662025244632034,751.0,put,0.15888292297363282
0.047662025244632034,752.0,put,0.15811999114990233
0.047662025244632034,753.0,put,0.15729602478027344
0.047662025244632034,754.0,put,0.15656361022949222
0.047662025244632034,755.0,put,0.1560753338623047
0.047662025244632034,756.0,put,0.15549550567626952
0.047662025244632034,757.0,put,0.1550377465820313
0.047662025244632034,758.0,put,0.15470205657958985
0.047662025244632034,759.0,put,0.15448843566894532
0.047662025244632034,760.0,put,0.1543968838500977
0.047662025244632034,761.0,put,0.15467153930664065
0.047662025244632034,762.0,put,0.1549156774902344
0.047662025244632034,763.0,put,0.15537343658447267
0.047662025244632034,764.0,put,0.15583119567871095
0.047662025244632034,765.0,put,0.156533092956543
0.047662025244632034,766.0,put,0.1577232666015625
0.047662025244632034,767.0,put,0.15873033660888675
0.047662025244632034,768.0,put,0.16010361389160155
0.047662025244632034,769.0,put,0.16431499755859375
0.047662025244632034,770.0,put,0.16620706848144534
0.047662025244632034,771.0,put,0.1682212084960938
0.047662025244632034,772.0,put,0.17017431396484378
0.047662025244632034,774.0,put,0.1751181121826172
0.047662025244632034,775.0,put,0.17762052856445312
0.047662025244632034,776.0,put,0.18006191040039063
0.047662025244632034,780.0,put,0.19129226684570313
0.047662025244632034,786.0,put,0.21002987243652343
0.047662025244632034,787.0,put,0.21295953063964845
0.047662025244632034,795.0,put,0.23767852172851558
0.06956483154168884,600.0,call,0.5188646746826171
0.06956483154168884,640.0,call,0.40381455566406255
0.06956483154168884,650.0,call,0.3745790081787109
0.06956483154168884,655.0,call,0.3626467544555664
0.06956483154168884,660.0,call,0.348090015258789
0.06956483154168884,665.0,call,0.33576103698730464
0.06956483154168884,670.0,call,0.32257757507324214
0.06956483154168884,675.0,call,0.3100349758911133
0.06956483154168884,680.0,call,0.2974923767089843
0.06956483154168884,685.0,call,0.28552960571289054
0.06956483154168884,690.0,call,0.27399407653808594
0.06956483154168884,695.0,call,0.2628857891845704
0.06956483154168884,700.0,call,0.24777973907470702
0.06956483154168884,701.0,call,0.25016008636474607
0.06956483154168884,702.0,call,0.24811542907714845
0.06956483154168884,704.0,call,0.24402611450195313
0.06956483154168884,705.0,call,0.2421645608520508
0.06956483154168884,706.0,call,0.24005886901855467
0.06956483154168884,707.0,call,0.23825834991455075
0.06956483154168884,708.0,call,0.2362442098999023
0.06956483154168884,710.0,call,0.2143938424682617
0.06956483154168884,711.0,call,0.23062903167724608
0.06956483154168884,714.0,call,0.22522747436523435
0.06956483154168884,715.0,call,0.22339643798828124
0.06956483154168884,716.0,call,0.22162643615722655
0.06956483154168884,718.0,call,0.21820850158691402
0.06956483154168884,719.0,call,0.216530051574707
0.06956483154168884,720.0,call,0.20926694061279294
0.06956483154168884,721.0,call,0.2079241806030273
0.06956483154168884,722.0,call,0.20618469604492184
0.06956483154168884,723.0,call,0.20395693511962887
0.06956483154168884,724.0,call,0.2024921060180664
0.06956483154168884,725.0,call,0.20063055236816402
0.06956483154168884,726.0,call,0.19925727508544921
0.06956483154168884,727.0,call,0.1977619287109375
0.06956483154168884,728.0,call,0.1964344273376465
0.06956483154168884,729.0,call,0.19422192504882813
0.06956483154168884,730.0,call,0.19254347503662111
0.06956483154168884,731.0,call,0.19104812866210938
0.06956483154168884,732.0,call,0.18982743774414065
0.06956483154168884,733.0,call,0.18836260864257812
0.06956483154168884,734.0,call,0.18640950317382812
0.06956483154168884,735.0,call,0.17748320083618163
0.06956483154168884,736.0,call,0.18442588043212887
0.06956483154168884,737.0,call,0.1706625903320313
0.06956483154168884,737.5,call,0.1822438954162598
0.06956483154168884,738.0,call,0.1811910494995117
0.06956483154168884,739.0,call,0.1651694812011719
0.06956483154168884,740.0,call,0.16239240936279298
0.06956483154168884,741.0,call,0.1611106838989258
0.06956483154168884,742.0,call,0.15979844116210937
0.06956483154168884,742.5,call,0.15908128524780274
0.06956483154168884,743.0,call,0.15845568115234376
0.06956483154168884,744.0,call,0.1570824038696289
0.06956483154168884,745.0,call,0.15580067840576173
0.06956483154168884,746.0,call,0.15448843566894532
0.06956483154168884,747.0,call,0.15323722747802737
0.06956483154168884,747.5,call,0.152626882019043
0.06956483154168884,748.0,call,0.1518334329223633
0.06956483154168884,749.0,call,0.15075006973266608
0.06956483154168884,750.0,call,0.14949886154174807
0.06956483154168884,751.0,call,0.14818661880493167
0.06956483154168884,752.0,call,0.14707273834228518
0.06956483154168884,752.5,call,0.1464013583374023
0.06956483154168884,753.0,call,0.1459130819702148
0.06956483154168884,754.0,call,0.14469239105224607
0.06956483154168884,755.0,call,0.1435327346801758
0.06956483154168884,756.0,call,0.14246463012695312
0.06956483154168884,757.0,call,0.14130497375488282
0.06956483154168884,757.5,call,0.14066411102294923
0.06956483154168884,758.0,call,0.14023686920166017
0.06956483154168884,759.0,call,0.13910773010253907
0.06956483154168884,760.0,call,0.13788703918457032
0.06956483154168884,761.0,call,0.13706307281494146
0.06956483154168884,762.0,call,0.13602548553466798
0.06956483154168884,762.5,call,0.13559824371337892
0.06956483154168884,763.0,call,0.13507945007324224
0.06956483154168884,764.0,call,0.13407238006591798
0.06956483154168884,765.0,call,0.1331873791503906
0.06956483154168884,766.0,call,0.13239393005371097
0.06956483154168884,767.0,call,0.13138686004638672
0.06956483154168884,768.0,call,0.13068496276855468
0.06956483154168884,769.0,call,0.1297694445800781
0.06956483154168884,770.0,call,0.12903703002929687
0.06956483154168884,771.0,call,0.12848771911621093
0.06956483154168884,772.0,call,0.12769427001953126
0.06956483154168884,773.0,call,0.1271449591064453
0.06956483154168884,774.0,call,0.1263515100097656
0.06956483154168884,775.0,call,0.12586323364257812
0.06956483154168884,776.0,call,0.12537495727539064
0.06956483154168884,777.0,call,0.12494771545410156
0.06956483154168884,778.0,call,0.12464254272460937
0.06956483154168884,779.0,call,0.12415426635742188
0.06956483154168884,780.0,call,0.12372702453613281
0.06956483154168884,781.0,call,0.12342185180664064
0.06956483154168884,782.0,call,0.1233608172607422
0.06956483154168884,783.0,call,0.12305564453125001
0.06956483154168884,784.0,call,0.12305564453125001
0.06956483154168884,785.0,call,0.12281150634765625
0.06956483154168884,786.0,call,0.12293357543945313
0.06956483154168884,787.0,call,0.12281150634765625
0.06956483154168884,788.0,call,0.12317771362304689
0.06956483154168884,789.0,call,0.12329978271484376
0.06956483154168884,790.0,call,0.12329978271484376
0.06956483154168884,791.0,call,0.12391012817382813
0.06956483154168884,792.0,call,0.1235439208984375
0.06956483154168884,793.0,call,0.12391012817382813
0.06956483154168884,794.0,call,0.124032197265625
0.06956483154168884,795.0,call,0.12500875
0.06956483154168884,796.0,call,0.125985302734375
0.06956483154168884,797.0,call,0.12574116455078127
0.06956483154168884,798.0,call,0.12647357910156248
0.06956483154168884,799.0,call,0.12720599365234375
0.06956483154168884,800.0,call,0.12769427001953126
0.06956483154168884,460.0,put,0.6269568554687501
0.06956483154168884,470.0,put,0.6074258007812501
0.06956483154168884,495.0,put,0.5664105859375
0.06956483154168884,500.0,put,0.5576216113281252
0.06956483154168884,505.0,put,0.5488326367187502
0.06956483154168884,510.0,put,0.5400436621093752
0.06956483154168884,515.0,put,0.5312546875
0.06956483154168884,520.0,put,0.5219774365234374
0.06956483154168884,530.0,put,0.5029346582031251
0.06956483154168884,535.0,put,0.49414568359375005
0.06956483154168884,540.0,put,0.48682153808593753
0.06956483154168884,545.0,put,0.476567734375
0.06956483154168884,550.0,put,0.46631393066406257
0.06956483154168884,555.0,put,0.45825737060546884
0.06956483154168884,560.0,put,0.44775942871093743
0.06956483154168884,565.0,put,0.43897045410156255
0.06956483154168884,570.0,put,0.4282283740234375
0.06956483154168884,575.0,put,0.41919526123046874
0.06956483154168884,580.0,put,0.40991801025390623
0.06956483154168884,585.0,put,0.40039662109375
0.06956483154168884,590.0,put,0.39063109375
0.06956483154168884,595.0,put,0.3806214282226562
0.06956483154168884,600.0,put,0.37183245361328127
0.06956483154168884,605.0,put,0.36157864990234373
0.06956483154168884,610.0,put,0.3523013989257812
0.06956483154168884,615.0,put,0.34278000976562495
0.06956483154168884,620.0,put,0.33301448242187504
0.06956483154168884,625.0,put,0.32300481689453114
0.06956483154168884,630.0,put,0.3136054968261719
0.06956483154168884,635.0,put,0.3039620385742187
0.06956483154168884,640.0,put,0.2946847875976562
0.06956483154168884,645.0,put,0.28504132934570303
0.06956483154168884,650.0,put,0.2757640783691406
0.06956483154168884,655.0,put,0.266608896484375
0.06956483154168884,660.0,put,0.2580640600585938
0.06956483154168884,665.0,put,0.24890887817382812
0.06956483154168884,670.0,put,0.24054714538574218
0.06956483154168884,675.0,put,0.2322464471435547
0.06956483154168884,680.0,put,0.2245560943603515
0.06956483154168884,685.0,put,0.21717091430664062
0.06956483154168884,690.0,put,0.20978573425292968
0.06956483154168884,695.0,put,0.20276676147460934
0.06956483154168884,700.0,put,0.1959003750610352
0.06956483154168884,701.0,put,0.19458813232421873
0.06956483154168884,702.0,put,0.19324537231445313
0.06956483154168884,703.0,put,0.1920246813964844
0.06956483154168884,704.0,put,0.19071243865966797
0.06956483154168884,705.0,put,0.18933916137695314
0.06956483154168884,706.0,put,0.18808795318603516
0.06956483154168884,707.0,put,0.18677571044921876
0.06956483154168884,708.0,put,0.18555501953124998
0.06956483154168884,709.0,put,0.18424277679443357
0.06956483154168884,710.0,put,0.18305260314941402
0.06956483154168884,711.0,put,0.18174036041259767
0.06956483154168884,712.0,put,0.1805501867675781
0.06956483154168884,713.0,put,0.17926846130371094
0.06956483154168884,714.0,put,0.1780477703857422
0.06956483154168884,715.0,put,0.1769186312866211
0.06956483154168884,716.0,put,0.17569794036865233
0.06956483154168884,717.0,put,0.17453828399658206
0.06956483154168884,718.0,put,0.17325655853271482
0.06956483154168884,719.0,put,0.1720358676147461
0.06956483154168884,720.0,put,0.17087621124267582
0.06956483154168884,721.0,put,0.16962500305175782
0.06956483154168884,722.0,put,0.16837379486083986
0.06956483154168884,723.0,put,0.16718362121582034
0.06956483154168884,724.0,put,0.16605448211669926
0.06956483154168884,725.0,put,0.16491008438110355
0.06956483154168884,726.0,put,0.1636741348266602
0.06956483154168884,727.0,put,0.1624229266357422
0.06956483154168884,728.0,put,0.16123275299072265
0.06956483154168884,729.0,put,0.16001206207275392
0.06956483154168884,730.0,put,0.1588218884277344
0.06956483154168884,731.0,put,0.15763171478271482
0.06956483154168884,732.0,put,0.15644154113769532
0.06956483154168884,733.0,put,0.15525136749267582
0.06956483154168884,734.0,put,0.1539086074829102
0.06956483154168884,735.0,put,0.15268791656494146
0.06956483154168884,736.0,put,0.15158929473876953
0.06956483154168884,737.0,put,0.15032282791137697
0.06956483154168884,737.5,put,0.14975825836181644
0.06956483154168884,738.0,put,0.14917843017578125
0.06956483154168884,739.0,put,0.14798825653076175
0.06956483154168884,740.0,put,0.14676756561279297
0.06956483154168884,741.0,put,0.1455010987854004
0.06956483154168884,742.0,put,0.14432618377685547
0.06956483154168884,742.5,put,0.1437463555908203
0.06956483154168884,743.0,put,0.1432275619506836
0.06956483154168884,744.0,put,0.1420984228515625
0.06956483154168884,745.0,put,0.140908249206543
0.06956483154168884,746.0,put,0.139657041015625
0.06956483154168884,747.0,put,0.13858893646240233
0.06956483154168884,747.5,put,0.1598594757080078
0.06956483154168884,748.0,put,0.1593406820678711
0.06956483154168884,749.0,put,0.15845568115234376
0.06956483154168884,750.0,put,0.15750964569091797
0.06956483154168884,751.0,put,0.15665516204833985
0.06956483154168884,752.0,put,0.1557701611328125
0.06956483154168884,752.5,put,0.15538869522094728
0.06956483154168884,753.0,put,0.1550987811279297
0.06956483154168884,754.0,put,0.1543968838500977
0.06956483154168884,755.0,put,0.15364921066284182
0.06956483154168884,756.0,put,0.15314567565917972
0.06956483154168884,757.0,put,0.15259636474609378
0.06956483154168884,757.5,put,0.1524742956542969
0.06956483154168884,758.0,put,0.15216912292480472
0.06956483154168884,759.0,put,0.1518334329223633
0.06956483154168884,760.0,put,0.15165032928466798
0.06956483154168884,761.0,put,0.15143670837402345
0.06956483154168884,762.0,put,0.15137567382812503
0.06956483154168884,762.5,put,0.15140619110107423
0.06956483154168884,763.0,put,0.15143670837402345
0.06956483154168884,764.0,put,0.15152826019287113
0.06956483154168884,765.0,put,0.15177239837646483
0.06956483154168884,767.0,put,0.15268791656494146
0.06956483154168884,768.0,put,0.15338981384277345
0.06956483154168884,769.0,put,0.15412222839355472
0.06956483154168884,770.0,put,0.1550987811279297
0.06956483154168884,774.0,put,0.16022568298339845
0.06956483154168884,775.0,put,0.1619346502685547
0.06956483154168884,776.0,put,0.16358258300781253
0.06956483154168884,778.0,put,0.16736672485351564
0.06956483154168884,779.0,put,0.16947241668701174
0.06956483154168884,784.0,put,0.18091639404296872
0.06956483154168884,785.0,put,0.18329674133300777
0.06956483154168884,790.0,put,0.19605296142578127
0.06956483154168884,800.0,put,0.22180953979492185
0.08872978705161355,395.0,call,0.9580082324218748
0.08872978705161355,400.0,call,0.9416509741210937
0.08872978705161355,405.0,call,0.9252937158203125
0.08872978705161355,420.0,call,0.8720715917968749
0.08872978705161355,440.0,call,0.8071308349609375
0.08872978705161355,450.0,call,0.7819846020507812
0.08872978705161355,460.0,call,0.7565942309570313
0.08872978705161355,465.0,call,0.745119736328125
0.08872978705161355,480.0,call,0.7097196997070312
0.08872978705161355,495.0,call,0.6746858703613283
0.08872978705161355,500.0,call,0.6628451684570313
0.08872978705161355,505.0,call,0.6517368811035158
0.08872978705161355,510.0,call,0.6401403173828125
0.08872978705161355,515.0,call,0.6281775463867189
0.08872978705161355,520.0,call,0.6162147753906251
0.08872978705161355,525.0,call,0.6042520043945314
0.08872978705161355,530.0,call,0.5928995788574221
0.08872978705161355,540.0,call,0.5701947277832031
0.08872978705161355,545.0,call,0.5584760949707033
0.08872978705161355,550.0,call,0.547001600341797
0.08872978705161355,555.0,call,0.5363815893554689
0.08872978705161355,560.0,call,0.522343643798828
0.08872978705161355,565.0,call,0.5128222546386718
0.08872978705161355,570.0,call,0.5014698291015626
0.08872978705161355,575.0,call,0.5517012603759766
0.08872978705161355,580.0,call,0.5384567639160158
0.08872978705161355,585.0,call,0.5252733020019531
0.08872978705161355,590.0,call,0.5083667327880859
0.08872978705161355,595.0,call,0.49878430908203125
0.08872978705161355,600.0,call,0.48303739624023445
0.08872978705161355,605.0,call,0.47247841979980465
0.08872978705161355,610.0,call,0.45654840332031255
0.08872978705161355,615.0,call,0.44672184143066407
0.08872978705161355,620.0,call,0.43079182495117196
0.08872978705161355,625.0,call,0.42090422851562503
0.08872978705161355,630.0,call,0.40820904296875
0.08872978705161355,635.0,call,0.3953612710571289
0.08872978705161355,640.0,call,0.38294074096679687
0.08872978705161355,645.0,call,0.37036762451171873
0.08872978705161355,650.0,call,0.35816071533203125
0.08872978705161355,655.0,call,0.3445194943237304
0.08872978705161355,660.0,call,0.33374689697265625
0.08872978705161355,665.0,call,0.3221808505249023
0.08872978705161355,670.0,call,0.31049273498535157
0.08872978705161355,675.0,call,0.2992318612670898
0.08872978705161355,680.0,call,0.2880930566406249
0.08872978705161355,685.0,call,0.27722890747070306
0.08872978705161355,690.0,call,0.2664563101196289
0.08872978705161355,695.0,call,0.25617198913574224
0.08872978705161355,700.0,call,0.24619284088134769
0.08872978705161355,701.0,call,0.2443007699584961
0.08872978705161355,702.0,call,0.2423781817626953
0.08872978705161355,703.0,call,0.24054714538574218
0.08872978705161355,704.0,call,0.2386855917358398
0.08872978705161355,705.0,call,0.23679352081298827
0.08872978705161355,706.0,call,0.23499300170898438
0.08872978705161355,707.0,call,0.23313144805908204
0.08872978705161355,708.0,call,0.2312393771362305
0.08872978705161355,709.0,call,0.22943885803222658
0.08872978705161355,710.0,call,0.22245040252685544
0.08872978705161355,711.0,call,0.22583781982421874
0.08872978705161355,712.0,call,0.22428143890380853
0.08872978705161355,713.0,call,0.2225419543457031
0.08872978705161355,714.0,call,0.2207414352416992
0.08872978705161355,715.0,call,0.21839160522460935
0.08872978705161355,716.0,call,0.21738453521728518
0.08872978705161355,717.0,call,0.21555349884033204
0.08872978705161355,718.0,call,0.2122576333618164
0.08872978705161355,719.0,call,0.21057918334960937
0.08872978705161355,720.0,call,0.20896176788330073
0.08872978705161355,721.0,call,0.20703917968749996
0.08872978705161355,722.0,call,0.2054065055847168
0.08872978705161355,723.0,call,0.20383486602783202
0.08872978705161355,724.0,call,0.20182072601318357
0.08872978705161355,725.0,call,0.19831123962402342
0.08872978705161355,726.0,call,0.19701425552368163
0.08872978705161355,727.0,call,0.19800606689453126
0.08872978705161355,728.0,call,0.19654123779296873
0.08872978705161355,729.0,call,0.19089554229736327
0.08872978705161355,730.0,call,0.1799856172180176
0.08872978705161355,731.0,call,0.19175002593994145
0.08872978705161355,732.0,call,0.18076380767822264
0.08872978705161355,733.0,call,0.18918657501220704
0.08872978705161355,734.0,call,0.18778278045654295
0.08872978705161355,735.0,call,0.17296664443969728
0.08872978705161355,736.0,call,0.1723410403442383
0.08872978705161355,737.0,call,0.18355613815307614
0.08872978705161355,738.0,call,0.1726156958007813
0.08872978705161355,739.0,call,0.18077906631469726
0.08872978705161355,740.0,call,0.16623758575439457
0.08872978705161355,741.0,call,0.16462017028808595
0.08872978705161355,742.0,call,0.16342999664306646
0.08872978705161355,743.0,call,0.16211775390625
0.08872978705161355,744.0,call,0.1609275802612305
0.08872978705161355,745.0,call,0.15970688934326172
0.08872978705161355,746.0,call,0.15847093978881838
0.08872978705161355,747.0,call,0.15732654205322266
0.08872978705161355,748.0,call,0.1560753338623047
0.08872978705161355,749.0,call,0.1548851602172852
0.08872978705161355,750.0,call,0.1538017970275879
0.08872978705161355,751.0,call,0.15256584747314456
0.08872978705161355,752.0,call,0.15154351882934575
0.08872978705161355,753.0,call,0.1503686038208008
0.08872978705161355,754.0,call,0.14930049926757813
0.08872978705161355,755.0,call,0.14817136016845706
0.08872978705161355,756.0,call,0.1471490315246582
0.08872978705161355,757.0,call,0.14609618560791016
0.08872978705161355,758.0,call,0.1451196328735352
0.08872978705161355,759.0,call,0.14409730422973632
0.08872978705161355,760.0,call,0.1430444583129883
0.08872978705161355,761.0,call,0.1420984228515625
0.08872978705161355,762.0,call,0.1412439392089844
0.08872978705161355,763.0,call,0.14020635192871095
0.08872978705161355,764.0,call,0.13941290283203128
0.08872978705161355,765.0,call,0.13846686737060548
0.08872978705161355,766.0,call,0.13761238372802737
0.08872978705161355,767.0,call,0.1368799691772461
0.08872978705161355,768.0,call,0.13596445098876953
0.08872978705161355,769.0,call,0.13520151916503909
0.08872978705161355,770.0,call,0.1343775527954102
0.08872978705161355,771.0,call,0.13373669006347655
0.08872978705161355,772.0,call,0.13306531005859373
0.08872978705161355,773.0,call,0.1324244473266602
0.08872978705161355,774.0,call,0.13178358459472655
0.08872978705161355,775.0,call,0.13129530822753904
0.08872978705161355,776.0,call,0.13068496276855468
0.08872978705161355,777.0,call,0.1300746173095703
0.08872978705161355,778.0,call,0.12970841003417968
0.08872978705161355,779.0,call,0.12918961639404297
0.08872978705161355,780.0,call,0.1287318572998047
0.08872978705161355,781.0,call,0.1283046154785156
0.08872978705161355,782.0,call,0.12799944274902342
0.08872978705161355,783.0,call,0.1277553045654297
0.08872978705161355,784.0,call,0.12738909729003906
0.08872978705161355,785.0,call,0.1271449591064453
0.08872978705161355,786.0,call,0.12708392456054687
0.08872978705161355,787.0,call,0.12683978637695312
0.08872978705161355,788.0,call,0.12641254455566403
0.08872978705161355,789.0,call,0.12659564819335936
0.08872978705161355,790.0,call,0.12622944091796873
0.08872978705161355,791.0,call,0.12610737182617188
0.08872978705161355,792.0,call,0.12629047546386718
0.08872978705161355,793.0,call,0.1263515100097656
0.08872978705161355,794.0,call,0.12629047546386718
0.08872978705161355,795.0,call,0.12610737182617188
0.08872978705161355,796.0,call,0.12622944091796873
0.08872978705161355,797.0,call,0.1263515100097656
0.08872978705161355,798.0,call,0.12683978637695312
0.08872978705161355,799.0,call,0.12671771728515624
0.08872978705161355,800.0,call,0.12708392456054687
0.08872978705161355,805.0,call,0.12915909912109375
0.08872978705161355,810.0,call,0.13208875732421876
0.08872978705161355,390.0,put,0.71679970703125
0.08872978705161355,395.0,put,0.70312796875
0.08872978705161355,420.0,put,0.6523472265625001
0.08872978705161355,445.0,put,0.6084023535156251
0.08872978705161355,450.0,put,0.6015664843750002
0.08872978705161355,455.0,put,0.59570716796875
0.08872978705161355,460.0,put,0.5830119824218749
0.08872978705161355,465.0,put,0.5751995605468749
0.08872978705161355,470.0,put,0.56836369140625
0.08872978705161355,475.0,put,0.56055126953125
0.08872978705161355,480.0,put,0.551762294921875
0.08872978705161355,485.0,put,0.543949873046875
0.08872978705161355,490.0,put,0.5351608984375
0.08872978705161355,495.0,put,0.526371923828125
0.08872978705161355,500.0,put,0.51758294921875
0.08872978705161355,505.0,put,0.5102588037109376
0.08872978705161355,510.0,put,0.5024463818359376
0.08872978705161355,515.0,put,0.4946339599609375
0.08872978705161355,520.0,put,0.48730981445312505
0.08872978705161355,525.0,put,0.477544287109375
0.08872978705161355,530.0,put,0.47022014160156256
0.08872978705161355,535.0,put,0.46045461425781253
0.08872978705161355,540.0,put,0.4523980541992188
0.08872978705161355,545.0,put,0.4440973559570312
0.08872978705161355,550.0,put,0.43579665771484377
0.08872978705161355,555.0,put,0.4255428540039063
0.08872978705161355,560.0,put,0.4184628466796875
0.08872978705161355,565.0,put,0.4094297338867187
0.08872978705161355,570.0,put,0.40039662109375
0.08872978705161355,575.0,put,0.39234006103515623
0.08872978705161355,580.0,put,0.3830628100585937
0.08872978705161355,585.0,put,0.37476211181640623
0.08872978705161355,590.0,put,0.366217275390625
0.08872978705161355,595.0,put,0.3573062316894531
0.08872978705161355,600.0,put,0.34839518798828123
0.08872978705161355,605.0,put,0.34009448974609374
0.08872978705161355,610.0,put,0.3315496533203125
0.08872978705161355,615.0,put,0.3227606787109374
0.08872978705161355,620.0,put,0.31372756591796874
0.08872978705161355,625.0,put,0.3051827294921875
0.08872978705161355,630.0,put,0.2970041003417968
0.08872978705161355,635.0,put,0.2884592639160155
0.08872978705161355,640.0,put,0.28009753112792957
0.08872978705161355,645.0,put,0.2718578674316406
0.08872978705161355,650.0,put,0.2633130310058594
0.08872978705161355,655.0,put,0.2551954364013672
0.08872978705161355,660.0,put,0.24738301452636718
0.08872978705161355,665.0,put,0.2401199035644531
0.08872978705161355,670.0,put,0.23279575805664063
0.08872978705161355,675.0,put,0.22534954345703123
0.08872978705161355,680.0,put,0.21851367431640623
0.08872978705161355,685.0,put,0.21173883972167967
0.08872978705161355,690.0,put,0.20508607421874997
0.08872978705161355,695.0,put,0.19879951599121093
0.08872978705161355,700.0,put,0.19232985412597658
0.08872978705161355,701.0,put,0.19117019775390626
0.08872978705161355,702.0,put,0.19001054138183598
0.08872978705161355,703.0,put,0.18872881591796875
0.08872978705161355,704.0,put,0.18759967681884765
0.08872978705161355,705.0,put,0.18637898590087892
0.08872978705161355,706.0,put,0.1850972604370117
0.08872978705161355,707.0,put,0.18393760406494142
0.08872978705161355,708.0,put,0.1828389822387695
0.08872978705161355,709.0,put,0.1815267395019531
0.08872978705161355,710.0,put,0.1804586349487305
0.08872978705161355,711.0,put,0.17914639221191403
0.08872978705161355,712.0,put,0.17807828765869144
0.08872978705161355,713.0,put,0.1769186312866211
0.08872978705161355,714.0,put,0.17556061264038086
0.08872978705161355,715.0,put,0.17453828399658206
0.08872978705161355,716.0,put,0.17331759307861327
0.08872978705161355,717.0,put,0.17228000579833985
0.08872978705161355,718.0,put,0.1710135389709473
0.08872978705161355,719.0,put,0.16994543441772464
0.08872978705161355,720.0,put,0.1687857780456543
0.08872978705161355,721.0,put,0.16754982849121097
0.08872978705161355,722.0,put,0.16632913757324225
0.08872978705161355,723.0,put,0.16530680892944338
0.08872978705161355,724.0,put,0.16417766983032228
0.08872978705161355,725.0,put,0.16295697891235356
0.08872978705161355,726.0,put,0.16175154663085936
0.08872978705161355,727.0,put,0.16059189025878906
0.08872978705161355,728.0,put,0.15946275115966796
0.08872978705161355,729.0,put,0.15833361206054689
0.08872978705161355,730.0,put,0.15709766250610352
0.08872978705161355,731.0,put,0.1558769715881348
0.08872978705161355,732.0,put,0.1549156774902344
0.08872978705161355,733.0,put,0.15369498657226563
0.08872978705161355,734.0,put,0.152626882019043
0.08872978705161355,735.0,put,0.15143670837402345
0.08872978705161355,736.0,put,0.15033808654785158
0.08872978705161355,737.0,put,0.1491326542663574
0.08872978705161355,738.0,put,0.14801877380371098
0.08872978705161355,739.0,put,0.14692015197753905
0.08872978705161355,740.0,put,0.14579101287841795
0.08872978705161355,741.0,put,0.14463135650634767
0.08872978705161355,742.0,put,0.14357851058959958
0.08872978705161355,743.0,put,0.14249514739990232
0.08872978705161355,744.0,put,0.1413812669372559
0.08872978705161355,745.0,put,0.14023686920166017
0.08872978705161355,746.0,put,0.13916876464843753
0.08872978705161355,747.0,put,0.1380854014587402
0.08872978705161355,748.0,put,0.13694100372314455
0.08872978705161355,749.0,put,0.15023127609252934
0.08872978705161355,750.0,put,0.1356897955322266
0.08872978705161355,751.0,put,0.14029790374755857
0.08872978705161355,752.0,put,0.14737791107177733
0.08872978705161355,753.0,put,0.1465081687927246
0.08872978705161355,754.0,put,0.1457299783325195
0.08872978705161355,755.0,put,0.14493652923583983
0.08872978705161355,756.0,put,0.1422967851257324
0.08872978705161355,757.0,put,0.14348695877075196
0.08872978705161355,758.0,put,0.14272402694702147
0.08872978705161355,759.0,put,0.14205264694213865
0.08872978705161355,760.0,put,0.14148807739257813
0.08872978705161355,761.0,put,0.14101505966186523
0.08872978705161355,762.0,put,0.14054204193115233
0.08872978705161355,763.0,put,0.14017583465576172
0.08872978705161355,764.0,put,0.13993169647216797
0.08872978705161355,765.0,put,0.13984014465332031
0.08872978705161355,766.0,put,0.13959600646972659
0.08872978705161355,767.0,put,0.1395044546508789
0.08872978705161355,768.0,put,0.13959600646972659
0.08872978705161355,769.0,put,0.13971807556152344
0.08872978705161355,770.0,put,0.1412744564819336
0.08872978705161355,771.0,put,0.14167118103027343
0.08872978705161355,772.0,put,0.1420984228515625
0.08872978705161355,773.0,put,0.14273928558349608
0.08872978705161355,774.0,put,0.14350221740722657
0.08872978705161355,775.0,put,0.14432618377685547
0.08872978705161355,776.0,put,0.14527221923828126
0.08872978705161355,777.0,put,0.14630980651855469
0.08872978705161355,778.0,put,0.14707273834228518
0.08872978705161355,779.0,put,0.1485680847167969
0.08872978705161355,780.0,put,0.14997187927246097
0.08872978705161355,783.0,put,0.15461050476074223
0.08872978705161355,784.0,put,0.1562584375
0.08872978705161355,785.0,put,0.15769274932861327
0.08872978705161355,786.0,put,0.15992051025390625
0.08872978705161355,787.0,put,0.16172102935791016
0.08872978705161355,790.0,put,0.1676108630371094
0.08872978705161355,791.0,put,0.16931983032226564
0.08872978705161355,792.0,put,0.17191379852294925
0.08872978705161355,795.0,put,0.17798673583984376
0.08872978705161355,800.0,put,0.18872881591796875
0.08872978705161355,840.0,put,0.2720409710693359
0.08872978705161355,850.0,put,0.291877198486328
0.08872978705161355,855.0,put,0.3007882421875
0.08872978705161355,865.0,put,0.31915964050292955
0.10789474256153826,550.0,call,0.5196581237792968
0.10789474256153826,560.0,call,0.5611005804443359
0.10789474256153826,600.0,call,0.4612480633544922
0.10789474256153826,605.0,call,0.45087219055175787
0.10789474256153826,615.0,call,0.42694664855957043
0.10789474256153826,630.0,call,0.38934936828613287
0.10789474256153826,640.0,call,0.3683534844970704
0.10789474256153826,655.0,call,0.33481500152587884
0.10789474256153826,660.0,call,0.32392033508300777
0.10789474256153826,665.0,call,0.3133003240966796
0.10789474256153826,670.0,call,0.30289393402099607
0.10789474256153826,675.0,call,0.29279271667480455
0.10789474256153826,680.0,call,0.2827525338745117
0.10789474256153826,685.0,call,0.2731395928955078
0.10789474256153826,690.0,call,0.2637097555541992
0.10789474256153826,695.0,call,0.25473767730712893
0.10789474256153826,700.0,call,0.24582663360595702
0.10789474256153826,701.0,call,0.24402611450195313
0.10789474256153826,703.0,call,0.24059292129516602
0.10789474256153826,704.0,call,0.23894498855590818
0.10789474256153826,705.0,call,0.23725127990722655
0.10789474256153826,710.0,call,0.22907265075683597
0.10789474256153826,720.0,call,0.20926694061279294
0.10789474256153826,721.0,call,0.2072528005981445
0.10789474256153826,723.0,call,0.20414003875732417
0.10789474256153826,725.0,call,0.20124089782714843
0.10789474256153826,727.0,call,0.1984027914428711
0.10789474256153826,729.0,call,0.19553416778564453
0.10789474256153826,730.0,call,0.1825948440551758
0.10789474256153826,731.0,call,0.19300123413085937
0.10789474256153826,733.0,call,0.18708088317871097
0.10789474256153826,734.0,call,0.18860674682617187
0.10789474256153826,735.0,call,0.17774259765625
0.10789474256153826,736.0,call,0.18666889999389646
0.10789474256153826,737.0,call,0.1780477703857422
0.10789474256153826,738.0,call,0.18450217361450194
0.10789474256153826,739.0,call,0.1834493276977539
0.10789474256153826,740.0,call,0.18190820541381836
0.10789474256153826,741.0,call,0.16736672485351564
0.10789474256153826,742.0,call,0.1661612925720215
0.10789474256153826,743.0,call,0.16497111892700195
0.10789474256153826,744.0,call,0.16378094528198245
0.10789474256153826,745.0,call,0.1626060302734375
0.10789474256153826,746.0,call,0.1615074084472656
0.10789474256153826,747.0,call,0.16031723480224608
0.10789474256153826,748.0,call,0.15912706115722658
0.10789474256153826,749.0,call,0.1580284393310547
0.10789474256153826,750.0,call,0.15691455886840822
0.10789474256153826,751.0,call,0.15580067840576173
0.10789474256153826,752.0,call,0.1547630911254883
0.10789474256153826,753.0,call,0.1536339520263672
0.10789474256153826,754.0,call,0.15258110610961917
0.10789474256153826,755.0,call,0.15152826019287113
0.10789474256153826,756.0,call,0.1505517074584961
0.10789474256153826,757.0,call,0.14955989608764647
0.10789474256153826,758.0,call,0.1485680847167969
0.10789474256153826,759.0,call,0.14753049743652347
0.10789474256153826,760.0,call,0.14661497924804687
0.10789474256153826,761.0,call,0.1456689437866211
0.10789474256153826,762.0,call,0.14481446014404298
0.10789474256153826,763.0,call,0.14383790740966795
0.10789474256153826,764.0,call,0.14295290649414064
0.10789474256153826,765.0,call,0.14218997467041017
0.10789474256153826,766.0,call,0.1413965255737305
0.10789474256153826,767.0,call,0.14058781784057617
0.10789474256153826,768.0,call,0.1397791101074219
0.10789474256153826,769.0,call,0.13893988510131838
0.10789474256153826,770.0,call,0.13822272918701173
0.10789474256153826,771.0,call,0.1375208319091797
0.10789474256153826,772.0,call,0.1368189346313477
0.10789474256153826,773.0,call,0.1362391064453125
0.10789474256153826,774.0,call,0.13553720916748052
0.10789474256153826,775.0,call,0.13483531188964848
0.10789474256153826,776.0,call,0.13428600097656251
0.10789474256153826,777.0,call,0.13376720733642578
0.10789474256153826,778.0,call,0.13327893096923826
0.10789474256153826,779.0,call,0.132821171875
0.10789474256153826,780.0,call,0.1324244473266602
0.10789474256153826,781.0,call,0.131844619140625
0.10789474256153826,782.0,call,0.1315394464111328
0.10789474256153826,783.0,call,0.13111220458984374
0.10789474256153826,784.0,call,0.1307154800415039
0.10789474256153826,785.0,call,0.1304103073120117
0.10789474256153826,786.0,call,0.1299525482177734
0.10789474256153826,787.0,call,0.129891513671875
0.10789474256153826,788.0,call,0.12964737548828126
0.10789474256153826,789.0,call,0.12928116821289062
0.10789474256153826,790.0,call,0.12903703002929687
0.10789474256153826,791.0,call,0.12897599548339844
0.10789474256153826,792.0,call,0.1287928918457031
0.10789474256153826,793.0,call,0.12848771911621093
0.10789474256153826,794.0,call,0.12836565002441402
0.10789474256153826,795.0,call,0.12842668457031248
0.10789474256153826,796.0,call,0.12842668457031248
0.10789474256153826,797.0,call,0.1283046154785156
0.10789474256153826,798.0,call,0.12806047729492187
0.10789474256153826,799.0,call,0.1281215118408203
0.10789474256153826,800.0,call,0.12854875366210936
0.10789474256153826,805.0,call,0.12867082275390623
0.10789474256153826,810.0,call,0.129891513671875
0.10789474256153826,815.0,call,0.13147841186523437
0.10789474256153826,820.0,call,0.13453013916015627
0.10789474256153826,825.0,call,0.13770393554687502
0.10789474256153826,835.0,call,0.14624877197265623
0.10789474256153826,500.0,put,0.49219257812500006
0.10789474256153826,510.0,put,0.4758353198242187
0.10789474256153826,520.0,put,0.45898978515625005
0.10789474256153826,525.0,put,0.45117736328125
0.10789474256153826,535.0,put,0.43530838134765626
0.10789474256153826,550.0,put,0.4116269775390625
0.10789474256153826,565.0,put,0.38757936645507807
0.10789474256153826,570.0,put,0.37964487548828124
0.10789474256153826,575.0,put,0.3714662463378906
0.10789474256153826,580.0,put,0.3631655480957031
0.10789474256153826,585.0,put,0.35559726440429684
0.10789474256153826,590.0,put,0.34778484252929687
0.10789474256153826,595.0,put,0.3397282824707031
0.10789474256153826,600.0,put,0.3315496533203125
0.10789474256153826,605.0,put,0.3237372314453124
0.10789474256153826,610.0,put,0.31580274047851553
0.10789474256153826,620.0,put,0.299811689453125
0.10789474256153826,625.0,put,0.29218237121582025
0.10789474256153826,630.0,put,0.2843089147949218
0.10789474256153826,635.0,put,0.27649649291992184
0.10789474256153826,640.0,put,0.26929441650390623
0.10789474256153826,645.0,put,0.26166509826660156
0.10789474256153826,650.0,put,0.25440198730468755
0.10789474256153826,655.0,put,0.24732197998046873
0.10789474256153826,660.0,put,0.24005886901855467
0.10789474256153826,665.0,put,0.233406103515625
0.10789474256153826,670.0,put,0.2269364416503906
0.10789474256153826,675.0,put,0.220436262512207
0.10789474256153826,680.0,put,0.2140581524658203
0.10789474256153826,685.0,put,0.20768004241943355
0.10789474256153826,690.0,put,0.20154607055664062
0.10789474256153826,695.0,put,0.19556468505859376
0.10789474256153826,700.0,put,0.1896138168334961
0.10789474256153826,701.0,put,0.18851519500732422
0.10789474256153826,702.0,put,0.1873250213623047
0.10789474256153826,703.0,put,0.18610433044433594
0.10789474256153826,704.0,put,0.18497519134521478
0.10789474256153826,705.0,put,0.18378501770019529
0.10789474256153826,706.0,put,0.1826863958740234
0.10789474256153826,707.0,put,0.1815267395019531
0.10789474256153826,708.0,put,0.1804586349487305
0.10789474256153826,709.0,put,0.17932949584960936
0.10789474256153826,710.0,put,0.17812406356811522
0.10789474256153826,711.0,put,0.17701018310546873
0.10789474256153826,712.0,put,0.17582000946044923
0.10789474256153826,713.0,put,0.17469087036132813
0.10789474256153826,714.0,put,0.1736380244445801
0.10789474256153826,715.0,put,0.1725241439819336
0.10789474256153826,716.0,put,0.17133397033691405
0.10789474256153826,717.0,put,0.1701895726013184
0.10789474256153826,718.0,put,0.16910620941162113
0.10789474256153826,719.0,put,0.1679465530395508
0.10789474256153826,720.0,put,0.16684793121337893
0.10789474256153826,721.0,put,0.16577982666015628
0.10789474256153826,722.0,put,0.16465068756103518
0.10789474256153826,723.0,put,0.1635368070983887
0.10789474256153826,724.0,put,0.16236189208984375
0.10789474256153826,725.0,put,0.1613243048095703
0.10789474256153826,726.0,put,0.16021042434692384
0.10789474256153826,727.0,put,0.1590202507019043
0.10789474256153826,728.0,put,0.15796740478515625
0.10789474256153826,729.0,put,0.15680774841308598
0.10789474256153826,730.0,put,0.15567860931396482
0.10789474256153826,731.0,put,0.154579987487793
0.10789474256153826,732.0,put,0.15348136566162113
0.10789474256153826,733.0,put,0.15241326110839848
0.10789474256153826,734.0,put,0.15134515655517583
0.10789474256153826,735.0,put,0.1501855001831055
0.10789474256153826,736.0,put,0.1491173956298828
0.10789474256153826,737.0,put,0.14806454971313482
0.10789474256153826,738.0,put,0.14692015197753905
0.10789474256153826,739.0,put,0.1458520474243164
0.10789474256153826,740.0,put,0.14479920150756836
0.10789474256153826,741.0,put,0.14373109695434572
0.10789474256153826,742.0,put,0.14264773376464845
0.10789474256153826,743.0,put,0.1415643705749512
0.10789474256153826,744.0,put,0.14046574874877932
0.10789474256153826,745.0,put,0.1394434201049805
0.10789474256153826,746.0,put,0.13831428100585938
0.10789474256153826,747.0,put,0.13724617645263676
0.10789474256153826,748.0,put,0.13626962371826173
0.10789474256153826,749.0,put,0.13517100189208986
0.10789474256153826,750.0,put,0.1496056719970703
0.10789474256153826,751.0,put,0.15103998382568362
0.10789474256153826,752.0,put,0.1500786897277832
0.10789474256153826,753.0,put,0.1492242060852051
0.10789474256153826,754.0,put,0.14835446380615236
0.10789474256153826,755.0,put,0.14768308380126954
0.10789474256153826,756.0,put,0.14688963470458982
0.10789474256153826,757.0,put,0.14618773742675778
0.10789474256153826,758.0,put,0.14547058151245118
0.10789474256153826,759.0,put,0.1448449774169922
0.10789474256153826,760.0,put,0.1442346319580078
0.10789474256153826,761.0,put,0.1435937692260742
0.10789474256153826,764.0,put,0.14222049194335937
0.10789474256153826,765.0,put,0.14203738830566404
0.10789474256153826,767.0,put,0.1414575601196289
0.10789474256153826,769.0,put,0.14130497375488282
0.10789474256153826,770.0,put,0.14133549102783205
0.10789474256153826,780.0,put,0.14695066925048827
0.12705969807146297,375.0,call,0.8811047045898437
0.12705969807146297,420.0,call,0.7812521875
0.12705969807146297,430.0,call,0.7595238891601563
0.12705969807146297,445.0,call,0.7268093725585938
0.12705969807146297,450.0,call,0.7159452233886718
0.12705969807146297,455.0,call,0.7043486596679689
0.12705969807146297,470.0,call,0.673098972167969
0.12705969807146297,475.0,call,0.6621127539062501
0.12705969807146297,485.0,call,0.541264353027344
0.12705969807146297,495.0,call,0.5354050366210938
0.12705969807146297,500.0,call,0.6091958026123048
0.12705969807146297,505.0,call,0.5985147570800782
0.12705969807146297,515.0,call,0.5086719055175781
0.12705969807146297,520.0,call,0.5671430004882813
0.12705969807146297,525.0,call,0.49414568359375005
0.12705969807146297,530.0,call,0.5452315985107423
0.12705969807146297,535.0,call,0.536259520263672
0.12705969807146297,540.0,call,0.5259446820068359
0.12705969807146297,545.0,call,0.5155688092041015
0.12705969807146297,550.0,call,0.5047046600341796
0.12705969807146297,555.0,call,0.5490157403564455
0.12705969807146297,560.0,call,0.5375412457275393
0.12705969807146297,565.0,call,0.5257615783691407
0.12705969807146297,570.0,call,0.5139208764648437
0.12705969807146297,575.0,call,0.5026905200195313
0.12705969807146297,580.0,call,0.4911549908447266
0.12705969807146297,585.0,call,0.47986359985351557
0.12705969807146297,590.0,call,0.46851117431640626
0.12705969807146297,595.0,call,0.45740288696289066
0.12705969807146297,600.0,call,0.44595890960693363
0.12705969807146297,605.0,call,0.43494217407226565
0.12705969807146297,610.0,call,0.42365078308105464
0.12705969807146297,615.0,call,0.41272559936523434
0.12705969807146297,620.0,call,0.4017393811035156
0.12705969807146297,621.0,call,0.3996642065429688
0.12705969807146297,622.0,call,0.37494521545410153
0.12705969807146297,623.0,call,0.39539178833007815
0.12705969807146297,625.0,call,0.391058335571289
0.12705969807146297,626.0,call,0.3887695401000977
0.12705969807146297,627.0,call,0.36856710540771487
0.12705969807146297,629.0,call,0.3657595162963867
0.12705969807146297,630.0,call,0.3802552209472656
0.12705969807146297,631.0,call,0.3289251678466796
0.12705969807146297,632.0,call,0.3758302163696289
0.12705969807146297,633.0,call,0.3737245245361328
0.12705969807146297,634.0,call,0.37161883270263674
0.12705969807146297,635.0,call,0.3695131408691406
0.12705969807146297,636.0,call,0.36737693176269537
0.12705969807146297,637.0,call,0.3544986425781249
0.12705969807146297,638.0,call,0.36310451354980466
0.12705969807146297,639.0,call,0.3611514080810546
0.12705969807146297,640.0,call,0.3590151989746094
0.12705969807146297,641.0,call,0.3568484725952148
0.12705969807146297,642.0,call,0.3548648498535155
0.12705969807146297,643.0,call,0.34589277160644527
0.12705969807146297,644.0,call,0.35071450073242183
0.12705969807146297,645.0,call,0.34870036071777344
0.12705969807146297,646.0,call,0.3465336343383788
0.12705969807146297,647.0,call,0.34448897705078124
0.12705969807146297,648.0,call,0.3424748370361328
0.12705969807146297,649.0,call,0.3404606970214844
0.12705969807146297,650.0,call,0.33838552246093745
0.12705969807146297,651.0,call,0.33634086517333983
0.12705969807146297,652.0,call,0.3342962078857422
0.12705969807146297,653.0,call,0.3324041369628906
0.12705969807146297,654.0,call,0.33029844512939455
0.12705969807146297,655.0,call,0.3283758569335937
0.12705969807146297,656.0,call,0.3263006823730469
0.12705969807146297,657.0,call,0.32434757690429683
0.12705969807146297,658.0,call,0.3223944714355468
0.12705969807146297,659.0,call,0.3204108486938476
0.12705969807146297,660.0,call,0.31845774322509757
0.12705969807146297,661.0,call,0.3164741204833984
0.12705969807146297,662.0,call,0.31445998046874996
0.12705969807146297,663.0,call,0.31259842681884764
0.12705969807146297,664.0,call,0.31058428680419914
0.12705969807146297,665.0,call,0.30869221588134765
0.12705969807146297,666.0,call,0.30680014495849606
0.12705969807146297,667.0,call,0.30490807403564457
0.12705969807146297,668.0,call,0.30298548583984375
0.12705969807146297,669.0,call,0.30103238037109376
0.12705969807146297,670.0,call,0.2990792749023437
0.12705969807146297,671.0,call,0.29727875579833973
0.12705969807146297,672.0,call,0.29529513305664057
0.12705969807146297,673.0,call,0.2934640966796874
0.12705969807146297,674.0,call,0.29160254302978506
0.12705969807146297,675.0,call,0.28971047210693357
0.12705969807146297,676.0,call,0.287818401184082
0.12705969807146297,677.0,call,0.2860483993530273
0.12705969807146297,678.0,call,0.28424788024902337
0.12705969807146297,679.0,call,0.28244736114501956
0.12705969807146297,680.0,call,0.2806163247680663
0.12705969807146297,681.0,call,0.2787852883911133
0.12705969807146297,682.0,call,0.2770458038330078
0.12705969807146297,683.0,call,0.2751537329101562
0.12705969807146297,684.0,call,0.2733837310791015
0.12705969807146297,685.0,call,0.2715832119750976
0.12705969807146297,686.0,call,0.2699047619628906
0.12705969807146297,687.0,call,0.26807372558593745
0.12705969807146297,688.0,call,0.26636475830078127
0.12705969807146297,689.0,call,0.26473208419799804
0.12705969807146297,690.0,call,0.2629468237304688
0.12705969807146297,691.0,call,0.26128363235473634
0.12705969807146297,692.0,call,0.2594678546142578
0.12705969807146297,693.0,call,0.25772837005615234
0.12705969807146297,694.0,call,0.2561109545898438
0.12705969807146297,695.0,call,0.254463021850586
0.12705969807146297,696.0,call,0.2527845718383789
0.12705969807146297,697.0,call,0.25107560455322264
0.12705969807146297,698.0,call,0.24945818908691403
0.12705969807146297,699.0,call,0.24781025634765624
0.12705969807146297,700.0,call,0.24625387542724608
0.12705969807146297,701.0,call,0.24454490814208985
0.12705969807146297,702.0,call,0.24292749267578123
0.12705969807146297,703.0,call,0.24137111175537107
0.12705969807146297,704.0,call,0.2398147308349609
0.12705969807146297,705.0,call,0.2381973153686523
0.12705969807146297,706.0,call,0.23667145172119142
0.12705969807146297,707.0,call,0.23511507080078126
0.12705969807146297,708.0,call,0.2336197244262695
0.12705969807146297,709.0,call,0.23230748168945312
0.12705969807146297,710.0,call,0.23073584213256837
0.12705969807146297,711.0,call,0.2291336853027344
0.12705969807146297,712.0,call,0.22759256301879882
0.12705969807146297,713.0,call,0.22602092346191405
0.12705969807146297,714.0,call,0.22440350799560543
0.12705969807146297,715.0,call,0.21872729522705076
0.12705969807146297,716.0,call,0.22147384979248047
0.12705969807146297,717.0,call,0.21628591339111325
0.12705969807146297,718.0,call,0.21463798065185546
0.12705969807146297,719.0,call,0.21703358657836913
0.12705969807146297,720.0,call,0.211296339263916
0.12705969807146297,721.0,call,0.20990780334472653
0.12705969807146297,722.0,call,0.20847349151611322
0.12705969807146297,725.0,call,0.19376416595458984
0.12705969807146297,726.0,call,0.20342288284301757
0.12705969807146297,727.0,call,0.20142400146484374
0.12705969807146297,728.0,call,0.2001727932739258
0.12705969807146297,729.0,call,0.1995319305419922
0.12705969807146297,730.0,call,0.18657734817504884
0.12705969807146297,731.0,call,0.18932390274047856
0.12705969807146297,732.0,call,0.1947407186889648
0.12705969807146297,733.0,call,0.19423718368530274
0.12705969807146297,734.0,call,0.1922383023071289
0.12705969807146297,735.0,call,0.19112442184448242
0.12705969807146297,736.0,call,0.19060562820434573
0.12705969807146297,737.0,call,0.18795062545776364
0.12705969807146297,738.0,call,0.17810880493164064
0.12705969807146297,739.0,call,0.17824613265991213
0.12705969807146297,740.0,call,0.18044337631225588
0.12705969807146297,741.0,call,0.17231052307128908
0.12705969807146297,742.0,call,0.17108983215332033
0.12705969807146297,743.0,call,0.16999121032714848
0.12705969807146297,744.0,call,0.16880103668212892
0.12705969807146297,745.0,call,0.16771767349243166
0.12705969807146297,746.0,call,0.16654275848388678
0.12705969807146297,747.0,call,0.16547465393066407
0.12705969807146297,748.0,call,0.16433025619506836
0.12705969807146297,749.0,call,0.16327741027832032
0.12705969807146297,750.0,call,0.1621330125427246
0.12705969807146297,751.0,call,0.16108016662597657
0.12705969807146297,752.0,call,0.16004257934570312
0.12705969807146297,753.0,call,0.1590049920654297
0.12705969807146297,754.0,call,0.15795214614868164
0.12705969807146297,755.0,call,0.1570061106872559
0.12705969807146297,756.0,call,0.1559532647705078
0.12705969807146297,757.0,call,0.15500722930908206
0.12705969807146297,758.0,call,0.15406119384765626
0.12705969807146297,759.0,call,0.1530846411132813
0.12705969807146297,760.0,call,0.15223015747070315
0.12705969807146297,761.0,call,0.15126886337280276
0.12705969807146297,762.0,call,0.15039912109375003
0.12705969807146297,763.0,call,0.1495293788146973
0.12705969807146297,764.0,call,0.1486443778991699
0.12705969807146297,765.0,call,0.14786618743896485
0.12705969807146297,766.0,call,0.1469811865234375
0.12705969807146297,767.0,call,0.146218254699707
0.12705969807146297,768.0,call,0.14542480560302734
0.12705969807146297,769.0,call,0.14466187377929687
0.12705969807146297,770.0,call,0.14399049377441403
0.12705969807146297,771.0,call,0.14321230331420898
0.12705969807146297,772.0,call,0.14255618194580078
0.12705969807146297,773.0,call,0.14191531921386719
0.12705969807146297,774.0,call,0.14115238739013675
0.12705969807146297,775.0,call,0.14051152465820313
0.12705969807146297,776.0,call,0.13990117919921874
0.12705969807146297,777.0,call,0.1392908337402344
0.12705969807146297,778.0,call,0.13872626419067385
0.12705969807146297,779.0,call,0.13816169464111328
0.12705969807146297,780.0,call,0.1376429010009766
0.12705969807146297,781.0,call,0.13715462463378908
0.12705969807146297,782.0,call,0.1366968655395508
0.12705969807146297,783.0,call,0.13626962371826173
0.12705969807146297,784.0,call,0.13590341644287113
0.12705969807146297,785.0,call,0.13544565734863284
0.12705969807146297,786.0,call,0.13501841552734378
0.12705969807146297,787.0,call,0.13465220825195315
0.12705969807146297,788.0,call,0.1343775527954102
0.12705969807146297,789.0,call,0.1339808282470703
0.12705969807146297,790.0,call,0.13367565551757812
0.12705969807146297,791.0,call,0.1334925518798828
0.12705969807146297,792.0,call,0.1331568618774414
0.12705969807146297,793.0,call,0.13294324096679688
0.12705969807146297,794.0,call,0.1326380682373047
0.12705969807146297,795.0,call,0.1324854818725586
0.12705969807146297,796.0,call,0.13221082641601564
0.12705969807146297,797.0,call,0.13208875732421876
0.12705969807146297,798.0,call,0.131844619140625
0.12705969807146297,799.0,call,0.131844619140625
0.12705969807146297,800.0,call,0.1316615155029297
0.12705969807146297,805.0,call,0.13160048095703125
0.12705969807146297,810.0,call,0.13147841186523437
0.12705969807146297,815.0,call,0.13233289550781252
0.12705969807146297,820.0,call,0.13391979370117188
0.12705969807146297,825.0,call,0.13575083007812502
0.12705969807146297,830.0,call,0.1381922119140625
0.12705969807146297,835.0,call,0.14087773193359376
0.12705969807146297,840.0,call,0.14429566650390624
0.12705969807146297,380.0,put,0.6513706738281251
0.12705969807146297,385.0,put,0.6425816992187501
0.12705969807146297,390.0,put,0.6347692773437501
0.12705969807146297,395.0,put,0.6289099609375001
0.12705969807146297,400.0,put,0.6171913281250001
0.12705969807146297,405.0,put,0.6103554589843752
0.12705969807146297,410.0,put,0.6044961425781252
0.12705969807146297,415.0,put,0.594730615234375
0.12705969807146297,420.0,put,0.58789474609375
0.12705969807146297,425.0,put,0.579105771484375
0.12705969807146297,430.0,put,0.5717816259765626
0.12705969807146297,435.0,put,0.5644574804687501
0.12705969807146297,440.0,put,0.5585981640625001
0.12705969807146297,445.0,put,0.5507857421875001
0.12705969807146297,450.0,put,0.5424850439453126
0.12705969807146297,455.0,put,0.5356491748046875
0.12705969807146297,460.0,put,0.5273484765625001
0.12705969807146297,465.0,put,0.5205126074218749
0.12705969807146297,470.0,put,0.5131884619140624
0.12705969807146297,475.0,put,0.5048877636718749
0.12705969807146297,480.0,put,0.4995167236328125
0.12705969807146297,485.0,put,0.49268085449218757
0.12705969807146297,490.0,put,0.48389187988281257
0.12705969807146297,495.0,put,0.476567734375
0.12705969807146297,500.0,put,0.46924358886718753
0.12705969807146297,505.0,put,0.46191944335937507
0.12705969807146297,510.0,put,0.45435115966796874
0.12705969807146297,515.0,put,0.4467828759765625
0.12705969807146297,520.0,put,0.43897045410156255
0.12705969807146297,525.0,put,0.4309138940429688
0.12705969807146297,530.0,put,0.42407802490234375
0.12705969807146297,535.0,put,0.41602146484374997
0.12705969807146297,540.0,put,0.40881938842773435
0.12705969807146297,545.0,put,0.4014952429199219
0.12705969807146297,550.0,put,0.3940490283203125
0.12705969807146297,555.0,put,0.38635867553710934
0.12705969807146297,560.0,put,0.3786683227539062
0.12705969807146297,565.0,put,0.3715883154296875
0.12705969807146297,570.0,put,0.36426416992187505
0.12705969807146297,575.0,put,0.35681795532226557
0.12705969807146297,580.0,put,0.3491276025390625
0.12705969807146297,585.0,put,0.34204759521484374
0.12705969807146297,590.0,put,0.33411310424804685
0.12705969807146297,595.0,put,0.327155166015625
0.12705969807146297,600.0,put,0.3200751586914062
0.12705969807146297,605.0,put,0.31262894409179687
0.12705969807146297,610.0,put,0.3055489367675781
0.12705969807146297,615.0,put,0.2981637567138671
0.12705969807146297,620.0,put,0.2910227148437499
0.12705969807146297,621.0,put,0.28967995483398434
0.12705969807146297,622.0,put,0.28839822937011705
0.12705969807146297,623.0,put,0.2866282275390625
0.12705969807146297,624.0,put,0.28528546752929684
0.12705969807146297,625.0,put,0.28394270751953116
0.12705969807146297,626.0,put,0.2825999475097656
0.12705969807146297,627.0,put,0.2811961529541015
0.12705969807146297,628.0,put,0.2797923583984374
0.12705969807146297,629.0,put,0.27838856384277344
0.12705969807146297,630.0,put,0.27698476928710936
0.12705969807146297,631.0,put,0.27558097473144527
0.12705969807146297,632.0,put,0.27411614562988285
0.12705969807146297,633.0,put,0.2726513165283203
0.12705969807146297,634.0,put,0.2715526947021484
0.12705969807146297,635.0,put,0.2700268310546875
0.12705969807146297,636.0,put,0.26856200195312496
0.12705969807146297,637.0,put,0.2674023455810547
0.12705969807146297,638.0,put,0.26587648193359376
0.12705969807146297,639.0,put,0.264655791015625
0.12705969807146297,640.0,put,0.2631299273681641
0.12705969807146297,641.0,put,0.2618482019042969
0.12705969807146297,642.0,put,0.2606275109863281
0.12705969807146297,643.0,put,0.259345785522461
0.12705969807146297,644.0,put,0.25775888732910157
0.12705969807146297,645.0,put,0.25641612731933594
0.12705969807146297,646.0,put,0.2550733673095704
0.12705969807146297,647.0,put,0.2537306072998047
0.12705969807146297,648.0,put,0.25269302001953126
0.12705969807146297,649.0,put,0.2512892254638671
0.12705969807146297,650.0,put,0.24988543090820312
0.12705969807146297,651.0,put,0.24872577453613282
0.12705969807146297,652.0,put,0.24732197998046873
0.12705969807146297,653.0,put,0.24613180633544923
0.12705969807146297,654.0,put,0.24463645996093752
0.12705969807146297,655.0,put,0.24341576904296874
0.12705969807146297,656.0,put,0.242195078125
0.12705969807146297,657.0,put,0.24091335266113278
0.12705969807146297,658.0,put,0.23963162719726558
0.12705969807146297,659.0,put,0.23828886718749998
0.12705969807146297,660.0,put,0.23697662445068357
0.12705969807146297,661.0,put,0.23584748535156247
0.12705969807146297,662.0,put,0.23447420806884767
0.12705969807146297,663.0,put,0.23331455169677734
0.12705969807146297,664.0,put,0.23212437805175778
0.12705969807146297,665.0,put,0.23090368713378906
0.12705969807146297,666.0,put,0.2296829962158203
0.12705969807146297,667.0,put,0.22840127075195313
0.12705969807146297,668.0,put,0.22711954528808592
0.12705969807146297,669.0,put,0.2257767852783203
0.12705969807146297,670.0,put,0.2246476461791992
0.12705969807146297,671.0,put,0.22348798980712886
0.12705969807146297,672.0,put,0.22208419525146478
0.12705969807146297,673.0,put,0.22089402160644528
0.12705969807146297,674.0,put,0.21964281341552733
0.12705969807146297,675.0,put,0.21857470886230468
0.12705969807146297,676.0,put,0.21726246612548827
0.12705969807146297,677.0,put,0.21613332702636717
0.12705969807146297,678.0,put,0.21494315338134767
0.12705969807146297,679.0,put,0.21375297973632812
0.12705969807146297,680.0,put,0.21250177154541017
0.12705969807146297,681.0,put,0.21125056335449216
0.12705969807146297,682.0,put,0.21012142425537106
0.12705969807146297,683.0,put,0.20896176788330073
0.12705969807146297,684.0,put,0.20777159423828123
0.12705969807146297,685.0,put,0.20655090332031245
0.12705969807146297,686.0,put,0.2054827987670898
0.12705969807146297,687.0,put,0.2043536596679687
0.12705969807146297,688.0,put,0.2030108996582031
0.12705969807146297,689.0,put,0.20197331237792968
0.12705969807146297,690.0,put,0.20075262145996092
0.12705969807146297,691.0,put,0.19962348236083982
0.12705969807146297,692.0,put,0.1984638259887695
0.12705969807146297,693.0,put,0.19727365234375
0.12705969807146297,694.0,put,0.19617503051757812
0.12705969807146297,695.0,put,0.19507640869140624
0.12705969807146297,696.0,put,0.19388623504638675
0.12705969807146297,697.0,put,0.19281813049316404
0.12705969807146297,698.0,put,0.19171950866699222
0.12705969807146297,699.0,put,0.1905598522949219
0.12705969807146297,700.0,put,0.18936967864990234
0.12705969807146297,701.0,put,0.18824053955078124
0.12705969807146297,702.0,put,0.18723346954345704
0.12705969807146297,703.0,put,0.18602803726196288
0.12705969807146297,704.0,put,0.1849141567993164
0.12705969807146297,705.0,put,0.18387656951904296
0.12705969807146297,706.0,put,0.1827779476928711
0.12705969807146297,707.0,put,0.18164880859375
0.12705969807146297,708.0,put,0.18058070404052734
0.12705969807146297,709.0,put,0.17948208221435547
0.12705969807146297,710.0,put,0.17830716720581058
0.12705969807146297,711.0,put,0.17719328674316404
0.12705969807146297,712.0,put,0.17615569946289064
0.12705969807146297,713.0,put,0.17507233627319335
0.12705969807146297,714.0,put,0.1739279385375977
0.12705969807146297,715.0,put,0.17282931671142582
0.12705969807146297,716.0,put,0.17179172943115234
0.12705969807146297,717.0,put,0.17069310760498052
0.12705969807146297,718.0,put,0.16964026168823243
0.12705969807146297,719.0,put,0.168526381225586
0.12705969807146297,720.0,put,0.1674582766723633
0.12705969807146297,721.0,put,0.16632913757324225
0.12705969807146297,722.0,put,0.16524577438354493
0.12705969807146297,725.0,put,0.16199568481445312
0.12705969807146297,726.0,put,0.1609580975341797
0.12705969807146297,727.0,put,0.15984421707153318
0.12705969807146297,728.0,put,0.15874559524536136
0.12705969807146297,729.0,put,0.15769274932861327
0.12705969807146297,730.0,put,0.15665516204833985
0.12705969807146297,731.0,put,0.15563283340454104
0.12705969807146297,732.0,put,0.15453421157836916
0.12705969807146297,733.0,put,0.1534508483886719
0.12705969807146297,734.0,put,0.15239800247192387
0.12705969807146297,735.0,put,0.15134515655517583
0.12705969807146297,736.0,put,0.15021601745605473
0.12705969807146297,737.0,put,0.14919368881225586
0.12705969807146297,738.0,put,0.14817136016845706
0.12705969807146297,739.0,put,0.14707273834228518
0.12705969807146297,740.0,put,0.14606566833496093
0.12705969807146297,741.0,put,0.14496704650878905
0.12705969807146297,742.0,put,0.1439599765014648
0.12705969807146297,743.0,put,0.14286135467529298
0.12705969807146297,744.0,put,0.14185428466796873
0.12705969807146297,745.0,put,0.14084721466064454
0.12705969807146297,746.0,put,0.13980962738037112
0.12705969807146297,747.0,put,0.1387872987365723
0.12705969807146297,748.0,put,0.13773445281982422
0.12705969807146297,749.0,put,0.13668160690307618
0.12705969807146297,750.0,put,0.13572031280517582
0.12705969807146297,751.0,put,0.1511162770080567
0.12705969807146297,752.0,put,0.15021601745605473
0.12705969807146297,753.0,put,0.14939205108642578
0.12705969807146297,754.0,put,0.14849179153442382
0.12705969807146297,755.0,put,0.14347170013427735
0.12705969807146297,756.0,put,0.14682860015869142
0.12705969807146297,757.0,put,0.14609618560791016
0.12705969807146297,758.0,put,0.1453637710571289
0.12705969807146297,759.0,put,0.14064885238647462
0.12705969807146297,760.0,put,0.14386842468261718
0.12705969807146297,761.0,put,0.14321230331420898
0.12705969807146297,762.0,put,0.14255618194580078
0.12705969807146297,763.0,put,0.1420068710327148
0.12705969807146297,764.0,put,0.14154911193847658
0.12705969807146297,765.0,put,0.14099980102539064
0.12705969807146297,766.0,put,0.14055730056762694
0.12705969807146297,767.0,put,0.1366968655395508
0.12705969807146297,768.0,put,0.13980962738037112
0.12705969807146297,769.0,put,0.1700522448730469
0.12705969807146297,770.0,put,0.1352320364379883
0.12705969807146297,771.0,put,0.13919928192138675
0.12705969807146297,772.0,put,0.13907721282958985
0.12705969807146297,773.0,put,0.13900091964721684
0.12705969807146297,774.0,put,0.13907721282958985
0.12705969807146297,775.0,put,0.13919928192138675
0.12705969807146297,776.0,put,0.1395044546508789
0.12705969807146297,779.0,put,0.14063359375
0.12705969807146297,780.0,put,0.14106083557128907
0.12705969807146297,782.0,put,0.14249514739990232
0.12705969807146297,783.0,put,0.1433496310424805
0.12705969807146297,784.0,put,0.14429566650390624
0.12705969807146297,785.0,put,0.1452111846923828
0.12705969807146297,790.0,put,0.15119257019042973
0.12705969807146297,791.0,put,0.15256584747314456
0.12705969807146297,795.0,put,0.1587913711547852
0.12705969807146297,800.0,put,0.16742775939941407
0.12705969807146297,825.0,put,0.2125933233642578
0.18455456460123712,360.0,call,0.8676771044921875
0.18455456460123712,365.0,call,0.8580336462402343
0.18455456460123712,370.0,call,0.6567417138671876
0.18455456460123712,395.0,call,0.79101771484375
0.18455456460123712,400.0,call,0.7785666674804688
0.18455456460123712,420.0,call,0.7375514526367187
0.18455456460123712,435.0,call,0.705630385131836
0.18455456460123712,440.0,call,0.6941558905029297
0.18455456460123712,445.0,call,0.6805451867675782
0.18455456460123712,450.0,call,0.6738313867187502
0.18455456460123712,455.0,call,0.6622958575439455
0.18455456460123712,460.0,call,0.6543613665771486
0.18455456460123712,465.0,call,0.6413610083007812
0.18455456460123712,470.0,call,0.632938240966797
0.18455456460123712,480.0,call,0.6143227044677735
0.18455456460123712,485.0,call,0.6044961425781252
0.18455456460123712,490.0,call,0.5939982006835938
0.18455456460123712,495.0,call,0.5849040533447265
0.18455456460123712,500.0,call,0.5729412823486328
0.18455456460123712,505.0,call,0.5638471350097658
0.18455456460123712,510.0,call,0.5556685058593751
0.18455456460123712,515.0,call,0.5458419439697266
0.18455456460123712,520.0,call,0.5365036584472658
0.18455456460123712,525.0,call,0.5269822692871093
0.18455456460123712,530.0,call,0.5159960510253907
0.18455456460123712,535.0,call,0.5049793154907226
0.18455456460123712,540.0,call,0.5307053765869141
0.18455456460123712,545.0,call,0.5210314010620116
0.18455456460123712,550.0,call,0.5083667327880859
0.18455456460123712,555.0,call,0.43079182495117196
0.18455456460123712,560.0,call,0.49310809631347663
0.18455456460123712,565.0,call,0.4784598052978516
0.18455456460123712,570.0,call,0.473210834350586
0.18455456460123712,575.0,call,0.45935599243164066
0.18455456460123712,580.0,call,0.4534356414794922
0.18455456460123712,585.0,call,0.44348701049804684
0.18455456460123712,590.0,call,0.4331111376953125
0.18455456460123712,595.0,call,0.42435268035888674
0.18455456460123712,600.0,call,0.41480077392578124
0.18455456460123712,605.0,call,0.40296007202148443
0.18455456460123712,610.0,call,0.3959410992431641
0.18455456460123712,615.0,call,0.3863281582641601
0.18455456460123712,620.0,call,0.37723401092529296
0.18455456460123712,625.0,call,0.36804831176757813
0.18455456460123712,630.0,call,0.3588626126098633
0.18455456460123712,635.0,call,0.34998208618164056
0.18455456460123712,640.0,call,0.34107104248046877
0.18455456460123712,645.0,call,0.33228206787109377
0.18455456460123712,650.0,call,0.32353886917114244
0.18455456460123712,651.0,call,0.3218146432495117
0.18455456460123712,652.0,call,0.32022774505615226
0.18455456460123712,654.0,call,0.3165961895751953
0.18455456460123712,655.0,call,0.31510084320068354
0.18455456460123712,656.0,call,0.31333084136962885
0.18455456460123712,657.0,call,0.31168290863037107
0.18455456460123712,659.0,call,0.30823445678710937
0.18455456460123712,660.0,call,0.30655600677490236
0.18455456460123712,661.0,call,0.30486229812622073
0.18455456460123712,662.0,call,0.3030465203857422
0.18455456460123712,663.0,call,0.30145962219238287
0.18455456460123712,664.0,call,0.2998422067260742
0.18455456460123712,665.0,call,0.2981027221679687
0.18455456460123712,666.0,call,0.2964853067016602
0.18455456460123712,667.0,call,0.2948373739624023
0.18455456460123712,668.0,call,0.2931894412231445
0.18455456460123712,669.0,call,0.2916330603027343
0.18455456460123712,670.0,call,0.28995461029052727
0.18455456460123712,671.0,call,0.28826090164184565
0.18455456460123712,672.0,call,0.2866740034484863
0.18455456460123712,673.0,call,0.28494977752685535
0.18455456460123712,674.0,call,0.2833323620605468
0.18455456460123712,675.0,call,0.28182175704956053
0.18455456460123712,676.0,call,0.28017382431030263
0.18455456460123712,678.0,call,0.27695425201416013
0.18455456460123712,680.0,call,0.27376519699096674
0.18455456460123712,681.0,call,0.2721477815246582
0.18455456460123712,682.0,call,0.2706371765136719
0.18455456460123712,684.0,call,0.2674328628540039
0.18455456460123712,685.0,call,0.26595277511596677
0.18455456460123712,686.0,call,0.26436587692260743
0.18455456460123712,687.0,call,0.26285527191162117
0.18455456460123712,688.0,call,0.2612378564453125
0.18455456460123712,689.0,call,0.2596814755249024
0.18455456460123712,690.0,call,0.25823190505981447
0.18455456460123712,692.0,call,0.25514966049194343
0.18455456460123712,693.0,call,0.2536237968444825
0.18455456460123712,694.0,call,0.2520826745605469
0.18455456460123712,695.0,call,0.25023637954711914
0.18455456460123712,696.0,call,0.24912249908447265
0.18455456460123712,697.0,call,0.24762715270996094
0.18455456460123712,698.0,call,0.24619284088134769
0.18455456460123712,700.0,call,0.23876188491821287
0.18455456460123712,701.0,call,0.24173731903076173
0.18455456460123712,702.0,call,0.24030300720214842
0.18455456460123712,703.0,call,0.23885343673706055
0.18455456460123712,704.0,call,0.23746490081787108
0.18455456460123712,705.0,call,0.23595429580688476
0.18455456460123712,707.0,call,0.2317886880493164
0.18455456460123712,708.0,call,0.23172765350341795
0.18455456460123712,709.0,call,0.2303696348571777
0.18455456460123712,710.0,call,0.22768411483764645
0.18455456460123712,711.0,call,0.22760782165527343
0.18455456460123712,712.0,call,0.22504437072753902
0.18455456460123712,713.0,call,0.22480023254394527
0.18455456460123712,715.0,call,0.22077195251464843
0.18455456460123712,716.0,call,0.22075669387817382
0.18455456460123712,717.0,call,0.2184984156799316
0.18455456460123712,718.0,call,0.2169878106689453
0.18455456460123712,719.0,call,0.2155229815673828
0.18455456460123712,720.0,call,0.2142717733764648
0.18455456460123712,721.0,call,0.21125056335449216
0.18455456460123712,722.0,call,0.20945004425048824
0.18455456460123712,723.0,call,0.20670348968505853
0.18455456460123712,724.0,call,0.20908383697509764
0.18455456460123712,725.0,call,0.20676452423095698
0.18455456460123712,726.0,call,0.20644409286499016
0.18455456460123712,727.0,call,0.20519288467407226
0.18455456460123712,728.0,call,0.20372805557250978
0.18455456460123712,729.0,call,0.2028735719299316
0.18455456460123712,730.0,call,0.19255873367309573
0.18455456460123712,731.0,call,0.20032537963867186
0.18455456460123712,732.0,call,0.19870796417236325
0.18455456460123712,733.0,call,0.19777718734741212
0.18455456460123712,734.0,call,0.19606822006225588
0.18455456460123712,735.0,call,0.18679096908569337
0.18455456460123712,736.0,call,0.1946796841430664
0.18455456460123712,737.0,call,0.19284864776611327
0.18455456460123712,738.0,call,0.19246718185424805
0.18455456460123712,739.0,call,0.18648579635620116
0.18455456460123712,740.0,call,0.181023204498291
0.18455456460123712,741.0,call,0.18439536315917968
0.18455456460123712,742.0,call,0.18810321182250977
0.18455456460123712,743.0,call,0.17728483856201172
0.18455456460123712,744.0,call,0.17621673400878907
0.18455456460123712,745.0,call,0.17516388809204103
0.18455456460123712,746.0,call,0.17414155944824222
0.18455456460123712,747.0,call,0.17314974807739258
0.18455456460123712,748.0,call,0.17209690216064455
0.18455456460123712,749.0,call,0.17113560806274414
0.18455456460123712,750.0,call,0.17011327941894533
0.18455456460123712,751.0,call,0.16910620941162113
0.18455456460123712,752.0,call,0.1681296566772461
0.18455456460123712,753.0,call,0.16716836257934575
0.18455456460123712,754.0,call,0.16622232711791995
0.18455456460123712,755.0,call,0.16529155029296877
0.18455456460123712,756.0,call,0.1643760321044922
0.18455456460123712,757.0,call,0.16347577255249024
0.18455456460123712,758.0,call,0.1625907716369629
0.18455456460123712,759.0,call,0.1616447361755371
0.18455456460123712,760.0,call,0.16079025253295898
0.18455456460123712,761.0,call,0.15995102752685547
0.18455456460123712,762.0,call,0.15912706115722658
0.18455456460123712,763.0,call,0.15822680160522462
0.18455456460123712,764.0,call,0.1574180938720703
0.18455456460123712,765.0,call,0.15663990341186523
0.18455456460123712,766.0,call,0.15586171295166018
0.18455456460123712,767.0,call,0.1551140397644043
0.18455456460123712,768.0,call,0.15436636657714847
0.18455456460123712,769.0,call,0.15354240020751952
0.18455456460123712,770.0,call,0.15282524429321293
0.18455456460123712,771.0,call,0.15212334701538088
0.18455456460123712,772.0,call,0.15143670837402345
0.18455456460123712,773.0,call,0.15078058700561525
0.18455456460123712,774.0,call,0.15012446563720705
0.18455456460123712,775.0,call,0.14949886154174807
0.18455456460123712,776.0,call,0.14887325744628904
0.18455456460123712,777.0,call,0.1482934292602539
0.18455456460123712,778.0,call,0.14771360107421877
0.18455456460123712,779.0,call,0.14707273834228518
0.18455456460123712,780.0,call,0.14655394470214844
0.18455456460123712,781.0,call,0.14594359924316402
0.18455456460123712,782.0,call,0.1454858401489258
0.18455456460123712,783.0,call,0.14493652923583983
0.18455456460123712,784.0,call,0.1444329942321777
0.18455456460123712,785.0,call,0.1439599765014648
0.18455456460123712,786.0,call,0.14350221740722657
0.18455456460123712,787.0,call,0.14298342376708983
0.18455456460123712,788.0,call,0.14251040603637694
0.18455456460123712,789.0,call,0.14206790557861326
0.18455456460123712,790.0,call,0.14167118103027343
0.18455456460123712,791.0,call,0.14133549102783205
0.18455456460123712,792.0,call,0.140908249206543
0.18455456460123712,793.0,call,0.14054204193115233
0.18455456460123712,794.0,call,0.14011480010986327
0.18455456460123712,795.0,call,0.13971807556152344
0.18455456460123712,796.0,call,0.13941290283203128
0.18455456460123712,797.0,call,0.13901617828369145
0.18455456460123712,798.0,call,0.13871100555419924
0.18455456460123712,799.0,call,0.13846686737060548
0.18455456460123712,800.0,call,0.13816169464111328
0.18455456460123712,805.0,call,0.1368494519042969
0.18455456460123712,810.0,call,0.13581186462402345
0.18455456460123712,815.0,call,0.13526255371093754
0.18455456460123712,820.0,call,0.13501841552734378
0.18455456460123712,825.0,call,0.13514048461914066
0.18455456460123712,830.0,call,0.1355066918945313
0.18455456460123712,835.0,call,0.13636117553710939
0.18455456460123712,840.0,call,0.1373377282714844
0.18455456460123712,845.0,call,0.13941290283203128
0.18455456460123712,850.0,call,0.141610146484375
0.18455456460123712,855.0,call,0.1430749755859375
0.18455456460123712,860.0,call,0.14600463378906248
0.18455456460123712,870.0,call,0.15088739746093754
0.18455456460123712,880.0,call,0.15528188476562502
0.18455456460123712,360.0,put,0.6176796044921876
0.18455456460123712,365.0,put,0.6103554589843752
0.18455456460123712,370.0,put,0.6015664843750002
0.18455456460123712,375.0,put,0.594730615234375
0.18455456460123712,380.0,put,0.5888712988281251
0.18455456460123712,385.0,put,0.5815471533203125
0.18455456460123712,390.0,put,0.5737347314453125
0.18455456460123712,395.0,put,0.567387138671875
0.18455456460123712,400.0,put,0.559574716796875
0.18455456460123712,405.0,put,0.5532271240234375
0.18455456460123712,410.0,put,0.5463912548828126
0.18455456460123712,415.0,put,0.5385788330078126
0.18455456460123712,420.0,put,0.5327195166015625
0.18455456460123712,425.0,put,0.524418818359375
0.18455456460123712,430.0,put,0.5185595019531251
0.18455456460123712,435.0,put,0.5112353564453125
0.18455456460123712,440.0,put,0.5039112109375
0.18455456460123712,445.0,put,0.49805189453125004
0.18455456460123712,450.0,put,0.49121602539062503
0.18455456460123712,455.0,put,0.48438015625
0.18455456460123712,460.0,put,0.477544287109375
0.18455456460123712,465.0,put,0.471684970703125
0.18455456460123712,470.0,put,0.4646049633789063
0.18455456460123712,475.0,put,0.4572808178710938
0.18455456460123712,480.0,put,0.45117736328125
0.18455456460123712,485.0,put,0.44385321777343745
0.18455456460123712,490.0,put,0.43726148681640625
0.18455456460123712,495.0,put,0.43079182495117196
0.18455456460123712,500.0,put,0.42407802490234375
0.18455456460123712,505.0,put,0.41736422485351554
0.18455456460123712,510.0,put,0.4105283557128906
0.18455456460123712,515.0,put,0.40430283203125
0.18455456460123712,520.0,put,0.3980773083496094
0.18455456460123712,525.0,put,0.39087523193359375
0.18455456460123712,530.0,put,0.3850159155273437
0.18455456460123712,535.0,put,0.37830211547851555
0.18455456460123712,540.0,put,0.3715883154296875
0.18455456460123712,545.0,put,0.36524072265625
0.18455456460123712,550.0,put,0.3587710607910156
0.18455456460123712,555.0,put,0.35272864074707033
0.18455456460123712,560.0,put,0.3459538061523437
0.18455456460123712,565.0,put,0.33960621337890623
0.18455456460123712,570.0,put,0.333563793334961
0.18455456460123712,575.0,put,0.32733826965332036
0.18455456460123712,580.0,put,0.32092964233398436
0.18455456460123712,585.0,put,0.3147041186523437
0.18455456460123712,590.0,put,0.3087227331542969
0.18455456460123712,595.0,put,0.30249720947265624
0.18455456460123712,600.0,put,0.2963937548828125
0.18455456460123712,605.0,put,0.2901071966552734
0.18455456460123712,610.0,put,0.28424788024902337
0.18455456460123712,615.0,put,0.278327529296875
0.18455456460123712,620.0,put,0.27246821289062495
0.18455456460123712,625.0,put,0.266608896484375
0.18455456460123712,630.0,put,0.2608716491699219
0.18455456460123712,635.0,put,0.2553175054931641
0.18455456460123712,640.0,put,0.24958025817871093
0.18455456460123712,645.0,put,0.24390404541015626
0.18455456460123712,650.0,put,0.23841093627929685
0.18455456460123712,651.0,put,0.23728179718017578
0.18455456460123712,652.0,put,0.23612214080810545
0.18455456460123712,653.0,put,0.23511507080078126
0.18455456460123712,654.0,put,0.2339248971557617
0.18455456460123712,655.0,put,0.23288730987548828
0.18455456460123712,656.0,put,0.2318192053222656
0.18455456460123712,657.0,put,0.23075110076904298
0.18455456460123712,658.0,put,0.2296524789428711
0.18455456460123712,659.0,put,0.22855385711669923
0.18455456460123712,660.0,put,0.2274247180175781
0.18455456460123712,661.0,put,0.22641764801025388
0.18455456460123712,662.0,put,0.22525799163818355
0.18455456460123712,663.0,put,0.22422040435791013
0.18455456460123712,664.0,put,0.2231828170776367
0.18455456460123712,665.0,put,0.22196212615966793
0.18455456460123712,666.0,put,0.22101609069824218
0.18455456460123712,667.0,put,0.21988695159912108
0.18455456460123712,668.0,put,0.21875781249999998
0.18455456460123712,669.0,put,0.2177507424926758
0.18455456460123712,670.0,put,0.21659108612060546
0.18455456460123712,671.0,put,0.21553824020385742
0.18455456460123712,672.0,put,0.21445487701416016
0.18455456460123712,673.0,put,0.2133715138244629
0.18455456460123712,674.0,put,0.21239496109008787
0.18455456460123712,675.0,put,0.21125056335449216
0.18455456460123712,676.0,put,0.21022823471069335
0.18455456460123712,677.0,put,0.20917538879394526
0.18455456460123712,678.0,put,0.2081072842407226
0.18455456460123712,679.0,put,0.20700866241455074
0.18455456460123712,680.0,put,0.20600159240722654
0.18455456460123712,681.0,put,0.20487245330810544
0.18455456460123712,682.0,put,0.20383486602783202
0.18455456460123712,683.0,put,0.20275150283813476
0.18455456460123712,684.0,put,0.2016681396484375
0.18455456460123712,685.0,put,0.20066106964111324
0.18455456460123712,686.0,put,0.19962348236083982
0.18455456460123712,687.0,put,0.1985858950805664
0.18455456460123712,688.0,put,0.19748727325439452
0.18455456460123712,689.0,put,0.19638865142822265
0.18455456460123712,690.0,put,0.19538158142089845
0.18455456460123712,691.0,put,0.1943134768676758
0.18455456460123712,692.0,put,0.19324537231445313
0.18455456460123712,693.0,put,0.1922383023071289
0.18455456460123712,694.0,put,0.1911091632080078
0.18455456460123712,695.0,put,0.19005631729125982
0.18455456460123712,696.0,put,0.1890797645568848
0.18455456460123712,697.0,put,0.18807269454956055
0.18455456460123712,698.0,put,0.1870198486328125
0.18455456460123712,699.0,put,0.1859517440795898
0.18455456460123712,700.0,put,0.18494467407226559
0.18455456460123712,701.0,put,0.1839223454284668
0.18455456460123712,702.0,put,0.1828542408752441
0.18455456460123712,703.0,put,0.1818471708679199
0.18455456460123712,704.0,put,0.18080958358764648
0.18455456460123712,705.0,put,0.17984828948974607
0.18455456460123712,706.0,put,0.17873440902709958
0.18455456460123712,707.0,put,0.17778837356567384
0.18455456460123712,708.0,put,0.17670501037597658
0.18455456460123712,709.0,put,0.1757742335510254
0.18455456460123712,710.0,put,0.17470612899780275
0.18455456460123712,711.0,put,0.17369905899047855
0.18455456460123712,712.0,put,0.17275302352905275
0.18455456460123712,713.0,put,0.1716696603393555
0.18455456460123712,714.0,put,0.17072362487792972
0.18455456460123712,715.0,put,0.16964026168823243
0.18455456460123712,716.0,put,0.1687094848632813
0.18455456460123712,717.0,put,0.16771767349243166
0.18455456460123712,718.0,put,0.16669534484863285
0.18455456460123712,719.0,put,0.16571879211425783
0.18455456460123712,720.0,put,0.16468120483398438
0.18455456460123712,721.0,put,0.1637046520996094
0.18455456460123712,722.0,put,0.16266706481933596
0.18455456460123712,723.0,put,0.16167525344848632
0.18455456460123712,724.0,put,0.1606224075317383
0.18455456460123712,725.0,put,0.15970688934326172
0.18455456460123712,726.0,put,0.15865404342651368
0.18455456460123712,727.0,put,0.15770800796508788
0.18455456460123712,728.0,put,0.1567161965942383
0.18455456460123712,729.0,put,0.15567860931396482
0.18455456460123712,730.0,put,0.15473257385253908
0.18455456460123712,731.0,put,0.15375602111816405
0.18455456460123712,732.0,put,0.15270317520141607
0.18455456460123712,733.0,put,0.15177239837646483
0.18455456460123712,734.0,put,0.15078058700561525
0.18455456460123712,735.0,put,0.14980403427124023
0.18455456460123712,736.0,put,0.14885799880981443
0.18455456460123712,737.0,put,0.1479119633483887
0.18455456460123712,738.0,put,0.14692015197753905
0.18455456460123712,739.0,put,0.14594359924316402
0.18455456460123712,740.0,put,0.14498230514526367
0.18455456460123712,741.0,put,0.14403626968383787
0.18455456460123712,742.0,put,0.14302919967651367
0.18455456460123712,743.0,put,0.1420984228515625
0.18455456460123712,744.0,put,0.1411066114807129
0.18455456460123712,745.0,put,0.14020635192871095
0.18455456460123712,746.0,put,0.13922979919433598
0.18455456460123712,747.0,put,0.13826850509643557
0.18455456460123712,748.0,put,0.1373072109985352
0.18455456460123712,749.0,put,0.13636117553710939
0.18455456460123712,750.0,put,0.135399881439209
0.18455456460123712,751.0,put,0.13453013916015627
0.18455456460123712,752.0,put,0.13358410369873047
0.18455456460123712,753.0,put,0.1326380682373047
0.18455456460123712,754.0,put,0.1420984228515625
0.18455456460123712,755.0,put,0.1324244473266602
0.18455456460123712,756.0,put,0.13367565551757812
0.18455456460123712,757.0,put,0.1396112651062012
0.18455456460123712,758.0,put,0.13874152282714847
0.18455456460123712,759.0,put,0.1380243669128418
0.18455456460123712,760.0,put,0.1352320364379883
0.18455456460123712,761.0,put,0.13510996734619146
0.18455456460123712,762.0,put,0.13431651824951174
0.18455456460123712,763.0,put,0.13498789825439456
0.18455456460123712,764.0,put,0.132119274597168
0.18455456460123712,765.0,put,0.1336146209716797
0.18455456460123712,766.0,put,0.13294324096679688
0.18455456460123712,767.0,put,0.13227186096191407
0.18455456460123712,768.0,put,0.13169203277587893
0.18455456460123712,769.0,put,0.13111220458984374
0.18455456460123712,770.0,put,0.13056289367675777
0.18455456460123712,771.0,put,0.13001358276367186
0.18455456460123712,772.0,put,0.12946427185058595
0.18455456460123712,774.0,put,0.1287318572998047
0.18455456460123712,775.0,put,0.1283351327514648
0.18455456460123712,776.0,put,0.12795366683959958
0.18455456460123712,777.0,put,0.12760271820068358
0.18455456460123712,778.0,put,0.12738909729003906
0.18455456460123712,779.0,put,0.12709918319702146
0.18455456460123712,780.0,put,0.12696185546875
0.18455456460123712,781.0,put,0.12673297592163085
0.18455456460123712,782.0,put,0.1266719413757324
0.18455456460123712,783.0,put,0.1266566827392578
0.18455456460123712,784.0,put,0.12671771728515624
0.18455456460123712,785.0,put,0.12680926910400392
0.18455456460123712,790.0,put,0.1283351327514648
0.18455456460123712,792.0,put,0.12934220275878905
0.18455456460123712,795.0,put,0.13156996368408203
0.18455456460123712,799.0,put,0.13529307098388677
0.18455456460123712,800.0,put,0.13639169281005858
0.18455456460123712,805.0,put,0.14231204376220702
0.18455456460123712,810.0,put,0.14881222290039062
0.18455456460123712,850.0,put,0.2048419360351562
0.21193307247255813,420.0,call,0.6380651428222657
0.21193307247255813,440.0,call,0.6641268939208986
0.21193307247255813,460.0,call,0.6259192681884767
0.21193307247255813,485.0,call,0.5789837023925781
0.21193307247255813,495.0,call,0.5600019586181642
0.21193307247255813,505.0,call,0.5416915948486329
0.21193307247255813,515.0,call,0.495122236328125
0.21193307247255813,520.0,call,0.5153857055664062
0.21193307247255813,525.0,call,0.5045825909423829
0.21193307247255813,535.0,call,0.5233507138061523
0.21193307247255813,540.0,call,0.5138903591918945
0.21193307247255813,545.0,call,0.5042163836669922
0.21193307247255813,550.0,call,0.4947255117797852
0.21193307247255813,555.0,call,0.4834646380615235
0.21193307247255813,560.0,call,0.42520716400146485
0.21193307247255813,565.0,call,0.46652755157470704
0.21193307247255813,570.0,call,0.457311335144043
0.21193307247255813,575.0,call,0.4480646014404296
0.21193307247255813,580.0,call,0.43726148681640625
0.21193307247255813,585.0,call,0.4297847549438477
0.21193307247255813,590.0,call,0.4207516421508789
0.21193307247255813,595.0,call,0.41181008117675777
0.21193307247255813,600.0,call,0.4029295547485352
0.21193307247255813,605.0,call,0.3941405801391602
0.21193307247255813,610.0,call,0.38541264007568354
0.21193307247255813,615.0,call,0.37686780364990236
0.21193307247255813,618.0,call,0.3397587997436523
0.21193307247255813,619.0,call,0.36142606353759765
0.21193307247255813,620.0,call,0.3682314154052735
0.21193307247255813,621.0,call,0.3665834826660156
0.21193307247255813,622.0,call,0.35750459396362305
0.21193307247255813,625.0,call,0.3597170962524414
0.21193307247255813,626.0,call,0.3284674087524414
0.21193307247255813,628.0,call,0.32565981964111324
0.21193307247255813,629.0,call,0.3242865423583984
0.21193307247255813,630.0,call,0.35135536346435536
0.21193307247255813,633.0,call,0.31879343322753895
0.21193307247255813,634.0,call,0.34470259796142577
0.21193307247255813,635.0,call,0.34311569976806633
0.21193307247255813,636.0,call,0.3415135429382324
0.21193307247255813,637.0,call,0.33978931701660153
0.21193307247255813,638.0,call,0.338171901550293
0.21193307247255813,639.0,call,0.3365544860839844
0.21193307247255813,640.0,call,0.33493707061767575
0.21193307247255813,641.0,call,0.3333196551513672
0.21193307247255813,642.0,call,0.3316717224121094
0.21193307247255813,643.0,call,0.3300237896728515
0.21193307247255813,644.0,call,0.3284979260253906
0.21193307247255813,645.0,call,0.32684999328613284
0.21193307247255813,646.0,call,0.32529361236572263
0.21193307247255813,647.0,call,0.3236151623535155
0.21193307247255813,648.0,call,0.3220587814331054
0.21193307247255813,649.0,call,0.32047188323974607
0.21193307247255813,650.0,call,0.31877817459106433
0.21193307247255813,651.0,call,0.3171760177612304
0.21193307247255813,652.0,call,0.31558911956787106
0.21193307247255813,653.0,call,0.31409377319335935
0.21193307247255813,654.0,call,0.31247635772705074
0.21193307247255813,655.0,call,0.31084368362426756
0.21193307247255813,656.0,call,0.30931781997680663
0.21193307247255813,657.0,call,0.3077766976928711
0.21193307247255813,658.0,call,0.3104011831665039
0.21193307247255813,659.0,call,0.3045723840332031
0.21193307247255813,660.0,call,0.3031228135681152
0.21193307247255813,661.0,call,0.30155117401123044
0.21193307247255813,662.0,call,0.27982287567138664
0.21193307247255813,663.0,call,0.29846892944335934
0.21193307247255813,664.0,call,0.2771068383789062
0.21193307247255813,665.0,call,0.295356167602539
0.21193307247255813,666.0,call,0.29383030395507803
0.21193307247255813,667.0,call,0.29230444030761704
0.21193307247255813,668.0,call,0.29074805938720694
0.21193307247255813,669.0,call,0.28919167846679683
0.21193307247255813,670.0,call,0.2877268493652343
0.21193307247255813,671.0,call,0.28613995117187496
0.21193307247255813,672.0,call,0.26663941375732425
0.21193307247255813,673.0,call,0.28314925842285155
0.21193307247255813,674.0,call,0.28162339477539056
0.21193307247255813,675.0,call,0.28009753112792957
0.21193307247255813,676.0,call,0.27864796066284175
0.21193307247255813,677.0,call,0.2770915797424316
0.21193307247255813,678.0,call,0.2756114920043945
0.21193307247255813,679.0,call,0.27413140426635746
0.21193307247255813,680.0,call,0.2727276097106933
0.21193307247255813,681.0,call,0.271217004699707
0.21193307247255813,682.0,call,0.26976743423461913
0.21193307247255813,683.0,call,0.26840941558837883
0.21193307247255813,684.0,call,0.2669445864868164
0.21193307247255813,685.0,call,0.26546449874877925
0.21193307247255813,686.0,call,0.24877155044555666
0.21193307247255813,687.0,call,0.24753560089111326
0.21193307247255813,688.0,call,0.26100897689819336
0.21193307247255813,689.0,call,0.2595594064331055
0.21193307247255813,690.0,call,0.258170870513916
0.21193307247255813,691.0,call,0.25667552413940425
0.21193307247255813,692.0,call,0.25525647094726567
0.21193307247255813,693.0,call,0.25382215911865236
0.21193307247255813,694.0,call,0.2524641404724121
0.21193307247255813,695.0,call,0.25107560455322264
0.21193307247255813,696.0,call,0.24967180999755856
0.21193307247255813,697.0,call,0.24825275680541992
0.21193307247255813,698.0,call,0.2468947381591797
0.21193307247255813,699.0,call,0.2455062022399902
0.21193307247255813,700.0,call,0.24411766632080079
0.21193307247255813,701.0,call,0.24277490631103515
0.21193307247255813,702.0,call,0.2414168876647949
0.21193307247255813,703.0,call,0.24004361038208005
0.21193307247255813,704.0,call,0.23873136764526365
0.21193307247255813,705.0,call,0.23738860763549802
0.21193307247255813,706.0,call,0.22425092163085933
0.21193307247255813,707.0,call,0.23473360488891604
0.21193307247255813,708.0,call,0.233406103515625
0.21193307247255813,709.0,call,0.22071091796874998
0.21193307247255813,710.0,call,0.23075110076904298
0.21193307247255813,711.0,call,0.22629557891845703
0.21193307247255813,712.0,call,0.22817239120483396
0.21193307247255813,713.0,call,0.22362531753540038
0.21193307247255813,714.0,call,0.22556316436767576
0.21193307247255813,715.0,call,0.22431195617675775
0.21193307247255813,716.0,call,0.2197953997802734
0.21193307247255813,717.0,call,0.22168747070312497
0.21193307247255813,718.0,call,0.22049729705810545
0.21193307247255813,719.0,call,0.21920031295776365
0.21193307247255813,720.0,call,0.21448539428710936
0.21193307247255813,721.0,call,0.21329522064208983
0.21193307247255813,722.0,call,0.21215082290649412
0.21193307247255813,723.0,call,0.2108233215332031
0.21193307247255813,724.0,call,0.20954159606933592
0.21193307247255813,725.0,call,0.20786314605712886
0.21193307247255813,726.0,call,0.20734435241699217
0.21193307247255813,727.0,call,0.20597107513427731
0.21193307247255813,728.0,call,0.20508607421874997
0.21193307247255813,729.0,call,0.2040027110290527
0.21193307247255813,730.0,call,0.20282779602050777
0.21193307247255813,731.0,call,0.20175969146728517
0.21193307247255813,732.0,call,0.2003558969116211
0.21193307247255813,735.0,call,0.19660227233886718
0.21193307247255813,736.0,call,0.1959308923339844
0.21193307247255813,737.0,call,0.1955036505126953
0.21193307247255813,738.0,call,0.19438977005004882
0.21193307247255813,739.0,call,0.1935352864074707
0.21193307247255813,740.0,call,0.1889805834197998
0.21193307247255813,741.0,call,0.19159743957519532
0.21193307247255813,742.0,call,0.1902546795654297
0.21193307247255813,743.0,call,0.17926083198547363
0.21193307247255813,744.0,call,0.17826139129638674
0.21193307247255813,745.0,call,0.17728483856201172
0.21193307247255813,746.0,call,0.1762625099182129
0.21193307247255813,747.0,call,0.17527069854736327
0.21193307247255813,748.0,call,0.1742941458129883
0.21193307247255813,749.0,call,0.1733481103515625
0.21193307247255813,750.0,call,0.1723410403442383
0.21193307247255813,751.0,call,0.17144078079223635
0.21193307247255813,752.0,call,0.170479486694336
0.21193307247255813,753.0,call,0.1695487098693848
0.21193307247255813,754.0,call,0.16863319168090823
0.21193307247255813,755.0,call,0.16773293212890628
0.21193307247255813,756.0,call,0.16678689666748053
0.21193307247255813,757.0,call,0.16593241302490236
0.21193307247255813,758.0,call,0.1650168948364258
0.21193307247255813,759.0,call,0.1641929284667969
0.21193307247255813,760.0,call,0.16332318618774416
0.21193307247255813,761.0,call,0.16246870254516604
0.21193307247255813,762.0,call,0.16162947753906248
0.21193307247255813,763.0,call,0.16088180435180666
0.21193307247255813,764.0,call,0.16007309661865232
0.21193307247255813,765.0,call,0.15927964752197266
0.21193307247255813,766.0,call,0.15844042251586915
0.21193307247255813,767.0,call,0.15767749069213866
0.21193307247255813,768.0,call,0.15694507614135744
0.21193307247255813,769.0,call,0.1562279202270508
0.21193307247255813,770.0,call,0.15552602294921875
0.21193307247255813,771.0,call,0.15483938430786137
0.21193307247255813,772.0,call,0.1541069697570801
0.21193307247255813,773.0,call,0.1534508483886719
0.21193307247255813,774.0,call,0.15274895111083986
0.21193307247255813,775.0,call,0.1521538642883301
0.21193307247255813,776.0,call,0.15157403610229492
0.21193307247255813,777.0,call,0.15091791473388677
0.21193307247255813,778.0,call,0.15030756927490235
0.21193307247255813,779.0,call,0.14978877563476564
0.21193307247255813,780.0,call,0.14920894744873048
0.21193307247255813,781.0,call,0.1486596365356445
0.21193307247255813,783.0,call,0.1475610147094727
0.21193307247255813,784.0,call,0.14710325561523438
0.21193307247255813,785.0,call,0.14656920333862306
0.21193307247255813,786.0,call,0.14606566833496093
0.21193307247255813,787.0,call,0.14560790924072264
0.21193307247255813,788.0,call,0.14518066741943358
0.21193307247255813,789.0,call,0.14469239105224607
0.21193307247255813,790.0,call,0.14434144241333008
0.21193307247255813,791.0,call,0.14382264877319334
0.21193307247255813,792.0,call,0.14345644149780273
0.21193307247255813,793.0,call,0.14302919967651367
0.21193307247255813,794.0,call,0.14264773376464845
0.21193307247255813,795.0,call,0.14231204376220702
0.21193307247255813,797.0,call,0.1415796292114258
0.21193307247255813,798.0,call,0.14130497375488282
0.21193307247255813,799.0,call,0.14095402511596683
0.21193307247255813,800.0,call,0.14054204193115233
0.21193307247255813,805.0,call,0.13901617828369145
0.21193307247255813,810.0,call,0.13791755645751952
0.21193307247255813,815.0,call,0.13703255554199223
0.21193307247255813,820.0,call,0.13630014099121096
0.21193307247255813,825.0,call,0.1360560028076172
0.21193307247255813,830.0,call,0.13593393371582033
0.21193307247255813,835.0,call,0.13630014099121096
0.21193307247255813,840.0,call,0.1362391064453125
0.21193307247255813,845.0,call,0.13807014282226562
0.21193307247255813,850.0,call,0.13916876464843753
0.21193307247255813,855.0,call,0.14087773193359376
0.21193307247255813,860.0,call,0.14283083740234376
0.21193307247255813,420.0,put,0.5122119091796875
0.21193307247255813,425.0,put,0.50586431640625
0.21193307247255813,430.0,put,0.500005
0.21193307247255813,435.0,put,0.4931691308593751
0.21193307247255813,440.0,put,0.48779809082031256
0.21193307247255813,445.0,put,0.48071808349609374
0.21193307247255813,450.0,put,0.4738822143554688
0.21193307247255813,455.0,put,0.467778759765625
0.21193307247255813,460.0,put,0.4606987524414063
0.21193307247255813,465.0,put,0.4545952978515625
0.21193307247255813,470.0,put,0.44824770507812495
0.21193307247255813,475.0,put,0.4419001123046875
0.21193307247255813,480.0,put,0.43543045043945316
0.21193307247255813,485.0,put,0.4288387194824219
0.21193307247255813,490.0,put,0.42212491943359376
0.21193307247255813,495.0,put,0.4162656030273437
0.21193307247255813,500.0,put,0.4094297338867187
0.21193307247255813,505.0,put,0.40320421020507813
0.21193307247255813,510.0,put,0.3969786865234375
0.21193307247255813,515.0,put,0.39050902465820314
0.21193307247255813,520.0,put,0.3846497082519531
0.21193307247255813,525.0,put,0.3786683227539062
0.21193307247255813,530.0,put,0.37256486816406253
0.21193307247255813,535.0,put,0.366217275390625
0.21193307247255813,540.0,put,0.35986968261718744
0.21193307247255813,545.0,put,0.35388829711914055
0.21193307247255813,550.0,put,0.34778484252929687
0.21193307247255813,555.0,put,0.34192552612304683
0.21193307247255813,560.0,put,0.335944140625
0.21193307247255813,565.0,put,0.3298406860351562
0.21193307247255813,570.0,put,0.32392033508300777
0.21193307247255813,575.0,put,0.3178779150390625
0.21193307247255813,580.0,put,0.31201859863281245
0.21193307247255813,585.0,put,0.3062813513183594
0.21193307247255813,590.0,put,0.3004220349121094
0.21193307247255813,595.0,put,0.2946237530517578
0.21193307247255813,600.0,put,0.28888650573730457
0.21193307247255813,605.0,put,0.28321029296874994
0.21193307247255813,610.0,put,0.2775951147460937
0.21193307247255813,615.0,put,0.27197993652343744
0.21193307247255813,616.0,put,0.271064418334961
0.21193307247255813,617.0,put,0.26987424468994137
0.21193307247255813,618.0,put,0.26868407104492187
0.21193307247255813,619.0,put,0.2675244146728516
0.21193307247255813,620.0,put,0.26654786193847657
0.21193307247255813,621.0,put,0.26532717102050785
0.21193307247255813,622.0,put,0.2643506182861328
0.21193307247255813,623.0,put,0.2633130310058594
0.21193307247255813,624.0,put,0.2620923400878906
0.21193307247255813,625.0,put,0.26105475280761714
0.21193307247255813,626.0,put,0.2600171655273438
0.21193307247255813,627.0,put,0.2589490609741212
0.21193307247255813,628.0,put,0.2578809564208985
0.21193307247255813,629.0,put,0.25678233459472655
0.21193307247255813,630.0,put,0.2556837127685547
0.21193307247255813,631.0,put,0.2545850909423829
0.21193307247255813,632.0,put,0.25345595184326175
0.21193307247255813,633.0,put,0.2523268127441406
0.21193307247255813,634.0,put,0.25135026000976557
0.21193307247255813,635.0,put,0.2501906036376953
0.21193307247255813,636.0,put,0.2492140509033203
0.21193307247255813,637.0,put,0.2482374981689453
0.21193307247255813,638.0,put,0.24701680725097658
0.21193307247255813,639.0,put,0.24600973724365233
0.21193307247255813,640.0,put,0.2449721499633789
0.21193307247255813,641.0,put,0.24390404541015626
0.21193307247255813,642.0,put,0.24283594085693355
0.21193307247255813,643.0,put,0.24173731903076173
0.21193307247255813,644.0,put,0.2406386972045898
0.21193307247255813,645.0,put,0.23972317901611323
0.21193307247255813,646.0,put,0.23859403991699218
0.21193307247255813,647.0,put,0.23761748718261716
0.21193307247255813,648.0,put,0.23645783081054686
0.21193307247255813,649.0,put,0.23545076080322264
0.21193307247255813,650.0,put,0.23441317352294921
0.21193307247255813,651.0,put,0.2333755862426758
0.21193307247255813,652.0,put,0.23233799896240231
0.21193307247255813,653.0,put,0.2312393771362305
0.21193307247255813,654.0,put,0.2301712725830078
0.21193307247255813,655.0,put,0.22922523712158205
0.21193307247255813,656.0,put,0.22809609802246095
0.21193307247255813,657.0,put,0.22711954528808592
0.21193307247255813,658.0,put,0.22611247528076173
0.21193307247255813,659.0,put,0.22507488800048825
0.21193307247255813,660.0,put,0.22403730072021477
0.21193307247255813,661.0,put,0.22296919616699218
0.21193307247255813,662.0,put,0.22190109161376947
0.21193307247255813,663.0,put,0.22080246978759765
0.21193307247255813,664.0,put,0.21984117568969724
0.21193307247255813,665.0,put,0.21871203659057614
0.21193307247255813,666.0,put,0.21768970794677733
0.21193307247255813,667.0,put,0.2166826379394531
0.21193307247255813,668.0,put,0.2156145333862305
0.21193307247255813,669.0,put,0.2146837565612793
0.21193307247255813,670.0,put,0.21360039337158204
0.21193307247255813,671.0,put,0.21262384063720702
0.21193307247255813,672.0,put,0.21149470153808592
0.21193307247255813,673.0,put,0.2104571142578125
0.21193307247255813,674.0,put,0.20941952697753902
0.21193307247255813,675.0,put,0.20848875015258783
0.21193307247255813,676.0,put,0.2074053869628906
0.21193307247255813,677.0,put,0.20642883422851557
0.21193307247255813,678.0,put,0.2054217642211914
0.21193307247255813,679.0,put,0.20438417694091793
0.21193307247255813,680.0,put,0.2033313310241699
0.21193307247255813,681.0,put,0.20226322647094724
0.21193307247255813,682.0,put,0.20127141510009766
0.21193307247255813,683.0,put,0.2002643450927734
0.21193307247255813,684.0,put,0.1992420164489746
0.21193307247255813,685.0,put,0.19818917053222657
0.21193307247255813,686.0,put,0.19712106597900392
0.21193307247255813,687.0,put,0.19612925460815428
0.21193307247255813,688.0,put,0.19510692596435547
0.21193307247255813,689.0,put,0.19406933868408205
0.21193307247255813,690.0,put,0.19300123413085937
0.21193307247255813,691.0,put,0.19200942276000982
0.21193307247255813,692.0,put,0.19100235275268557
0.21193307247255813,693.0,put,0.1900715759277344
0.21193307247255813,694.0,put,0.18900347137451173
0.21193307247255813,695.0,put,0.18799640136718748
0.21193307247255813,696.0,put,0.18697407272338867
0.21193307247255813,697.0,put,0.1859212268066406
0.21193307247255813,698.0,put,0.18494467407226559
0.21193307247255813,699.0,put,0.18393760406494142
0.21193307247255813,700.0,put,0.1829915686035156
0.21193307247255813,701.0,put,0.18192346405029297
0.21193307247255813,702.0,put,0.18091639404296872
0.21193307247255813,703.0,put,0.1799856172180176
0.21193307247255813,704.0,put,0.17900906448364257
0.21193307247255813,705.0,put,0.17800199447631837
0.21193307247255813,706.0,put,0.1769644071960449
0.21193307247255813,707.0,put,0.17598785446166992
0.21193307247255813,708.0,put,0.17496552581787111
0.21193307247255813,709.0,put,0.1740042317199707
0.21193307247255813,710.0,put,0.17301242034912112
0.21193307247255813,711.0,put,0.17206638488769532
0.21193307247255813,712.0,put,0.17108983215332033
0.21193307247255813,713.0,put,0.1700827621459961
0.21193307247255813,714.0,put,0.16912146804809575
0.21193307247255813,715.0,put,0.1681143980407715
0.21193307247255813,716.0,put,0.16716836257934575
0.21193307247255813,717.0,put,0.1661612925720215
0.21193307247255813,718.0,put,0.1652152571105957
0.21193307247255813,719.0,put,0.16422344573974612
0.21193307247255813,720.0,put,0.16327741027832032
0.21193307247255813,721.0,put,0.16228559890747069
0.21193307247255813,722.0,put,0.1613395634460449
0.21193307247255813,723.0,put,0.1603477520751953
0.21193307247255813,724.0,put,0.1593864579772949
0.21193307247255813,725.0,put,0.1583946466064453
0.21193307247255813,726.0,put,0.1574333525085449
0.21193307247255813,727.0,put,0.15648731704711916
0.21193307247255813,728.0,put,0.15551076431274413
0.21193307247255813,729.0,put,0.1545647288513184
0.21193307247255813,730.0,put,0.15364921066284182
0.21193307247255813,731.0,put,0.15268791656494146
0.21193307247255813,732.0,put,0.15174188110351564
0.21193307247255813,733.0,put,0.15075006973266608
0.21193307247255813,734.0,put,0.14986506881713868
0.21193307247255813,735.0,put,0.14891903335571288
0.21193307247255813,736.0,put,0.14800351516723637
0.21193307247255813,737.0,put,0.14704222106933595
0.21193307247255813,738.0,put,0.14608092697143554
0.21193307247255813,739.0,put,0.14515015014648439
0.21193307247255813,740.0,put,0.1442498905944824
0.21193307247255813,741.0,put,0.14327333786010743
0.21193307247255813,742.0,put,0.14238833694458009
0.21193307247255813,743.0,put,0.1414575601196289
0.21193307247255813,744.0,put,0.14052678329467772
0.21193307247255813,745.0,put,0.1396265237426758
0.21193307247255813,746.0,put,0.1386499710083008
0.21193307247255813,747.0,put,0.13776497009277344
0.21193307247255813,748.0,put,0.1368036759948731
0.21193307247255813,749.0,put,0.13593393371582033
0.21193307247255813,750.0,put,0.13500315689086917
0.21193307247255813,751.0,put,0.13407238006591798
0.21193307247255813,752.0,put,0.1332178964233398
0.21193307247255813,753.0,put,0.1323023782348633
0.21193307247255813,754.0,put,0.13138686004638672
0.21193307247255813,755.0,put,0.13047134185791015
0.21193307247255813,756.0,put,0.13138686004638672
0.21193307247255813,757.0,put,0.14170169830322266
0.21193307247255813,758.0,put,0.14095402511596683
0.21193307247255813,759.0,put,0.1401453173828125
0.21193307247255813,760.0,put,0.13649850326538088
0.21193307247255813,761.0,put,0.1386499710083008
0.21193307247255813,762.0,put,0.13785652191162112
0.21193307247255813,763.0,put,0.1371698832702637
0.21193307247255813,764.0,put,0.13648324462890626
0.21193307247255813,765.0,put,0.13581186462402345
0.21193307247255813,766.0,put,0.13514048461914066
0.21193307247255813,767.0,put,0.13448436325073243
0.21193307247255813,768.0,put,0.13382824188232423
0.21193307247255813,769.0,put,0.13327893096923826
0.21193307247255813,770.0,put,0.1326533268737793
0.21193307247255813,771.0,put,0.132119274597168
0.21193307247255813,772.0,put,0.13160048095703125
0.21193307247255813,774.0,put,0.1307154800415039
0.21193307247255813,775.0,put,0.130242462310791
0.21193307247255813,780.0,put,0.128640305480957
0.21193307247255813,781.0,put,0.12842668457031248
0.21193307247255813,783.0,put,0.12821306365966795
0.21193307247255813,784.0,put,0.1281215118408203
0.21193307247255813,785.0,put,0.1280909945678711
0.21193307247255813,788.0,put,0.12841142593383786
0.21193307247255813,790.0,put,0.12886918502807615
0.21193307247255813,795.0,put,0.1310816873168945
0.21193307247255813,797.0,put,0.13239393005371097
0.21193307247255813,800.0,put,0.1348963464355469
0.21193307247255813,815.0,put,0.15229119201660157
0.26121438664093594,300.0,call,0.9194343994140625
0.26121438664093594,305.0,call,0.9073495593261718
0.26121438664093594,310.0,call,0.8989267919921874
0.26121438664093594,320.0,call,0.8747571118164061
0.26121438664093594,325.0,call,0.7739280419921876
0.26121438664093594,340.0,call,0.8325212060546874
0.26121438664093594,345.0,call,0.7126493579101563
0.26121438664093594,350.0,call,0.8126239440917968
0.26121438664093594,355.0,call,0.5410202148437502
0.26121438664093594,360.0,call,0.7917501293945313
0.26121438664093594,370.0,call,0.7708763146972657
0.26121438664093594,375.0,call,0.7619652709960938
0.26121438664093594,380.0,call,0.7518945709228515
0.26121438664093594,385.0,call,0.7406031799316406
0.26121438664093594,390.0,call,0.5576216113281252
0.26121438664093594,400.0,call,0.7128324615478516
0.26121438664093594,405.0,call,0.7034941760253908
0.26121438664093594,410.0,call,0.5496871203613283
0.26121438664093594,415.0,call,0.5272264074707032
0.26121438664093594,420.0,call,0.6746858703613283
0.26121438664093594,425.0,call,0.6644931011962893
0.26121438664093594,430.0,call,0.6539951593017579
0.26121438664093594,435.0,call,0.6446568737792968
0.26121438664093594,440.0,call,0.6361730718994141
0.26121438664093594,445.0,call,0.6239051281738281
0.26121438664093594,450.0,call,0.619693744506836
0.26121438664093594,455.0,call,0.6087075262451174
0.26121438664093594,460.0,call,0.5983926879882813
0.26121438664093594,465.0,call,0.5925944061279298
0.26121438664093594,470.0,call,0.5827678442382812
0.26121438664093594,475.0,call,0.5731854205322267
0.26121438664093594,480.0,call,0.5660443786621094
0.26121438664093594,485.0,call,0.5582319567871095
0.26121438664093594,490.0,call,0.5485884985351563
0.26121438664093594,495.0,call,0.5380600393676759
0.26121438664093594,500.0,call,0.5319260675048829
0.26121438664093594,505.0,call,0.5234727828979492
0.26121438664093594,510.0,call,0.5150194982910157
0.26121438664093594,515.0,call,0.5053455227661132
0.26121438664093594,520.0,call,0.5272569247436524
0.26121438664093594,525.0,call,0.5227708856201172
0.26121438664093594,530.0,call,0.5144091528320311
0.26121438664093594,535.0,call,0.5040943145751953
0.26121438664093594,540.0,call,0.4909718872070313
0.26121438664093594,545.0,call,0.48328153442382815
0.26121438664093594,550.0,call,0.4784598052978516
0.26121438664093594,555.0,call,0.4649101361083985
0.26121438664093594,560.0,call,0.46097340789794927
0.26121438664093594,565.0,call,0.4497125341796875
0.26121438664093594,570.0,call,0.4432123550415039
0.26121438664093594,575.0,call,0.4353388986206055
0.26121438664093594,580.0,call,0.42694664855957043
0.26121438664093594,585.0,call,0.41739474212646477
0.26121438664093594,590.0,call,0.4086668020629882
0.26121438664093594,595.0,call,0.39885549880981447
0.26121438664093594,600.0,call,0.39234006103515623
0.26121438664093594,605.0,call,0.38432927688598634
0.26121438664093594,610.0,call,0.3763490100097656
0.26121438664093594,615.0,call,0.3683840017700196
0.26121438664093594,620.0,call,0.3605410626220703
0.26121438664093594,625.0,call,0.35280493392944334
0.26121438664093594,630.0,call,0.3450688052368164
0.26121438664093594,635.0,call,0.3375005215454102
0.26121438664093594,640.0,call,0.3299017205810546
0.26121438664093594,645.0,call,0.322424988708496
0.26121438664093594,650.0,call,0.31508558456420893
0.26121438664093594,655.0,call,0.30783773223876953
0.26121438664093594,660.0,call,0.3005746212768554
0.26121438664093594,665.0,call,0.2933420275878905
0.26121438664093594,670.0,call,0.2863230548095703
0.26121438664093594,675.0,call,0.27928882339477534
0.26121438664093594,680.0,call,0.2724071783447265
0.26121438664093594,685.0,call,0.2655255332946777
0.26121438664093594,690.0,call,0.25879647460937505
0.26121438664093594,695.0,call,0.2522352609252929
0.26121438664093594,700.0,call,0.2455062022399902
0.26121438664093594,705.0,call,0.2393264544677734
0.26121438664093594,710.0,call,0.2330246376037598
0.26121438664093594,715.0,call,0.22580730255126952
0.26121438664093594,720.0,call,0.21857470886230468
0.26121438664093594,725.0,call,0.2128832374572754
0.26121438664093594,730.0,call,0.20112645805358884
0.26121438664093594,735.0,call,0.1939625282287598
0.26121438664093594,740.0,call,0.18886614364624021
0.26121438664093594,745.0,call,0.18338829315185545
0.26121438664093594,750.0,call,0.1787496676635742
0.26121438664093594,755.0,call,0.17423311126708985
0.26121438664093594,760.0,call,0.1700827621459961
0.26121438664093594,765.0,call,0.1660849993896485
0.26121438664093594,770.0,call,0.16237715072631836
0.26121438664093594,775.0,call,0.1590355093383789
0.26121438664093594,780.0,call,0.15598378204345703
0.26121438664093594,785.0,call,0.15322196884155276
0.26121438664093594,790.0,call,0.15079584564208987
0.26121438664093594,795.0,call,0.1486596365356445
0.26121438664093594,800.0,call,0.14672178970336913
0.26121438664093594,805.0,call,0.14504333969116212
0.26121438664093594,810.0,call,0.14368532104492188
0.26121438664093594,815.0,call,0.14231204376220702
0.26121438664093594,820.0,call,0.1412744564819336
0.26121438664093594,825.0,call,0.1404504901123047
0.26121438664093594,830.0,call,0.13990117919921874
0.26121438664093594,835.0,call,0.13953497192382813
0.26121438664093594,840.0,call,0.13935186828613283
0.26121438664093594,845.0,call,0.13953497192382813
0.26121438664093594,850.0,call,0.13984014465332031
0.26121438664093594,855.0,call,0.14038945556640625
0.26121438664093594,860.0,call,0.14106083557128907
0.26121438664093594,865.0,call,0.14258669921875
0.26121438664093594,870.0,call,0.143563251953125
0.26121438664093594,875.0,call,0.14527221923828126
0.26121438664093594,880.0,call,0.14734739379882814
0.26121438664093594,885.0,call,0.14917843017578125
0.26121438664093594,890.0,call,0.15137567382812503
0.26121438664093594,895.0,call,0.15357291748046875
0.26121438664093594,900.0,call,0.15528188476562502
0.26121438664093594,905.0,call,0.15796740478515625
0.26121438664093594,910.0,call,0.1606529248046875
0.26121438664093594,915.0,call,0.16162947753906248
0.26121438664093594,920.0,call,0.1638267211914063
0.26121438664093594,940.0,call,0.17285983398437502
0.26121438664093594,300.0,put,0.6543003320312502
0.26121438664093594,305.0,put,0.64648791015625
0.26121438664093594,310.0,put,0.63867548828125
0.26121438664093594,315.0,put,0.63086306640625
0.26121438664093594,320.0,put,0.62305064453125
0.26121438664093594,325.0,put,0.6171913281250001
0.26121438664093594,330.0,put,0.6103554589843752
0.26121438664093594,335.0,put,0.6025430371093752
0.26121438664093594,340.0,put,0.59570716796875
0.26121438664093594,345.0,put,0.5888712988281251
0.26121438664093594,350.0,put,0.5820354296875
0.26121438664093594,355.0,put,0.5749554223632812
0.26121438664093594,360.0,put,0.5688519677734375
0.26121438664093594,365.0,put,0.56055126953125
0.26121438664093594,370.0,put,0.5544478149414063
0.26121438664093594,375.0,put,0.5481002221679689
0.26121438664093594,380.0,put,0.5415084912109377
0.26121438664093594,385.0,put,0.5349167602539062
0.26121438664093594,390.0,put,0.5283250292968751
0.26121438664093594,395.0,put,0.5214891601562499
0.26121438664093594,400.0,put,0.514653291015625
0.26121438664093594,405.0,put,0.5085498364257812
0.26121438664093594,410.0,put,0.5022022436523439
0.26121438664093594,415.0,put,0.49707534179687507
0.26121438664093594,420.0,put,0.4899953344726563
0.26121438664093594,425.0,put,0.48389187988281257
0.26121438664093594,430.0,put,0.4777884252929688
0.26121438664093594,435.0,put,0.471684970703125
0.26121438664093594,440.0,put,0.46533737792968755
0.26121438664093594,445.0,put,0.45898978515625005
0.26121438664093594,450.0,put,0.4523980541992188
0.26121438664093594,455.0,put,0.4467828759765625
0.26121438664093594,460.0,put,0.4401911450195312
0.26121438664093594,465.0,put,0.4343318286132813
0.26121438664093594,470.0,put,0.4283504431152344
0.26121438664093594,475.0,put,0.4222469885253906
0.26121438664093594,480.0,put,0.41602146484374997
0.26121438664093594,485.0,put,0.41040628662109374
0.26121438664093594,490.0,put,0.4046690393066406
0.26121438664093594,495.0,put,0.3983214465332031
0.26121438664093594,500.0,put,0.39234006103515623
0.26121438664093594,505.0,put,0.38684695190429685
0.26121438664093594,510.0,put,0.3807434973144531
0.26121438664093594,515.0,put,0.37500625
0.26121438664093594,520.0,put,0.36914693359375
0.26121438664093594,525.0,put,0.36365382446289063
0.26121438664093594,530.0,put,0.3580386462402344
0.26121438664093594,535.0,put,0.3522403643798828
0.26121438664093594,540.0,put,0.3463810479736328
0.26121438664093594,545.0,put,0.34076586975097656
0.26121438664093594,550.0,put,0.3353337951660156
0.26121438664093594,555.0,put,0.3297796514892578
0.26121438664093594,560.0,put,0.3244086114501953
0.26121438664093594,565.0,put,0.31891550231933585
0.26121438664093594,570.0,put,0.313483427734375
0.26121438664093594,575.0,put,0.3079292840576171
0.26121438664093594,580.0,put,0.30274134765625
0.26121438664093594,585.0,put,0.2973703076171874
0.26121438664093594,590.0,put,0.29206030212402334
0.26121438664093594,595.0,put,0.2869944348144531
0.26121438664093594,600.0,put,0.28174546386718746
0.26121438664093594,605.0,put,0.2766795965576171
0.26121438664093594,610.0,put,0.2715832119750976
0.26121438664093594,615.0,put,0.266608896484375
0.26121438664093594,620.0,put,0.2615735464477539
0.26121438664093594,625.0,put,0.25678233459472655
0.26121438664093594,630.0,put,0.2518690536499023
0.26121438664093594,635.0,put,0.24695577270507812
0.26121438664093594,640.0,put,0.2420424917602539
0.26121438664093594,645.0,put,0.23722076263427733
0.26121438664093594,650.0,put,0.23233799896240231
0.26121438664093594,655.0,put,0.22748575256347653
0.26121438664093594,660.0,put,0.22261824752807613
0.26121438664093594,665.0,put,0.2178270356750488
0.26121438664093594,670.0,put,0.21295953063964845
0.26121438664093594,675.0,put,0.20819883605957026
0.26121438664093594,680.0,put,0.20337710693359373
0.26121438664093594,685.0,put,0.19855537780761717
0.26121438664093594,690.0,put,0.19376416595458984
0.26121438664093594,695.0,put,0.1889729541015625
0.26121438664093594,700.0,put,0.1842732940673828
0.26121438664093594,705.0,put,0.1795278581237793
0.26121438664093594,710.0,put,0.17488923263549805
0.26121438664093594,715.0,put,0.17015905532836917
0.26121438664093594,720.0,put,0.16555094711303714
0.26121438664093594,725.0,put,0.16088943367004396
0.26121438664093594,730.0,put,0.15631947204589847
0.26121438664093594,735.0,put,0.15181054496765137
0.26121438664093594,740.0,put,0.14733213516235355
0.26121438664093594,745.0,put,0.1428689839935303
0.26121438664093594,750.0,put,0.13843635009765626
0.26121438664093594,755.0,put,0.1340952680206299
0.26121438664093594,760.0,put,0.1300746173095703
0.26121438664093594,765.0,put,0.13794807373046875
0.26121438664093594,770.0,put,0.1344385873413086
0.26121438664093594,775.0,put,0.13134108413696288
0.26121438664093594,780.0,put,0.12877763320922853
0.26121438664093594,785.0,put,0.1267940104675293
0.26121438664093594,790.0,put,0.1256496127319336
0.26121438664093594,795.0,put,0.1256648713684082
0.26121438664093594,800.0,put,0.12696185546875
0.26121438664093594,805.0,put,0.12970841003417968
0.26121438664093594,810.0,put,0.13367565551757812
0.26121438664093594,815.0,put,0.13871100555419924
0.26121438664093594,820.0,put,0.14414308013916016
0.26121438664093594,825.0,put,0.1500329138183594
0.26121438664093594,830.0,put,0.15610585113525394
0.26121438664093594,850.0,put,0.17966518585205077
0.26121438664093594,860.0,put,0.8078632495117187
0.26121438664093594,865.0,put,0.1966633068847656
0.26121438664093594,895.0,put,0.22861489166259769
0.26121438664093594,900.0,put,0.23383334533691402
0.26121438664093594,905.0,put,0.28351546569824215
0.26121438664093594,940.0,put,0.27295648925781246
0.26121438664093594,945.0,put,0.27747304565429687
0.29406859608652114,375.0,call,0.7110624597167969
0.29406859608652114,380.0,call,0.5424850439453126
0.29406859608652114,410.0,call,0.5291795129394532
0.29406859608652114,415.0,call,0.6402623864746093
0.29406859608652114,420.0,call,0.6314734118652343
0.29406859608652114,425.0,call,0.62305064453125
0.29406859608652114,440.0,call,0.5974771697998047
0.29406859608652114,450.0,call,0.5809368078613282
0.29406859608652114,470.0,call,0.5496871203613283
0.29406859608652114,475.0,call,0.5415390084838869
0.29406859608652114,480.0,call,0.533482448425293
0.29406859608652114,485.0,call,0.5254564056396485
0.29406859608652114,490.0,call,0.5173693283081054
0.29406859608652114,495.0,call,0.4929249926757813
0.29406859608652114,500.0,call,0.5015613809204101
0.29406859608652114,505.0,call,0.5242967492675781
0.29406859608652114,510.0,call,0.5157824301147461
0.29406859608652114,515.0,call,0.458135301513672
0.29406859608652114,520.0,call,0.4987537918090821
0.29406859608652114,525.0,call,0.49042257629394537
0.29406859608652114,530.0,call,0.48209136077880865
0.29406859608652114,540.0,call,0.4656730679321289
0.29406859608652114,545.0,call,0.41663181030273433
0.29406859608652114,550.0,call,0.4494989132690429
0.29406859608652114,555.0,call,0.4415339050292969
0.29406859608652114,560.0,call,0.43350786224365234
0.29406859608652114,565.0,call,0.4118711157226562
0.29406859608652114,570.0,call,0.41782198394775383
0.29406859608652114,575.0,call,0.41010111389160153
0.29406859608652114,580.0,call,0.4024717956542969
0.29406859608652114,585.0,call,0.39502558105468755
0.29406859608652114,590.0,call,0.3875183319091796
0.29406859608652114,594.0,call,0.38149117050170894
0.29406859608652114,595.0,call,0.38004160003662113
0.29406859608652114,596.0,call,0.35004312072753896
0.29406859608652114,597.0,call,0.37712720046997067
0.29406859608652114,598.0,call,0.37566237136840824
0.29406859608652114,599.0,call,0.3741975422668457
0.29406859608652114,600.0,call,0.37273271316528317
0.29406859608652114,601.0,call,0.37125262542724613
0.29406859608652114,602.0,call,0.3697877963256836
0.29406859608652114,603.0,call,0.36829244995117194
0.29406859608652114,604.0,call,0.3668276208496094
0.29406859608652114,605.0,call,0.36545434356689455
0.29406859608652114,606.0,call,0.3639589971923829
0.29406859608652114,607.0,call,0.36246365081787113
0.29406859608652114,608.0,call,0.35263708892822265
0.29406859608652114,609.0,call,0.33399103515625
0.29406859608652114,610.0,call,0.35817597396850587
0.29406859608652114,611.0,call,0.35678743804931634
0.29406859608652114,612.0,call,0.34802898071289057
0.29406859608652114,613.0,call,0.35396459030151356
0.29406859608652114,614.0,call,0.352545537109375
0.29406859608652114,615.0,call,0.3511417425537109
0.29406859608652114,616.0,call,0.3497074307250976
0.29406859608652114,617.0,call,0.3482731188964844
0.29406859608652114,618.0,call,0.34683880706787107
0.29406859608652114,619.0,call,0.3218146432495117
0.29406859608652114,620.0,call,0.34407699386596674
0.29406859608652114,621.0,call,0.319419037322998
0.29406859608652114,622.0,call,0.3412846633911133
0.29406859608652114,623.0,call,0.3342962078857422
0.29406859608652114,624.0,call,0.3384618156433105
0.29406859608652114,625.0,call,0.31464308410644526
0.29406859608652114,626.0,call,0.3135139450073242
0.29406859608652114,627.0,call,0.3342504319763184
0.29406859608652114,628.0,call,0.3328618960571289
0.29406859608652114,629.0,call,0.33148861877441405
0.29406859608652114,630.0,call,0.33008482421874996
0.29406859608652114,631.0,call,0.3286962882995605
0.29406859608652114,632.0,call,0.325278353729248
0.29406859608652114,633.0,call,0.32598025100708
0.29406859608652114,634.0,call,0.30405359039306634
0.29406859608652114,635.0,call,0.3232336964416503
0.29406859608652114,636.0,call,0.3016427258300781
0.29406859608652114,637.0,call,0.30052884536743163
0.29406859608652114,638.0,call,0.3191291232299803
0.29406859608652114,639.0,call,0.3177711045837402
0.29406859608652114,640.0,call,0.31641308593749995
0.29406859608652114,641.0,call,0.3150550672912597
0.29406859608652114,642.0,call,0.3137733418273925
0.29406859608652114,643.0,call,0.31240006454467767
0.29406859608652114,644.0,call,0.3111030804443359
0.29406859608652114,645.0,call,0.3097145445251465
0.29406859608652114,646.0,call,0.30840230178833
0.29406859608652114,647.0,call,0.3070900590515136
0.29406859608652114,648.0,call,0.306220316772461
0.29406859608652114,649.0,call,0.3044350563049316
0.29406859608652114,650.0,call,0.303092296295166
0.29406859608652114,651.0,call,0.3017495362854004
0.29406859608652114,652.0,call,0.30039151763916017
0.29406859608652114,653.0,call,0.2990182403564453
0.29406859608652114,654.0,call,0.297736514892578
0.29406859608652114,655.0,call,0.2965463412475585
0.29406859608652114,656.0,call,0.2950662535095215
0.29406859608652114,657.0,call,0.29384556259155264
0.29406859608652114,658.0,call,0.29253331985473624
0.29406859608652114,659.0,call,0.27506218109130853
0.29406859608652114,660.0,call,0.2898630584716796
0.29406859608652114,661.0,call,0.28852029846191396
0.29406859608652114,662.0,call,0.27165950515747067
0.29406859608652114,663.0,call,0.2859721061706542
0.29406859608652114,664.0,call,0.26935545104980463
0.29406859608652114,665.0,call,0.2834696897888183
0.29406859608652114,666.0,call,0.28208115386962884
0.29406859608652114,667.0,call,0.26602906829833983
0.29406859608652114,668.0,call,0.27960925476074217
0.29406859608652114,669.0,call,0.2802348588562011
0.29406859608652114,670.0,call,0.27700002792358397
0.29406859608652114,671.0,call,0.2757183024597168
0.29406859608652114,672.0,call,0.2744365769958496
0.29406859608652114,673.0,call,0.2731395928955078
0.29406859608652114,674.0,call,0.27190364334106437
0.29406859608652114,675.0,call,0.2705914006042481
0.29406859608652114,676.0,call,0.26934019241333
0.29406859608652114,677.0,call,0.26807372558593745
0.29406859608652114,678.0,call,0.2667920001220704
0.29406859608652114,679.0,call,0.26558656784057616
0.29406859608652114,680.0,call,0.26428958374023437
0.29406859608652114,681.0,call,0.26305363418579103
0.29406859608652114,682.0,call,0.2618024259948731
0.29406859608652114,683.0,call,0.260551217803955
0.29406859608652114,684.0,call,0.2593610441589356
0.29406859608652114,685.0,call,0.2580640600585938
0.29406859608652114,686.0,call,0.256843369140625
0.29406859608652114,687.0,call,0.25560741958618166
0.29406859608652114,688.0,call,0.2544325045776368
0.29406859608652114,689.0,call,0.25318129638671877
0.29406859608652114,690.0,call,0.2502058622741699
0.29406859608652114,691.0,call,0.2507551731872558
0.29406859608652114,695.0,call,0.24596396133422854
0.29406859608652114,700.0,call,0.23957059265136715
0.29406859608652114,705.0,call,0.23416903533935546
0.29406859608652114,710.0,call,0.2264329066467285
0.29406859608652114,715.0,call,0.2212144529724121
0.29406859608652114,720.0,call,0.2142412561035156
0.29406859608652114,725.0,call,0.20682555877685543
0.29406859608652114,730.0,call,0.20336184829711912
0.29406859608652114,735.0,call,0.1950230034637451
0.29406859608652114,740.0,call,0.18697407272338867
0.29406859608652114,745.0,call,0.18164880859375
0.29406859608652114,750.0,call,0.17729246788024902
0.29406859608652114,755.0,call,0.17311160148620605
0.29406859608652114,760.0,call,0.16918250259399414
0.29406859608652114,765.0,call,0.1654899125671387
0.29406859608652114,770.0,call,0.16205671936035154
0.29406859608652114,775.0,call,0.1588218884277344
0.29406859608652114,780.0,call,0.15592274749755858
0.29406859608652114,785.0,call,0.1532677447509766
0.29406859608652114,790.0,call,0.15090265609741216
0.29406859608652114,795.0,call,0.14884274017333982
0.29406859608652114,800.0,call,0.1469811865234375
0.29406859608652114,805.0,call,0.14527221923828126
0.29406859608652114,810.0,call,0.14383790740966795
0.29406859608652114,815.0,call,0.14258669921875
0.29406859608652114,820.0,call,0.1414575601196289
0.29406859608652114,825.0,call,0.14057255920410155
0.29406859608652114,830.0,call,0.13990117919921874
0.29406859608652114,835.0,call,0.13938238555908206
0.29406859608652114,840.0,call,0.13910773010253907
0.29406859608652114,845.0,call,0.13904669555664065
0.29406859608652114,850.0,call,0.13910773010253907
0.29406859608652114,855.0,call,0.13959600646972659
0.29406859608652114,860.0,call,0.14002324829101562
0.29406859608652114,865.0,call,0.14051152465820313
0.29406859608652114,870.0,call,0.14173221557617188
0.29406859608652114,875.0,call,0.14295290649414064
0.29406859608652114,880.0,call,0.14417359741210936
0.29406859608652114,885.0,call,0.14576049560546872
0.29406859608652114,890.0,call,0.1475915319824219
0.29406859608652114,895.0,call,0.14917843017578125
0.29406859608652114,900.0,call,0.15039912109375003
0.29406859608652114,375.0,put,0.5305222729492188
0.29406859608652114,380.0,put,0.5236864038085938
0.29406859608652114,385.0,put,0.51758294921875
0.29406859608652114,390.0,put,0.5114794946289063
0.29406859608652114,395.0,put,0.5043994873046875
0.29406859608652114,400.0,put,0.49927258544921876
0.29406859608652114,405.0,put,0.4931691308593751
0.29406859608652114,410.0,put,0.48730981445312505
0.29406859608652114,415.0,put,0.4802298071289062
0.29406859608652114,420.0,put,0.47400428344726564
0.29406859608652114,425.0,put,0.4686332434082031
0.29406859608652114,430.0,put,0.4624077197265626
0.29406859608652114,435.0,put,0.4559380578613281
0.29406859608652114,440.0,put,0.4503228796386719
0.29406859608652114,445.0,put,0.44385321777343745
0.29406859608652114,450.0,put,0.4381159704589844
0.29406859608652114,455.0,put,0.4321345849609375
0.29406859608652114,460.0,put,0.42627526855468756
0.29406859608652114,465.0,put,0.42078215942382813
0.29406859608652114,470.0,put,0.4146787048339844
0.29406859608652114,475.0,put,0.40906352661132805
0.29406859608652114,480.0,put,0.40344834838867194
0.29406859608652114,485.0,put,0.3975890319824219
0.29406859608652114,490.0,put,0.39172971557617187
0.29406859608652114,495.0,put,0.3862976409912109
0.29406859608652114,500.0,put,0.3807434973144531
0.29406859608652114,505.0,put,0.37506728454589844
0.29406859608652114,510.0,put,0.3693300372314453
0.29406859608652114,515.0,put,0.36389796264648444
0.29406859608652114,520.0,put,0.35834381896972656
0.29406859608652114,525.0,put,0.3530338134765625
0.29406859608652114,530.0,put,0.34729656616210935
0.29406859608652114,535.0,put,0.3421696643066406
0.29406859608652114,540.0,put,0.3365544860839844
0.29406859608652114,545.0,put,0.3314275842285156
0.29406859608652114,550.0,put,0.32617861328125
0.29406859608652114,555.0,put,0.32080757324218745
0.29406859608652114,560.0,put,0.3156196368408203
0.29406859608652114,565.0,put,0.31049273498535157
0.29406859608652114,570.0,put,0.30548790222167965
0.29406859608652114,575.0,put,0.3002999658203125
0.29406859608652114,580.0,put,0.29538668487548825
0.29406859608652114,585.0,put,0.2903208175659179
0.29406859608652114,590.0,put,0.2854685711669921
0.29406859608652114,594.0,put,0.2815623602294921
0.29406859608652114,595.0,put,0.28064684204101553
0.29406859608652114,596.0,put,0.2795482202148437
0.29406859608652114,597.0,put,0.27863270202636714
0.29406859608652114,598.0,put,0.27768666656494134
0.29406859608652114,599.0,put,0.27674063110351554
0.29406859608652114,600.0,put,0.27579459564208975
0.29406859608652114,601.0,put,0.27484856018066406
0.29406859608652114,602.0,put,0.27387200744628903
0.29406859608652114,603.0,put,0.272895454711914
0.29406859608652114,604.0,put,0.271918901977539
0.29406859608652114,605.0,put,0.27091183197021484
0.29406859608652114,606.0,put,0.27008786560058595
0.29406859608652114,607.0,put,0.2690807955932617
0.29406859608652114,608.0,put,0.2682263119506836
0.29406859608652114,609.0,put,0.2671887246704102
0.29406859608652114,610.0,put,0.2663342410278321
0.29406859608652114,611.0,put,0.2652661364746094
0.29406859608652114,612.0,put,0.26438113555908205
0.29406859608652114,613.0,put,0.2634961346435547
0.29406859608652114,614.0,put,0.26258061645507813
0.29406859608652114,615.0,put,0.26166509826660156
0.29406859608652114,616.0,put,0.26071906280517576
0.29406859608652114,617.0,put,0.25977302734375
0.29406859608652114,618.0,put,0.2588269918823243
0.29406859608652114,619.0,put,0.2578809564208985
0.29406859608652114,620.0,put,0.25690440368652345
0.29406859608652114,621.0,put,0.25608043731689456
0.29406859608652114,622.0,put,0.2550733673095704
0.29406859608652114,623.0,put,0.2542188836669922
0.29406859608652114,624.0,put,0.25321181365966794
0.29406859608652114,625.0,put,0.2523268127441406
0.29406859608652114,626.0,put,0.25144181182861325
0.29406859608652114,627.0,put,0.25040422454833977
0.29406859608652114,628.0,put,0.24948870635986325
0.29406859608652114,629.0,put,0.24857318817138674
0.29406859608652114,630.0,put,0.24765766998291017
0.29406859608652114,631.0,put,0.24683370361328127
0.29406859608652114,632.0,put,0.24588766815185548
0.29406859608652114,633.0,put,0.2449111154174805
0.29406859608652114,634.0,put,0.24393456268310548
0.29406859608652114,635.0,put,0.2430800790405273
0.29406859608652114,636.0,put,0.2422255953979492
0.29406859608652114,637.0,put,0.241218525390625
0.29406859608652114,638.0,put,0.24030300720214842
0.29406859608652114,639.0,put,0.23941800628662108
0.29406859608652114,640.0,put,0.2385024880981445
0.29406859608652114,641.0,put,0.2375564526367187
0.29406859608652114,642.0,put,0.23661041717529296
0.29406859608652114,643.0,put,0.23566438171386717
0.29406859608652114,644.0,put,0.23480989807128905
0.29406859608652114,645.0,put,0.23383334533691402
0.29406859608652114,646.0,put,0.23297886169433596
0.29406859608652114,647.0,put,0.2319717916870117
0.29406859608652114,648.0,put,0.2310715321350098
0.29406859608652114,649.0,put,0.23015601394653318
0.29406859608652114,650.0,put,0.22922523712158205
0.29406859608652114,651.0,put,0.22829446029663086
0.29406859608652114,652.0,put,0.2274552352905273
0.29406859608652114,653.0,put,0.22649394119262695
0.29406859608652114,654.0,put,0.22562419891357421
0.29406859608652114,655.0,put,0.2246476461791992
0.29406859608652114,656.0,put,0.22374738662719723
0.29406859608652114,657.0,put,0.22283186843872066
0.29406859608652114,658.0,put,0.22190109161376947
0.29406859608652114,659.0,put,0.22097031478881834
0.29406859608652114,660.0,put,0.22013108978271478
0.29406859608652114,661.0,put,0.21915453704833981
0.29406859608652114,662.0,put,0.21828479476928708
0.29406859608652114,663.0,put,0.21738453521728518
0.29406859608652114,664.0,put,0.21648427566528317
0.29406859608652114,665.0,put,0.21555349884033204
0.29406859608652114,666.0,put,0.21462272201538085
0.29406859608652114,667.0,put,0.2136614279174805
0.29406859608652114,668.0,put,0.21280694427490232
0.29406859608652114,669.0,put,0.21181513290405268
0.29406859608652114,670.0,put,0.21091487335205078
0.29406859608652114,671.0,put,0.2099993551635742
0.29406859608652114,672.0,put,0.2090533197021484
0.29406859608652114,673.0,put,0.20819883605957026
0.29406859608652114,674.0,put,0.20723754196166988
0.29406859608652114,675.0,put,0.20633728240966792
0.29406859608652114,676.0,put,0.20543702285766602
0.29406859608652114,677.0,put,0.20450624603271478
0.29406859608652114,678.0,put,0.20356021057128904
0.29406859608652114,679.0,put,0.20270572692871092
0.29406859608652114,680.0,put,0.20172917419433595
0.29406859608652114,681.0,put,0.20081365600585935
0.29406859608652114,682.0,put,0.1998981378173828
0.29406859608652114,683.0,put,0.19904365417480469
0.29406859608652114,684.0,put,0.1980671014404297
0.29406859608652114,685.0,put,0.19718210052490232
0.29406859608652114,686.0,put,0.1962665823364258
0.29406859608652114,687.0,put,0.19533580551147461
0.29406859608652114,688.0,put,0.19438977005004882
0.29406859608652114,689.0,put,0.19350476913452147
0.29406859608652114,690.0,put,0.1925892509460449
0.29406859608652114,691.0,put,0.19165847412109377
0.29406859608652114,695.0,put,0.18799640136718748
0.29406859608652114,700.0,put,0.1834951036071777
0.29406859608652114,705.0,put,0.17896328857421873
0.29406859608652114,710.0,put,0.1744009562683106
0.29406859608652114,715.0,put,0.16983862396240235
0.29406859608652114,720.0,put,0.16535258483886722
0.29406859608652114,725.0,put,0.16086654571533204
0.29406859608652114,730.0,put,0.15649494636535646
0.29406859608652114,735.0,put,0.15210808837890627
0.29406859608652114,740.0,put,0.1477364890289307
0.29406859608652114,745.0,put,0.14344118286132812
0.29406859608652114,750.0,put,0.1391382473754883
0.29406859608652114,755.0,put,0.1349192343902588
0.29406859608652114,760.0,put,0.13872626419067385
0.29406859608652114,765.0,put,0.12979996185302733
0.29406859608652114,770.0,put,0.13434703552246097
0.29406859608652114,775.0,put,0.1310816873168945
0.29406859608652114,780.0,put,0.12806047729492187
0.29406859608652114,785.0,put,0.12300986862182617
0.29406859608652114,790.0,put,0.12374228317260741
0.29406859608652114,795.0,put,0.12282676498413087
0.29406859608652114,800.0,put,0.12311667907714845
0.29406859608652114,810.0,put,0.12757220092773439
0.29406859608652114,815.0,put,0.13156996368408203
0.29406859608652114,825.0,put,0.14185428466796873
0.29406859608652114,845.0,put,0.19925727508544921
0.29406859608652114,850.0,put,0.1695334512329102
0.29406859608652114,855.0,put,0.2215654016113281
0.29406859608652114,895.0,put,0.25690440368652345
0.29406859608652114,900.0,put,0.22064988342285152
0.3378742086806348,340.0,call,0.7312038598632812
0.3378742086806348,445.0,call,0.5581098876953126
0.3378742086806348,465.0,call,0.5277146838378908
0.3378742086806348,500.0,call,0.5048877636718749
0.3378742086806348,505.0,call,0.49725844543457043
0.3378742086806348,510.0,call,0.4896596444702149
0.3378742086806348,545.0,call,0.4379633840942383
0.3378742086806348,560.0,call,0.4166012930297851
0.3378742086806348,570.0,call,0.40265489929199216
0.3378742086806348,575.0,call,0.3957579956054688
0.3378742086806348,585.0,call,0.38222358505249016
0.3378742086806348,595.0,call,0.36890279541015625
0.3378742086806348,600.0,call,0.36228054718017577
0.3378742086806348,605.0,call,0.35584140258789054
0.3378742086806348,610.0,call,0.3494022579956054
0.3378742086806348,615.0,call,0.3430546652221679
0.3378742086806348,620.0,call,0.33666129653930665
0.3378742086806348,625.0,call,0.3303137037658691
0.3378742086806348,630.0,call,0.324103438720703
0.3378742086806348,635.0,call,0.31793894958496094
0.3378742086806348,640.0,call,0.3118507536315917
0.3378742086806348,645.0,call,0.3057625576782227
0.3378742086806348,650.0,call,0.29964384445190423
0.3378742086806348,655.0,call,0.29358616577148433
0.3378742086806348,660.0,call,0.2877115907287597
0.3378742086806348,665.0,call,0.2817759811401367
0.3378742086806348,670.0,call,0.2759776992797851
0.3378742086806348,675.0,call,0.27007260696411134
0.3378742086806348,680.0,call,0.2643353596496582
0.3378742086806348,685.0,call,0.25858285369873046
0.3378742086806348,690.0,call,0.2528913822937012
0.3378742086806348,695.0,call,0.24733723861694334
0.3378742086806348,700.0,call,0.24176783630371096
0.3378742086806348,705.0,call,0.23628998580932614
0.3378742086806348,710.0,call,0.23097998031616213
0.3378742086806348,715.0,call,0.22574626800537106
0.3378742086806348,720.0,call,0.21753712158203126
0.3378742086806348,725.0,call,0.21256280609130856
0.3378742086806348,730.0,call,0.2075427146911621
0.3378742086806348,735.0,call,0.20291934783935545
0.3378742086806348,740.0,call,0.19178054321289065
0.3378742086806348,745.0,call,0.18705036590576174
0.3378742086806348,750.0,call,0.1827855770111084
0.3378742086806348,755.0,call,0.1787649263000488
0.3378742086806348,760.0,call,0.17488923263549805
0.3378742086806348,765.0,call,0.17126530647277832
0.3378742086806348,770.0,call,0.16779396667480473
0.3378742086806348,775.0,call,0.16460491165161134
0.3378742086806348,780.0,call,0.16161421890258787
0.3378742086806348,785.0,call,0.1588600350189209
0.3378742086806348,790.0,call,0.1563499893188477
0.3378742086806348,795.0,call,0.15415274566650394
0.3378742086806348,800.0,call,0.15210808837890627
0.3378742086806348,805.0,call,0.15033808654785158
0.3378742086806348,810.0,call,0.14862911926269531
0.3378742086806348,815.0,call,0.14722532470703126
0.3378742086806348,820.0,call,0.14594359924316402
0.3378742086806348,825.0,call,0.1448449774169922
0.3378742086806348,830.0,call,0.1437463555908203
0.3378742086806348,835.0,call,0.1428918719482422
0.3378742086806348,840.0,call,0.14222049194335937
0.3378742086806348,845.0,call,0.14185428466796873
0.3378742086806348,850.0,call,0.1414270428466797
0.3378742086806348,855.0,call,0.1412439392089844
0.3378742086806348,860.0,call,0.14130497375488282
0.3378742086806348,865.0,call,0.14148807739257813
0.3378742086806348,870.0,call,0.14191531921386719
0.3378742086806348,875.0,call,0.14246463012695312
0.3378742086806348,880.0,call,0.14331911376953127
0.3378742086806348,885.0,call,0.14411256286621094
0.3378742086806348,890.0,call,0.145516357421875
0.3378742086806348,895.0,call,0.14649291015625
0.3378742086806348,900.0,call,0.14771360107421877
0.3378742086806348,905.0,call,0.14930049926757813
0.3378742086806348,910.0,call,0.15137567382812503
0.3378742086806348,915.0,call,0.15235222656250003
0.3378742086806348,920.0,call,0.15406119384765626
0.3378742086806348,925.0,call,0.15650257568359377
0.3378742086806348,930.0,call,0.1577232666015625
0.3378742086806348,935.0,call,0.15992051025390625
0.3378742086806348,940.0,call,0.16211775390625
0.3378742086806348,950.0,call,0.16577982666015628
0.3378742086806348,970.0,call,0.1733481103515625
0.3378742086806348,980.0,call,0.1757894921875
0.3378742086806348,300.0,put,0.6118202880859377
0.3378742086806348,305.0,put,0.6044961425781252
0.3378742086806348,310.0,put,0.5971719970703125
0.3378742086806348,320.0,put,0.5844768115234374
0.3378742086806348,325.0,put,0.577152666015625
0.3378742086806348,330.0,put,0.570316796875
0.3378742086806348,350.0,put,0.5441940112304688
0.3378742086806348,355.0,put,0.5380905566406251
0.3378742086806348,360.0,put,0.5312546875
0.3378742086806348,370.0,put,0.5185595019531251
0.3378742086806348,375.0,put,0.5127001855468749
0.3378742086806348,385.0,put,0.5002491381835938
0.3378742086806348,390.0,put,0.4946339599609375
0.3378742086806348,395.0,put,0.488408436279297
0.3378742086806348,400.0,put,0.4821829125976563
0.3378742086806348,405.0,put,0.47681187255859375
0.3378742086806348,410.0,put,0.47046427978515626
0.3378742086806348,415.0,put,0.46484910156250003
0.3378742086806348,420.0,put,0.4585015087890626
0.3378742086806348,425.0,put,0.4527642614746094
0.3378742086806348,430.0,put,0.44690494506835937
0.3378742086806348,435.0,put,0.4410456286621094
0.3378742086806348,440.0,put,0.43579665771484377
0.3378742086806348,445.0,put,0.42981527221679694
0.3378742086806348,450.0,put,0.4243221630859375
0.3378742086806348,455.0,put,0.4187680194091796
0.3378742086806348,460.0,put,0.41309180664062495
0.3378742086806348,465.0,put,0.4074766284179688
0.3378742086806348,470.0,put,0.40167834655761714
0.3378742086806348,475.0,put,0.3963073065185547
0.3378742086806348,480.0,put,0.39087523193359375
0.3378742086806348,485.0,put,0.3853821228027343
0.3378742086806348,490.0,put,0.3797669445800781
0.3378742086806348,495.0,put,0.374456939086914
0.3378742086806348,500.0,put,0.3690858990478516
0.3378742086806348,505.0,put,0.36365382446289063
0.3378742086806348,510.0,put,0.35846588806152346
0.3378742086806348,515.0,put,0.35315588256835934
0.3378742086806348,520.0,put,0.34778484252929687
0.3378742086806348,525.0,put,0.3425969061279296
0.3378742086806348,530.0,put,0.33765310791015624
0.3378742086806348,535.0,put,0.3325262060546875
0.3378742086806348,540.0,put,0.32733826965332036
0.3378742086806348,545.0,put,0.3225165405273437
0.3378742086806348,550.0,put,0.31760325958251956
0.3378742086806348,555.0,put,0.3127510131835937
0.3378742086806348,560.0,put,0.3078072149658203
0.3378742086806348,565.0,put,0.3031075549316406
0.3378742086806348,570.0,put,0.298285825805664
0.3378742086806348,575.0,put,0.2937082348632812
0.3378742086806348,580.0,put,0.288947540283203
0.3378742086806348,585.0,put,0.28436994934082027
0.3378742086806348,590.0,put,0.27982287567138664
0.3378742086806348,595.0,put,0.27539787109374997
0.3378742086806348,600.0,put,0.27091183197021484
0.3378742086806348,605.0,put,0.26654786193847657
0.3378742086806348,610.0,put,0.2620923400878906
0.3378742086806348,615.0,put,0.2576978527832031
0.3378742086806348,620.0,put,0.25333388275146485
0.3378742086806348,625.0,put,0.24886310226440428
0.3378742086806348,630.0,put,0.24451439086914065
0.3378742086806348,635.0,put,0.24025723129272458
0.3378742086806348,640.0,put,0.23583222671508786
0.3378742086806348,645.0,put,0.23157506713867188
0.3378742086806348,650.0,put,0.22721109710693355
0.3378742086806348,655.0,put,0.22295393753051757
0.3378742086806348,660.0,put,0.21855945022583007
0.3378742086806348,665.0,put,0.2142107388305664
0.3378742086806348,670.0,put,0.2098620274353027
0.3378742086806348,675.0,put,0.2054827987670898
0.3378742086806348,680.0,put,0.20114934600830076
0.3378742086806348,685.0,put,0.1968006346130371
0.3378742086806348,690.0,put,0.1924214059448242
0.3378742086806348,695.0,put,0.1880269186401367
0.3378742086806348,700.0,put,0.18366294860839844
0.3378742086806348,705.0,put,0.17929897857666016
0.3378742086806348,710.0,put,0.17492737922668458
0.3378742086806348,715.0,put,0.17058629714965823
0.3378742086806348,720.0,put,0.1662681030273438
0.3378742086806348,725.0,put,0.16199568481445312
0.3378742086806348,730.0,put,0.15775378387451172
0.3378742086806348,735.0,put,0.15348899497985843
0.3378742086806348,740.0,put,0.14931575790405271
0.3378742086806348,745.0,put,0.14516540878295897
0.3378742086806348,750.0,put,0.14096165443420414
0.3378742086806348,755.0,put,0.1368799691772461
0.3378742086806348,760.0,put,0.13272962005615235
0.3378742086806348,765.0,put,0.13663583099365234
0.3378742086806348,770.0,put,0.13564401962280276
0.3378742086806348,775.0,put,0.13222608505249023
0.3378742086806348,780.0,put,0.12912858184814452
0.3378742086806348,785.0,put,0.12629047546386718
0.3378742086806348,790.0,put,0.12397116271972657
0.3378742086806348,795.0,put,0.12226219543457033
0.3378742086806348,800.0,put,0.12136193588256836
0.3378742086806348,815.0,put,0.12534444000244144
0.3378742086806348,820.0,put,0.12894547821044922
0.3378742086806348,830.0,put,0.13803962554931642
0.3378742086806348,850.0,put,0.15836412933349608
0.3378742086806348,895.0,put,0.20151555328369142
0.37620411970048423,470.0,call,0.5133105310058592
0.37620411970048423,475.0,call,0.5036060382080079
0.37620411970048423,480.0,call,0.5256395092773438
0.37620411970048423,490.0,call,0.5117846673583983
0.37620411970048423,555.0,call,0.4194699166870117
0.37620411970048423,570.0,call,0.3985350674438477
0.37620411970048423,575.0,call,0.392034888305664
0.37620411970048423,585.0,call,0.3797669445800781
0.37620411970048423,590.0,call,0.3489139816284179
0.37620411970048423,600.0,call,0.36069364898681633
0.37620411970048423,605.0,call,0.3544681253051757
0.37620411970048423,610.0,call,0.3483036361694336
0.37620411970048423,615.0,call,0.32201300552368156
0.37620411970048423,620.0,call,0.33609672698974613
0.37620411970048423,630.0,call,0.3233862828063964
0.37620411970048423,635.0,call,0.31819834640502925
0.37620411970048423,640.0,call,0.3122474781799316
0.37620411970048423,641.0,call,0.3111335977172851
0.37620411970048423,642.0,call,0.3099129067993164
0.37620411970048423,646.0,call,0.30522850540161134
0.37620411970048423,649.0,call,0.301764794921875
0.37620411970048423,650.0,call,0.3005746212768554
0.37620411970048423,651.0,call,0.299460740814209
0.37620411970048423,652.0,call,0.28359175888061516
0.37620411970048423,655.0,call,0.2948831498718261
0.37620411970048423,658.0,call,0.2914499566650389
0.37620411970048423,659.0,call,0.29025978302001954
0.37620411970048423,660.0,call,0.2891306439208984
0.37620411970048423,661.0,call,0.274421318359375
0.37620411970048423,662.0,call,0.2868723657226562
0.37620411970048423,666.0,call,0.2693249337768554
0.37620411970048423,668.0,call,0.2672955351257324
0.37620411970048423,670.0,call,0.2777324424743652
0.37620411970048423,672.0,call,0.2754894229125976
0.37620411970048423,674.0,call,0.27329217926025384
0.37620411970048423,675.0,call,0.2721630401611328
0.37620411970048423,677.0,call,0.2699047619628906
0.37620411970048423,678.0,call,0.26876036422729493
0.37620411970048423,680.0,call,0.2665631205749512
0.37620411970048423,682.0,call,0.2643353596496582
0.37620411970048423,684.0,call,0.26212285736083984
0.37620411970048423,685.0,call,0.2609632009887696
0.37620411970048423,686.0,call,0.25986457916259764
0.37620411970048423,688.0,call,0.2576978527832031
0.37620411970048423,690.0,call,0.25547009185791025
0.37620411970048423,692.0,call,0.24312585494995115
0.37620411970048423,693.0,call,0.25228103683471675
0.37620411970048423,694.0,call,0.2512129322814941
0.37620411970048423,695.0,call,0.24790180816650392
0.37620411970048423,697.0,call,0.24793232543945312
0.37620411970048423,698.0,call,0.24687947952270511
0.37620411970048423,699.0,call,0.2458113749694824
0.37620411970048423,700.0,call,0.2447890463256836
0.37620411970048423,701.0,call,0.24369042449951173
0.37620411970048423,702.0,call,0.24265283721923825
0.37620411970048423,703.0,call,0.24158473266601563
0.37620411970048423,704.0,call,0.2405700333404541
0.37620411970048423,705.0,call,0.23947904083251947
0.37620411970048423,706.0,call,0.2384948587799072
0.37620411970048423,707.0,call,0.23743438354492186
0.37620411970048423,708.0,call,0.23642731353759766
0.37620411970048423,710.0,call,0.23435213897705076
0.37620411970048423,711.0,call,0.23334506896972657
0.37620411970048423,712.0,call,0.23233799896240231
0.37620411970048423,713.0,call,0.22267928207397458
0.37620411970048423,714.0,call,0.23026282440185547
0.37620411970048423,715.0,call,0.22925575439453127
0.37620411970048423,716.0,call,0.22592937164306642
0.37620411970048423,717.0,call,0.22725687301635739
0.37620411970048423,718.0,call,0.2262574323272705
0.37620411970048423,719.0,call,0.22524273300170894
0.37620411970048423,720.0,call,0.22427380958557122
0.37620411970048423,721.0,call,0.2205583316040039
0.37620411970048423,722.0,call,0.22233596275329584
0.37620411970048423,723.0,call,0.21854419158935545
0.37620411970048423,724.0,call,0.21756000953674318
0.37620411970048423,725.0,call,0.21662160339355468
0.37620411970048423,726.0,call,0.21560690406799318
0.37620411970048423,727.0,call,0.2146837565612793
0.37620411970048423,728.0,call,0.2137453504180908
0.37620411970048423,729.0,call,0.2127916856384277
0.37620411970048423,730.0,call,0.2118075035858154
0.37620411970048423,731.0,call,0.2109225026702881
0.37620411970048423,732.0,call,0.20996120857238768
0.37620411970048423,733.0,call,0.2090380610656738
0.37620411970048423,734.0,call,0.20819883605957026
0.37620411970048423,735.0,call,0.2070696969604492
0.37620411970048423,736.0,call,0.20645935150146477
0.37620411970048423,737.0,call,0.20562012649536132
0.37620411970048423,738.0,call,0.204811418762207
0.37620411970048423,739.0,call,0.20397219375610348
0.37620411970048423,740.0,call,0.20114934600830076
0.37620411970048423,741.0,call,0.20235477828979487
0.37620411970048423,742.0,call,0.20151555328369142
0.37620411970048423,743.0,call,0.20070684555053708
0.37620411970048423,744.0,call,0.19992865509033203
0.37620411970048423,745.0,call,0.1984638259887695
0.37620411970048423,746.0,call,0.19095657684326173
0.37620411970048423,750.0,call,0.1876912286376953
0.37620411970048423,755.0,call,0.18367057792663574
0.37620411970048423,760.0,call,0.17985591880798338
0.37620411970048423,765.0,call,0.17622436332702637
0.37620411970048423,770.0,call,0.17275302352905275
0.37620411970048423,775.0,call,0.1695410805511475
0.37620411970048423,780.0,call,0.1664664653015137
0.37620411970048423,785.0,call,0.1636665055084229
0.37620411970048423,790.0,call,0.16101913208007812
0.37620411970048423,795.0,call,0.1586845606994629
0.37620411970048423,800.0,call,0.15651783432006838
0.37620411970048423,805.0,call,0.1545647288513184
0.37620411970048423,810.0,call,0.1527947270202637
0.37620411970048423,815.0,call,0.15122308746337892
0.37620411970048423,820.0,call,0.14972774108886722
0.37620411970048423,825.0,call,0.14843075698852543
0.37620411970048423,830.0,call,0.14730161788940432
0.37620411970048423,835.0,call,0.1463403237915039
0.37620411970048423,840.0,call,0.14544006423950195
0.37620411970048423,845.0,call,0.14469239105224607
0.37620411970048423,850.0,call,0.14420411468505856
0.37620411970048423,855.0,call,0.14365480377197265
0.37620411970048423,860.0,call,0.14350221740722657
0.37620411970048423,865.0,call,0.14331911376953127
0.37620411970048423,870.0,call,0.14313601013183597
0.37620411970048423,875.0,call,0.14344118286132812
0.37620411970048423,880.0,call,0.1437463555908203
0.37620411970048423,885.0,call,0.1442346319580078
0.37620411970048423,890.0,call,0.14460083923339845
0.37620411970048423,895.0,call,0.14527221923828126
0.37620411970048423,900.0,call,0.14606566833496093
0.37620411970048423,470.0,put,0.3913024737548828
0.37620411970048423,475.0,put,0.38623660644531244
0.37620411970048423,480.0,put,0.3806214282226562
0.37620411970048423,485.0,put,0.3753724572753906
0.37620411970048423,490.0,put,0.3704286590576171
0.37620411970048423,495.0,put,0.36499658447265626
0.37620411970048423,500.0,put,0.35986968261718744
0.37620411970048423,505.0,put,0.35492588439941397
0.37620411970048423,510.0,put,0.34992105163574216
0.37620411970048423,515.0,put,0.34479414978027345
0.37620411970048423,520.0,put,0.33991138610839844
0.37620411970048423,525.0,put,0.33484551879882807
0.37620411970048423,530.0,put,0.3300237896728515
0.37620411970048423,535.0,put,0.3252630950927734
0.37620411970048423,540.0,put,0.3206549868774413
0.37620411970048423,545.0,put,0.31592480957031244
0.37620411970048423,550.0,put,0.311255666809082
0.37620411970048423,555.0,put,0.3064644549560547
0.37620411970048423,560.0,put,0.3019478985595704
0.37620411970048423,565.0,put,0.2974923767089843
0.37620411970048423,570.0,put,0.29303685485839837
0.37620411970048423,575.0,put,0.28861185028076164
0.37620411970048423,580.0,put,0.2841868457031249
0.37620411970048423,585.0,put,0.2797618411254882
0.37620411970048423,590.0,put,0.27545890563964837
0.37620411970048423,595.0,put,0.27127803924560545
0.37620411970048423,600.0,put,0.26688355194091795
0.37620411970048423,605.0,put,0.26273320281982426
0.37620411970048423,610.0,put,0.25846078460693367
0.37620411970048423,615.0,put,0.2542494009399414
0.37620411970048423,620.0,put,0.2501906036376953
0.37620411970048423,625.0,put,0.2459944786071777
0.37620411970048423,630.0,put,0.2418899053955078
0.37620411970048423,635.0,put,0.23775481491088862
0.37620411970048423,640.0,put,0.23365024169921872
0.37620411970048423,641.0,put,0.23274998214721682
0.37620411970048423,642.0,put,0.23192601577758787
0.37620411970048423,643.0,put,0.2310867907714844
0.37620411970048423,644.0,put,0.23035437622070312
0.37620411970048423,645.0,put,0.229499892578125
0.37620411970048423,646.0,put,0.2286301502990723
0.37620411970048423,647.0,put,0.2278519598388672
0.37620411970048423,648.0,put,0.22705851074218747
0.37620411970048423,649.0,put,0.22615825119018557
0.37620411970048423,650.0,put,0.22533428482055662
0.37620411970048423,651.0,put,0.22451031845092767
0.37620411970048423,652.0,put,0.22376264526367184
0.37620411970048423,653.0,put,0.22290816162109373
0.37620411970048423,654.0,put,0.22212997116088862
0.37620411970048423,655.0,put,0.22126022888183594
0.37620411970048423,656.0,put,0.22046677978515622
0.37620411970048423,657.0,put,0.21964281341552733
0.37620411970048423,658.0,put,0.21881884704589843
0.37620411970048423,659.0,put,0.21797962203979487
0.37620411970048423,660.0,put,0.21714039703369142
0.37620411970048423,661.0,put,0.21627065475463864
0.37620411970048423,662.0,put,0.21549246429443358
0.37620411970048423,663.0,put,0.22296919616699218
0.37620411970048423,664.0,put,0.21378349700927735
0.37620411970048423,665.0,put,0.21295953063964845
0.37620411970048423,666.0,put,0.2121203056335449
0.37620411970048423,667.0,put,0.21134211517333978
0.37620411970048423,668.0,put,0.2104723728942871
0.37620411970048423,669.0,put,0.20967892379760739
0.37620411970048423,670.0,put,0.20877866424560543
0.37620411970048423,671.0,put,0.20795469787597654
0.37620411970048423,672.0,put,0.20711547286987303
0.37620411970048423,673.0,put,0.20633728240966792
0.37620411970048423,674.0,put,0.2054675401306152
0.37620411970048423,675.0,put,0.2046588323974609
0.37620411970048423,676.0,put,0.20375857284545895
0.37620411970048423,677.0,put,0.20293460647583006
0.37620411970048423,678.0,put,0.20208012283325194
0.37620411970048423,679.0,put,0.20128667373657227
0.37620411970048423,680.0,put,0.2004169314575195
0.37620411970048423,681.0,put,0.19959296508789062
0.37620411970048423,682.0,put,0.1987537400817871
0.37620411970048423,683.0,put,0.19790688575744628
0.37620411970048423,684.0,put,0.1971134366607666
0.37620411970048423,685.0,put,0.19623606506347657
0.37620411970048423,686.0,put,0.19541209869384768
0.37620411970048423,687.0,put,0.19457287368774412
0.37620411970048423,688.0,put,0.19371839004516606
0.37620411970048423,689.0,put,0.19284101844787596
0.37620411970048423,690.0,put,0.1920246813964844
0.37620411970048423,691.0,put,0.19118545639038087
0.37620411970048423,692.0,put,0.19033097274780275
0.37620411970048423,693.0,put,0.18946123046875002
0.37620411970048423,694.0,put,0.18865252273559568
0.37620411970048423,695.0,put,0.18781329772949218
0.37620411970048423,696.0,put,0.18695881408691406
0.37620411970048423,697.0,put,0.18615773567199706
0.37620411970048423,698.0,put,0.1852727347564697
0.37620411970048423,699.0,put,0.18443350975036618
0.37620411970048423,700.0,put,0.18357139678955076
0.37620411970048423,701.0,put,0.18276268905639648
0.37620411970048423,702.0,put,0.18193872268676758
0.37620411970048423,703.0,put,0.1810842390441894
0.37620411970048423,704.0,put,0.18022212608337404
0.37620411970048423,705.0,put,0.1794057890319824
0.37620411970048423,706.0,put,0.1785589347076416
0.37620411970048423,707.0,put,0.17769682174682616
0.37620411970048423,708.0,put,0.17687285537719727
0.37620411970048423,709.0,put,0.17603363037109376
0.37620411970048423,710.0,put,0.17517914672851562
0.37620411970048423,711.0,put,0.17436280967712406
0.37620411970048423,712.0,put,0.1735235846710205
0.37620411970048423,713.0,put,0.17266147171020513
0.37620411970048423,714.0,put,0.17183750534057618
0.37620411970048423,715.0,put,0.17099828033447267
0.37620411970048423,716.0,put,0.1701972019195557
0.37620411970048423,717.0,put,0.16930457168579105
0.37620411970048423,718.0,put,0.1685187519073487
0.37620411970048423,719.0,put,0.1676490096282959
0.37620411970048423,720.0,put,0.16681741394042973
0.37620411970048423,721.0,put,0.16600870620727542
0.37620411970048423,722.0,put,0.16518473983764648
0.37620411970048423,723.0,put,0.16434551483154297
0.37620411970048423,724.0,put,0.16352154846191408
0.37620411970048423,725.0,put,0.16268995277404788
0.37620411970048423,726.0,put,0.16188124504089355
0.37620411970048423,727.0,put,0.16104964935302735
0.37620411970048423,728.0,put,0.16019516571044923
0.37620411970048423,729.0,put,0.1593711993408203
0.37620411970048423,730.0,put,0.15857775024414064
0.37620411970048423,731.0,put,0.15775378387451172
0.37620411970048423,732.0,put,0.1568993002319336
0.37620411970048423,733.0,put,0.15608296318054202
0.37620411970048423,734.0,put,0.1552971434020996
0.37620411970048423,735.0,put,0.1544731770324707
0.37620411970048423,736.0,put,0.1536263227081299
0.37620411970048423,737.0,put,0.1528099856567383
0.37620411970048423,738.0,put,0.15200890724182128
0.37620411970048423,739.0,put,0.15118494087219242
0.37620411970048423,740.0,put,0.15038386245727542
0.37620411970048423,741.0,put,0.14955989608764647
0.37620411970048423,742.0,put,0.1487511883544922
0.37620411970048423,743.0,put,0.147919592666626
0.37620411970048423,744.0,put,0.14710325561523438
0.37620411970048423,745.0,put,0.146317435836792
0.37620411970048423,746.0,put,0.1455010987854004
0.37620411970048423,750.0,put,0.14225863853454587
0.37620411970048423,755.0,put,0.13826850509643557
0.37620411970048423,760.0,put,0.13420970779418945
0.37620411970048423,765.0,put,0.1364222100830078
0.37620411970048423,770.0,put,0.1369944089508057
0.37620411970048423,775.0,put,0.1336298796081543
0.37620411970048423,780.0,put,0.1304255659484863
0.37620411970048423,785.0,put,0.12741961456298828
0.37620411970048423,790.0,put,0.1247035772705078
0.37620411970048423,795.0,put,0.12256736816406251
0.37620411970048423,800.0,put,0.12107202178955079
0.37620411970048423,810.0,put,0.1207668490600586
0.37620411970048423,820.0,put,0.12429159408569337
0.37620411970048423,840.0,put,0.14060307647705078
0.37620411970048423,855.0,put,0.18734027999877928
0.37620411970048423,860.0,put,0.1925739923095703
